id_day,day,id_teacher,id_space,name,id_building,id_headquarters,building_name,id_university_subject,full_name,semesters,university_subject_code,entry_time,departure_time,group,hours,id_authorization_program,id_program,program_code,program_full_name,id_university_period,id_day_time_slot,id_time_slot
2,Tuesday,T027,6,Salon 6,2,1,Sede Villa Campestre,504,Teoria Sociológica I,2,207032M,14:00:00,17:00:00,50,3,6,5,3249,Trabajo social,10,13,5
3,Wednesday,T113,1,Salon 1,2,1,Sede Villa Campestre,318,Física de la construcción,2,502005C,14:00:00,18:00:00,50,4,5,4,3554,Construccion,5,21,5
4,Thursday,T007,23,Sala De Sistemas 1	,3,1,Sede Principe,793,Fundamentos de Programación Orientada a Eventos,3,750014C,18:20:00,21:20:00,51,3,29,8,2724,Tecnología en Desarrollo de Software,6,32,8
1,Monday,T158,23,Sala De Sistemas 1	,3,1,Sede Principe,947,Ciberseguridad,5,750024C,06:00:00,09:00:00,51,3,14,8,2724,Tecnología en Desarrollo de Software,6,61,12
3,Wednesday,T026,23,Sala De Sistemas 1	,3,1,Sede Principe,198,Estadística II,4,801031M,18:20:00,21:20:00,50,3,1,2,3845,Administracion de empresas,3,23,7
4,Thursday,T013,10,Sala de Sistemas 3,3,1,Sede Principe,194,Matemática para finanzas,3,802013C,07:00:00,10:00:00,50,3,19,2,3845,Administracion de empresas,9,25,1
2,Tuesday,T084,4,Salon 4,2,1,Sede Villa Campestre,745,Investigación y Gestión de Operaciones,4,801095C,07:00:00,10:00:00,50,3,18,6,3841,Contaduría Publica,4,9,1
2,Tuesday,T034,10,Sala de Sistemas 3,3,1,Sede Principe,2,Matemáticas Básicas,1,111023C,10:00:00,13:00:00,53,3,2,1,3743,Ingeniería de Sistemas,8,10,2
4,Thursday,T024,3,Salon 3,2,1,Sede Villa Campestre,973,Contabilidades especiales I,5,802029C,18:20:00,21:20:00,50,3,26,6,3841,Contaduría Publica,8,31,7
1,Monday,T105,15,Sala de Sistemas 4,3,1,Sede Principe,72,Cálculo Monovariable,2,111021C,15:00:00,18:00:00,52,3,2,1,3743,Ingeniería de Sistemas,8,6,6
4,Thursday,T018,2,Salon 2,2,1,Sede Villa Campestre,249,Psicología Social,3,207050M,14:00:00,17:00:00,50,3,6,5,3249,Trabajo social,3,29,5
3,Wednesday,T011,2,Salon 2,2,1,Sede Villa Campestre,215,Política Econ. Nacional e Internacional,6,801082M,18:20:00,21:20:00,51,3,1,2,3845,Administracion de empresas,3,23,7
5,Friday,T156,8,salon 1,3,1,Sede Principe,726,Cálculo,1,801003C,18:20:00,21:20:00,50,3,26,6,3841,Contaduría Publica,8,39,7
1,Monday,T062,5,Salon 5,2,1,Sede Villa Campestre,728,Proceso administrativo,3,801043C,18:20:00,21:20:00,50,3,26,6,3841,Contaduría Publica,4,7,7
4,Thursday,T005,24,Sala De Sistemas 2,3,1,Sede Principe,1011,INFRAESTRUCTURAS PARALELAS Y DISTRIBUIDAS,6,750023C,10:00:00,13:00:00,50,3,2,1,3743,Ingeniería de Sistemas,9,26,2
6,Saturday,T047,19,salon 12,3,1,Sede Principe,718,Inglés con fines generales y académicos I,3,204025C,17:00:00,21:00:00,56,4,23,2,3845,Administracion de empresas,4,46,6
2,Tuesday,T179,10,Sala de Sistemas 3,3,1,Sede Principe,66,Taller de Ingeniería I,1,701002C,15:00:00,18:00:00,50,3,2,1,3743,Ingeniería de Sistemas,7,14,6
4,Thursday,T025,11,salon 4,3,1,Sede Principe,1185,MATEMÁTICA FUNDAMENTAL,1,111001C,10:00:00,13:00:00,50,3,33,13,3150,Agroindustria,10,26,2
4,Thursday,T176,10,Sala de Sistemas 3,3,1,Sede Principe,67,Fundamentos de Programación Imperativa,1,750012C,15:00:00,18:00:00,52,3,2,1,3743,Ingeniería de Sistemas,8,30,6
5,Friday,T174,21,salon 14,3,1,Sede Principe,1124,PATOLOGÍA DE LA CONSTRUCCIÓN,7,502059C,15:00:00,18:00:00,50,3,5,4,3554,Construccion,8,38,6
2,Tuesday,T201,2,Salon 2,2,1,Sede Villa Campestre,975,"Fundamentos de control, auditoría y aseguramiento",5,802032C,18:20:00,21:20:00,50,3,26,6,3841,Contaduría Publica,8,15,7
1,Monday,T043,15,Sala de Sistemas 4,3,1,Sede Principe,394,Macroeconomía y coyuntura,3,801069C,07:00:00,10:00:00,51,3,18,6,3841,Contaduría Publica,3,1,1
4,Thursday,T094,23,Sala De Sistemas 1	,3,1,Sede Principe,802,Fundamentos de  Programación Orientada a Objetos,2,750015C,07:00:00,10:00:00,51,3,14,8,2724,Tecnología en Desarrollo de Software,6,25,1
2,Tuesday,T007,23,Sala De Sistemas 1	,3,1,Sede Principe,462,Fundamentos de Programación Imperativa,1,750012C,18:20:00,21:20:00,50,3,14,8,2724,Tecnología en Desarrollo de Software,4,16,8
3,Wednesday,T011,2,Salon 2,2,1,Sede Villa Campestre,892,Ingeniería económica,6,760016C,14:00:00,17:00:00,52,3,7,3,3753,Ingeniería de Alimentos,9,21,5
2,Tuesday,T033,19,salon 12,3,1,Sede Principe,1283,Desarrollo de clientes,10,507101C,07:00:00,10:00:00,50,3,18,6,3841,Contaduría Publica,10,9,1
3,Wednesday,T181,10,Sala de Sistemas 3,3,1,Sede Principe,787,Sistemas operativos,4,750001C,07:00:00,10:00:00,50,3,2,1,3743,Ingeniería de Sistemas,7,17,1
4,Thursday,T056,2,Salon 2,2,1,Sede Villa Campestre,621,Taller de Ingeniería I,1,701002C,10:00:00,13:00:00,51,3,7,3,3753,Ingeniería de Alimentos,6,26,2
2,Tuesday,T108,16,salon 9,3,1,Sede Principe,557,Inglés con Fines Generales y Académicos IV,4,204028C,14:00:00,18:00:00,51,4,2,1,3743,Ingeniería de Sistemas,10,13,5
4,Thursday,T025,15,Sala de Sistemas 4,3,1,Sede Principe,291,Cálculo Monovariable,2,111021C,14:00:00,17:00:00,54,3,7,3,3753,Ingeniería de Alimentos,7,29,5
2,Tuesday,T149,15,Sala de Sistemas 4,3,1,Sede Principe,782,Dirección y Organización Contable,9,802092M,18:20:00,21:20:00,50,3,4,6,3841,Contaduría Publica,6,15,7
5,Friday,T102,16,salon 9,3,1,Sede Principe,455,Desarrollo de Software II,5,750092M,14:00:00,18:00:00,50,4,21,8,2724,Tecnología en Desarrollo de Software,3,37,5
2,Tuesday,T076,17,salon 10,3,1,Sede Principe,698,Álgebra lineal ,2,801017C,14:00:00,17:00:00,50,3,19,2,3845,Administracion de empresas,4,13,5
5,Friday,T199,15,Sala de Sistemas 4,3,1,Sede Principe,395,Inglés con fines generales y académicos I,3,204025C,08:00:00,12:00:00,57,4,18,6,3841,Contaduría Publica,9,33,1
1,Monday,T153,15,Sala de Sistemas 4,3,1,Sede Principe,906,Costos,5,802026C,14:00:00,17:00:00,50,3,18,6,3841,Contaduría Publica,5,5,5
4,Thursday,T066,4,Salon 4,2,1,Sede Villa Campestre,805,Análisis integrado del entorno,5,801113C,10:00:00,13:00:00,50,3,19,2,3845,Administracion de empresas,5,26,2
3,Wednesday,T197,1,Salon 1,2,1,Sede Villa Campestre,728,Proceso administrativo,3,801043C,18:20:00,21:20:00,50,3,26,6,3841,Contaduría Publica,10,23,7
1,Monday,T225,1,Salon 1,2,1,Sede Villa Campestre,1295,DISEÑO TECNOLOGICO,9,502044C,14:00:00,17:00:00,50,3,5,4,3554,Construccion,10,5,5
2,Tuesday,T121,21,salon 14,3,1,Sede Principe,1127,Inglés con fines generales y académicos III,5,204027C,09:00:00,13:00:00,51,4,20,11,3643,Nutricion y dietetica,8,11,3
4,Thursday,T061,3,Salon 3,2,1,Sede Villa Campestre,662,Diseño de experimentos para Ingeniería,7,761087M,07:00:00,10:00:00,50,3,16,3,3753,Ingeniería de Alimentos,4,25,1
1,Monday,T010,6,Salon 6,2,1,Sede Villa Campestre,944,Sexualidad Humana,5,801042M,18:20:00,21:20:00,51,3,29,8,2724,Tecnología en Desarrollo de Software,6,8,8
4,Thursday,T008,4,Salon 4,2,1,Sede Villa Campestre,134,Seminario de Proyecto de Grado,8,750097M,08:00:00,09:00:00,51,1,3,1,3743,Ingeniería de Sistemas,5,25,1
3,Wednesday,T006,23,Sala De Sistemas 1	,3,1,Sede Principe,797,Taller Tecnológico I,1,701006C,18:20:00,21:20:00,51,3,29,8,2724,Tecnología en Desarrollo de Software,6,24,8
3,Wednesday,T027,1,Salon 1,2,1,Sede Villa Campestre,849,Sistematización de Experiencias ,7,207089M,10:00:00,13:00:00,50,3,6,5,3249,Trabajo social,9,18,2
5,Friday,T100,23,Sala De Sistemas 1	,3,1,Sede Principe,554,Fundamentos de redes,4,750010C,10:00:00,13:00:00,50,3,14,8,2724,Tecnología en Desarrollo de Software,10,34,2
2,Tuesday,T048,24,Sala De Sistemas 2,3,1,Sede Principe,845,Bases de Datos ,4,750006C,18:20:00,22:20:00,51,4,29,8,2724,Tecnología en Desarrollo de Software,9,16,8
3,Wednesday,T016,16,salon 9,3,1,Sede Principe,83,Inglés con fines generales y académicos III,3,204027C,10:00:00,12:00:00,52,2,2,1,3743,Ingeniería de Sistemas,5,18,2
2,Tuesday,T121,19,salon 12,3,1,Sede Principe,974,Inglés con fines generales y académicos I,3,204025C,14:00:00,18:00:00,50,4,20,11,3643,Nutricion y dietetica,6,13,5
4,Thursday,T058,3,Salon 3,2,1,Sede Villa Campestre,250,Individuo Y Familia I,3,207011M,08:00:00,12:00:00,51,4,6,5,3249,Trabajo social,9,25,1
4,Thursday,T033,12,salon 5,3,1,Sede Principe,390,Proceso administrativo,3,801043C,07:00:00,10:00:00,51,3,18,6,3841,Contaduría Publica,9,25,1
3,Wednesday,T061,26,Laboratorio de Alimentos,2,1,Sede Villa Campestre,1145,proyecto de ingeniería I,9,745015C,14:00:00,18:00:00,51,4,7,3,3753,Ingeniería de Alimentos,8,21,5
1,Monday,T032,7,Sala De Sistemas 1,2,1,Sede Villa Campestre,209,Programación e Internet,5,801176M,15:00:00,18:00:00,50,3,25,2,3845,Administracion de empresas,3,6,6
3,Wednesday,T041,16,salon 9,3,1,Sede Principe,78,Herramientas para hablar en público,2,405126M,15:00:00,18:00:00,50,3,2,1,3743,Ingeniería de Sistemas,6,22,6
1,Monday,T139,3,Salon 3,2,1,Sede Villa Campestre,507,Trabajo Social Laboral,9,207039M,07:00:00,10:00:00,50,3,6,5,3249,Trabajo social,4,1,1
2,Tuesday,T070,16,salon 9,3,1,Sede Principe,915,COMPRENSIÓN Y PRODUCCIÓN DE TEXTOS ACADÉMICOS GENERALES,2,204133C,15:00:00,18:00:00,53,3,7,3,3753,Ingeniería de Alimentos,7,14,6
3,Wednesday,T045,6,Salon 6,2,1,Sede Villa Campestre,1281,Electiva profesional III Criptoactivos y modelos de negocio en la era digital,9,802080C,18:20:00,21:20:00,50,3,23,2,3845,Administracion de empresas,10,23,7
3,Wednesday,T057,15,Sala de Sistemas 4,3,1,Sede Principe,64,Inserción a la Vida Universitaria,1,701001C,16:00:00,18:00:00,52,2,2,1,3743,Ingeniería de Sistemas,8,22,6
2,Tuesday,T094,23,Sala De Sistemas 1	,3,1,Sede Principe,74,Fundamentos de  Programación Orientada a Objetos,2,750015C,07:00:00,10:00:00,53,3,2,1,3743,Ingeniería de Sistemas,6,9,1
1,Monday,T170,10,Sala de Sistemas 3,3,1,Sede Principe,754,Laboratorio contable financiero,8,802025M,15:00:00,18:00:00,50,3,28,6,3841,Contaduría Publica,6,6,6
1,Monday,T057,14,salon 7,3,1,Sede Principe,855,Inserción a la Vida Universitaria,1,701001C,20:20:00,22:20:00,50,2,30,12,2725,Tecnologia en Electronica Industrial,5,8,8
3,Wednesday,T113,11,salon 4,3,1,Sede Principe,786,Algebra Lineal,2,111038C,10:00:00,12:00:00,50,2,2,1,3743,Ingeniería de Sistemas,5,19,3
4,Thursday,T058,6,Salon 6,2,1,Sede Villa Campestre,499,Individuo y Familia II,4,207012M,08:00:00,12:00:00,50,4,6,5,3249,Trabajo social,6,25,1
1,Monday,T016,12,salon 5,3,1,Sede Principe,843,Inglés con fines generales y académicos II,4,204026C,18:20:00,22:20:00,50,4,29,8,2724,Tecnología en Desarrollo de Software,9,8,8
5,Friday,T075,18,salon 11,3,1,Sede Principe,317,Taller de Representacion II,2,501003C,07:00:00,13:00:00,50,6,5,4,3554,Construccion,3,33,1
3,Wednesday,T032,7,Sala De Sistemas 1,2,1,Sede Villa Campestre,716,Taller Habilidades y herramientas informáticas para la gestión (Científico tecnológico) - grupo dividido ,1,801044C,18:20:00,21:20:00,51,3,23,2,3845,Administracion de empresas,10,23,7
5,Friday,T189,21,salon 14,3,1,Sede Principe,870,Biología Celular,2,605014C,14:00:00,18:00:00,50,4,20,11,3643,Nutricion y dietetica,7,37,5
3,Wednesday,T023,8,salon 1,3,1,Sede Principe,446,Circuitos integrados ,4,710198M,18:20:00,22:20:00,50,4,13,9,2710,Tecnología en Electronica,3,24,8
2,Tuesday,T185,16,salon 9,3,1,Sede Principe,789,Algebra Lineal,2,111038C,07:00:00,10:00:00,50,3,14,8,2724,Tecnología en Desarrollo de Software,10,9,1
4,Thursday,T196,7,Sala De Sistemas 1,2,1,Sede Villa Campestre,1141,PROYECTO INTEGRADOR II,8,750037C,14:00:00,18:00:00,50,4,2,1,3743,Ingeniería de Sistemas,8,29,5
3,Wednesday,T003,15,Sala de Sistemas 4,3,1,Sede Principe,468,Álgebra Lineal,2,111015C,18:20:00,21:20:00,50,3,29,8,2724,Tecnología en Desarrollo de Software,3,23,7
1,Monday,T016,17,salon 10,3,1,Sede Principe,70,Inglés con fines generales y académicos I,1,204025C,07:00:00,11:00:00,51,4,2,1,3743,Ingeniería de Sistemas,5,1,1
3,Wednesday,T034,10,Sala de Sistemas 3,3,1,Sede Principe,295,Informática I,2,750002C,09:00:00,12:00:00,50,3,7,3,3753,Ingeniería de Alimentos,5,19,3
2,Tuesday,T028,17,salon 10,3,1,Sede Principe,400,Lectura de textos contables inglés III,5,204151M,07:00:00,10:00:00,50,3,28,6,3841,Contaduría Publica,3,9,1
1,Monday,T134,16,salon 9,3,1,Sede Principe,619,Electiva Complementaria II: Taller de Apreciación teatral ,3,504037C,09:00:00,12:00:00,50,3,7,3,3753,Ingeniería de Alimentos,4,3,3
1,Monday,T016,15,Sala de Sistemas 4,3,1,Sede Principe,70,Inglés con fines generales y académicos I,1,204025C,07:00:00,11:00:00,50,4,2,1,3743,Ingeniería de Sistemas,7,1,1
4,Thursday,T026,8,salon 1,3,1,Sede Principe,746,Estadística II para las ciencias de la administración,4,801104C,10:00:00,13:00:00,50,3,18,6,3841,Contaduría Publica,10,26,2
1,Monday,T055,1,Salon 1,2,1,Sede Villa Campestre,219,Procesos de Fabricación de Bienes y Servicios,7,801183M,07:00:00,10:00:00,50,3,25,2,3845,Administracion de empresas,5,1,1
2,Tuesday,T009,25,Coliseo,2,1,Sede Villa Campestre,63,DEPORTE Y SALUD,1,404002C,07:00:00,10:00:00,50,3,2,1,3743,Ingeniería de Sistemas,3,9,1
1,Monday,T118,2,Salon 2,2,1,Sede Villa Campestre,1050,"Principios de Nutrición , Alimentación, Salud",4,605010C,10:00:00,13:00:00,51,3,20,11,3643,Nutricion y dietetica,7,2,2
5,Friday,T156,15,Sala de Sistemas 4,3,1,Sede Principe,389,Estadística I para las ciencias de la administración,3,801083C,15:00:00,18:00:00,50,3,18,6,3841,Contaduría Publica,7,38,6
2,Tuesday,T041,3,Salon 3,2,1,Sede Villa Campestre,937,COMPRENSIÓN Y PRODUCCIÓN DE TEXTOS ACADÉMICOS GENERALES,2,204133C,15:00:00,18:00:00,50,3,14,8,2724,Tecnología en Desarrollo de Software,10,14,6
2,Tuesday,T084,17,salon 10,3,1,Sede Principe,1179,Gestión de Proyectos,8,801183C,10:00:00,13:00:00,50,3,19,2,3845,Administracion de empresas,8,10,2
5,Friday,T219,2,Salon 2,2,1,Sede Villa Campestre,276,Pedagogía Social,8,207066M,10:00:00,13:00:00,50,3,6,5,3249,Trabajo social,9,34,2
2,Tuesday,T025,1,Salon 1,2,1,Sede Villa Campestre,519,Matemáticas Básicas,1,111023C,07:00:00,09:00:00,53,2,20,11,3643,Nutricion y dietetica,4,9,1
5,Friday,T002,24,Sala De Sistemas 2,3,1,Sede Principe,141,Ciberseguridad,10,750024C,10:00:00,13:00:00,50,3,3,1,3743,Ingeniería de Sistemas,4,35,3
3,Wednesday,T143,20,salon 13,3,1,Sede Principe,962,Taller Construcción de Infraestructura Urbana I,5,502028C,14:00:00,18:00:00,51,4,5,4,3554,Construccion,6,21,5
2,Tuesday,T110,8,salon 1,3,1,Sede Principe,502,Política y Problemática Social,6,207021M,14:00:00,18:00:00,50,4,6,5,3249,Trabajo social,8,13,5
2,Tuesday,T195,21,salon 14,3,1,Sede Principe,1043,SISTEMA DE CONTROL AMBIENTAL INSTALACIONES II,6,502032C,14:00:00,17:00:00,50,3,5,4,3554,Construccion,9,13,5
4,Thursday,T176,12,salon 5,3,1,Sede Principe,1009,ANÁLISIS Y DISEÑO DE ALGORITMOS II,6,750020C,15:00:00,18:00:00,51,3,2,1,3743,Ingeniería de Sistemas,10,30,6
2,Tuesday,T047,5,Salon 5,2,1,Sede Villa Campestre,718,Inglés con fines generales y académicos I,3,204025C,18:20:00,22:20:00,55,4,23,2,3845,Administracion de empresas,10,16,8
1,Monday,T153,4,Salon 4,2,1,Sede Villa Campestre,906,Costos,5,802026C,15:00:00,18:00:00,50,3,18,6,3841,Contaduría Publica,7,6,6
5,Friday,T125,12,salon 5,3,1,Sede Principe,535,Materiales de Construcción II ,3,502021C,14:00:00,17:00:00,50,3,5,4,3554,Construccion,8,37,5
6,Saturday,T235,11,salon 4,3,1,Sede Principe,1012,Desarrollo de Software II,6,750021C,10:00:00,13:00:00,51,3,2,1,3743,Ingeniería de Sistemas,10,42,2
4,Thursday,T002,17,salon 10,3,1,Sede Principe,69,Introducción a la Ingeniería,1,701003C,07:00:00,09:00:00,50,2,2,1,3743,Ingeniería de Sistemas,5,25,1
1,Monday,T060,5,Salon 5,2,1,Sede Villa Campestre,837,Proyecto Integrador I (Proyecto Tecnológico),5,750018C,14:00:00,17:00:00,50,3,14,8,2724,Tecnología en Desarrollo de Software,5,5,5
5,Friday,T185,18,salon 11,3,1,Sede Principe,82,Cálculo Multivariable,3,111022C,14:00:00,16:00:00,53,2,2,1,3743,Ingeniería de Sistemas,9,37,5
6,Saturday,T093,10,Sala de Sistemas 3,3,1,Sede Principe,815,Costos y Presupuestos Gerenciales,4,802028C,14:00:00,17:00:00,50,3,23,2,3845,Administracion de empresas,9,45,5
3,Wednesday,T075,18,salon 11,3,1,Sede Principe,322,Estructuras I,2,502014C,07:00:00,10:00:00,50,3,5,4,3554,Construccion,3,17,1
2,Tuesday,T098,18,salon 11,3,1,Sede Principe,713,"Introducción al Derecho y Constitución Política 
(Formación social y ciudadana) ",1,801042C,18:20:00,21:20:00,50,3,23,2,3845,Administracion de empresas,6,15,7
4,Thursday,T067,15,Sala de Sistemas 4,3,1,Sede Principe,221,Comercio Exterior,7,801062M,10:00:00,13:00:00,50,3,25,2,3845,Administracion de empresas,3,26,2
3,Wednesday,T105,15,Sala de Sistemas 4,3,1,Sede Principe,467,Cálculo Monovariable,2,111021C,10:00:00,13:00:00,51,3,29,8,2724,Tecnología en Desarrollo de Software,4,18,2
2,Tuesday,T082,2,Salon 2,2,1,Sede Villa Campestre,307,Empaques Para el Manejo de Alimentos,8,745068M,10:00:00,13:00:00,50,3,16,3,3753,Ingeniería de Alimentos,3,10,2
6,Saturday,T085,24,Sala De Sistemas 2,3,1,Sede Principe,385,Taller de habilidades informáticas para la gestión (Científico tecnológico),1,801044C,10:00:00,13:00:00,53,3,18,6,3841,Contaduría Publica,3,42,2
4,Thursday,T034,23,Sala De Sistemas 1	,3,1,Sede Principe,295,Informática I,2,750002C,09:00:00,12:00:00,51,3,7,3,3753,Ingeniería de Alimentos,3,27,3
1,Monday,T033,12,salon 5,3,1,Sede Principe,191,Pensamiento Contemporáneo de la Administración y las Organizaciones,3,801091C,14:00:00,17:00:00,50,3,19,2,3845,Administracion de empresas,7,5,5
4,Thursday,T026,9,salon 2,3,1,Sede Principe,556,Probabilidad y Estadistica,4,761001C,14:00:00,18:00:00,50,4,14,8,2724,Tecnología en Desarrollo de Software,10,29,5
6,Saturday,T010,12,salon 5,3,1,Sede Principe,189,"Habilidades para la Vida: Descubriendo el Potencial del ser Emocional, Afectivo, Cognitivo y Social",2,999060M,18:20:00,21:20:00,50,3,23,2,3845,Administracion de empresas,3,47,7
1,Monday,T221,18,salon 11,3,1,Sede Principe,1149,Costos II,6,802056C,09:00:00,12:00:00,50,3,18,6,3841,Contaduría Publica,8,3,3
2,Tuesday,T025,21,salon 14,3,1,Sede Principe,1185,MATEMÁTICA FUNDAMENTAL,1,111001C,07:00:00,10:00:00,50,3,33,13,3150,Agroindustria,10,9,1
4,Thursday,T017,14,salon 7,3,1,Sede Principe,1016,"Robots, Historia  y  Ficción",3,710061C,14:00:00,17:00:00,50,3,2,1,3743,Ingeniería de Sistemas,7,29,5
3,Wednesday,T075,3,Salon 3,2,1,Sede Villa Campestre,863,Construcción de Edificaciones III,4,502024C,14:00:00,17:00:00,50,3,5,4,3554,Construccion,7,21,5
2,Tuesday,T183,12,salon 5,3,1,Sede Principe,393,Legislación comercial II,3,801074C,10:00:00,13:00:00,50,3,18,6,3841,Contaduría Publica,9,10,2
2,Tuesday,T130,16,salon 9,3,1,Sede Principe,905,Ciencias humanas,5,801078C,07:00:00,10:00:00,51,3,18,6,3841,Contaduría Publica,5,9,1
3,Wednesday,T093,5,Salon 5,2,1,Sede Villa Campestre,749,Informes financieros,4,802020C,10:00:00,13:00:00,50,3,18,6,3841,Contaduría Publica,6,18,2
5,Friday,T053,11,salon 4,3,1,Sede Principe,858,Matemáticas Básicas,1,111023C,18:20:00,21:20:00,51,3,30,12,2725,Tecnologia en Electronica Industrial,9,39,7
1,Monday,T019,8,salon 1,3,1,Sede Principe,1115,MATEMÁTICAS APLICADAS PARA TECNOLOGÍA,4,710034C,18:20:00,22:20:00,50,4,30,12,2725,Tecnologia en Electronica Industrial,8,8,8
5,Friday,T062,24,Sala De Sistemas 2,3,1,Sede Principe,1276,Habilidades Gerenciales y carrera profesional,9,801184C,18:20:00,21:20:00,50,3,23,2,3845,Administracion de empresas,10,39,7
3,Wednesday,T061,26,Laboratorio de Alimentos,2,1,Sede Villa Campestre,1215,TALLER DE INGENIERÍA DE ALIMENTOS VII,8,745026C,10:00:00,13:00:00,51,3,7,3,3753,Ingeniería de Alimentos,9,18,2
1,Monday,T099,16,salon 9,3,1,Sede Principe,125,Desarrollo de Software I,6,750091M,07:00:00,10:00:00,50,3,3,1,3743,Ingeniería de Sistemas,5,1,1
3,Wednesday,T080,11,salon 4,3,1,Sede Principe,621,Taller de Ingeniería I,1,701002C,14:00:00,17:00:00,51,3,7,3,3753,Ingeniería de Alimentos,4,21,5
2,Tuesday,T063,4,Salon 4,2,1,Sede Villa Campestre,383,Introducción a la contaduría pública ,1,802008C,18:20:00,21:20:00,50,3,18,6,3841,Contaduría Publica,4,15,7
4,Thursday,T028,10,Sala de Sistemas 3,3,1,Sede Principe,395,Inglés con fines generales y académicos I,3,204025C,08:00:00,12:00:00,50,4,18,6,3841,Contaduría Publica,5,25,1
2,Tuesday,T070,19,salon 12,3,1,Sede Principe,960,Lectura Crítica,5,204024C,14:00:00,17:00:00,50,3,5,4,3554,Construccion,8,13,5
4,Thursday,T111,17,salon 10,3,1,Sede Principe,208,Política Econ. Nacional e Internacional,5,801082M,07:00:00,10:00:00,50,3,25,2,3845,Administracion de empresas,3,25,1
5,Friday,T094,23,Sala De Sistemas 1	,3,1,Sede Principe,798,Fundamentos de Programación Imperativa,1,750012C,18:20:00,21:20:00,51,3,29,8,2724,Tecnología en Desarrollo de Software,8,39,7
2,Tuesday,T082,5,Salon 5,2,1,Sede Villa Campestre,307,Empaques Para el Manejo de Alimentos,8,745068M,10:00:00,13:00:00,50,3,16,3,3753,Ingeniería de Alimentos,5,10,2
5,Friday,T108,12,salon 5,3,1,Sede Principe,886,Inglés con fines generales y académicos II,4,204026C,14:00:00,18:00:00,54,4,7,3,3753,Ingeniería de Alimentos,7,37,5
6,Saturday,T030,18,salon 11,3,1,Sede Principe,682,Legislación Empresarial,5,801171M,18:20:00,21:20:00,50,3,1,2,3845,Administracion de empresas,4,47,7
2,Tuesday,T007,12,salon 5,3,1,Sede Principe,844,Análilsis y Diseño de Algoritmos I,4,750008C,18:20:00,22:20:00,50,4,29,8,2724,Tecnología en Desarrollo de Software,5,16,8
4,Thursday,T011,11,salon 4,3,1,Sede Principe,741,Fundamentos de Economía y Comercio,2,801002C,10:00:00,13:00:00,50,3,18,6,3841,Contaduría Publica,8,26,2
3,Wednesday,T009,25,Coliseo,2,1,Sede Villa Campestre,1119,DEPORTE FORMATIVO,1,404032C,07:00:00,09:00:00,50,2,5,4,3554,Construccion,8,17,1
1,Monday,T128,13,salon 6,3,1,Sede Principe,1248,ELECTIVA PROFESIONAL: GERENCIA DEL COMERCIO EXTERIOR,9,801224C,10:00:00,13:00:00,50,3,19,2,3845,Administracion de empresas,9,2,2
4,Thursday,T006,23,Sala De Sistemas 1	,3,1,Sede Principe,1063,Desarrollo de Aplicaciones para Dispositivos Móviles,7,750026C,10:00:00,13:00:00,52,3,2,1,3743,Ingeniería de Sistemas,10,26,2
5,Friday,T100,24,Sala De Sistemas 2,3,1,Sede Principe,841,Fundamentos de redes,4,750010C,18:20:00,21:20:00,50,3,29,8,2724,Tecnología en Desarrollo de Software,5,40,8
1,Monday,T025,17,salon 10,3,1,Sede Principe,459,Matemáticas Básicas,1,111023C,16:00:00,18:00:00,54,2,14,8,2724,Tecnología en Desarrollo de Software,5,6,6
6,Saturday,T050,8,salon 1,3,1,Sede Principe,236,Historia De Colombia Con Énfasis Social,1, 207103M,10:00:00,13:00:00,51,3,6,5,3249,Trabajo social,7,42,2
5,Friday,T059,28,Laboratorio de Fisica,1,1,Sede Victoria,112,Experimentación Fisica I,4,106070M,13:00:00,15:00:00,50,3,3,1,3743,Ingeniería de Sistemas,3,36,4
6,Saturday,T010,12,salon 5,3,1,Sede Principe,738,HABILIDADES PARA LA VIDA: DESCUB. EL SER,1,603032C,15:00:00,18:00:00,50,3,26,6,3841,Contaduría Publica,4,46,6
4,Thursday,T032,7,Sala De Sistemas 1,2,1,Sede Villa Campestre,231,Gestión de los Sistemas de Info. Y las Tel.,10,801219M,18:20:00,21:20:00,50,3,1,2,3845,Administracion de empresas,5,31,7
1,Monday,T170,10,Sala de Sistemas 3,3,1,Sede Principe,969,Inglés con fines generales y académicos III,5,204027C,18:20:00,22:20:00,55,4,26,6,3841,Contaduría Publica,10,8,8
2,Tuesday,T036,8,salon 1,3,1,Sede Principe,1114,DISPOSITIVOS Y CIRCUITOS ELECTRÓNICOS,4,710027C,18:20:00,22:20:00,5,4,30,12,2725,Tecnologia en Electronica Industrial,8,16,8
6,Saturday,T167,7,Sala De Sistemas 1,2,1,Sede Villa Campestre,653,Ingeniería de plantas de productos alimenticios ,9,745056M ,08:00:00,12:00:00,50,4,16,3,3753,Ingeniería de Alimentos,6,41,1
2,Tuesday,T195,8,salon 1,3,1,Sede Principe,1043,SISTEMA DE CONTROL AMBIENTAL INSTALACIONES II,6,502032C,10:00:00,13:00:00,50,3,5,4,3554,Construccion,7,10,2
1,Monday,T008,1,Salon 1,2,1,Sede Villa Campestre,1140,SEMINARIO DE TRABAJO DE GRADO,8,750036C,08:00:00,09:00:00,50,1,2,1,3743,Ingeniería de Sistemas,10,1,1
3,Wednesday,T103,19,salon 12,3,1,Sede Principe,256,Comunidad y Organizaciones I,5,207030M,08:00:00,12:00:00,50,4,6,5,3249,Trabajo social,5,17,1
6,Saturday,T102,8,salon 1,3,1,Sede Principe,1241,DESARROLLO DE SOFTWARE II,5,750021C,07:00:00,10:00:00,50,3,14,8,2724,Tecnología en Desarrollo de Software,9,41,1
3,Wednesday,T099,23,Sala De Sistemas 1	,3,1,Sede Principe,1061,Introducción a la Ciencia de los Datos,7,750025C,15:00:00,18:00:00,51,3,2,1,3743,Ingeniería de Sistemas,10,22,6
3,Wednesday,T216,11,salon 4,3,1,Sede Principe,1121,INVESTIGACIÓN DE OPERACIONES,7,502034C,15:00:00,18:00:00,50,3,5,4,3554,Construccion,8,22,6
2,Tuesday,T032,24,Sala De Sistemas 2,3,1,Sede Principe,231,Gestión de los Sistemas de Info. Y las Tel.,10,801219M,18:20:00,21:20:00,50,3,1,2,3845,Administracion de empresas,3,15,7
5,Friday,T027,2,Salon 2,2,1,Sede Villa Campestre,700,Ciencias humanas,2,801078C,10:00:00,13:00:00,50,3,19,2,3845,Administracion de empresas,4,34,2
4,Thursday,T003,23,Sala De Sistemas 1	,3,1,Sede Principe,67,Fundamentos de Programación Imperativa,1,750012C,10:00:00,13:00:00,52,3,2,1,3743,Ingeniería de Sistemas,6,26,2
2,Tuesday,T108,13,salon 6,3,1,Sede Principe,557,Inglés con Fines Generales y Académicos IV,4,204028C,13:00:00,17:00:00,51,4,2,1,3743,Ingeniería de Sistemas,6,12,4
1,Monday,T185,5,Salon 5,2,1,Sede Villa Campestre,82,Cálculo Multivariable,3,111022C,14:00:00,17:00:00,53,3,2,1,3743,Ingeniería de Sistemas,9,5,5
6,Saturday,T070,17,salon 10,3,1,Sede Principe,921,COMPRENSIÓN Y PRODUCCIÓN DE TEXTOS ACADÉMICOS GENERALES,2,204133C,14:00:00,17:00:00,53,3,23,2,3845,Administracion de empresas,9,45,5
4,Thursday,T013,8,salon 1,3,1,Sede Principe,190,Estadística I para las ciencias de la administración,3,801083C,10:00:00,13:00:00,50,3,19,2,3845,Administracion de empresas,3,26,2
5,Friday,T003,8,salon 1,3,1,Sede Principe,76,Matemáticas Discretas I,2,750004C,08:00:00,12:00:00,53,4,2,1,3743,Ingeniería de Sistemas,10,33,1
3,Wednesday,T017,27,Laboratorio de Electronica,2,1,Sede Villa Campestre,119,Experimentación Fisica II,5,106071M,14:00:00,17:00:00,50,3,3,1,3743,Ingeniería de Sistemas,4,20,4
3,Wednesday,T118,17,salon 10,3,1,Sede Principe,902,"Principios de Nutrición , Alimentación, Salud",1,605010C,15:00:00,18:00:00,50,3,18,6,3841,Contaduría Publica,7,22,6
3,Wednesday,T094,10,Sala de Sistemas 3,3,1,Sede Principe,840,Fundamentos de  Programación Orientada a Objetos,2,750015C,18:20:00,21:20:00,52,3,29,8,2724,Tecnología en Desarrollo de Software,5,23,7
1,Monday,T148,5,Salon 5,2,1,Sede Villa Campestre,603,Emprendimiento Empresarial,7,760155M,18:20:00,21:20:00,50,3,13,9,2710,Tecnología en Electronica,6,7,7
3,Wednesday,T011,3,Salon 3,2,1,Sede Villa Campestre,182,Fundamentos de Economía y Comercio ,1,801002C,07:00:00,10:00:00,50,3,19,2,3845,Administracion de empresas,5,17,1
5,Friday,T053,13,salon 6,3,1,Sede Principe,858,Matemáticas Básicas,1,111023C,18:20:00,21:20:00,51,3,30,12,2725,Tecnologia en Electronica Industrial,6,39,7
1,Monday,T148,18,salon 11,3,1,Sede Principe,1235,Gestión de Proyectos,8,801183C,18:20:00,21:20:00,50,3,23,2,3845,Administracion de empresas,9,7,7
4,Thursday,T056,12,salon 5,3,1,Sede Principe,1070,Transferencia de Masa,8,745019C,10:00:00,13:00:00,50,3,7,3,3753,Ingeniería de Alimentos,9,26,2
5,Friday,T064,23,Sala De Sistemas 1	,3,1,Sede Principe,998,Investigación de Mercados,5,801115C,18:20:00,21:20:00,50,3,23,2,3845,Administracion de empresas,10,39,7
2,Tuesday,T001,7,Sala De Sistemas 1,2,1,Sede Villa Campestre,123,Bases de Datos I,9,750030M,08:00:00,12:00:00,50,4,3,1,3743,Ingeniería de Sistemas,3,9,1
4,Thursday,T029,18,salon 11,3,1,Sede Principe,122,Introducción a la Gestión Ambiental,6,730107M,10:00:00,13:00:00,50,3,3,1,3743,Ingeniería de Sistemas,5,26,2
1,Monday,T214,13,salon 6,3,1,Sede Principe,1123,PRÁCTICA I,7,502041C,07:00:00,10:00:00,50,3,5,4,3554,Construccion,8,1,1
2,Tuesday,T183,3,Salon 3,2,1,Sede Villa Campestre,743,Legislación Comercial I,2,801073C,15:00:00,18:00:00,50,3,18,6,3841,Contaduría Publica,8,14,6
4,Thursday,T102,24,Sala De Sistemas 2,3,1,Sede Principe,1108,Desarrollo de Software III,7,750027C,18:20:00,21:20:00,51,3,29,8,2724,Tecnología en Desarrollo de Software,10,31,7
3,Wednesday,T076,8,salon 1,3,1,Sede Principe,954,Circuitos Eléctricos,2,710021C,18:20:00,21:20:00,50,3,30,12,2725,Tecnologia en Electronica Industrial,7,23,7
2,Tuesday,T029,9,salon 2,3,1,Sede Principe,456,Impacto Ambiental de la Tecnología,5,730125M,14:00:00,17:00:00,50,3,21,8,2724,Tecnología en Desarrollo de Software,3,13,5
2,Tuesday,T076,13,salon 6,3,1,Sede Principe,72,Cálculo Monovariable,2,111021C,09:00:00,12:00:00,50,3,2,1,3743,Ingeniería de Sistemas,3,11,3
4,Thursday,T030,2,Salon 2,2,1,Sede Villa Campestre,414,Legislación  Comercial  I,2,801073C,18:20:00,21:20:00,50,3,26,6,3841,Contaduría Publica,9,31,7
3,Wednesday,T080,26,Laboratorio de Alimentos,2,1,Sede Villa Campestre,626,Tallerer de Ingeniería de Alimentos IV,5,745023C,07:00:00,10:00:00,50,3,7,3,3753,Ingeniería de Alimentos,10,17,1
5,Friday,T016,3,Salon 3,2,1,Sede Villa Campestre,83,Inglés con fines generales y académicos III,3,204027C,10:00:00,12:00:00,50,2,2,1,3743,Ingeniería de Sistemas,4,35,3
6,Saturday,T043,6,Salon 6,2,1,Sede Villa Campestre,741,Fundamentos de Economía y Comercio,2,801002C,15:00:00,18:00:00,50,3,18,6,3841,Contaduría Publica,4,46,6
1,Monday,T087,23,Sala De Sistemas 1	,3,1,Sede Principe,463,Fundamentos de programacion orientada a eventos,3,750014C,07:00:00,10:00:00,51,3,14,8,2724,Tecnología en Desarrollo de Software,5,1,1
3,Wednesday,T168,1,Salon 1,2,1,Sede Villa Campestre,913,Salud comunitaria,7,207038M,09:00:00,12:00:00,50,3,6,5,3249,Trabajo social,6,19,3
2,Tuesday,T121,12,salon 5,3,1,Sede Principe,974,Inglés con fines generales y académicos I,3,204025C,14:00:00,18:00:00,52,4,20,11,3643,Nutricion y dietetica,10,13,5
5,Friday,T125,11,salon 4,3,1,Sede Principe,319,Materiales de Construcción   I ,2,502012C,14:00:00,17:00:00,50,3,5,4,3554,Construccion,7,37,5
4,Thursday,T040,18,salon 11,3,1,Sede Principe,797,Taller Tecnológico I,1,701006C,18:20:00,21:20:00,51,3,29,8,2724,Tecnología en Desarrollo de Software,10,32,8
5,Friday,T066,4,Salon 4,2,1,Sede Villa Campestre,907,"Humanismo, pensamiento administrativo y organizaciones",5,801126C,07:00:00,10:00:00,51,3,18,6,3841,Contaduría Publica,9,33,1
1,Monday,T060,2,Salon 2,2,1,Sede Villa Campestre,136,Fundamentos de Gestión Tecnológica,8,760076M,10:00:00,13:00:00,50,3,3,1,3743,Ingeniería de Sistemas,6,2,2
5,Friday,T009,25,Coliseo,2,1,Sede Villa Campestre,1030,DEPORTE FORMATIVO,1,404032C,07:00:00,09:00:00,50,2,6,5,3249,Trabajo social,7,33,1
5,Friday,T125,19,salon 12,3,1,Sede Principe,1047,COSTOS Y PRESUPUESTOS,6,502017C,07:00:00,10:00:00,50,3,5,4,3554,Construccion,9,33,1
5,Friday,T016,17,salon 10,3,1,Sede Principe,83,Inglés con fines generales y académicos III,3,204027C,10:00:00,12:00:00,50,2,2,1,3743,Ingeniería de Sistemas,9,34,2
6,Saturday,T130,12,salon 5,3,1,Sede Principe,999,Responsabilidad Social Empresarial y Sostenibilidad,5,801116C,18:20:00,21:20:00,50,3,23,2,3845,Administracion de empresas,10,47,7
5,Friday,T041,13,salon 6,3,1,Sede Principe,78,Herramientas para hablar en público,2,405126M,07:00:00,10:00:00,50,3,2,1,3743,Ingeniería de Sistemas,3,33,1
4,Thursday,T185,15,Sala de Sistemas 4,3,1,Sede Principe,914,Algebra Lineal,2,111038C,18:20:00,21:20:00,50,3,29,8,2724,Tecnología en Desarrollo de Software,9,31,7
5,Friday,T042,8,salon 1,3,1,Sede Principe,955,"Robots, Historia  y  Ficción",2,710061C,18:20:00,21:20:00,51,3,30,12,2725,Tecnologia en Electronica Industrial,7,39,7
5,Friday,T131,11,salon 4,3,1,Sede Principe,616,QuÍmica general + Laboratorio,1,116017C,07:00:00,12:00:00,51,5,7,3,3753,Ingeniería de Alimentos,4,33,1
2,Tuesday,T079,5,Salon 5,2,1,Sede Villa Campestre,735,Fundamentos de contabilidad,1,802004C,18:20:00,21:20:00,51,3,26,6,3841,Contaduría Publica,6,15,7
4,Thursday,T099,15,Sala de Sistemas 4,3,1,Sede Principe,1061,Introducción a la Ciencia de los Datos,7,750025C,15:00:00,18:00:00,50,3,2,1,3743,Ingeniería de Sistemas,10,30,6
6,Saturday,T053,27,Laboratorio de Electronica,2,1,Sede Villa Campestre,953,Experimentación  en Electricidad,2,710019C,14:00:00,17:00:00,50,3,30,12,2725,Tecnologia en Electronica Industrial,8,45,5
1,Monday,T010,11,salon 4,3,1,Sede Principe,1282,Genero pluralidad y diversidades,4,304035C,07:00:00,10:00:00,50,3,18,6,3841,Contaduría Publica,10,1,1
5,Friday,T209,4,Salon 4,2,1,Sede Villa Campestre,1134,SEMIOLOGÍA NUTRICIONAL,5,605026C,10:00:00,13:00:00,50,3,20,11,3643,Nutricion y dietetica,8,34,2
2,Tuesday,T057,16,salon 9,3,1,Sede Principe,1104,Genero pluralidad y diversidades,2,304035C,15:00:00,18:00:00,50,3,14,8,2724,Tecnología en Desarrollo de Software,8,14,6
3,Wednesday,T094,24,Sala De Sistemas 2,3,1,Sede Principe,802,Fundamentos de  Programación Orientada a Objetos,2,750015C,10:00:00,13:00:00,51,3,14,8,2724,Tecnología en Desarrollo de Software,8,18,2
1,Monday,T057,13,salon 6,3,1,Sede Principe,855,Inserción a la Vida Universitaria,1,701001C,20:20:00,22:20:00,51,2,30,12,2725,Tecnologia en Electronica Industrial,6,8,8
6,Saturday,T047,17,salon 10,3,1,Sede Principe,994,Inglés con fines generales y académicos III,5,204027C,13:00:00,17:00:00,56,4,23,2,3845,Administracion de empresas,8,44,4
2,Tuesday,T011,8,salon 1,3,1,Sede Principe,239,Fundamentos De Economía,1,207076M,07:00:00,10:00:00,51,3,6,5,3249,Trabajo social,5,9,1
5,Friday,T106,14,salon 7,3,1,Sede Principe,1034,Probabilidad y Estadistica,3,761001C,18:20:00,22:20:00,51,4,30,12,2725,Tecnologia en Electronica Industrial,8,40,8
1,Monday,T057,15,Sala de Sistemas 4,3,1,Sede Principe,64,Inserción a la Vida Universitaria,1,701001C,14:00:00,16:00:00,52,2,2,1,3743,Ingeniería de Sistemas,9,5,5
2,Tuesday,T079,5,Salon 5,2,1,Sede Villa Campestre,412,Contabilidad de los recursos y obligaciones de corto plazo,2,802014C,18:20:00,21:20:00,50,3,26,6,3841,Contaduría Publica,3,15,7
6,Saturday,T003,24,Sala De Sistemas 2,3,1,Sede Principe,470,Matemáticas Discretas I,2,750004C,14:00:00,18:00:00,50,4,29,8,2724,Tecnología en Desarrollo de Software,5,45,5
1,Monday,T174,20,salon 13,3,1,Sede Principe,1044,CONSTRUCCIÓN DE INFRAESTRUCTURA URBANA II,6,502033C,08:00:00,11:00:00,50,3,5,4,3554,Construccion,7,1,1
5,Friday,T098,15,Sala de Sistemas 4,3,1,Sede Principe,180,Introducción al derecho y constitución política ,1,801042C,07:00:00,10:00:00,50,3,19,2,3845,Administracion de empresas,3,33,1
3,Wednesday,T005,24,Sala De Sistemas 2,3,1,Sede Principe,1011,INFRAESTRUCTURAS PARALELAS Y DISTRIBUIDAS,6,750023C,07:00:00,10:00:00,50,3,2,1,3743,Ingeniería de Sistemas,6,17,1
1,Monday,T121,16,salon 9,3,1,Sede Principe,617,Inglés con fines generales y académicos I,3,204025C,14:00:00,18:00:00,55,4,7,3,3753,Ingeniería de Alimentos,8,5,5
2,Tuesday,T145,9,salon 2,3,1,Sede Principe,950,COMPRENSIÓN Y PRODUCCIÓN DE TEXTOS ACADÉMICOS GENERALES,1,204133C,18:20:00,21:20:00,51,3,30,12,2725,Tecnologia en Electronica Industrial,7,15,7
3,Wednesday,T061,26,Laboratorio de Alimentos,2,1,Sede Villa Campestre,310,Talleres y laborat. Ingenieri Alimentos VI,8,745054M,07:00:00,13:00:00,50,6,16,3,3753,Ingeniería de Alimentos,3,17,1
3,Wednesday,T012,2,Salon 2,2,1,Sede Villa Campestre,1092,GESTIÓN DE BIENES Y SERVICIOS,6,801133C,18:20:00,21:20:00,50,3,23,2,3845,Administracion de empresas,9,23,7
3,Wednesday,T062,4,Salon 4,2,1,Sede Villa Campestre,412,Contabilidad de los recursos y obligaciones de corto plazo,2,802014C,18:20:00,21:20:00,50,3,26,6,3841,Contaduría Publica,5,23,7
3,Wednesday,T188,12,salon 5,3,1,Sede Principe,256,Comunidad y Organizaciones I,5,207030M,08:00:00,12:00:00,50,4,6,5,3249,Trabajo social,7,17,1
1,Monday,T105,13,salon 6,3,1,Sede Principe,467,Cálculo Monovariable,2,111021C,18:20:00,20:20:00,51,2,29,8,2724,Tecnología en Desarrollo de Software,5,7,7
5,Friday,T081,18,salon 11,3,1,Sede Principe,533,Taller Construcción de edificaciones  II,3,502018C,14:00:00,18:00:00,50,4,5,4,3554,Construccion,10,37,5
5,Friday,T129,20,salon 13,3,1,Sede Principe,529,Taller de Representacion III,3,501009C,07:00:00,13:00:00,50,6,5,4,3554,Construccion,4,33,1
2,Tuesday,T044,5,Salon 5,2,1,Sede Villa Campestre,734,Legislación Laboral,3,801099C,18:20:00,21:20:00,51,3,26,6,3841,Contaduría Publica,4,15,7
3,Wednesday,T113,15,Sala de Sistemas 4,3,1,Sede Principe,786,Algebra Lineal,2,111038C,10:00:00,12:00:00,50,2,2,1,3743,Ingeniería de Sistemas,6,18,2
6,Saturday,T051,5,Salon 5,2,1,Sede Villa Campestre,435,Metodología de Investigación Contable,10,802042M,15:00:00,18:00:00,50,3,4,6,3841,Contaduría Publica,3,46,6
5,Friday,T094,24,Sala De Sistemas 2,3,1,Sede Principe,469,Fundamentos de Programacion OO (Taller Tecnologico II),2,750015C,18:20:00,21:20:00,53,3,29,8,2724,Tecnología en Desarrollo de Software,3,39,7
5,Friday,T026,11,salon 4,3,1,Sede Principe,733,Estadística I para las ciencias de la administración,3,801083C,18:20:00,21:20:00,51,3,26,6,3841,Contaduría Publica,4,39,7
3,Wednesday,T094,23,Sala De Sistemas 1	,3,1,Sede Principe,802,Fundamentos de  Programación Orientada a Objetos,2,750015C,10:00:00,13:00:00,55,3,14,8,2724,Tecnología en Desarrollo de Software,10,18,2
3,Wednesday,T006,12,salon 5,3,1,Sede Principe,138,Complejidad y Optimización,9,750090M,16:00:00,18:00:00,50,2,3,1,3743,Ingeniería de Sistemas,8,22,6
3,Wednesday,T043,15,Sala de Sistemas 4,3,1,Sede Principe,1183,Finanzas Internacionales y de Nuevos negocios,8,802079C,10:00:00,13:00:00,50,3,19,2,3845,Administracion de empresas,10,18,2
3,Wednesday,T063,19,salon 12,3,1,Sede Principe,677,Electiva de Profundización III: Fundamentos de Responsabilidad social,8,801283M,15:00:00,18:00:00,50,3,25,2,3845,Administracion de empresas,4,22,6
5,Friday,T056,26,Laboratorio de Alimentos,2,1,Sede Villa Campestre,626,Tallerer de Ingeniería de Alimentos IV,5,745023C,10:00:00,13:00:00,51,3,7,3,3753,Ingeniería de Alimentos,4,34,2
2,Tuesday,T120,3,Salon 3,2,1,Sede Villa Campestre,624,Microbiología + Laboratorio,5,745011C,08:00:00,10:00:00,50,2,7,3,3753,Ingeniería de Alimentos,6,9,1
2,Tuesday,T185,16,salon 9,3,1,Sede Principe,799,Cálculo Monovariable,2,111021C,10:00:00,12:00:00,50,2,14,8,2724,Tecnología en Desarrollo de Software,10,11,3
6,Saturday,T043,15,Sala de Sistemas 4,3,1,Sede Principe,188,Macroeconomía y Coyuntura ,2,801069C,15:00:00,18:00:00,50,3,23,2,3845,Administracion de empresas,3,46,6
2,Tuesday,T150,5,Salon 5,2,1,Sede Villa Campestre,874,Anatomía,2,604007C,15:00:00,18:00:00,50,3,20,11,3643,Nutricion y dietetica,5,14,6
4,Thursday,T052,26,Laboratorio de Alimentos,2,1,Sede Villa Campestre,627,Análisis de Alimentos,5,745004C,16:00:00,19:00:00,51,3,7,3,3753,Ingeniería de Alimentos,4,30,6
5,Friday,T174,13,salon 6,3,1,Sede Principe,1123,PRÁCTICA I,7,502041C,07:00:00,10:00:00,51,3,5,4,3554,Construccion,8,33,1
1,Monday,T044,12,salon 5,3,1,Sede Principe,706,Legislación Laboral,4,801099C,15:00:00,18:00:00,51,3,19,2,3845,Administracion de empresas,10,6,6
4,Thursday,T003,23,Sala De Sistemas 1	,3,1,Sede Principe,1139,PREPARACIÓN PARA CERTIFICACIÓN EN CIBERSEGURIDAD PARA LA INDUSTRIA,8,750035C,10:00:00,13:00:00,50,3,2,1,3743,Ingeniería de Sistemas,8,26,2
5,Friday,T019,17,salon 10,3,1,Sede Principe,183,Álgebra lineal ,2,801017C,18:20:00,21:20:00,51,3,23,2,3845,Administracion de empresas,7,39,7
3,Wednesday,T063,2,Salon 2,2,1,Sede Villa Campestre,736,Introducción a la contaduría pública,1,802008C,18:20:00,21:20:00,50,3,26,6,3841,Contaduría Publica,8,23,7
2,Tuesday,T014,1,Salon 1,2,1,Sede Villa Campestre,484,Introducción al Derecho y Constitucion política,2,801042C,14:00:00,17:00:00,52,3,5,4,3554,Construccion,3,13,5
3,Wednesday,T061,26,Laboratorio de Alimentos,2,1,Sede Villa Campestre,1064,Talleres y laborat. Ingenieri Alimentos VI,8,745054M,07:00:00,13:00:00,50,6,7,3,3753,Ingeniería de Alimentos,7,17,1
3,Wednesday,T011,9,salon 2,3,1,Sede Principe,661,Evaluación y Administración de proyectos ,9,760105M ,14:00:00,17:00:00,51,3,16,3,3753,Ingeniería de Alimentos,4,21,5
2,Tuesday,T102,18,salon 11,3,1,Sede Principe,560,Tecnicas de Prueba de Software,8,750105M,07:00:00,10:00:00,51,3,3,1,3743,Ingeniería de Sistemas,4,9,1
4,Thursday,T002,16,salon 9,3,1,Sede Principe,84,Taller de Escritura e Investigación,3,202009M,10:00:00,13:00:00,50,3,2,1,3743,Ingeniería de Sistemas,8,26,2
1,Monday,T033,2,Salon 2,2,1,Sede Villa Campestre,683,Diseño y Evaluación Organizacional,5,801174M,18:20:00,21:20:00,50,3,1,2,3845,Administracion de empresas,4,8,8
6,Saturday,T051,19,salon 12,3,1,Sede Principe,435,Metodología de Investigación Contable,10,802042M,10:00:00,13:00:00,51,3,4,6,3841,Contaduría Publica,3,42,2
3,Wednesday,T103,13,salon 6,3,1,Sede Principe,248,Antropología Social Y Cultural,3,207031M,14:00:00,17:00:00,50,3,6,5,3249,Trabajo social,5,21,5
3,Wednesday,T128,6,Salon 6,2,1,Sede Villa Campestre,427,Comercio Exterior,6,801062M,18:20:00,21:20:00,50,3,4,6,3841,Contaduría Publica,5,23,7
2,Tuesday,T084,5,Salon 5,2,1,Sede Villa Campestre,1096,Gestión de la Cadena de Suministros,7,801163C,07:00:00,10:00:00,50,3,19,2,3845,Administracion de empresas,9,9,1
4,Thursday,T003,15,Sala de Sistemas 4,3,1,Sede Principe,76,Matemáticas Discretas I,2,750004C,14:00:00,18:00:00,53,4,2,1,3743,Ingeniería de Sistemas,6,29,5
3,Wednesday,T091,1,Salon 1,2,1,Sede Villa Campestre,607,Física II + Laboratorio,3,106009C,07:00:00,10:00:00,50,3,7,3,3753,Ingeniería de Alimentos,8,17,1
5,Friday,T081,4,Salon 4,2,1,Sede Villa Campestre,321,Taller Construcción de edificaciones  I,2,502013C,07:00:00,11:00:00,50,4,5,4,3554,Construccion,10,33,1
6,Saturday,T070,9,salon 2,3,1,Sede Principe,923,COMPRENSIÓN Y PRODUCCIÓN DE TEXTOS ACADÉMICOS GENERALES,2,204133C,07:00:00,10:00:00,54,3,2,1,3743,Ingeniería de Sistemas,10,41,1
4,Thursday,T015,1,Salon 1,2,1,Sede Villa Campestre,1076,"IMPUESTO A LA RENTA Y COMPLEMENTARIOS, IMPUESTO AL PATRIMONIO",6,802047C,18:20:00,21:20:00,50,3,26,6,3841,Contaduría Publica,7,31,7
6,Saturday,T235,15,Sala de Sistemas 4,3,1,Sede Principe,836,Desarrollo de Aplicaciones para Dispositivos Móviles,6,750026C,14:00:00,17:00:00,50,3,14,8,2724,Tecnología en Desarrollo de Software,10,45,5
5,Friday,T034,10,Sala de Sistemas 3,3,1,Sede Principe,177,Taller Habilidades y herramientas informáticas para la gestión ,1,801044C,10:00:00,13:00:00,50,3,19,2,3845,Administracion de empresas,9,34,2
6,Saturday,T051,12,salon 5,3,1,Sede Principe,1151,Metodología de la Investigación,7,802052C,15:00:00,18:00:00,50,3,26,6,3841,Contaduría Publica,8,46,6
5,Friday,T131,12,salon 5,3,1,Sede Principe,616,QuÍmica general + Laboratorio,1,116017C,16:00:00,18:00:00,50,2,7,3,3753,Ingeniería de Alimentos,9,38,6
3,Wednesday,T143,20,salon 13,3,1,Sede Principe,867,Sistemas integrados de gestión,4,502025C,09:00:00,12:00:00,50,3,5,4,3554,Construccion,5,19,3
4,Thursday,T056,19,salon 12,3,1,Sede Principe,1146,proyecto de ingeniería II,9,745016C,14:00:00,17:00:00,50,3,7,3,3753,Ingeniería de Alimentos,8,29,5
2,Tuesday,T017,18,salon 11,3,1,Sede Principe,483,Fisica + Laboratorio,3,106012C,07:00:00,10:00:00,52,3,2,1,3743,Ingeniería de Sistemas,9,9,1
2,Tuesday,T036,13,salon 6,3,1,Sede Principe,1114,DISPOSITIVOS Y CIRCUITOS ELECTRÓNICOS,4,710027C,18:20:00,22:20:00,50,4,30,12,2725,Tecnologia en Electronica Industrial,10,16,8
2,Tuesday,T012,4,Salon 4,2,1,Sede Villa Campestre,210,Estrategia y Planeación,6,801173M,18:20:00,21:20:00,51,3,1,2,3845,Administracion de empresas,3,15,7
4,Thursday,T181,23,Sala De Sistemas 1	,3,1,Sede Principe,1063,Desarrollo de Aplicaciones para Dispositivos Móviles,7,750026C,16:00:00,19:00:00,51,3,2,1,3743,Ingeniería de Sistemas,7,30,6
4,Thursday,T140,19,salon 12,3,1,Sede Principe,260,Administración Social,5,207019M,08:00:00,12:00:00,50,4,6,5,3249,Trabajo social,5,25,1
3,Wednesday,T017,27,Laboratorio de Electronica,2,1,Sede Villa Campestre,119,Experimentación Fisica II,5,106071M,13:00:00,15:00:00,51,3,3,1,3743,Ingeniería de Sistemas,3,20,4
2,Tuesday,T110,1,Salon 1,2,1,Sede Villa Campestre,911,Epistemologia de las ciencias sociales,3,207102M,14:00:00,17:00:00,50,3,6,5,3249,Trabajo social,9,13,5
3,Wednesday,T105,11,salon 4,3,1,Sede Principe,82,Cálculo Multivariable,3,111022C,10:00:00,13:00:00,50,3,2,1,3743,Ingeniería de Sistemas,3,18,2
6,Saturday,T113,8,salon 1,3,1,Sede Principe,318,Física de la construcción,2,502005C,08:00:00,11:00:00,50,3,5,4,3554,Construccion,3,41,1
4,Thursday,T033,2,Salon 2,2,1,Sede Villa Campestre,997,Gestión del Conocimiento e Innovación,5,801114C,18:20:00,21:20:00,50,3,23,2,3845,Administracion de empresas,6,31,7
2,Tuesday,T025,14,salon 7,3,1,Sede Principe,893,Termodinámica,6,780047C,15:00:00,18:00:00,50,3,7,3,3753,Ingeniería de Alimentos,9,14,6
4,Thursday,T233,8,salon 1,3,1,Sede Principe,947,Ciberseguridad,5,750024C,15:00:00,18:00:00,50,3,14,8,2724,Tecnología en Desarrollo de Software,9,30,6
5,Friday,T048,10,Sala de Sistemas 3,3,1,Sede Principe,66,Taller de Ingeniería I,1,701002C,15:00:00,18:00:00,51,3,2,1,3743,Ingeniería de Sistemas,5,38,6
5,Friday,T070,16,salon 9,3,1,Sede Principe,704,Lectura Crítica,4,204024C,15:00:00,18:00:00,51,3,19,2,3845,Administracion de empresas,10,38,6
4,Thursday,T005,16,salon 9,3,1,Sede Principe,878,Fundamentos de Interpretación y Compilación de LP,5,750017C,14:00:00,18:00:00,50,4,2,1,3743,Ingeniería de Sistemas,8,29,5
5,Friday,T012,3,Salon 3,2,1,Sede Villa Campestre,805,Análisis integrado del entorno,5,801113C,07:00:00,10:00:00,50,3,19,2,3845,Administracion de empresas,7,33,1
5,Friday,T076,13,salon 6,3,1,Sede Principe,712,Cálculo ,1,801003C,18:20:00,21:20:00,50,3,23,2,3845,Administracion de empresas,4,39,7
6,Saturday,T117,10,Sala de Sistemas 3,3,1,Sede Principe,228,Electiva de Profundización III: Fundamentos de Responsabilidad social,10,801283M,15:00:00,18:00:00,50,3,1,2,3845,Administracion de empresas,3,46,6
3,Wednesday,T096,14,salon 7,3,1,Sede Principe,1226,EVALUACIÓN FINANCIERA DE PROYECTOS,8,802041C,18:20:00,21:20:00,51,3,26,6,3841,Contaduría Publica,9,23,7
5,Friday,T027,2,Salon 2,2,1,Sede Villa Campestre,700,Ciencias humanas,2,801078C,10:00:00,13:00:00,50,3,19,2,3845,Administracion de empresas,6,34,2
4,Thursday,T027,8,salon 1,3,1,Sede Principe,506,Diseño Etnografico,6,207028M,08:00:00,12:00:00,50,4,6,5,3249,Trabajo social,8,25,1
5,Friday,T198,15,Sala de Sistemas 4,3,1,Sede Principe,903,Contabilidades especiales I,5,802029C,15:00:00,18:00:00,50,3,18,6,3841,Contaduría Publica,9,38,6
6,Saturday,T085,10,Sala de Sistemas 3,3,1,Sede Principe,693,Análisis de Sistemas de Información y Base de Datos,9,801180M,18:20:00,21:20:00,50,3,1,2,3845,Administracion de empresas,8,47,7
5,Friday,T237,1,Salon 1,2,1,Sede Villa Campestre,1288,MICROBIOLOGÍA GENERAL,3,102047C,14:00:00,17:00:00,50,3,33,13,3150,Agroindustria,10,37,5
6,Saturday,T217,14,salon 7,3,1,Sede Principe,949,INTRODUCCIÓN A LA GESTIÓN DE PROYECTOS DE SOFTWARE,6,750031C,14:00:00,17:00:00,50,3,14,8,2724,Tecnología en Desarrollo de Software,8,45,5
1,Monday,T196,24,Sala De Sistemas 2,3,1,Sede Principe,1060,Desarrollo de Software III,7,750027C,15:00:00,18:00:00,50,3,2,1,3743,Ingeniería de Sistemas,10,6,6
1,Monday,T105,17,salon 10,3,1,Sede Principe,72,Cálculo Monovariable,2,111021C,07:00:00,10:00:00,52,3,2,1,3743,Ingeniería de Sistemas,10,1,1
3,Wednesday,T100,7,Sala De Sistemas 1,2,1,Sede Villa Campestre,554,Fundamentos de redes,4,750010C,09:00:00,12:00:00,50,3,14,8,2724,Tecnología en Desarrollo de Software,4,19,3
4,Thursday,T228,5,Salon 5,2,1,Sede Villa Campestre,1165,Seguridad de la información contable,8,802061C,15:00:00,18:00:00,50,3,18,6,3841,Contaduría Publica,10,30,6
5,Friday,T226,20,salon 13,3,1,Sede Principe,1045,TALLER CONSTRUCCIÓN DE INFRAESTRUCTURA URBANA II,6,502036C,14:00:00,18:00:00,51,4,5,4,3554,Construccion,9,37,5
3,Wednesday,T152,9,salon 2,3,1,Sede Principe,943,Ingeniería económica,5,760016C,18:20:00,21:20:00,50,3,29,8,2724,Tecnología en Desarrollo de Software,10,23,7
1,Monday,T057,18,salon 11,3,1,Sede Principe,64,Inserción a la Vida Universitaria,1,701001C,16:00:00,18:00:00,52,2,2,1,3743,Ingeniería de Sistemas,10,6,6
4,Thursday,T005,24,Sala De Sistemas 2,3,1,Sede Principe,1011,INFRAESTRUCTURAS PARALELAS Y DISTRIBUIDAS,6,750023C,10:00:00,13:00:00,50,3,2,1,3743,Ingeniería de Sistemas,10,26,2
6,Saturday,T126,13,salon 6,3,1,Sede Principe,322,Estructuras I,2,502014C,07:00:00,10:00:00,50,3,5,4,3554,Construccion,7,41,1
4,Thursday,T164,19,salon 12,3,1,Sede Principe,978,Fisiología General,3,605016C,08:00:00,12:00:00,50,4,20,11,3643,Nutricion y dietetica,10,25,1
3,Wednesday,T066,3,Salon 3,2,1,Sede Villa Campestre,686,Fundamentos de Mercadeo,7,801175M,18:20:00,21:20:00,50,3,1,2,3845,Administracion de empresas,4,23,7
1,Monday,T102,24,Sala De Sistemas 2,3,1,Sede Principe,385,Taller de habilidades informáticas para la gestión (Científico tecnológico),1,801044C,15:00:00,18:00:00,51,3,18,6,3841,Contaduría Publica,5,6,6
5,Friday,T047,11,salon 4,3,1,Sede Principe,1000,Inglés con Fines Generales y Académicos IV,6,204028C,07:00:00,11:00:00,53,4,19,2,3845,Administracion de empresas,10,33,1
4,Thursday,T144,3,Salon 3,2,1,Sede Villa Campestre,1069,Seminario de Trabajo de Grado,8,745035C,14:00:00,17:00:00,50,3,7,3,3753,Ingeniería de Alimentos,9,29,5
3,Wednesday,T013,24,Sala De Sistemas 2,3,1,Sede Principe,1080,Administración y gestión financiera,7,802051C,15:00:00,18:00:00,51,3,18,6,3841,Contaduría Publica,9,22,6
3,Wednesday,T027,1,Salon 1,2,1,Sede Villa Campestre,849,Sistematización de Experiencias ,7,207089M,10:00:00,13:00:00,50,3,6,5,3249,Trabajo social,7,18,2
3,Wednesday,T081,20,salon 13,3,1,Sede Principe,533,Taller Construcción de edificaciones  II,3,502018C,14:00:00,18:00:00,51,4,5,4,3554,Construccion,4,21,5
3,Wednesday,T121,12,salon 5,3,1,Sede Principe,304,Lectura de Textos Académicos en Íngles II,6,204104M,10:00:00,12:00:00,50,2,16,3,3753,Ingeniería de Alimentos,4,18,2
2,Tuesday,T099,10,Sala de Sistemas 3,3,1,Sede Principe,562,Bases de Datos No SQL,9,750128M,07:00:00,10:00:00,50,3,3,1,3743,Ingeniería de Sistemas,6,9,1
4,Thursday,T047,17,salon 10,3,1,Sede Principe,808,Inglés con fines generales y académicos III,5,204027C,07:00:00,11:00:00,53,4,19,2,3845,Administracion de empresas,7,25,1
4,Thursday,T026,3,Salon 3,2,1,Sede Villa Campestre,746,Estadística II para las ciencias de la administración,4,801104C,10:00:00,13:00:00,50,3,18,6,3841,Contaduría Publica,8,26,2
2,Tuesday,T079,6,Salon 6,2,1,Sede Villa Campestre,384,Fundamentos de contabilidad ,1,802004C,15:00:00,18:00:00,51,3,18,6,3841,Contaduría Publica,9,14,6
5,Friday,T168,2,Salon 2,2,1,Sede Villa Campestre,1301,Genero pluralidad y diversidades,2,304035C,14:00:00,17:00:00,51,3,6,5,3249,Trabajo social,10,37,5
4,Thursday,T083,7,Sala De Sistemas 1,2,1,Sede Villa Campestre,529,Taller de Representacion III,3,501009C,07:00:00,13:00:00,50,6,5,4,3554,Construccion,6,25,1
2,Tuesday,T105,14,salon 7,3,1,Sede Principe,72,Cálculo Monovariable,2,111021C,14:00:00,17:00:00,53,3,2,1,3743,Ingeniería de Sistemas,8,13,5
4,Thursday,T053,12,salon 5,3,1,Sede Principe,951,Cálculo Monovariable,2,111021C,18:20:00,21:20:00,50,3,30,12,2725,Tecnologia en Electronica Industrial,6,31,7
4,Thursday,T111,12,salon 5,3,1,Sede Principe,239,Fundamentos De Economía,1,207076M,14:00:00,17:00:00,50,3,6,5,3249,Trabajo social,9,29,5
2,Tuesday,T196,23,Sala De Sistemas 1	,3,1,Sede Principe,1138,INTRODUCCIÓN A LA GESTIÓN DE PROYECTOS DE SOFTWARE,8,750031C,07:00:00,10:00:00,50,3,2,1,3743,Ingeniería de Sistemas,9,9,1
2,Tuesday,T113,15,Sala de Sistemas 4,3,1,Sede Principe,786,Algebra Lineal,2,111038C,07:00:00,10:00:00,52,3,2,1,3743,Ingeniería de Sistemas,8,9,1
5,Friday,T179,10,Sala de Sistemas 3,3,1,Sede Principe,66,Taller de Ingeniería I,1,701002C,15:00:00,18:00:00,53,3,2,1,3743,Ingeniería de Sistemas,6,38,6
3,Wednesday,T041,4,Salon 4,2,1,Sede Villa Campestre,1093,Electiva Componente Artistico Humanistico: Actuación ante cámaras,7,504038C,15:00:00,18:00:00,50,3,19,2,3845,Administracion de empresas,9,22,6
4,Thursday,T027,13,salon 6,3,1,Sede Principe,254,Estadística Social I,5, 207082M,14:00:00,17:00:00,50,3,6,5,3249,Trabajo social,9,29,5
3,Wednesday,T044,11,salon 4,3,1,Sede Principe,392,Legislación laboral,3,801099C,15:00:00,18:00:00,50,3,18,6,3841,Contaduría Publica,3,22,6
5,Friday,T179,24,Sala De Sistemas 2,3,1,Sede Principe,66,Taller de Ingeniería I,1,701002C,15:00:00,18:00:00,51,3,2,1,3743,Ingeniería de Sistemas,7,38,6
2,Tuesday,T031,3,Salon 3,2,1,Sede Villa Campestre,258,Metodología De Trabajo Con Grupos II,5, 207018M,08:00:00,12:00:00,50,4,6,5,3249,Trabajo social,9,9,1
3,Wednesday,T068,26,Laboratorio de Alimentos,2,1,Sede Villa Campestre,663,Taller de Ingeniería de Alimentos II,3,745021C,14:00:00,18:00:00,51,4,7,3,3753,Ingeniería de Alimentos,4,21,5
1,Monday,T148,3,Salon 3,2,1,Sede Villa Campestre,674,Gestión de Proyectos,8,801215M,07:00:00,10:00:00,50,3,25,2,3845,Administracion de empresas,6,1,1
4,Thursday,T015,1,Salon 1,2,1,Sede Villa Campestre,1076,"IMPUESTO A LA RENTA Y COMPLEMENTARIOS, IMPUESTO AL PATRIMONIO",6,802047C,18:20:00,21:20:00,50,3,26,6,3841,Contaduría Publica,9,31,7
2,Tuesday,T074,5,Salon 5,2,1,Sede Villa Campestre,671,Electiva area profundización II: Metodología de la Investigación ,8,801051M,10:00:00,13:00:00,50,3,25,2,3845,Administracion de empresas,6,10,2
3,Wednesday,T061,29,Planta de Alimentos,1,1,Sede Victoria,654,Talleres y laboratatorios de Ingeniería de Alimentos VII,9,745057M ,07:00:00,13:00:00,51,6,16,3,3753,Ingeniería de Alimentos,6,17,1
1,Monday,T121,19,salon 12,3,1,Sede Principe,1019,Inglés con Fines Generales y Académicos IV,6,204028C,16:00:00,18:00:00,53,2,7,3,3753,Ingeniería de Alimentos,7,6,6
2,Tuesday,T183,13,salon 6,3,1,Sede Principe,743,Legislación Comercial I,2,801073C,15:00:00,18:00:00,50,3,18,6,3841,Contaduría Publica,10,14,6
6,Saturday,T137,24,Sala De Sistemas 2,3,1,Sede Principe,754,Laboratorio contable financiero,8,802025M,10:00:00,13:00:00,50,3,28,6,3841,Contaduría Publica,4,42,2
3,Wednesday,T176,11,salon 4,3,1,Sede Principe,1106,FUNDAMENTOS DE ANÁLISIS Y CÁLCULO NUMÉRICO,5,750042C,18:20:00,21:20:00,50,3,29,8,2724,Tecnología en Desarrollo de Software,8,23,7
5,Friday,T100,24,Sala De Sistemas 2,3,1,Sede Principe,841,Fundamentos de redes,4,750010C,18:20:00,21:20:00,50,3,29,8,2724,Tecnología en Desarrollo de Software,9,39,7
5,Friday,T102,15,Sala de Sistemas 4,3,1,Sede Principe,485,Introducción a las Tecnologias,1,701005C,18:20:00,20:20:00,50,2,14,8,2724,Tecnología en Desarrollo de Software,4,39,7
5,Friday,T026,11,salon 4,3,1,Sede Principe,816,Estadística II para las ciencias de la administración,4,801104C,18:20:00,21:20:00,51,3,23,2,3845,Administracion de empresas,5,39,7
2,Tuesday,T041,12,salon 5,3,1,Sede Principe,869,COMPRENSIÓN Y PRODUCCIÓN DE TEXTOS ACADÉMICOS GENERALES,2,204133C,15:00:00,18:00:00,51,3,20,11,3643,Nutricion y dietetica,9,14,6
6,Saturday,T167,26,Laboratorio de Alimentos,2,1,Sede Villa Campestre,1021,BIOPROCESOS + LABORATORIO,7,745006C,10:00:00,12:00:00,50,2,7,3,3753,Ingeniería de Alimentos,10,43,3
3,Wednesday,T118,6,Salon 6,2,1,Sede Villa Campestre,524,Introducción a la Nutrición y Dietética,1,605011C,07:00:00,10:00:00,50,3,20,11,3643,Nutricion y dietetica,8,17,1
5,Friday,T053,21,salon 14,3,1,Sede Principe,858,Matemáticas Básicas,1,111023C,18:20:00,21:20:00,51,3,30,12,2725,Tecnologia en Electronica Industrial,7,39,7
2,Tuesday,T017,8,salon 1,3,1,Sede Principe,483,Fisica + Laboratorio,3,106012C,07:00:00,10:00:00,53,3,2,1,3743,Ingeniería de Sistemas,10,9,1
6,Saturday,T007,15,Sala de Sistemas 4,3,1,Sede Principe,81,Matemáticas Discretas II,3,750005C,07:00:00,11:00:00,50,4,2,1,3743,Ingeniería de Sistemas,5,41,1
2,Tuesday,T111,16,salon 9,3,1,Sede Principe,182,Fundamentos de Economía y Comercio ,1,801002C,10:00:00,13:00:00,50,3,19,2,3845,Administracion de empresas,3,10,2
4,Thursday,T048,10,Sala de Sistemas 3,3,1,Sede Principe,797,Taller Tecnológico I,1,701006C,18:20:00,21:20:00,51,3,29,8,2724,Tecnología en Desarrollo de Software,8,31,7
5,Friday,T203,9,salon 2,3,1,Sede Principe,807,Responsabilidad Social Empresarial y Sostenibilidad,5,801116C,14:00:00,17:00:00,50,3,19,2,3845,Administracion de empresas,9,37,5
4,Thursday,T199,19,salon 12,3,1,Sede Principe,904,Inglés con fines generales y académicos III,5,204027C,08:00:00,12:00:00,53,4,18,6,3841,Contaduría Publica,9,25,1
4,Thursday,T026,18,salon 11,3,1,Sede Principe,556,Probabilidad y Estadistica,4,761001C,14:00:00,18:00:00,51,4,14,8,2724,Tecnología en Desarrollo de Software,4,29,5
2,Tuesday,T151,19,salon 12,3,1,Sede Principe,1292,QUIMICA ORGÁNICA GENERAL,3,116011C,10:00:00,13:00:00,50,3,33,13,3150,Agroindustria,10,10,2
6,Saturday,T111,16,salon 9,3,1,Sede Principe,215,Política Econ. Nacional e Internacional,6,801082M,15:00:00,18:00:00,50,3,1,2,3845,Administracion de empresas,5,46,6
5,Friday,T009,25,Coliseo,2,1,Sede Villa Campestre,1187,DEPORTE Y SALUD,1,404002C,07:00:00,10:00:00,51,3,33,13,3150,Agroindustria,8,33,1
2,Tuesday,T044,18,salon 11,3,1,Sede Principe,706,Legislación Laboral,4,801099C,14:00:00,17:00:00,50,3,19,2,3845,Administracion de empresas,6,13,5
2,Tuesday,T105,17,salon 10,3,1,Sede Principe,2,Matemáticas Básicas,1,111023C,14:00:00,17:00:00,51,3,2,1,3743,Ingeniería de Sistemas,5,13,5
2,Tuesday,T029,13,salon 6,3,1,Sede Principe,1210,FUNDAMENTOS DE SISTEMAS SOCIOECOLÓGICOS,6,730011C,14:00:00,17:00:00,50,3,20,11,3643,Nutricion y dietetica,9,13,5
5,Friday,T018,2,Salon 2,2,1,Sede Villa Campestre,1103,Violencia familiar,7,207950,07:00:00,10:00:00,50,3,6,5,3249,Trabajo social,9,33,1
1,Monday,T096,6,Salon 6,2,1,Sede Villa Campestre,401,Sistemas de producción,6,801063M,18:20:00,21:20:00,51,3,4,6,3841,Contaduría Publica,3,7,7
5,Friday,T181,10,Sala de Sistemas 3,3,1,Sede Principe,787,Sistemas operativos,4,750001C,15:00:00,18:00:00,51,3,2,1,3743,Ingeniería de Sistemas,10,38,6
2,Tuesday,T026,4,Salon 4,2,1,Sede Villa Campestre,126,Probabilidad y Estadística,6,761130M,14:00:00,17:00:00,50,3,3,1,3743,Ingeniería de Sistemas,4,13,5
4,Thursday,T038,16,salon 9,3,1,Sede Principe,1090,CREACIÓN E INTRODUCCIÓN DE PRODUCTOS,6,801143C,18:20:00,21:20:00,50,3,23,2,3845,Administracion de empresas,9,31,7
5,Friday,T043,12,salon 5,3,1,Sede Principe,195,Economía de Empresa,3,801088C,07:00:00,10:00:00,50,3,19,2,3845,Administracion de empresas,5,33,1
4,Thursday,T013,15,Sala de Sistemas 4,3,1,Sede Principe,1150,Administración y gestión financiera,7,802051C,18:20:00,21:20:00,50,3,26,6,3841,Contaduría Publica,8,31,7
4,Thursday,T032,7,Sala De Sistemas 1,2,1,Sede Villa Campestre,675,Gestión de los Sistemas de Información,8,801219M,15:00:00,18:00:00,50,3,25,2,3845,Administracion de empresas,4,30,6
6,Saturday,T009,25,Coliseo,2,1,Sede Villa Campestre,63,DEPORTE Y SALUD,1,404002C,07:00:00,10:00:00,52,3,2,1,3743,Ingeniería de Sistemas,10,41,1
4,Thursday,T131,16,salon 9,3,1,Sede Principe,887,Química de Alimentos II,4,745018C,15:00:00,18:00:00,50,3,7,3,3753,Ingeniería de Alimentos,5,30,6
5,Friday,T167,5,Salon 5,2,1,Sede Villa Campestre,1021,BIOPROCESOS + LABORATORIO,7,745006C,14:00:00,17:00:00,50,3,7,3,3753,Ingeniería de Alimentos,10,37,5
3,Wednesday,T013,5,Salon 5,2,1,Sede Villa Campestre,190,Estadística I para las ciencias de la administración,3,801083C,15:00:00,18:00:00,51,3,19,2,3845,Administracion de empresas,5,22,6
2,Tuesday,T173,20,salon 13,3,1,Sede Principe,964,Sistema de Control Ambiental e Instalaciones I,5,502027C,14:00:00,17:00:00,50,3,5,4,3554,Construccion,6,13,5
1,Monday,T185,16,salon 9,3,1,Sede Principe,799,Cálculo Monovariable,2,111021C,07:00:00,10:00:00,50,3,14,8,2724,Tecnología en Desarrollo de Software,10,1,1
4,Thursday,T075,21,salon 14,3,1,Sede Principe,962,Taller Construcción de Infraestructura Urbana I,5,502028C,07:00:00,11:00:00,51,4,5,4,3554,Construccion,8,25,1
4,Thursday,T195,20,salon 13,3,1,Sede Principe,1042,TALLER DE INSTALACIONES HIDROSANITARIAS,6,502037C,14:00:00,18:00:00,51,4,5,4,3554,Construccion,9,29,5
5,Friday,T198,17,salon 10,3,1,Sede Principe,973,Contabilidades especiales I,5,802029C,18:20:00,21:20:00,50,3,26,6,3841,Contaduría Publica,10,39,7
3,Wednesday,T013,10,Sala de Sistemas 3,3,1,Sede Principe,1005,Administración y gestión financiera,6,802051C,15:00:00,18:00:00,50,3,19,2,3845,Administracion de empresas,6,22,6
3,Wednesday,T181,10,Sala de Sistemas 3,3,1,Sede Principe,787,Sistemas operativos,4,750001C,07:00:00,10:00:00,51,3,2,1,3743,Ingeniería de Sistemas,9,17,1
2,Tuesday,T047,16,salon 9,3,1,Sede Principe,196,Inglés con fines generales y académicos I,3,204025C,07:00:00,11:00:00,55,4,19,2,3845,Administracion de empresas,9,9,1
5,Friday,T044,20,salon 13,3,1,Sede Principe,204,Legislación Laboral,5,801030M,09:00:00,12:00:00,50,3,25,2,3845,Administracion de empresas,3,35,3
3,Wednesday,T026,3,Salon 3,2,1,Sede Villa Campestre,733,Estadística I para las ciencias de la administración,3,801083C,18:20:00,21:20:00,50,3,26,6,3841,Contaduría Publica,8,23,7
5,Friday,T158,23,Sala De Sistemas 1	,3,1,Sede Principe,957,Ciberseguridad,5,750024C,18:20:00,21:20:00,50,3,29,8,2724,Tecnología en Desarrollo de Software,6,39,7
3,Wednesday,T027,2,Salon 2,2,1,Sede Villa Campestre,262,Estrategias De Investigación,5,207022M,14:00:00,18:00:00,50,4,6,5,3249,Trabajo social,5,21,5
1,Monday,T025,15,Sala de Sistemas 4,3,1,Sede Principe,1022,TRANSFERENCIA DE CALOR Y TRATAMIENTOS TÉRMICOS,7,745020C,14:00:00,18:00:00,50,4,7,3,3753,Ingeniería de Alimentos,10,5,5
2,Tuesday,T017,27,Laboratorio de Electronica,2,1,Sede Villa Campestre,483,Fisica + Laboratorio,3,106012C,10:00:00,13:00:00,53,3,2,1,3743,Ingeniería de Sistemas,7,10,2
4,Thursday,T004,23,Sala De Sistemas 1	,3,1,Sede Principe,80,Fundamentos de Programación Orientada a Eventos ,3,750014C,07:00:00,10:00:00,50,3,2,1,3743,Ingeniería de Sistemas,4,25,1
3,Wednesday,T058,3,Salon 3,2,1,Sede Villa Campestre,250,Individuo Y Familia I,3,207011M,14:00:00,18:00:00,51,4,6,5,3249,Trabajo social,3,21,5
1,Monday,T101,14,salon 7,3,1,Sede Principe,990,"Auditoría, riesgos y aseguramiento",6,802039C,07:00:00,10:00:00,50,3,18,6,3841,Contaduría Publica,6,1,1
5,Friday,T105,16,salon 9,3,1,Sede Principe,72,Cálculo Monovariable,2,111021C,10:00:00,12:00:00,51,2,2,1,3743,Ingeniería de Sistemas,6,34,2
2,Tuesday,T027,2,Salon 2,2,1,Sede Villa Campestre,247,Teoría Sociológica II,3,207071M,14:00:00,17:00:00,51,3,6,5,3249,Trabajo social,5,13,5
3,Wednesday,T090,13,salon 6,3,1,Sede Principe,429,Procesos de Costos II,8,802090M,18:20:00,21:20:00,51,3,4,6,3841,Contaduría Publica,5,23,7
5,Friday,T203,12,salon 5,3,1,Sede Principe,224,Gestión de Proyectos,8,801215M,18:20:00,21:20:00,50,3,1,2,3845,Administracion de empresas,7,39,7
5,Friday,T102,15,Sala de Sistemas 4,3,1,Sede Principe,791,Sistemas Operativos,3,750001C,18:20:00,21:20:00,50,3,29,8,2724,Tecnología en Desarrollo de Software,10,39,7
5,Friday,T016,6,Salon 6,2,1,Sede Villa Campestre,83,Inglés con fines generales y académicos III,3,204027C,10:00:00,12:00:00,52,2,2,1,3743,Ingeniería de Sistemas,5,34,2
4,Thursday,T058,2,Salon 2,2,1,Sede Villa Campestre,250,Individuo Y Familia I,3,207011M,08:00:00,12:00:00,51,4,6,5,3249,Trabajo social,5,25,1
3,Wednesday,T119,19,salon 12,3,1,Sede Principe,1147,Regulación en la industria alimentaria,9,745032C,18:20:00,21:20:00,50,3,7,3,3753,Ingeniería de Alimentos,8,23,7
4,Thursday,T038,6,Salon 6,2,1,Sede Villa Campestre,996,Análisis integrado del entorno,5,801113C,18:20:00,21:20:00,50,3,23,2,3845,Administracion de empresas,8,31,7
6,Saturday,T108,16,salon 9,3,1,Sede Principe,1111,Inglés con fines generales y académicos II,4,204026C,14:00:00,18:00:00,51,4,30,12,2725,Tecnologia en Electronica Industrial,9,45,5
4,Thursday,T054,11,salon 4,3,1,Sede Principe,1180,Planeación Estratégica y Prospectiva,8,801185C,07:00:00,10:00:00,50,3,19,2,3845,Administracion de empresas,10,25,1
4,Thursday,T130,8,salon 1,3,1,Sede Principe,603,Emprendimiento Empresarial,7,760155M,18:20:00,21:20:00,50,3,13,9,2710,Tecnología en Electronica,4,31,7
4,Thursday,T149,14,salon 7,3,1,Sede Principe,909,"Fundamentos de control, auditoría y aseguramiento",5,802032C,10:00:00,13:00:00,50,3,18,6,3841,Contaduría Publica,5,26,2
4,Thursday,T003,24,Sala De Sistemas 2,3,1,Sede Principe,67,Fundamentos de Programación Imperativa,1,750012C,09:00:00,12:00:00,51,3,2,1,3743,Ingeniería de Sistemas,5,27,3
1,Monday,T043,5,Salon 5,2,1,Sede Villa Campestre,415,Fundamentos de Economía y Comercio ,2,801002C,18:20:00,21:20:00,51,3,26,6,3841,Contaduría Publica,3,7,7
1,Monday,T016,15,Sala de Sistemas 4,3,1,Sede Principe,70,Inglés con fines generales y académicos I,1,204025C,07:00:00,11:00:00,54,4,2,1,3743,Ingeniería de Sistemas,4,1,1
5,Friday,T219,4,Salon 4,2,1,Sede Villa Campestre,1310,RESOLUCIÓN DE CONFLICTOS,8,207046M,14:00:00,17:00:00,50,3,6,5,3249,Trabajo social,10,37,5
4,Thursday,T054,5,Salon 5,2,1,Sede Villa Campestre,691,Electiva area profundización II: Metodología de la Investigación,9,801051M,18:20:00,21:20:00,51,3,1,2,3845,Administracion de empresas,6,31,7
2,Tuesday,T063,17,salon 10,3,1,Sede Principe,1275,Ética y desarrollo profesional,9,802090C,18:20:00,21:20:00,50,3,26,6,3841,Contaduría Publica,10,15,7
4,Thursday,T085,23,Sala De Sistemas 1	,3,1,Sede Principe,231,Gestión de los Sistemas de Info. Y las Tel.,10,801219M,18:20:00,21:20:00,50,3,1,2,3845,Administracion de empresas,9,31,7
5,Friday,T113,2,Salon 2,2,1,Sede Villa Campestre,382,Cálculo ,1,801003C,15:00:00,18:00:00,50,3,18,6,3841,Contaduría Publica,7,38,6
4,Thursday,T209,19,salon 12,3,1,Sede Principe,1211,NUTRICIÓN MATERNO INFANTIL,6,605028C,14:00:00,17:00:00,50,3,20,11,3643,Nutricion y dietetica,9,29,5
4,Thursday,T026,10,Sala de Sistemas 3,3,1,Sede Principe,559,Probabilidad y Estadistica,4,761001C,14:00:00,18:00:00,52,4,2,1,3743,Ingeniería de Sistemas,6,29,5
2,Tuesday,T054,4,Salon 4,2,1,Sede Villa Campestre,700,Ciencias humanas,2,801078C,07:00:00,10:00:00,51,3,19,2,3845,Administracion de empresas,8,9,1
5,Friday,T217,10,Sala de Sistemas 3,3,1,Sede Principe,1230,INTELIGENCIA NEGOCIOS Y ANALÍTICA DATOS,9,801157C,15:00:00,18:00:00,51,3,18,6,3841,Contaduría Publica,9,38,6
4,Thursday,T016,12,salon 5,3,1,Sede Principe,315,Inglés con fines generales y académicos I,4,204025C,07:00:00,11:00:00,52,4,7,3,3753,Ingeniería de Alimentos,3,25,1
5,Friday,T034,7,Sala De Sistemas 1,2,1,Sede Villa Campestre,543,INTELIGENCIA ARTIFICIAL,6,750022C,09:00:00,12:00:00,50,3,21,8,2724,Tecnología en Desarrollo de Software,4,35,3
5,Friday,T205,19,salon 12,3,1,Sede Principe,510,Acción Colectiva y Movimientos Sociales,9,207093M,14:00:00,17:00:00,50,3,6,5,3249,Trabajo social,7,37,5
3,Wednesday,T118,4,Salon 4,2,1,Sede Villa Campestre,1212,EDUCACIÓN Y CULTURA ALIMENTARIA,6,605030C,09:00:00,12:00:00,50,3,20,11,3643,Nutricion y dietetica,9,19,3
3,Wednesday,T091,27,Laboratorio de Electronica,2,1,Sede Villa Campestre,293,Fisica + Laboratorio,2,106012C,10:00:00,13:00:00,54,3,7,3,3753,Ingeniería de Alimentos,10,18,2
1,Monday,T084,2,Salon 2,2,1,Sede Villa Campestre,745,Investigación y Gestión de Operaciones,4,801095C,14:00:00,17:00:00,51,3,18,6,3841,Contaduría Publica,6,5,5
3,Wednesday,T021,4,Salon 4,2,1,Sede Villa Campestre,185,Ciencias humanas,2,801078C,18:20:00,21:20:00,51,3,23,2,3845,Administracion de empresas,7,23,7
1,Monday,T185,12,salon 5,3,1,Sede Principe,799,Cálculo Monovariable,2,111021C,15:00:00,18:00:00,50,3,14,8,2724,Tecnología en Desarrollo de Software,8,6,6
4,Thursday,T001,24,Sala De Sistemas 2,3,1,Sede Principe,541,Bases de datos,4,750006C,07:00:00,10:00:00,50,3,2,1,3743,Ingeniería de Sistemas,7,25,1
4,Thursday,T003,12,salon 5,3,1,Sede Principe,801,Matematicas Discretas I ,2,750004C,08:00:00,12:00:00,50,4,14,8,2724,Tecnología en Desarrollo de Software,10,25,1
5,Friday,T164,15,Sala de Sistemas 4,3,1,Sede Principe,978,Fisiología General,3,605016C,14:00:00,16:00:00,50,2,20,11,3643,Nutricion y dietetica,6,37,5
2,Tuesday,T147,24,Sala De Sistemas 2,3,1,Sede Principe,836,Desarrollo de Aplicaciones para Dispositivos Móviles,6,750026C,14:00:00,17:00:00,50,3,14,8,2724,Tecnología en Desarrollo de Software,5,13,5
3,Wednesday,T076,14,salon 7,3,1,Sede Principe,857,Introducción a las Tecnologías,1,701005C,18:20:00,20:20:00,50,2,30,12,2725,Tecnologia en Electronica Industrial,5,23,7
3,Wednesday,T121,19,salon 12,3,1,Sede Principe,525,Inglés con fines generales y académicos I,1,204025C,14:00:00,18:00:00,52,4,5,4,3554,Construccion,8,21,5
2,Tuesday,T170,2,Salon 2,2,1,Sede Villa Campestre,1284,Consultorio empresarial,10,801194C,15:00:00,18:00:00,51,3,18,6,3841,Contaduría Publica,10,14,6
4,Thursday,T034,18,salon 11,3,1,Sede Principe,2,Matemáticas Básicas,1,111023C,10:00:00,12:00:00,53,2,2,1,3743,Ingeniería de Sistemas,10,26,2
4,Thursday,T187,20,salon 13,3,1,Sede Principe,1045,TALLER CONSTRUCCIÓN DE INFRAESTRUCTURA URBANA II,6,502036C,14:00:00,18:00:00,51,4,5,4,3554,Construccion,7,29,5
1,Monday,T060,14,salon 7,3,1,Sede Principe,136,Fundamentos de Gestión Tecnológica,8,760076M,10:00:00,13:00:00,50,3,3,1,3743,Ingeniería de Sistemas,7,2,2
3,Wednesday,T017,23,Sala De Sistemas 1	,3,1,Sede Principe,128,Simulación Computacional,7,750098M,14:00:00,17:00:00,50,3,3,1,3743,Ingeniería de Sistemas,5,21,5
5,Friday,T174,20,salon 13,3,1,Sede Principe,320,Construcción de Edificaciones I,2,502011C,07:00:00,10:00:00,50,3,5,4,3554,Construccion,9,33,1
3,Wednesday,T149,11,salon 4,3,1,Sede Principe,1074,Seminario de teoría contable,6,802042C,18:20:00,21:20:00,50,3,26,6,3841,Contaduría Publica,7,23,7
4,Thursday,T032,24,Sala De Sistemas 2,3,1,Sede Principe,1001,SISTEMAS DE INFORMACIÓN GERENCIAL,6,801026C,15:00:00,18:00:00,50,3,19,2,3845,Administracion de empresas,6,30,6
1,Monday,T057,15,Sala de Sistemas 4,3,1,Sede Principe,461,Inserción a la Vida Universitaria,1,701001C,16:00:00,18:00:00,50,2,14,8,2724,Tecnología en Desarrollo de Software,9,6,6
2,Tuesday,T033,21,salon 14,3,1,Sede Principe,217,Creación de Empresas,7,801182M,07:00:00,10:00:00,50,3,25,2,3845,Administracion de empresas,3,9,1
2,Tuesday,T216,20,salon 13,3,1,Sede Principe,1121,INVESTIGACIÓN DE OPERACIONES,7,502034C,10:00:00,13:00:00,50,3,5,4,3554,Construccion,10,10,2
4,Thursday,T140,12,salon 5,3,1,Sede Principe,260,Administración Social,5,207019M,14:00:00,18:00:00,50,4,6,5,3249,Trabajo social,7,29,5
3,Wednesday,T064,21,salon 14,3,1,Sede Principe,218,Gerencia de Ventas,7,801073M,09:00:00,12:00:00,50,3,25,2,3845,Administracion de empresas,5,19,3
5,Friday,T011,18,salon 11,3,1,Sede Principe,711,Fundamentos de Economía y Comercio ,1,801002C,18:20:00,21:20:00,51,3,23,2,3845,Administracion de empresas,10,39,7
5,Friday,T043,15,Sala de Sistemas 4,3,1,Sede Principe,201,Microeconomía,4,801044M,18:20:00,21:20:00,50,3,1,2,3845,Administracion de empresas,3,39,7
3,Wednesday,T220,14,salon 7,3,1,Sede Principe,498,Constitución política,2,207008M,07:00:00,10:00:00,50,3,6,5,3249,Trabajo social,10,17,1
2,Tuesday,T085,24,Sala De Sistemas 2,3,1,Sede Principe,231,Gestión de los Sistemas de Info. Y las Tel.,10,801219M,18:20:00,21:20:00,50,3,1,2,3845,Administracion de empresas,7,16,8
3,Wednesday,T102,17,salon 10,3,1,Sede Principe,1008,Proyecto Integrador I (Proyecto Tecnológico),6,750018C,08:00:00,12:00:00,52,4,2,1,3743,Ingeniería de Sistemas,9,17,1
6,Saturday,T050,9,salon 2,3,1,Sede Principe,496,Problemas Colombianos,2,207005M,08:00:00,11:00:00,50,3,6,5,3249,Trabajo social,4,41,1
3,Wednesday,T011,3,Salon 3,2,1,Sede Villa Campestre,892,Ingeniería económica,6,760016C,15:00:00,18:00:00,51,3,7,3,3753,Ingeniería de Alimentos,5,22,6
2,Tuesday,T034,7,Sala De Sistemas 1,2,1,Sede Villa Campestre,675,Gestión de los Sistemas de Información,8,801219M,15:00:00,18:00:00,50,3,25,2,3845,Administracion de empresas,6,14,6
1,Monday,T180,13,salon 6,3,1,Sede Principe,1028,Taller de Ingeniería I,7,701002C,10:00:00,13:00:00,50,3,32,3,3753,Ingeniería de Alimentos,6,2,2
2,Tuesday,T086,6,Salon 6,2,1,Sede Villa Campestre,181,Fundamentos de contabilidad ,1,802004C,10:00:00,13:00:00,50,3,19,2,3845,Administracion de empresas,9,10,2
4,Thursday,T192,7,Sala De Sistemas 1,2,1,Sede Villa Campestre,529,Taller de Representacion III,3,501009C,07:00:00,13:00:00,51,6,5,4,3554,Construccion,10,25,1
5,Friday,T100,24,Sala De Sistemas 2,3,1,Sede Principe,879,Fundamentos de redes,5,750010C,07:00:00,10:00:00,50,3,2,1,3743,Ingeniería de Sistemas,7,33,1
4,Thursday,T140,31,Salon 1,1,1,Sede Victoria,503,Planeación Social,6,207024M,09:00:00,12:00:00,50,3,6,5,3249,Trabajo social,4,27,3
6,Saturday,T171,16,salon 9,3,1,Sede Principe,1021,BIOPROCESOS + LABORATORIO,7,745006C,07:00:00,10:00:00,50,3,7,3,3753,Ingeniería de Alimentos,6,41,1
4,Thursday,T105,13,salon 6,3,1,Sede Principe,467,Cálculo Monovariable,2,111021C,18:20:00,21:20:00,51,3,29,8,2724,Tecnología en Desarrollo de Software,5,31,7
6,Saturday,T102,10,Sala de Sistemas 3,3,1,Sede Principe,730,Taller de habilidades informáticas para la gestión (Científico tecnológico),1,801044C,15:00:00,18:00:00,50,3,26,6,3841,Contaduría Publica,8,46,6
2,Tuesday,T047,21,salon 14,3,1,Sede Principe,1120,Inglés con Fines Generales y Académicos IV,7,204028C,14:00:00,18:00:00,50,4,5,4,3554,Construccion,8,13,5
4,Thursday,T005,11,salon 4,3,1,Sede Principe,878,Fundamentos de Interpretación y Compilación de LP,5,750017C,07:00:00,11:00:00,50,4,2,1,3743,Ingeniería de Sistemas,6,25,1
2,Tuesday,T088,22,salon 15,3,1,Sede Principe,229,Publicidad ,9,801055M,07:00:00,10:00:00,50,3,19,2,3845,Administracion de empresas,3,9,1
5,Friday,T043,14,salon 7,3,1,Sede Principe,720,Estadística I para las Ciencias de la Administración,3,801083C,18:20:00,21:20:00,50,3,23,2,3845,Administracion de empresas,4,40,8
2,Tuesday,T151,8,salon 1,3,1,Sede Principe,519,Matemáticas Básicas,1,111023C,08:00:00,13:00:00,52,5,20,11,3643,Nutricion y dietetica,8,9,1
5,Friday,T049,10,Sala de Sistemas 3,3,1,Sede Principe,293,Fisica + Laboratorio,2,106012C,07:00:00,12:00:00,50,5,7,3,3753,Ingeniería de Alimentos,3,33,1
1,Monday,T047,16,salon 9,3,1,Sede Principe,495,Lectura de Textos Académicos en Inglés I,4,204101M,07:00:00,11:00:00,50,4,6,5,3249,Trabajo social,8,1,1
4,Thursday,T091,27,Laboratorio de Electronica,2,1,Sede Villa Campestre,607,Física II + Laboratorio,3,106009C,09:00:00,11:00:00,50,2,7,3,3753,Ingeniería de Alimentos,4,27,3
3,Wednesday,T056,11,salon 4,3,1,Sede Principe,1070,Transferencia de Masa,8,745019C,14:00:00,17:00:00,50,3,7,3,3753,Ingeniería de Alimentos,7,21,5
5,Friday,T099,24,Sala De Sistemas 2,3,1,Sede Principe,135,Desarrollo de Aplicaciones para Dispositivos Móviles,9,750124M,15:00:00,18:00:00,50,3,3,1,3743,Ingeniería de Sistemas,3,38,6
1,Monday,T170,7,Sala De Sistemas 1,2,1,Sede Villa Campestre,1081,Laboratorio contable I,7,802059C,10:00:00,13:00:00,50,3,18,6,3841,Contaduría Publica,9,2,2
4,Thursday,T100,24,Sala De Sistemas 2,3,1,Sede Principe,466,Bases de datos,3,750006C,14:00:00,18:00:00,50,4,14,8,2724,Tecnología en Desarrollo de Software,5,29,5
3,Wednesday,T062,5,Salon 5,2,1,Sede Villa Campestre,1173,Gestión Humana,7,801124C,18:20:00,21:20:00,50,3,23,2,3845,Administracion de empresas,10,23,7
5,Friday,T018,12,salon 5,3,1,Sede Principe,514,Niñez y Trabajo Social,9,207111M,10:00:00,13:00:00,50,3,6,5,3249,Trabajo social,4,34,2
1,Monday,T094,23,Sala De Sistemas 1	,3,1,Sede Principe,74,Fundamentos de  Programación Orientada a Objetos,2,750015C,14:00:00,17:00:00,54,3,2,1,3743,Ingeniería de Sistemas,6,5,5
1,Monday,T170,31,Salon 1,1,1,Sede Victoria,1251,Electiva profesional III: Perspectivas Teóricas y Conceptuales en Contaduría Pública,9,802094C,08:00:00,10:00:00,50,2,18,6,3841,Contaduría Publica,9,1,1
6,Saturday,T030,13,salon 6,3,1,Sede Principe,414,Legislación  Comercial  I,2,801073C,18:20:00,21:20:00,50,3,26,6,3841,Contaduría Publica,7,48,8
5,Friday,T131,12,salon 5,3,1,Sede Principe,616,QuÍmica general + Laboratorio,1,116017C,14:00:00,16:00:00,51,2,7,3,3753,Ingeniería de Alimentos,9,37,5
4,Thursday,T227,11,salon 4,3,1,Sede Principe,1229,SEGURIDAD FINAN. Y DECISIONES RESPONSAB.,9,607010C,15:00:00,18:00:00,51,3,18,6,3841,Contaduría Publica,9,30,6
4,Thursday,T001,24,Sala De Sistemas 2,3,1,Sede Principe,541,Bases de datos,4,750006C,08:00:00,12:00:00,50,4,2,1,3743,Ingeniería de Sistemas,6,25,1
4,Thursday,T026,3,Salon 3,2,1,Sede Villa Campestre,829,Estadística II para las ciencias de la administración,4,801104C,18:20:00,21:20:00,50,3,26,6,3841,Contaduría Publica,7,32,8
4,Thursday,T175,21,salon 14,3,1,Sede Principe,276,Pedagogía Social,8,207066M,14:00:00,17:00:00,50,3,6,5,3249,Trabajo social,6,29,5
4,Thursday,T193,2,Salon 2,2,1,Sede Villa Campestre,861,Taller de Representación IV - Gestión multimodal del dibujo ,4,501013C,07:00:00,10:00:00,50,3,5,4,3554,Construccion,7,25,1
4,Thursday,T196,24,Sala De Sistemas 2,3,1,Sede Principe,1141,PROYECTO INTEGRADOR II,8,750037C,14:00:00,18:00:00,50,4,2,1,3743,Ingeniería de Sistemas,10,29,5
1,Monday,T072,16,salon 9,3,1,Sede Principe,916,Álgebra lineal,2,111038C,14:00:00,17:00:00,52,3,7,3,3753,Ingeniería de Alimentos,5,5,5
2,Tuesday,T110,14,salon 7,3,1,Sede Principe,502,Política y Problemática Social,6,207021M,14:00:00,18:00:00,51,4,6,5,3249,Trabajo social,4,13,5
3,Wednesday,T002,18,salon 11,3,1,Sede Principe,1257,Introducción a la Ingeniería,1,750046C,10:00:00,12:00:00,50,2,2,1,3743,Ingeniería de Sistemas,10,19,3
3,Wednesday,T065,19,salon 12,3,1,Sede Principe,455,Desarrollo de Software II,5,750092M,18:20:00,21:20:00,50,3,21,8,2724,Tecnología en Desarrollo de Software,4,23,7
2,Tuesday,T185,15,Sala de Sistemas 4,3,1,Sede Principe,914,Algebra Lineal,2,111038C,18:20:00,21:20:00,52,3,29,8,2724,Tecnología en Desarrollo de Software,7,15,7
4,Thursday,T004,23,Sala De Sistemas 1	,3,1,Sede Principe,80,Fundamentos de Programación Orientada a Eventos ,3,750014C,09:00:00,12:00:00,50,3,2,1,3743,Ingeniería de Sistemas,5,27,3
2,Tuesday,T030,13,salon 6,3,1,Sede Principe,933,Legislación  Comercial,3,801058C,07:00:00,10:00:00,50,3,19,2,3845,Administracion de empresas,7,9,1
1,Monday,T174,20,salon 13,3,1,Sede Principe,321,Taller Construcción de edificaciones  I,2,502013C,14:00:00,18:00:00,51,4,5,4,3554,Construccion,9,5,5
6,Saturday,T087,23,Sala De Sistemas 1	,3,1,Sede Principe,74,Fundamentos de  Programación Orientada a Objetos,2,750015C,10:00:00,13:00:00,55,3,2,1,3743,Ingeniería de Sistemas,6,42,2
2,Tuesday,T047,11,salon 4,3,1,Sede Principe,739,Inglés con fines generales y académicos II,4,204026C,07:00:00,11:00:00,55,4,18,6,3841,Contaduría Publica,10,9,1
3,Wednesday,T061,26,Laboratorio de Alimentos,2,1,Sede Villa Campestre,310,Talleres y laborat. Ingenieri Alimentos VI,8,745054M,07:00:00,13:00:00,51,6,16,3,3753,Ingeniería de Alimentos,5,17,1
1,Monday,T108,13,salon 6,3,1,Sede Principe,1031,Inglés con fines generales y académicos I,3,204025C,18:20:00,22:20:00,51,4,30,12,2725,Tecnologia en Electronica Industrial,9,8,8
2,Tuesday,T086,6,Salon 6,2,1,Sede Villa Campestre,758,Control de gestión,8,802046M,10:00:00,13:00:00,50,3,28,6,3841,Contaduría Publica,6,10,2
2,Tuesday,T027,1,Salon 1,2,1,Sede Villa Campestre,271,Seminario De Monografía,8,207052M,14:00:00,17:00:00,50,3,6,5,3249,Trabajo social,6,13,5
4,Thursday,T068,2,Salon 2,2,1,Sede Villa Campestre,1065,Deshidratación de Alimentos,8,745029M,14:00:00,18:00:00,50,4,7,3,3753,Ingeniería de Alimentos,7,29,5
4,Thursday,T005,24,Sala De Sistemas 2,3,1,Sede Principe,558,Fundamentos de Programación Funcional y Concurrente,4,750013C,07:00:00,10:00:00,50,3,2,1,3743,Ingeniería de Sistemas,10,25,1
2,Tuesday,T016,9,salon 2,3,1,Sede Principe,940,Inglés con fines generales y académicos II,4,204026C,08:00:00,12:00:00,50,4,14,8,2724,Tecnología en Desarrollo de Software,10,9,1
3,Wednesday,T017,12,salon 5,3,1,Sede Principe,1032,Fisica + Laboratorio,3,106012C,18:20:00,22:20:00,51,4,30,12,2725,Tecnologia en Electronica Industrial,10,24,8
6,Saturday,T050,8,salon 1,3,1,Sede Principe,236,Historia De Colombia Con Énfasis Social,1, 207103M,11:00:00,14:00:00,51,3,6,5,3249,Trabajo social,5,42,2
2,Tuesday,T169,2,Salon 2,2,1,Sede Villa Campestre,184,Pensamiento Clásico de la Administración y las Organizaciones ,2,801082C,18:20:00,21:20:00,50,3,23,2,3845,Administracion de empresas,7,15,7
3,Wednesday,T076,17,salon 10,3,1,Sede Principe,539,Ecuaciones Diferenciales,4,111026C,10:00:00,12:00:00,50,2,2,1,3743,Ingeniería de Sistemas,10,18,2
1,Monday,T172,20,salon 13,3,1,Sede Principe,965,Taller Instalaciones Electrónicas y de Comunicación,5,502029C,08:00:00,12:00:00,51,4,5,4,3554,Construccion,8,1,1
5,Friday,T100,23,Sala De Sistemas 1	,3,1,Sede Principe,879,Fundamentos de redes,5,750010C,07:00:00,10:00:00,51,3,2,1,3743,Ingeniería de Sistemas,9,33,1
2,Tuesday,T151,17,salon 10,3,1,Sede Principe,873,Bioestadística descriptiva y analítica,2,607006C,10:00:00,12:00:00,50,2,20,11,3643,Nutricion y dietetica,5,10,2
1,Monday,T180,14,salon 7,3,1,Sede Principe,622,Introducción a la Ingeniería,1,701003C,14:00:00,16:00:00,51,2,7,3,3753,Ingeniería de Alimentos,6,5,5
3,Wednesday,T005,19,salon 12,3,1,Sede Principe,834,Simulación y Computación Numérica,5,750016C,14:00:00,18:00:00,50,4,14,8,2724,Tecnología en Desarrollo de Software,5,21,5
1,Monday,T057,1,Salon 1,2,1,Sede Villa Campestre,803,Inserción a la Vida Universitaria,5,701001C,14:00:00,16:00:00,53,2,7,3,3753,Ingeniería de Alimentos,4,4,4
4,Thursday,T074,13,salon 6,3,1,Sede Principe,179,Proceso administrativo ,1,801043C,09:00:00,12:00:00,50,3,19,2,3845,Administracion de empresas,3,27,3
4,Thursday,T080,3,Salon 3,2,1,Sede Villa Campestre,625,Química de Alimentos I,3,745017C,07:00:00,10:00:00,50,3,7,3,3753,Ingeniería de Alimentos,8,25,1
6,Saturday,T137,24,Sala De Sistemas 2,3,1,Sede Principe,772,Laboratorio Contable Financiero Sistematizado,9,802025M,18:20:00,21:20:00,53,3,4,6,3841,Contaduría Publica,4,47,7
2,Tuesday,T072,10,Sala de Sistemas 3,3,1,Sede Principe,313,Ecuaciones Diferenciales,4,111026C,09:00:00,11:00:00,51,2,7,3,3753,Ingeniería de Alimentos,3,9,1
1,Monday,T066,2,Salon 2,2,1,Sede Villa Campestre,1087,Leadership,6,801134C,18:20:00,21:20:00,50,3,23,2,3845,Administracion de empresas,9,7,7
2,Tuesday,T201,15,Sala de Sistemas 4,3,1,Sede Principe,909,"Fundamentos de control, auditoría y aseguramiento",5,802032C,15:00:00,18:00:00,50,3,18,6,3841,Contaduría Publica,9,14,6
1,Monday,T036,19,salon 12,3,1,Sede Principe,448,Sistemas de Comunicación,6,710205M,18:20:00,22:20:00,50,4,13,9,2710,Tecnología en Electronica,5,8,8
5,Friday,T176,8,salon 1,3,1,Sede Principe,959,Diseño de Contenido para Interfaces de Usuario,6,750040C,15:00:00,18:00:00,50,3,14,8,2724,Tecnología en Desarrollo de Software,6,38,6
5,Friday,T016,14,salon 7,3,1,Sede Principe,83,Inglés con fines generales y académicos III,3,204027C,10:00:00,12:00:00,53,2,2,1,3743,Ingeniería de Sistemas,6,34,2
4,Thursday,T043,5,Salon 5,2,1,Sede Villa Campestre,394,Macroeconomía y coyuntura,3,801069C,07:00:00,10:00:00,50,3,18,6,3841,Contaduría Publica,7,25,1
6,Saturday,T019,13,salon 6,3,1,Sede Principe,936,Simulación y Computación Numérica,5,750016C,07:00:00,11:00:00,51,4,2,1,3743,Ingeniería de Sistemas,6,41,1
4,Thursday,T041,13,salon 6,3,1,Sede Principe,185,Ciencias humanas,2,801078C,18:20:00,21:20:00,50,3,23,2,3845,Administracion de empresas,3,31,7
2,Tuesday,T133,20,salon 13,3,1,Sede Principe,528,Taller de Representación  I,1,501002C,07:00:00,10:00:00,50,3,5,4,3554,Construccion,6,9,1
1,Monday,T043,7,Sala De Sistemas 1,2,1,Sede Villa Campestre,1094,Inteligencia de negocios y analítica de datos para la gestión,7,801157C,07:00:00,10:00:00,50,3,19,2,3845,Administracion de empresas,7,1,1
3,Wednesday,T111,4,Salon 4,2,1,Sede Villa Campestre,195,Economía de Empresa,3,801088C,07:00:00,10:00:00,51,3,19,2,3845,Administracion de empresas,7,17,1
4,Thursday,T061,26,Laboratorio de Alimentos,2,1,Sede Villa Campestre,310,Talleres y laborat. Ingenieri Alimentos VI,8,745054M,07:00:00,13:00:00,50,6,16,3,3753,Ingeniería de Alimentos,5,25,1
3,Wednesday,T061,21,salon 14,3,1,Sede Principe,1024,DISEÑO DE EXPERIMENTOS,7,761007C,10:00:00,13:00:00,50,3,7,3,3753,Ingeniería de Alimentos,8,18,2
5,Friday,T059,28,Laboratorio de Fisica,1,1,Sede Victoria,112,Experimentación Fisica I,4,106070M,15:00:00,17:00:00,51,2,3,1,3743,Ingeniería de Sistemas,3,38,6
5,Friday,T068,3,Salon 3,2,1,Sede Villa Campestre,305,Deshidratación de Alimentos,8,745029M,07:00:00,10:00:00,50,3,16,3,3753,Ingeniería de Alimentos,5,33,1
4,Thursday,T054,5,Salon 5,2,1,Sede Villa Campestre,1180,Planeación Estratégica y Prospectiva,8,801185C,07:00:00,10:00:00,50,3,19,2,3845,Administracion de empresas,8,25,1
6,Saturday,T007,15,Sala de Sistemas 4,3,1,Sede Principe,81,Matemáticas Discretas II,3,750005C,07:00:00,11:00:00,50,4,2,1,3743,Ingeniería de Sistemas,6,41,1
5,Friday,T076,17,salon 10,3,1,Sede Principe,539,Ecuaciones Diferenciales,4,111026C,10:00:00,13:00:00,50,3,2,1,3743,Ingeniería de Sistemas,10,34,2
5,Friday,T056,11,salon 4,3,1,Sede Principe,622,Introducción a la Ingeniería,1,701003C,14:00:00,16:00:00,51,2,7,3,3753,Ingeniería de Alimentos,4,37,5
4,Thursday,T033,6,Salon 6,2,1,Sede Villa Campestre,401,Sistemas de producción,6,801063M,18:20:00,21:20:00,50,3,4,6,3841,Contaduría Publica,5,31,7
1,Monday,T160,11,salon 4,3,1,Sede Principe,553,Desarrollo de software I,4,750009C,14:00:00,17:00:00,50,3,14,8,2724,Tecnología en Desarrollo de Software,6,5,5
5,Friday,T131,26,Laboratorio de Alimentos,2,1,Sede Villa Campestre,520,QuÍmica general + Laboratorio,1,116017C,08:00:00,11:00:00,51,3,20,11,3643,Nutricion y dietetica,8,33,1
2,Tuesday,T209,18,salon 11,3,1,Sede Principe,1308,DIETOTERAPIA II,7,605035C,14:00:00,17:00:00,50,3,20,11,3643,Nutricion y dietetica,10,13,5
4,Thursday,T075,20,salon 13,3,1,Sede Principe,321,Taller Construcción de edificaciones  I,2,502013C,07:00:00,11:00:00,50,4,5,4,3554,Construccion,5,25,1
4,Thursday,T004,18,salon 11,3,1,Sede Principe,129,Introducción a la Inteligencia Artificial,7,750033M,13:00:00,15:00:00,50,2,3,1,3743,Ingeniería de Sistemas,5,28,4
2,Tuesday,T003,13,salon 6,3,1,Sede Principe,470,Matemáticas Discretas I,2,750004C,07:00:00,09:00:00,50,2,29,8,2724,Tecnología en Desarrollo de Software,4,9,1
1,Monday,T070,18,salon 11,3,1,Sede Principe,245,Comprensión y Producción de Textos Académicos,1,204161M,15:00:00,18:00:00,50,3,6,5,3249,Trabajo social,5,6,6
5,Friday,T009,25,Coliseo,2,1,Sede Villa Campestre,563,Deporte Formativo,5,404001M,18:20:00,20:20:00,50,2,13,9,2710,Tecnología en Electronica,4,39,7
3,Wednesday,T149,28,Laboratorio de Fisica,1,1,Sede Victoria,1251,Electiva profesional III: Perspectivas Teóricas y Conceptuales en Contaduría Pública,9,802094C,10:00:00,12:00:00,55,2,18,6,3841,Contaduría Publica,9,18,2
4,Thursday,T017,4,Salon 4,2,1,Sede Villa Campestre,109,Fisica II,4,106015M,13:00:00,17:00:00,51,4,3,1,3743,Ingeniería de Sistemas,3,28,4
3,Wednesday,T009,25,Coliseo,2,1,Sede Villa Campestre,1119,DEPORTE FORMATIVO,1,404032C,07:00:00,09:00:00,50,2,5,4,3554,Construccion,8,17,1
4,Thursday,T113,8,salon 1,3,1,Sede Principe,530,Matemáticas aplicadas a la edificación,1,502001C,07:00:00,10:00:00,50,3,5,4,3554,Construccion,9,25,1
5,Friday,T047,7,Sala De Sistemas 1,2,1,Sede Villa Campestre,808,Inglés con fines generales y académicos III,5,204027C,07:00:00,11:00:00,51,4,19,2,3845,Administracion de empresas,9,33,1
5,Friday,T038,17,salon 10,3,1,Sede Principe,688,Creación de Nuevos Productos,7,801178M,18:20:00,21:20:00,50,3,1,2,3845,Administracion de empresas,4,40,8
3,Wednesday,T090,20,salon 13,3,1,Sede Principe,398,Fundamentos de costos,5,802091M,15:00:00,18:00:00,50,3,28,6,3841,Contaduría Publica,3,22,6
6,Saturday,T009,25,Coliseo,2,1,Sede Villa Campestre,63,DEPORTE Y SALUD,1,404002C,07:00:00,10:00:00,52,3,2,1,3743,Ingeniería de Sistemas,8,41,1
5,Friday,T111,4,Salon 4,2,1,Sede Villa Campestre,699,Macroeconomía y Coyuntura ,2,801069C,14:00:00,17:00:00,51,3,19,2,3845,Administracion de empresas,8,37,5
1,Monday,T222,3,Salon 3,2,1,Sede Villa Campestre,1169,Revisoría fiscal,8,802089C,07:00:00,10:00:00,50,3,18,6,3841,Contaduría Publica,10,1,1
2,Tuesday,T131,17,salon 10,3,1,Sede Principe,616,QuÍmica general + Laboratorio,1,116017C,08:00:00,10:00:00,51,2,7,3,3753,Ingeniería de Alimentos,6,9,1
6,Saturday,T042,27,Laboratorio de Electronica,2,1,Sede Villa Campestre,1032,Fisica + Laboratorio,3,106012C,17:00:00,20:00:00,50,3,30,12,2725,Tecnologia en Electronica Industrial,8,66,11
2,Tuesday,T181,23,Sala De Sistemas 1	,3,1,Sede Principe,787,Sistemas operativos,4,750001C,10:00:00,13:00:00,51,3,2,1,3743,Ingeniería de Sistemas,8,10,2
1,Monday,T053,14,salon 7,3,1,Sede Principe,858,Matemáticas Básicas,1,111023C,18:20:00,20:20:00,53,2,30,12,2725,Tecnologia en Electronica Industrial,5,7,7
3,Wednesday,T072,3,Salon 3,2,1,Sede Villa Campestre,614,Cálculo Multivariable,3,111022C,14:00:00,17:00:00,54,3,7,3,3753,Ingeniería de Alimentos,6,21,5
3,Wednesday,T063,29,Planta de Alimentos,1,1,Sede Victoria,1251,Electiva profesional III: Perspectivas Teóricas y Conceptuales en Contaduría Pública,9,802094C,10:00:00,12:00:00,54,2,18,6,3841,Contaduría Publica,9,18,2
1,Monday,T094,24,Sala De Sistemas 2,3,1,Sede Principe,74,Fundamentos de  Programación Orientada a Objetos,2,750015C,14:00:00,17:00:00,51,3,2,1,3743,Ingeniería de Sistemas,3,5,5
1,Monday,T106,15,Sala de Sistemas 4,3,1,Sede Principe,309,Control e instrum. en la Indust Alimentos,8,710230M ,08:00:00,12:00:00,50,4,16,3,3753,Ingeniería de Alimentos,5,1,1
2,Tuesday,T110,14,salon 7,3,1,Sede Principe,911,Epistemologia de las ciencias sociales,3,207102M,14:00:00,17:00:00,50,3,6,5,3249,Trabajo social,7,13,5
2,Tuesday,T038,20,salon 13,3,1,Sede Principe,1277,Consultorio empresarial,9,801194C,18:20:00,21:20:00,52,3,23,2,3845,Administracion de empresas,10,15,7
4,Thursday,T075,20,salon 13,3,1,Sede Principe,962,Taller Construcción de Infraestructura Urbana I,5,502028C,07:00:00,11:00:00,51,4,5,4,3554,Construccion,10,25,1
6,Saturday,T167,26,Laboratorio de Alimentos,2,1,Sede Villa Campestre,891,Taller de Ingeniería V,6,745024C,10:00:00,13:00:00,51,3,7,3,3753,Ingeniería de Alimentos,9,42,2
6,Saturday,T053,27,Laboratorio de Electronica,2,1,Sede Villa Campestre,953,Experimentación  en Electricidad,2,710019C,14:00:00,17:00:00,50,3,30,12,2725,Tecnologia en Electronica Industrial,6,45,5
5,Friday,T006,10,Sala de Sistemas 3,3,1,Sede Principe,460,Taller Tecnológico I,1,701006C,07:00:00,10:00:00,50,3,14,8,2724,Tecnología en Desarrollo de Software,5,33,1
1,Monday,T008,1,Salon 1,2,1,Sede Villa Campestre,1140,SEMINARIO DE TRABAJO DE GRADO,8,750036C,09:00:00,10:00:00,51,1,2,1,3743,Ingeniería de Sistemas,8,1,1
5,Friday,T105,12,salon 5,3,1,Sede Principe,72,Cálculo Monovariable,2,111021C,10:00:00,12:00:00,50,2,2,1,3743,Ingeniería de Sistemas,5,34,2
6,Saturday,T096,12,salon 5,3,1,Sede Principe,430,Software y Procesos Contables,8,802099M,15:00:00,18:00:00,51,3,4,6,3841,Contaduría Publica,5,46,6
2,Tuesday,T004,12,salon 5,3,1,Sede Principe,1010,INTELIGENCIA ARTIFICIAL,6,750022C,08:00:00,12:00:00,50,4,2,1,3743,Ingeniería de Sistemas,10,9,1
4,Thursday,T015,2,Salon 2,2,1,Sede Villa Campestre,1155,"Impuestos de IVA y consumo, y Mecanismo de retención en la fuente",7,802062C,18:20:00,21:20:00,50,3,26,6,3841,Contaduría Publica,10,31,7
2,Tuesday,T072,16,salon 9,3,1,Sede Principe,916,Álgebra lineal,2,111038C,08:00:00,10:00:00,53,2,7,3,3753,Ingeniería de Alimentos,7,9,1
4,Thursday,T021,21,salon 14,3,1,Sede Principe,222,Toma de Decisiones y Negociación,7,801218M,15:00:00,18:00:00,50,3,25,2,3845,Administracion de empresas,5,30,6
1,Monday,T040,10,Sala de Sistemas 3,3,1,Sede Principe,1220,HERRAMIENTAS PARA LA GESTIÓN DE PROYECTOS DE TECNOLOGÍAS DE LA INFORMACIÓN,9,750030C,14:00:00,17:00:00,50,3,2,1,3743,Ingeniería de Sistemas,9,5,5
5,Friday,T018,6,Salon 6,2,1,Sede Villa Campestre,513,Psicopatologia,4,207091M,10:00:00,13:00:00,50,3,6,5,3249,Trabajo social,10,34,2
5,Friday,T027,1,Salon 1,2,1,Sede Villa Campestre,272,Seminario De Monografía,8,207052M,10:00:00,13:00:00,51,3,6,5,3249,Trabajo social,3,34,2
2,Tuesday,T246,15,Sala de Sistemas 4,3,1,Sede Principe,624,Microbiología + Laboratorio,5,745011C,10:00:00,12:00:00,51,2,7,3,3753,Ingeniería de Alimentos,10,11,3
1,Monday,T041,2,Salon 2,2,1,Sede Villa Campestre,932,COMPRENSIÓN Y PRODUCCIÓN DE TEXTOS ACADÉMICOS GENERALES,2,204133C,15:00:00,18:00:00,54,3,20,11,3643,Nutricion y dietetica,5,6,6
1,Monday,T033,5,Salon 5,2,1,Sede Villa Campestre,701,Diseño Organizacional ,2,801079C,14:00:00,17:00:00,50,3,19,2,3845,Administracion de empresas,8,5,5
2,Tuesday,T005,23,Sala De Sistemas 1	,3,1,Sede Principe,558,Fundamentos de Programación Funcional y Concurrente,4,750013C,07:00:00,10:00:00,50,3,2,1,3743,Ingeniería de Sistemas,8,9,1
1,Monday,T148,6,Salon 6,2,1,Sede Villa Campestre,1177,Evaluación financiera de proyectos,7,802041C,18:20:00,21:20:00,51,3,23,2,3845,Administracion de empresas,8,7,7
4,Thursday,T131,9,salon 2,3,1,Sede Principe,520,QuÍmica general + Laboratorio,1,116017C,16:00:00,18:00:00,51,2,20,11,3643,Nutricion y dietetica,8,30,6
4,Thursday,T003,18,salon 11,3,1,Sede Principe,76,Matemáticas Discretas I,2,750004C,14:00:00,18:00:00,50,4,2,1,3743,Ingeniería de Sistemas,7,29,5
1,Monday,T098,9,salon 2,3,1,Sede Principe,946,"Seminario en Constitución, Legislación y Ética de la profesión",6,730026C,07:00:00,10:00:00,51,3,14,8,2724,Tecnología en Desarrollo de Software,10,1,1
3,Wednesday,T056,11,salon 4,3,1,Sede Principe,888,Operaciones con sólidos,4,745013C,10:00:00,13:00:00,50,3,7,3,3753,Ingeniería de Alimentos,7,19,3
2,Tuesday,T088,17,salon 10,3,1,Sede Principe,664,Investigación de Mercados,6,801052M,07:00:00,10:00:00,50,3,25,2,3845,Administracion de empresas,4,9,1
5,Friday,T148,23,Sala De Sistemas 1	,3,1,Sede Principe,438,Evaluación Financiera de Proyectos,10,802010M,18:20:00,21:20:00,50,3,4,6,3841,Contaduría Publica,9,39,7
4,Thursday,T045,23,Sala De Sistemas 1	,3,1,Sede Principe,1177,Evaluación financiera de proyectos,7,802041C,18:20:00,21:20:00,51,3,23,2,3845,Administracion de empresas,10,31,7
2,Tuesday,T057,15,Sala de Sistemas 4,3,1,Sede Principe,461,Inserción a la Vida Universitaria,1,701001C,07:00:00,09:00:00,52,2,14,8,2724,Tecnología en Desarrollo de Software,7,9,1
6,Saturday,T034,7,Sala De Sistemas 1,2,1,Sede Villa Campestre,859,Fundamentos de Programación ,1,750011C,14:00:00,17:00:00,50,3,30,12,2725,Tecnologia en Electronica Industrial,7,45,5
3,Wednesday,T032,7,Sala De Sistemas 1,2,1,Sede Villa Campestre,814,Modelos y Simulación de datos para las organizaciones,4,801105C,18:20:00,21:20:00,50,3,23,2,3845,Administracion de empresas,9,23,7
3,Wednesday,T113,21,salon 14,3,1,Sede Principe,786,Algebra Lineal,2,111038C,10:00:00,12:00:00,51,2,2,1,3743,Ingeniería de Sistemas,9,18,2
3,Wednesday,T072,21,salon 14,3,1,Sede Principe,313,Ecuaciones Diferenciales,4,111026C,08:00:00,10:00:00,51,2,7,3,3753,Ingeniería de Alimentos,9,17,1
6,Saturday,T053,27,Laboratorio de Electronica,2,1,Sede Villa Campestre,953,Experimentación  en Electricidad,2,710019C,14:00:00,17:00:00,50,3,30,12,2725,Tecnologia en Electronica Industrial,7,45,5
3,Wednesday,T094,23,Sala De Sistemas 1	,3,1,Sede Principe,545,Aplicaciones en la Web y redes inalambricas,6,750087M,07:00:00,10:00:00,51,3,21,8,2724,Tecnología en Desarrollo de Software,4,17,1
2,Tuesday,T098,11,salon 4,3,1,Sede Principe,180,Introducción al derecho y constitución política ,1,801042C,07:00:00,10:00:00,51,3,19,2,3845,Administracion de empresas,7,9,1
5,Friday,T043,7,Sala De Sistemas 1,2,1,Sede Villa Campestre,1083,Sistemas de información y bases de datos contables,7,802058C,14:00:00,17:00:00,50,3,18,6,3841,Contaduría Publica,9,37,5
3,Wednesday,T093,1,Salon 1,2,1,Sede Villa Campestre,815,Costos y Presupuestos Gerenciales,4,802028C,18:20:00,21:20:00,50,3,23,2,3845,Administracion de empresas,5,23,7
2,Tuesday,T015,3,Salon 3,2,1,Sede Villa Campestre,422,Legislación Tributaria I,6,802036M,18:20:00,21:20:00,50,3,4,6,3841,Contaduría Publica,3,16,8
2,Tuesday,T064,14,salon 7,3,1,Sede Principe,223,Creación de empresas,8,801182M,18:20:00,21:20:00,50,3,1,2,3845,Administracion de empresas,7,15,7
2,Tuesday,T185,14,salon 7,3,1,Sede Principe,82,Cálculo Multivariable,3,111022C,10:00:00,13:00:00,54,3,2,1,3743,Ingeniería de Sistemas,8,10,2
1,Monday,T087,21,salon 14,3,1,Sede Principe,1192,Sistemas Automáticos de Control,5,710036C,18:20:00,22:20:00,50,4,30,12,2725,Tecnologia en Electronica Industrial,10,8,8
2,Tuesday,T106,9,salon 2,3,1,Sede Principe,1191,Instrumentación Industrial,5,710033C,18:20:00,22:20:00,50,4,30,12,2725,Tecnologia en Electronica Industrial,9,16,8
2,Tuesday,T008,6,Salon 6,2,1,Sede Villa Campestre,137,Evaluación y Administración de Proyectos,8,760105M,14:00:00,17:00:00,50,3,3,1,3743,Ingeniería de Sistemas,3,13,5
1,Monday,T226,20,salon 13,3,1,Sede Principe,537,Construcción de Edificaciones II,3,502023C,07:00:00,10:00:00,50,3,5,4,3554,Construccion,10,1,1
2,Tuesday,T054,12,salon 5,3,1,Sede Principe,809,Gestión del Conocimiento e Innovación,5,801114C,07:00:00,10:00:00,50,3,19,2,3845,Administracion de empresas,5,9,1
3,Wednesday,T029,8,salon 1,3,1,Sede Principe,1037,IMPACTOS AMBIENTALES,5,730078C,14:00:00,17:00:00,50,3,14,8,2724,Tecnología en Desarrollo de Software,9,21,5
4,Thursday,T056,2,Salon 2,2,1,Sede Villa Campestre,652,Diseño de procesos en la industria de alimentos  ,9,745055M ,14:00:00,17:00:00,50,3,16,3,3753,Ingeniería de Alimentos,4,29,5
5,Friday,T105,16,salon 9,3,1,Sede Principe,467,Cálculo Monovariable,2,111021C,16:00:00,18:00:00,51,2,29,8,2724,Tecnología en Desarrollo de Software,4,37,5
1,Monday,T057,12,salon 5,3,1,Sede Principe,1142,Genero pluralidad y diversidades,3,304035C,10:00:00,13:00:00,53,3,7,3,3753,Ingeniería de Alimentos,8,2,2
6,Saturday,T050,8,salon 1,3,1,Sede Principe,496,Problemas Colombianos,2,207005M,08:00:00,11:00:00,50,3,6,5,3249,Trabajo social,6,41,1
4,Thursday,T029,19,salon 12,3,1,Sede Principe,1037,IMPACTOS AMBIENTALES,5,730078C,14:00:00,17:00:00,50,3,14,8,2724,Tecnología en Desarrollo de Software,7,29,5
6,Saturday,T154,11,salon 4,3,1,Sede Principe,429,Procesos de Costos II,8,802090M,17:00:00,20:00:00,50,3,4,6,3841,Contaduría Publica,7,46,6
5,Friday,T144,20,salon 13,3,1,Sede Principe,1069,Seminario de Trabajo de Grado,8,745035C,10:00:00,13:00:00,51,3,7,3,3753,Ingeniería de Alimentos,7,34,2
5,Friday,T202,10,Sala de Sistemas 3,3,1,Sede Principe,901,Revisoría Fiscal,9,802096M,14:00:00,17:00:00,50,3,28,6,3841,Contaduría Publica,7,37,5
3,Wednesday,T074,5,Salon 5,2,1,Sede Villa Campestre,671,Electiva area profundización II: Metodología de la Investigación ,8,801051M,09:00:00,12:00:00,51,3,25,2,3845,Administracion de empresas,4,19,3
2,Tuesday,T075,20,salon 13,3,1,Sede Principe,528,Taller de Representación  I,1,501002C,10:00:00,13:00:00,51,3,5,4,3554,Construccion,8,10,2
2,Tuesday,T033,5,Salon 5,2,1,Sede Villa Campestre,752,Teorías de la Organización,6,801155M,14:00:00,17:00:00,50,3,28,6,3841,Contaduría Publica,4,13,5
2,Tuesday,T100,23,Sala De Sistemas 1	,3,1,Sede Principe,473,Bases de Datos I,4,750030M,18:20:00,22:20:00,51,4,21,8,2724,Tecnología en Desarrollo de Software,3,16,8
1,Monday,T008,1,Salon 1,2,1,Sede Villa Campestre,1140,SEMINARIO DE TRABAJO DE GRADO,8,750036C,09:00:00,10:00:00,51,1,2,1,3743,Ingeniería de Sistemas,10,1,1
3,Wednesday,T043,15,Sala de Sistemas 4,3,1,Sede Principe,707,Estadística II para las Ciencias de la Administración,4,801104C,07:00:00,10:00:00,51,3,19,2,3845,Administracion de empresas,10,17,1
2,Tuesday,T068,2,Salon 2,2,1,Sede Villa Campestre,306,Procesos de Fermentación de Alimentos,8,745062M,07:00:00,10:00:00,50,3,16,3,3753,Ingeniería de Alimentos,3,9,1
6,Saturday,T007,14,salon 7,3,1,Sede Principe,552,Analisis y diseño de algoritmos I,4,750008C,08:00:00,12:00:00,50,4,14,8,2724,Tecnología en Desarrollo de Software,10,41,1
6,Saturday,T186,25,Coliseo,2,1,Sede Villa Campestre,967,DEPORTE Y SALUD,1,404002C,16:00:00,19:00:00,50,3,30,12,2725,Tecnologia en Electronica Industrial,10,45,5
3,Wednesday,T076,19,salon 12,3,1,Sede Principe,954,Circuitos Eléctricos,2,710021C,18:20:00,21:20:00,50,3,30,12,2725,Tecnologia en Electronica Industrial,10,23,7
6,Saturday,T009,25,Coliseo,2,1,Sede Villa Campestre,290,DEPORTE Y SALUD,2,404002C,07:00:00,10:00:00,51,3,7,3,3753,Ingeniería de Alimentos,3,41,1
2,Tuesday,T183,3,Salon 3,2,1,Sede Villa Campestre,393,Legislación comercial II,3,801074C,15:00:00,18:00:00,50,3,18,6,3841,Contaduría Publica,7,14,6
3,Wednesday,T149,15,Sala de Sistemas 4,3,1,Sede Principe,1236,ÉTICA Y DESARROLLO PROFESIONAL - PACP,9,802090C,07:00:00,10:00:00,50,3,18,6,3841,Contaduría Publica,9,17,1
2,Tuesday,T001,24,Sala De Sistemas 2,3,1,Sede Principe,541,Bases de datos,4,750006C,08:00:00,12:00:00,50,4,2,1,3743,Ingeniería de Sistemas,10,9,1
3,Wednesday,T006,24,Sala De Sistemas 2,3,1,Sede Principe,460,Taller Tecnológico I,1,701006C,18:20:00,21:20:00,53,3,14,8,2724,Tecnología en Desarrollo de Software,4,23,7
4,Thursday,T154,3,Salon 3,2,1,Sede Villa Campestre,194,Matemática para finanzas,3,802013C,07:00:00,10:00:00,51,3,19,2,3845,Administracion de empresas,7,25,1
4,Thursday,T164,2,Salon 2,2,1,Sede Villa Campestre,978,Fisiología General,3,605016C,08:00:00,12:00:00,50,4,20,11,3643,Nutricion y dietetica,8,25,1
2,Tuesday,T108,15,Sala de Sistemas 4,3,1,Sede Principe,115,Lectura de Textos Académicos en Inglés IV,4,204141M,14:00:00,17:00:00,50,3,3,1,3743,Ingeniería de Sistemas,3,13,5
2,Tuesday,T038,13,salon 6,3,1,Sede Principe,223,Creación de empresas,8,801182M,18:20:00,21:20:00,51,3,1,2,3845,Administracion de empresas,3,15,7
3,Wednesday,T169,4,Salon 4,2,1,Sede Villa Campestre,677,Electiva de Profundización III: Fundamentos de Responsabilidad social,8,801283M,15:00:00,18:00:00,50,3,25,2,3845,Administracion de empresas,6,22,6
4,Thursday,T196,24,Sala De Sistemas 2,3,1,Sede Principe,1060,Desarrollo de Software III,7,750027C,10:00:00,13:00:00,51,3,2,1,3743,Ingeniería de Sistemas,7,26,2
1,Monday,T183,4,Salon 4,2,1,Sede Villa Campestre,713,"Introducción al Derecho y Constitución Política 
(Formación social y ciudadana) ",1,801042C,18:20:00,21:20:00,51,3,23,2,3845,Administracion de empresas,10,7,7
2,Tuesday,T027,4,Salon 4,2,1,Sede Villa Campestre,504,Teoria Sociológica I,2,207032M,10:00:00,13:00:00,50,3,6,5,3249,Trabajo social,4,11,3
2,Tuesday,T081,1,Salon 1,2,1,Sede Villa Campestre,537,Construcción de Edificaciones II,3,502023C,07:00:00,10:00:00,50,3,5,4,3554,Construccion,8,9,1
4,Thursday,T169,9,salon 2,3,1,Sede Principe,702,Pensamiento Clásico de la Administración y las Organizaciones ,2,801082C,10:00:00,13:00:00,50,3,19,2,3845,Administracion de empresas,10,26,2
6,Saturday,T048,24,Sala De Sistemas 2,3,1,Sede Principe,1013,SISTEMAS DE INFORMACIÓN I,8,750022M,10:00:00,13:00:00,50,3,3,1,3743,Ingeniería de Sistemas,6,42,2
4,Thursday,T028,18,salon 11,3,1,Sede Principe,739,Inglés con fines generales y académicos II,4,204026C,08:00:00,12:00:00,52,4,18,6,3841,Contaduría Publica,6,25,1
3,Wednesday,T006,21,salon 14,3,1,Sede Principe,138,Complejidad y Optimización,9,750090M,07:00:00,09:00:00,50,2,3,1,3743,Ingeniería de Sistemas,6,17,1
2,Tuesday,T133,1,Salon 1,2,1,Sede Villa Campestre,528,Taller de Representación  I,1,501002C,07:00:00,10:00:00,51,3,5,4,3554,Construccion,9,9,1
2,Tuesday,T001,24,Sala De Sistemas 2,3,1,Sede Principe,541,Bases de datos,4,750006C,08:00:00,12:00:00,52,4,2,1,3743,Ingeniería de Sistemas,9,9,1
6,Saturday,T099,24,Sala De Sistemas 2,3,1,Sede Principe,135,Desarrollo de Aplicaciones para Dispositivos Móviles,9,750124M,07:00:00,10:00:00,50,3,3,1,3743,Ingeniería de Sistemas,5,41,1
2,Tuesday,T144,26,Laboratorio de Alimentos,2,1,Sede Villa Campestre,891,Taller de Ingeniería V,6,745024C,07:00:00,10:00:00,50,3,7,3,3753,Ingeniería de Alimentos,5,9,1
6,Saturday,T087,24,Sala De Sistemas 2,3,1,Sede Principe,80,Fundamentos de Programación Orientada a Eventos ,3,750014C,10:00:00,13:00:00,52,3,2,1,3743,Ingeniería de Sistemas,7,42,2
6,Saturday,T037,7,Sala De Sistemas 1,2,1,Sede Villa Campestre,139,Análisis Económico de Inversiones,9,760102M,09:00:00,12:00:00,50,3,3,1,3743,Ingeniería de Sistemas,8,43,3
4,Thursday,T211,19,salon 12,3,1,Sede Principe,1211,NUTRICIÓN MATERNO INFANTIL,6,605028C,14:00:00,17:00:00,50,3,20,11,3643,Nutricion y dietetica,9,29,5
1,Monday,T007,23,Sala De Sistemas 1	,3,1,Sede Principe,462,Fundamentos de Programación Imperativa,1,750012C,09:00:00,12:00:00,53,3,14,8,2724,Tecnología en Desarrollo de Software,3,1,1
5,Friday,T217,19,salon 12,3,1,Sede Principe,1039,Proyecto Integrador I (Proyecto Tecnológico),6,750018C,18:20:00,22:20:00,51,4,29,8,2724,Tecnología en Desarrollo de Software,9,40,8
5,Friday,T105,18,salon 11,3,1,Sede Principe,82,Cálculo Multivariable,3,111022C,14:00:00,16:00:00,50,2,2,1,3743,Ingeniería de Sistemas,5,37,5
3,Wednesday,T076,17,salon 10,3,1,Sede Principe,698,Álgebra lineal ,2,801017C,15:00:00,18:00:00,51,3,19,2,3845,Administracion de empresas,8,22,6
5,Friday,T038,19,salon 12,3,1,Sede Principe,688,Creación de Nuevos Productos,7,801178M,18:20:00,21:20:00,50,3,1,2,3845,Administracion de empresas,6,39,7
5,Friday,T100,7,Sala De Sistemas 1,2,1,Sede Villa Campestre,554,Fundamentos de redes,4,750010C,10:00:00,13:00:00,50,3,14,8,2724,Tecnología en Desarrollo de Software,8,34,2
2,Tuesday,T185,19,salon 12,3,1,Sede Principe,82,Cálculo Multivariable,3,111022C,10:00:00,13:00:00,51,3,2,1,3743,Ingeniería de Sistemas,7,10,2
4,Thursday,T025,17,salon 10,3,1,Sede Principe,615,Matemáticas Básicas,1,111023C,10:00:00,12:00:00,50,2,7,3,3753,Ingeniería de Alimentos,9,26,2
1,Monday,T101,4,Salon 4,2,1,Sede Villa Campestre,761,Fundamentos de Control y Auditoria,6,802089M,07:00:00,10:00:00,50,3,28,6,3841,Contaduría Publica,4,1,1
2,Tuesday,T063,16,salon 9,3,1,Sede Principe,753,Seminario de teoría contable,6,802016M,09:00:00,12:00:00,50,3,28,6,3841,Contaduría Publica,4,11,3
4,Thursday,T164,18,salon 11,3,1,Sede Principe,1129,FISIOLOGÍA DEL EJERCICIO,5,605033,13:00:00,17:00:00,50,4,20,11,3643,Nutricion y dietetica,10,28,4
4,Thursday,T061,27,Laboratorio de Electronica,2,1,Sede Villa Campestre,1170,Introducción a la Experimentación Cientifica,1,106002C,10:00:00,13:00:00,50,3,33,13,3150,Agroindustria,8,26,2
4,Thursday,T005,16,salon 9,3,1,Sede Principe,1009,ANÁLISIS Y DISEÑO DE ALGORITMOS II,6,750020C,13:00:00,16:00:00,50,3,2,1,3743,Ingeniería de Sistemas,7,28,4
2,Tuesday,T091,20,salon 13,3,1,Sede Principe,786,Algebra Lineal,2,111038C,14:00:00,17:00:00,50,3,2,1,3743,Ingeniería de Sistemas,3,13,5
4,Thursday,T093,17,salon 10,3,1,Sede Principe,755,Contabilidad pública,8,802026M,14:00:00,17:00:00,50,3,28,6,3841,Contaduría Publica,4,29,5
6,Saturday,T161,8,salon 1,3,1,Sede Principe,725,Inglés con fines generales y académicos I,3,204025C,14:00:00,18:00:00,56,4,26,6,3841,Contaduría Publica,6,45,5
1,Monday,T108,11,salon 4,3,1,Sede Principe,1031,Inglés con fines generales y académicos I,3,204025C,18:20:00,22:20:00,51,4,30,12,2725,Tecnologia en Electronica Industrial,7,8,8
5,Friday,T176,24,Sala De Sistemas 2,3,1,Sede Principe,1036,FUNDAMENTOS DE ANÁLISIS Y CÁLCULO NUMÉRICO,5,750042C,10:00:00,13:00:00,51,3,14,8,2724,Tecnología en Desarrollo de Software,7,34,2
1,Monday,T066,1,Salon 1,2,1,Sede Villa Campestre,976,"Humanismo, pensamiento administrativo y organizaciones",5,801126C,18:20:00,21:20:00,50,3,26,6,3841,Contaduría Publica,8,7,7
2,Tuesday,T106,21,salon 14,3,1,Sede Principe,1191,Instrumentación Industrial,5,710033C,18:20:00,22:20:00,50,4,30,12,2725,Tecnologia en Electronica Industrial,10,16,8
5,Friday,T024,16,salon 9,3,1,Sede Principe,973,Contabilidades especiales I,5,802029C,18:20:00,21:20:00,50,3,26,6,3841,Contaduría Publica,6,39,7
3,Wednesday,T037,10,Sala de Sistemas 3,3,1,Sede Principe,139,Análisis Económico de Inversiones,9,760102M,14:00:00,17:00:00,50,3,3,1,3743,Ingeniería de Sistemas,5,21,5
2,Tuesday,T025,18,salon 11,3,1,Sede Principe,1022,TRANSFERENCIA DE CALOR Y TRATAMIENTOS TÉRMICOS,7,745020C,14:00:00,18:00:00,50,4,7,3,3753,Ingeniería de Alimentos,8,13,5
3,Wednesday,T058,6,Salon 6,2,1,Sede Villa Campestre,499,Individuo y Familia II,4,207012M,08:00:00,12:00:00,50,4,6,5,3249,Trabajo social,10,17,1
3,Wednesday,T026,23,Sala De Sistemas 1	,3,1,Sede Principe,397,Inferencia estadística,5,801150M,10:00:00,13:00:00,50,3,28,6,3841,Contaduría Publica,3,18,2
3,Wednesday,T105,15,Sala de Sistemas 4,3,1,Sede Principe,82,Cálculo Multivariable,3,111022C,07:00:00,10:00:00,50,3,2,1,3743,Ingeniería de Sistemas,7,17,1
2,Tuesday,T158,21,salon 14,3,1,Sede Principe,1038,Desarrollo de Software II,6,750021C,18:20:00,21:20:00,52,3,29,8,2724,Tecnología en Desarrollo de Software,7,15,7
1,Monday,T052,26,Laboratorio de Alimentos,2,1,Sede Villa Campestre,627,Análisis de Alimentos,5,745004C,14:00:00,18:00:00,51,4,7,3,3753,Ingeniería de Alimentos,8,5,5
3,Wednesday,T006,5,Salon 5,2,1,Sede Villa Campestre,138,Complejidad y Optimización,9,750090M,07:00:00,09:00:00,50,2,3,1,3743,Ingeniería de Sistemas,4,17,1
2,Tuesday,T043,4,Salon 4,2,1,Sede Villa Campestre,1003,Leadership,6,801134C,15:00:00,18:00:00,50,3,19,2,3845,Administracion de empresas,6,14,6
4,Thursday,T005,8,salon 1,3,1,Sede Principe,552,Analisis y diseño de algoritmos I,4,750008C,07:00:00,11:00:00,50,4,14,8,2724,Tecnología en Desarrollo de Software,4,25,1
3,Wednesday,T125,19,salon 12,3,1,Sede Principe,535,Materiales de Construcción II ,3,502021C,15:00:00,18:00:00,50,3,5,4,3554,Construccion,6,22,6
3,Wednesday,T013,5,Salon 5,2,1,Sede Villa Campestre,411,Matemática para finanzas ,2,802013C,18:20:00,21:20:00,51,3,26,6,3841,Contaduría Publica,3,23,7
3,Wednesday,T042,19,salon 12,3,1,Sede Principe,451,Control Electrónico de Potencia,6,710104M,18:20:00,22:20:00,50,4,13,9,2710,Tecnología en Electronica,5,24,8
4,Thursday,T086,6,Salon 6,2,1,Sede Villa Campestre,408,Dirección y organización contable,7,802092M,09:00:00,12:00:00,50,3,28,6,3841,Contaduría Publica,5,27,3
6,Saturday,T051,19,salon 12,3,1,Sede Principe,1269,Metodología de la investigación contable,7,802098C,14:00:00,17:00:00,50,3,26,6,3841,Contaduría Publica,10,45,5
1,Monday,T084,3,Salon 3,2,1,Sede Villa Campestre,206,Investigación de Operaciones,5,801054M,07:00:00,10:00:00,50,3,25,2,3845,Administracion de empresas,3,1,1
4,Thursday,T008,1,Salon 1,2,1,Sede Villa Campestre,134,Seminario de Proyecto de Grado,8,750097M,08:00:00,09:00:00,50,1,3,1,3743,Ingeniería de Sistemas,6,25,1
5,Friday,T130,15,Sala de Sistemas 4,3,1,Sede Principe,970,Ciencias humanas,5,801078C,18:20:00,21:20:00,50,3,26,6,3841,Contaduría Publica,8,39,7
6,Saturday,T110,9,salon 2,3,1,Sede Principe,496,Problemas Colombianos,2,207005M,11:00:00,14:00:00,51,3,6,5,3249,Trabajo social,8,42,2
4,Thursday,T174,20,salon 13,3,1,Sede Principe,962,Taller Construcción de Infraestructura Urbana I,5,502028C,07:00:00,11:00:00,50,4,5,4,3554,Construccion,10,25,1
3,Wednesday,T016,14,salon 7,3,1,Sede Principe,83,Inglés con fines generales y académicos III,3,204027C,10:00:00,12:00:00,50,2,2,1,3743,Ingeniería de Sistemas,4,18,2
6,Saturday,T047,15,Sala de Sistemas 4,3,1,Sede Principe,817,Inglés con fines generales y académicos II,4,204026C,17:00:00,21:00:00,54,4,23,2,3845,Administracion de empresas,5,46,6
6,Saturday,T085,23,Sala De Sistemas 1	,3,1,Sede Principe,1088,SISTEMAS DE INFORMACIÓN GERENCIAL,6,801026C,15:00:00,18:00:00,50,3,23,2,3845,Administracion de empresas,9,46,6
2,Tuesday,T025,11,salon 4,3,1,Sede Principe,650,Transferencia de Calor y Tratamientos Térmicos,7,745052M,14:00:00,18:00:00,50,4,16,3,3753,Ingeniería de Alimentos,4,13,5
4,Thursday,T131,26,Laboratorio de Alimentos,2,1,Sede Villa Campestre,520,QuÍmica general + Laboratorio,1,116017C,14:00:00,16:00:00,50,2,20,11,3643,Nutricion y dietetica,10,29,5
2,Tuesday,T017,27,Laboratorio de Electronica,2,1,Sede Villa Campestre,483,Fisica + Laboratorio,3,106012C,07:00:00,10:00:00,52,3,2,1,3743,Ingeniería de Sistemas,7,9,1
2,Tuesday,T066,17,salon 10,3,1,Sede Principe,770,Teorías de la Organización,7,801155M,18:20:00,21:20:00,51,3,4,6,3841,Contaduría Publica,4,16,8
2,Tuesday,T060,15,Sala de Sistemas 4,3,1,Sede Principe,799,Cálculo Monovariable,2,111021C,07:00:00,10:00:00,53,3,14,8,2724,Tecnología en Desarrollo de Software,6,9,1
5,Friday,T105,14,salon 7,3,1,Sede Principe,82,Cálculo Multivariable,3,111022C,14:00:00,16:00:00,50,2,2,1,3743,Ingeniería de Sistemas,7,37,5
2,Tuesday,T090,14,salon 7,3,1,Sede Principe,429,Procesos de Costos II,8,802090M,18:20:00,21:20:00,51,3,4,6,3841,Contaduría Publica,3,15,7
2,Tuesday,T048,24,Sala De Sistemas 2,3,1,Sede Principe,66,Taller de Ingeniería I,1,701002C,10:00:00,13:00:00,51,3,2,1,3743,Ingeniería de Sistemas,3,10,2
4,Thursday,T061,4,Salon 4,2,1,Sede Villa Campestre,872,Química de los alimentos,2,605013C,14:00:00,18:00:00,50,4,20,11,3643,Nutricion y dietetica,7,29,5
2,Tuesday,T099,23,Sala De Sistemas 1	,3,1,Sede Principe,562,Bases de Datos No SQL,9,750128M,15:00:00,18:00:00,50,3,3,1,3743,Ingeniería de Sistemas,8,14,6
6,Saturday,T161,14,salon 7,3,1,Sede Principe,73,Inglés con fines generales y académicos II,2,204026C,08:00:00,12:00:00,51,4,2,1,3743,Ingeniería de Sistemas,6,41,1
3,Wednesday,T075,20,salon 13,3,1,Sede Principe,863,Construcción de Edificaciones III,4,502024C,14:00:00,17:00:00,50,3,5,4,3554,Construccion,9,21,5
2,Tuesday,T066,11,salon 4,3,1,Sede Principe,770,Teorías de la Organización,7,801155M,18:20:00,21:20:00,50,3,4,6,3841,Contaduría Publica,6,15,7
3,Wednesday,T002,23,Sala De Sistemas 1	,3,1,Sede Principe,1015,Ciberseguridad,10,750129M,07:00:00,10:00:00,50,3,3,1,3743,Ingeniería de Sistemas,6,17,1
3,Wednesday,T127,20,salon 13,3,1,Sede Principe,865,Taller Construcción de edificaciones  III,4,502026C,13:00:00,17:00:00,50,4,5,4,3554,Construccion,5,20,4
4,Thursday,T054,19,salon 12,3,1,Sede Principe,222,Toma de Decisiones y Negociación,7,801218M,07:00:00,10:00:00,50,3,25,2,3845,Administracion de empresas,3,25,1
6,Saturday,T019,18,salon 11,3,1,Sede Principe,629,Probabilidad y Estadistica,5,761001C,14:00:00,18:00:00,50,4,7,3,3753,Ingeniería de Alimentos,6,45,5
6,Saturday,T066,13,salon 6,3,1,Sede Principe,1287,Electiva Profesional  Gerencia comercial,10,801237C,07:00:00,10:00:00,51,3,19,2,3845,Administracion de empresas,10,41,1
6,Saturday,T011,14,salon 7,3,1,Sede Principe,711,Fundamentos de Economía y Comercio ,1,801002C,15:00:00,18:00:00,51,3,23,2,3845,Administracion de empresas,4,46,6
1,Monday,T118,6,Salon 6,2,1,Sede Villa Campestre,871,"Nucleo II Vida, salud, enfermedad, acción social",2,607002C,15:00:00,18:00:00,50,3,20,11,3643,Nutricion y dietetica,7,6,6
6,Saturday,T235,16,salon 9,3,1,Sede Principe,1223,INTRODUCCIÓN AL PROCESAMIENTO DE LENGUAJE NATURAL,9,750108M,10:00:00,13:00:00,51,3,2,1,3743,Ingeniería de Sistemas,9,42,2
3,Wednesday,T023,24,Sala De Sistemas 2,3,1,Sede Principe,981,Inglés con Fines Generales y Académicos IV,6,204028C,14:00:00,18:00:00,53,4,18,6,3841,Contaduría Publica,8,21,5
3,Wednesday,T017,27,Laboratorio de Electronica,2,1,Sede Villa Campestre,318,Física de la construcción,2,502005C,14:00:00,18:00:00,50,4,5,4,3554,Construccion,10,21,5
3,Wednesday,T121,5,Salon 5,2,1,Sede Villa Campestre,890,Inglés con fines generales y académicos III,5,204027C,14:00:00,18:00:00,54,4,7,3,3753,Ingeniería de Alimentos,10,21,5
4,Thursday,T016,16,salon 9,3,1,Sede Principe,73,Inglés con fines generales y académicos II,2,204026C,07:00:00,11:00:00,54,4,2,1,3743,Ingeniería de Sistemas,6,25,1
1,Monday,T070,11,salon 4,3,1,Sede Principe,245,Comprensión y Producción de Textos Académicos,1,204161M,15:00:00,18:00:00,50,3,6,5,3249,Trabajo social,7,6,6
2,Tuesday,T027,2,Salon 2,2,1,Sede Villa Campestre,247,Teoría Sociológica II,3,207071M,10:00:00,13:00:00,50,3,6,5,3249,Trabajo social,9,10,2
3,Wednesday,T197,4,Salon 4,2,1,Sede Villa Campestre,1225,HABILIDADES GERENCIALES,4,801107C,18:20:00,21:20:00,50,3,26,6,3841,Contaduría Publica,9,23,7
5,Friday,T198,13,salon 6,3,1,Sede Principe,985,Contabilidades especiales II,6,802040C,15:00:00,18:00:00,50,3,18,6,3841,Contaduría Publica,10,38,6
3,Wednesday,T076,18,salon 11,3,1,Sede Principe,176,Cálculo ,1,801003C,14:00:00,17:00:00,50,3,19,2,3845,Administracion de empresas,5,21,5
1,Monday,T105,14,salon 7,3,1,Sede Principe,72,Cálculo Monovariable,2,111021C,10:00:00,12:00:00,52,2,2,1,3743,Ingeniería de Sistemas,6,2,2
2,Tuesday,T133,7,Sala De Sistemas 1,2,1,Sede Villa Campestre,528,Taller de Representación  I,1,501002C,10:00:00,13:00:00,50,3,5,4,3554,Construccion,8,10,2
2,Tuesday,T108,7,Sala De Sistemas 1,2,1,Sede Villa Campestre,725,Inglés con fines generales y académicos I,3,204025C,18:20:00,22:20:00,56,4,26,6,3841,Contaduría Publica,8,15,7
4,Thursday,T102,15,Sala de Sistemas 4,3,1,Sede Principe,485,Introducción a las Tecnologias,1,701005C,14:00:00,16:00:00,51,2,14,8,2724,Tecnología en Desarrollo de Software,5,29,5
4,Thursday,T149,12,salon 5,3,1,Sede Principe,990,"Auditoría, riesgos y aseguramiento",6,802039C,07:00:00,10:00:00,50,3,18,6,3841,Contaduría Publica,8,25,1
5,Friday,T035,13,salon 6,3,1,Sede Principe,261,Administración Social,5,207019M,14:00:00,18:00:00,51,4,6,5,3249,Trabajo social,3,37,5
1,Monday,T043,13,salon 6,3,1,Sede Principe,699,Macroeconomía y Coyuntura ,2,801069C,07:00:00,10:00:00,50,3,19,2,3845,Administracion de empresas,6,1,1
1,Monday,T153,9,salon 2,3,1,Sede Principe,1309,GESTIÓN DE PROYECTOS,10,801183C,15:00:00,18:00:00,50,3,18,6,3841,Contaduría Publica,10,6,6
3,Wednesday,T076,13,salon 6,3,1,Sede Principe,72,Cálculo Monovariable,2,111021C,14:00:00,16:00:00,50,2,2,1,3743,Ingeniería de Sistemas,3,21,5
3,Wednesday,T076,16,salon 9,3,1,Sede Principe,72,Cálculo Monovariable,2,111021C,14:00:00,16:00:00,50,2,2,1,3743,Ingeniería de Sistemas,4,21,5
3,Wednesday,T037,7,Sala De Sistemas 1,2,1,Sede Villa Campestre,881,Ingeniería económica,5,760016C,14:00:00,17:00:00,51,3,2,1,3743,Ingeniería de Sistemas,9,21,5
4,Thursday,T246,26,Laboratorio de Alimentos,2,1,Sede Villa Campestre,624,Microbiología + Laboratorio,5,745011C,10:00:00,13:00:00,51,3,7,3,3753,Ingeniería de Alimentos,10,26,2
2,Tuesday,T017,27,Laboratorio de Electronica,2,1,Sede Villa Campestre,119,Experimentación Fisica II,5,106071M,13:00:00,15:00:00,50,3,3,1,3743,Ingeniería de Sistemas,3,12,4
5,Friday,T152,15,Sala de Sistemas 4,3,1,Sede Principe,795,Inserción a la Vida Universitaria,1,701001C,18:20:00,20:20:00,53,2,29,8,2724,Tecnología en Desarrollo de Software,6,39,7
3,Wednesday,T176,24,Sala De Sistemas 2,3,1,Sede Principe,74,Fundamentos de  Programación Orientada a Objetos,2,750015C,07:00:00,10:00:00,52,3,2,1,3743,Ingeniería de Sistemas,8,17,1
1,Monday,T008,3,Salon 3,2,1,Sede Villa Campestre,224,Gestión de Proyectos,8,801215M,18:20:00,21:20:00,50,3,1,2,3845,Administracion de empresas,5,7,7
3,Wednesday,T070,17,salon 10,3,1,Sede Principe,704,Lectura Crítica,4,204024C,14:00:00,17:00:00,50,3,19,2,3845,Administracion de empresas,6,21,5
4,Thursday,T149,5,Salon 5,2,1,Sede Villa Campestre,1165,Seguridad de la información contable,8,802061C,10:00:00,13:00:00,50,3,18,6,3841,Contaduría Publica,8,26,2
2,Tuesday,T113,15,Sala de Sistemas 4,3,1,Sede Principe,786,Algebra Lineal,2,111038C,14:00:00,17:00:00,51,3,2,1,3743,Ingeniería de Sistemas,8,13,5
3,Wednesday,T113,12,salon 5,3,1,Sede Principe,318,Física de la construcción,2,502005C,14:00:00,18:00:00,50,4,5,4,3554,Construccion,7,20,4
6,Saturday,T096,16,salon 9,3,1,Sede Principe,996,Análisis integrado del entorno,5,801113C,14:00:00,17:00:00,50,3,23,2,3845,Administracion de empresas,6,45,5
4,Thursday,T068,26,Laboratorio de Alimentos,2,1,Sede Villa Campestre,663,Taller de Ingeniería de Alimentos II,3,745021C,14:00:00,18:00:00,51,4,7,3,3753,Ingeniería de Alimentos,6,29,5
6,Saturday,T043,11,salon 4,3,1,Sede Principe,731,Macroeconomía y coyuntura,3,801069C,17:00:00,20:00:00,50,3,26,6,3841,Contaduría Publica,10,46,6
4,Thursday,T036,8,salon 1,3,1,Sede Principe,1035,SISTEMAS DIGITALES,3,710005C,18:20:00,21:20:00,50,3,30,12,2725,Tecnologia en Electronica Industrial,7,31,7
6,Saturday,T050,9,salon 2,3,1,Sede Principe,496,Problemas Colombianos,2,207005M,12:00:00,15:00:00,51,3,6,5,3249,Trabajo social,4,42,2
3,Wednesday,T034,10,Sala de Sistemas 3,3,1,Sede Principe,669,Análisis de Sistemas de Información y Base de Datos,6,801180M,15:00:00,18:00:00,51,3,25,2,3845,Administracion de empresas,4,22,6
4,Thursday,T069,21,salon 14,3,1,Sede Principe,254,Estadística Social I,5, 207082M,10:00:00,13:00:00,50,3,6,5,3249,Trabajo social,7,26,2
5,Friday,T168,11,salon 4,3,1,Sede Principe,913,Salud comunitaria,7,207038M,07:00:00,10:00:00,50,3,6,5,3249,Trabajo social,7,33,1
2,Tuesday,T072,13,salon 6,3,1,Sede Principe,914,Algebra Lineal,2,111038C,18:20:00,21:20:00,51,3,29,8,2724,Tecnología en Desarrollo de Software,5,15,7
2,Tuesday,T017,8,salon 1,3,1,Sede Principe,483,Fisica + Laboratorio,3,106012C,10:00:00,13:00:00,52,3,2,1,3743,Ingeniería de Sistemas,10,10,2
5,Friday,T237,26,Laboratorio de Alimentos,2,1,Sede Villa Campestre,1204,BIOLOGÍA GENERAL,2,102052C,14:00:00,17:00:00,50,3,33,13,3150,Agroindustria,9,37,5
2,Tuesday,T121,12,salon 5,3,1,Sede Principe,315,Inglés con fines generales y académicos I,4,204025C,14:00:00,18:00:00,50,4,7,3,3753,Ingeniería de Alimentos,4,13,5
1,Monday,T061,24,Sala De Sistemas 2,3,1,Sede Principe,1291,DISEÑO DE EXPERIMENTOS,3,106059C,08:00:00,12:00:00,50,4,33,13,3150,Agroindustria,10,1,1
3,Wednesday,T034,7,Sala De Sistemas 1,2,1,Sede Villa Campestre,295,Informática I,2,750002C,14:00:00,17:00:00,51,3,7,3,3753,Ingeniería de Alimentos,5,21,5
1,Monday,T097,15,Sala de Sistemas 4,3,1,Sede Principe,789,Algebra Lineal,2,111038C,07:00:00,10:00:00,52,3,14,8,2724,Tecnología en Desarrollo de Software,6,1,1
1,Monday,T044,13,salon 6,3,1,Sede Principe,392,Legislación laboral,3,801099C,15:00:00,18:00:00,50,3,18,6,3841,Contaduría Publica,9,6,6
5,Friday,T003,24,Sala De Sistemas 2,3,1,Sede Principe,67,Fundamentos de Programación Imperativa,1,750012C,09:00:00,12:00:00,52,3,2,1,3743,Ingeniería de Sistemas,5,35,3
3,Wednesday,T084,4,Salon 4,2,1,Sede Villa Campestre,995,Investigación y Gestión de Operaciones,5,801095C,18:20:00,21:20:00,51,3,23,2,3845,Administracion de empresas,10,23,7
2,Tuesday,T064,9,salon 2,3,1,Sede Principe,1245,HABILIDADES GERENCIALES Y CARRERA PROFESIONAL,9,801184C,10:00:00,13:00:00,50,3,19,2,3845,Administracion de empresas,9,10,2
5,Friday,T011,16,salon 9,3,1,Sede Principe,679,Macroeconomía,5,801020M,18:20:00,21:20:00,51,3,1,2,3845,Administracion de empresas,4,39,7
5,Friday,T069,19,salon 12,3,1,Sede Principe,853,Diseño y sondeo,7,207034M,14:00:00,18:00:00,50,4,6,5,3249,Trabajo social,5,37,5
5,Friday,T100,23,Sala De Sistemas 1	,3,1,Sede Principe,879,Fundamentos de redes,5,750010C,07:00:00,10:00:00,51,3,2,1,3743,Ingeniería de Sistemas,10,33,1
5,Friday,T133,20,salon 13,3,1,Sede Principe,861,Taller de Representación IV - Gestión multimodal del dibujo ,4,501013C,07:00:00,13:00:00,51,6,5,4,3554,Construccion,5,33,1
1,Monday,T066,1,Salon 1,2,1,Sede Villa Campestre,813,Mercadeo,4,801111C,18:20:00,21:20:00,50,3,23,2,3845,Administracion de empresas,5,7,7
3,Wednesday,T084,5,Salon 5,2,1,Sede Villa Campestre,830,Investigación y Gestión de Operaciones,4,801095C,18:20:00,21:20:00,51,3,26,6,3841,Contaduría Publica,5,23,7
5,Friday,T218,21,salon 14,3,1,Sede Principe,1004,CREACIÓN E INTRODUCCIÓN DE PRODUCTOS,6,801143C,15:00:00,18:00:00,50,3,19,2,3845,Administracion de empresas,10,38,6
5,Friday,T069,19,salon 12,3,1,Sede Principe,254,Estadística Social I,5, 207082M,10:00:00,13:00:00,51,3,6,5,3249,Trabajo social,5,34,2
6,Saturday,T130,15,Sala de Sistemas 4,3,1,Sede Principe,1237,Planeación Estratégica y Prospectiva,8,801185C,14:00:00,17:00:00,50,3,23,2,3845,Administracion de empresas,9,45,5
6,Saturday,T197,13,salon 6,3,1,Sede Principe,774,Control de Gestión,9,802046M,14:00:00,17:00:00,50,3,4,6,3841,Contaduría Publica,8,45,5
4,Thursday,T017,27,Laboratorio de Electronica,2,1,Sede Villa Campestre,120,Experimentación Fisica II,5,106071M,14:00:00,17:00:00,51,3,3,1,3743,Ingeniería de Sistemas,4,29,5
4,Thursday,T004,16,salon 9,3,1,Sede Principe,1010,INTELIGENCIA ARTIFICIAL,6,750022C,07:00:00,11:00:00,50,4,2,1,3743,Ingeniería de Sistemas,7,25,1
5,Friday,T032,10,Sala de Sistemas 3,3,1,Sede Principe,708,Modelos y Simulación de datos para las organizaciones,4,801105C,15:00:00,18:00:00,50,3,19,2,3845,Administracion de empresas,8,38,6
3,Wednesday,T094,23,Sala De Sistemas 1	,3,1,Sede Principe,840,Fundamentos de  Programación Orientada a Objetos,2,750015C,18:20:00,21:20:00,52,3,29,8,2724,Tecnología en Desarrollo de Software,7,23,7
4,Thursday,T023,21,salon 14,3,1,Sede Principe,1193,Circuitos Integrados,5,710049C,18:20:00,22:20:00,50,4,30,12,2725,Tecnologia en Electronica Industrial,10,32,8
4,Thursday,T185,15,Sala de Sistemas 4,3,1,Sede Principe,467,Cálculo Monovariable,2,111021C,18:20:00,21:20:00,53,3,29,8,2724,Tecnología en Desarrollo de Software,7,31,7
1,Monday,T160,23,Sala De Sistemas 1	,3,1,Sede Principe,1109,INTRODUCCIÓN A LA GESTIÓN DE PROYECTOS DE SOFTWARE,7,750031C,18:20:00,21:20:00,51,3,29,8,2724,Tecnología en Desarrollo de Software,10,7,7
1,Monday,T105,15,Sala de Sistemas 4,3,1,Sede Principe,459,Matemáticas Básicas,1,111023C,20:20:00,22:20:00,51,2,14,8,2724,Tecnología en Desarrollo de Software,4,8,8
5,Friday,T053,14,salon 7,3,1,Sede Principe,858,Matemáticas Básicas,1,111023C,18:20:00,21:20:00,53,3,30,12,2725,Tecnologia en Electronica Industrial,5,39,7
5,Friday,T108,17,salon 10,3,1,Sede Principe,890,Inglés con fines generales y académicos III,5,204027C,14:00:00,18:00:00,54,4,7,3,3753,Ingeniería de Alimentos,8,37,5
1,Monday,T016,15,Sala de Sistemas 4,3,1,Sede Principe,800,Inglés con fines generales y académicos I,4,204025C,11:00:00,13:00:00,53,2,14,8,2724,Tecnología en Desarrollo de Software,4,2,2
3,Wednesday,T076,19,salon 12,3,1,Sede Principe,954,Circuitos Eléctricos,2,710021C,18:20:00,21:20:00,50,3,30,12,2725,Tecnologia en Electronica Industrial,6,23,7
3,Wednesday,T053,13,salon 6,3,1,Sede Principe,1113,SISTEMAS EMBEBIDOS,4,710022C,18:20:00,22:20:00,50,4,30,12,2725,Tecnologia en Electronica Industrial,10,24,8
5,Friday,T248,21,salon 14,3,1,Sede Principe,1123,PRÁCTICA I,7,502041C,07:00:00,10:00:00,50,3,5,4,3554,Construccion,10,33,1
2,Tuesday,T058,4,Salon 4,2,1,Sede Villa Campestre,274,Orientación Familiar ,8,207036M,09:00:00,12:00:00,50,3,6,5,3249,Trabajo social,5,11,3
5,Friday,T016,16,salon 9,3,1,Sede Principe,83,Inglés con fines generales y académicos III,3,204027C,10:00:00,12:00:00,53,2,2,1,3743,Ingeniería de Sistemas,10,34,2
6,Saturday,T007,14,salon 7,3,1,Sede Principe,81,Matemáticas Discretas II,3,750005C,07:00:00,11:00:00,51,4,2,1,3743,Ingeniería de Sistemas,7,41,1
5,Friday,T128,2,Salon 2,2,1,Sede Villa Campestre,665,Negocios Internacionales,6,801109M,07:00:00,10:00:00,51,3,25,2,3845,Administracion de empresas,4,33,1
3,Wednesday,T003,17,salon 10,3,1,Sede Principe,69,Introducción a la Ingeniería,1,701003C,10:00:00,12:00:00,51,2,2,1,3743,Ingeniería de Sistemas,5,19,3
5,Friday,T024,12,salon 5,3,1,Sede Principe,439,Electiva Profesional IV: Fundamentos de Contabilidad Internacional,10,802111M,18:20:00,21:20:00,51,3,4,6,3841,Contaduría Publica,3,39,7
1,Monday,T017,18,salon 11,3,1,Sede Principe,483,Fisica + Laboratorio,3,106012C,14:00:00,17:00:00,54,3,2,1,3743,Ingeniería de Sistemas,7,5,5
5,Friday,T076,15,Sala de Sistemas 4,3,1,Sede Principe,539,Ecuaciones Diferenciales,4,111026C,09:00:00,11:00:00,50,2,2,1,3743,Ingeniería de Sistemas,4,35,3
5,Friday,T075,1,Salon 1,2,1,Sede Villa Campestre,531,Introducción a la  Tecnología,1,502002C,07:00:00,10:00:00,50,3,5,4,3554,Construccion,4,33,1
2,Tuesday,T041,12,salon 5,3,1,Sede Principe,869,COMPRENSIÓN Y PRODUCCIÓN DE TEXTOS ACADÉMICOS GENERALES,2,204133C,15:00:00,18:00:00,54,3,20,11,3643,Nutricion y dietetica,7,14,6
1,Monday,T008,7,Sala De Sistemas 1,2,1,Sede Villa Campestre,1140,SEMINARIO DE TRABAJO DE GRADO,8,750036C,08:00:00,09:00:00,50,1,2,1,3743,Ingeniería de Sistemas,9,1,1
1,Monday,T158,16,salon 9,3,1,Sede Principe,882,Desarrollo de software I,5,750009C,14:00:00,17:00:00,50,3,2,1,3743,Ingeniería de Sistemas,7,5,5
5,Friday,T076,17,salon 10,3,1,Sede Principe,107,Ecuaciones Diferenciales,4,111049M,09:00:00,13:00:00,50,4,3,1,3743,Ingeniería de Sistemas,3,35,3
3,Wednesday,T084,3,Salon 3,2,1,Sede Villa Campestre,806,Investigación y Gestión de Operaciones,5,801095C,10:00:00,13:00:00,50,3,19,2,3845,Administracion de empresas,9,18,2
6,Saturday,T009,25,Coliseo,2,1,Sede Villa Campestre,63,DEPORTE Y SALUD,1,404002C,10:00:00,13:00:00,53,3,2,1,3743,Ingeniería de Sistemas,5,42,2
5,Friday,T051,21,salon 14,3,1,Sede Principe,723,Organización y Sociedad,3,801092C,18:20:00,21:20:00,50,3,23,2,3845,Administracion de empresas,6,39,7
6,Saturday,T041,11,salon 4,3,1,Sede Principe,939,COMPRENSIÓN Y PRODUCCIÓN DE TEXTOS ACADÉMICOS GENERALES,3,204133C,07:00:00,10:00:00,51,3,29,8,2724,Tecnología en Desarrollo de Software,8,41,1
5,Friday,T031,12,salon 5,3,1,Sede Principe,509,Taller de Integración metodológica II,9,207055M,07:00:00,09:00:00,50,2,6,5,3249,Trabajo social,4,33,1
5,Friday,T024,3,Salon 3,2,1,Sede Villa Campestre,749,Informes financieros,4,802020C,15:00:00,18:00:00,50,3,18,6,3841,Contaduría Publica,4,38,6
4,Thursday,T170,14,salon 7,3,1,Sede Principe,705,Inglés con fines generales y académicos II,4,204026C,14:00:00,18:00:00,56,4,19,2,3845,Administracion de empresas,10,29,5
2,Tuesday,T131,26,Laboratorio de Alimentos,2,1,Sede Villa Campestre,616,QuÍmica general + Laboratorio,1,116017C,07:00:00,12:00:00,50,5,7,3,3753,Ingeniería de Alimentos,4,9,1
6,Saturday,T094,23,Sala De Sistemas 1	,3,1,Sede Principe,74,Fundamentos de  Programación Orientada a Objetos,2,750015C,07:00:00,10:00:00,52,3,2,1,3743,Ingeniería de Sistemas,6,41,1
2,Tuesday,T037,3,Salon 3,2,1,Sede Villa Campestre,139,Análisis Económico de Inversiones,9,760102M,14:00:00,17:00:00,50,3,3,1,3743,Ingeniería de Sistemas,3,13,5
2,Tuesday,T015,5,Salon 5,2,1,Sede Villa Campestre,1168,Procedimiento tributario,8,802086C,15:00:00,18:00:00,50,3,18,6,3841,Contaduría Publica,10,14,6
4,Thursday,T107,13,salon 6,3,1,Sede Principe,1263,Fundamentos de Automatización,6,710032C,18:20:00,21:20:00,50,3,30,12,2725,Tecnologia en Electronica Industrial,10,31,7
5,Friday,T245,9,salon 2,3,1,Sede Principe,1307,NUTRICIÓN COMUNITARIA I,7,605036C,10:00:00,13:00:00,50,3,20,11,3643,Nutricion y dietetica,10,34,2
4,Thursday,T174,20,salon 13,3,1,Sede Principe,1124,PATOLOGÍA DE LA CONSTRUCCIÓN,7,502059C,15:00:00,18:00:00,50,3,5,4,3554,Construccion,10,30,6
5,Friday,T069,8,salon 1,3,1,Sede Principe,512,Estadística Social II,6,207087M,10:00:00,13:00:00,50,3,6,5,3249,Trabajo social,4,34,2
1,Monday,T152,2,Salon 2,2,1,Sede Villa Campestre,1048,PROBABILIDAD Y ESTADÍSTICA,6,761005C,14:00:00,18:00:00,53,4,5,4,3554,Construccion,9,5,5
4,Thursday,T093,13,salon 6,3,1,Sede Principe,971,Contabilidad pública,5,802007C,18:20:00,21:20:00,50,3,26,6,3841,Contaduría Publica,6,31,7
2,Tuesday,T094,23,Sala De Sistemas 1	,3,1,Sede Principe,798,Fundamentos de Programación Imperativa,1,750012C,18:20:00,21:20:00,50,3,29,8,2724,Tecnología en Desarrollo de Software,8,15,7
4,Thursday,T005,24,Sala De Sistemas 2,3,1,Sede Principe,558,Fundamentos de Programación Funcional y Concurrente,4,750013C,07:00:00,10:00:00,50,3,2,1,3743,Ingeniería de Sistemas,9,25,1
3,Wednesday,T051,12,salon 5,3,1,Sede Principe,1163,Taller de escritura científica,8,801195C,07:00:00,10:00:00,50,3,18,6,3841,Contaduría Publica,8,17,1
2,Tuesday,T246,18,salon 11,3,1,Sede Principe,624,Microbiología + Laboratorio,5,745011C,08:00:00,10:00:00,50,2,7,3,3753,Ingeniería de Alimentos,10,9,1
2,Tuesday,T108,12,salon 5,3,1,Sede Principe,981,Inglés con Fines Generales y Académicos IV,6,204028C,18:20:00,22:20:00,53,4,18,6,3841,Contaduría Publica,9,15,7
2,Tuesday,T169,2,Salon 2,2,1,Sede Villa Campestre,999,Responsabilidad Social Empresarial y Sostenibilidad,5,801116C,18:20:00,21:20:00,50,3,23,2,3845,Administracion de empresas,6,15,7
1,Monday,T121,19,salon 12,3,1,Sede Principe,1294,Inglés con fines generales y académicos II,3,204026C,14:00:00,18:00:00,52,4,33,13,3150,Agroindustria,10,5,5
5,Friday,T202,10,Sala de Sistemas 3,3,1,Sede Principe,909,"Fundamentos de control, auditoría y aseguramiento",5,802032C,10:00:00,13:00:00,50,3,18,6,3841,Contaduría Publica,7,34,2
4,Thursday,T197,2,Salon 2,2,1,Sede Villa Campestre,432,Proceso Administrativo Empresarial,8,801151M,18:20:00,21:20:00,50,3,4,6,3841,Contaduría Publica,7,31,7
3,Wednesday,T041,15,Sala de Sistemas 4,3,1,Sede Principe,245,Comprensión y Producción de Textos Académicos,1,204161M,15:00:00,18:00:00,51,3,6,5,3249,Trabajo social,3,22,6
4,Thursday,T005,23,Sala De Sistemas 1	,3,1,Sede Principe,558,Fundamentos de Programación Funcional y Concurrente,4,750013C,14:00:00,17:00:00,51,3,2,1,3743,Ingeniería de Sistemas,9,29,5
3,Wednesday,T107,11,salon 4,3,1,Sede Principe,1268,INTRODUCCIÓN A LAS TECNOLOGÍAS,1,710113C,18:20:00,20:20:00,51,2,30,12,2725,Tecnologia en Electronica Industrial,10,23,7
4,Thursday,T067,14,salon 7,3,1,Sede Principe,402,Comercio Exterior,5,801062M,14:00:00,17:00:00,52,3,28,6,3841,Contaduría Publica,3,29,5
4,Thursday,T004,10,Sala de Sistemas 3,3,1,Sede Principe,80,Fundamentos de Programación Orientada a Eventos ,3,750014C,14:00:00,17:00:00,50,3,2,1,3743,Ingeniería de Sistemas,7,29,5
6,Saturday,T050,8,salon 1,3,1,Sede Principe,496,Problemas Colombianos,2,207005M,11:00:00,14:00:00,51,3,6,5,3249,Trabajo social,6,43,3
2,Tuesday,T053,8,salon 1,3,1,Sede Principe,444,Fuentes y Amplificadores,4,710199M,18:20:00,22:20:00,50,4,13,9,2710,Tecnología en Electronica,3,16,8
1,Monday,T153,6,Salon 6,2,1,Sede Villa Campestre,423,Fundamentos de costos,8,802091M,18:20:00,21:20:00,50,3,4,6,3841,Contaduría Publica,5,7,7
5,Friday,T015,19,salon 12,3,1,Sede Principe,433,Electiva Profesional III: Procedimiento Tributario,8,802097M,18:20:00,21:20:00,50,3,4,6,3841,Contaduría Publica,5,39,7
5,Friday,T041,11,salon 4,3,1,Sede Principe,937,COMPRENSIÓN Y PRODUCCIÓN DE TEXTOS ACADÉMICOS GENERALES,2,204133C,15:00:00,18:00:00,52,3,14,8,2724,Tecnología en Desarrollo de Software,6,38,6
5,Friday,T026,7,Sala De Sistemas 1,2,1,Sede Villa Campestre,707,Estadística II para las Ciencias de la Administración,4,801104C,15:00:00,18:00:00,50,3,19,2,3845,Administracion de empresas,6,38,6
3,Wednesday,T003,13,salon 6,3,1,Sede Principe,81,Matemáticas Discretas II,3,750005C,08:00:00,12:00:00,51,4,2,1,3743,Ingeniería de Sistemas,8,17,1
5,Friday,T105,12,salon 5,3,1,Sede Principe,951,Cálculo Monovariable,2,111021C,18:20:00,21:20:00,51,3,30,12,2725,Tecnologia en Electronica Industrial,10,39,7
2,Tuesday,T048,24,Sala De Sistemas 2,3,1,Sede Principe,797,Taller Tecnológico I,1,701006C,18:20:00,21:20:00,52,3,29,8,2724,Tecnología en Desarrollo de Software,6,16,8
5,Friday,T125,20,salon 13,3,1,Sede Principe,319,Materiales de Construcción   I ,2,502012C,14:00:00,17:00:00,50,3,5,4,3554,Construccion,10,37,5
4,Thursday,T185,15,Sala de Sistemas 4,3,1,Sede Principe,459,Matemáticas Básicas,1,111023C,07:00:00,10:00:00,52,3,14,8,2724,Tecnología en Desarrollo de Software,7,25,1
5,Friday,T230,19,salon 12,3,1,Sede Principe,964,Sistema de Control Ambiental e Instalaciones I,5,502027C,07:00:00,10:00:00,50,3,5,4,3554,Construccion,10,33,1
1,Monday,T105,17,salon 10,3,1,Sede Principe,786,Algebra Lineal,2,111038C,15:00:00,18:00:00,51,3,2,1,3743,Ingeniería de Sistemas,10,6,6
2,Tuesday,T074,3,Salon 3,2,1,Sede Villa Campestre,205,Fundamentos de Mercadeo,5,801175M,09:00:00,12:00:00,50,3,25,2,3845,Administracion de empresas,3,11,3
3,Wednesday,T024,15,Sala de Sistemas 4,3,1,Sede Principe,780,Casos Contables Especiales II,5,802086M,18:20:00,21:20:00,50,3,4,6,3841,Contaduría Publica,4,23,7
2,Tuesday,T055,3,Salon 3,2,1,Sede Villa Campestre,934,Electiva area profundización IV: Calidad y Productividad,8,801245M,18:20:00,21:20:00,51,3,1,2,3845,Administracion de empresas,5,15,7
1,Monday,T106,2,Salon 2,2,1,Sede Villa Campestre,309,Control e instrum. en la Indust Alimentos,8,710230M ,08:00:00,12:00:00,50,4,16,3,3753,Ingeniería de Alimentos,3,1,1
5,Friday,T016,14,salon 7,3,1,Sede Principe,83,Inglés con fines generales y académicos III,3,204027C,10:00:00,12:00:00,50,2,2,1,3743,Ingeniería de Sistemas,7,35,3
4,Thursday,T033,11,salon 4,3,1,Sede Principe,898,Resolución de problemas y toma de decisiones,9,801154M,10:00:00,13:00:00,50,3,28,6,3841,Contaduría Publica,7,26,2
3,Wednesday,T121,12,salon 5,3,1,Sede Principe,526,Inglés con fines generales y académicos II,3,204026C,08:00:00,12:00:00,53,4,5,4,3554,Construccion,10,17,1
4,Thursday,T047,20,salon 13,3,1,Sede Principe,526,Inglés con fines generales y académicos II,3,204026C,14:00:00,18:00:00,53,4,5,4,3554,Construccion,4,29,5
4,Thursday,T073,5,Salon 5,2,1,Sede Villa Campestre,747,Matemática para finanzas,2,802013C,15:00:00,18:00:00,51,3,18,6,3841,Contaduría Publica,4,30,6
6,Saturday,T030,11,salon 4,3,1,Sede Principe,414,Legislación  Comercial  I,2,801073C,15:00:00,18:00:00,50,3,26,6,3841,Contaduría Publica,5,46,6
4,Thursday,T003,15,Sala de Sistemas 4,3,1,Sede Principe,76,Matemáticas Discretas I,2,750004C,14:00:00,18:00:00,51,4,2,1,3743,Ingeniería de Sistemas,4,29,5
2,Tuesday,T005,23,Sala De Sistemas 1	,3,1,Sede Principe,561,Redes Neuronales,9,750039M,10:00:00,13:00:00,50,3,3,1,3743,Ingeniería de Sistemas,4,10,2
5,Friday,T062,6,Salon 6,2,1,Sede Villa Campestre,1095,Gestión Humana,7,801124C,07:00:00,10:00:00,50,3,19,2,3845,Administracion de empresas,9,33,1
5,Friday,T125,21,salon 14,3,1,Sede Principe,1047,COSTOS Y PRESUPUESTOS,6,502017C,10:00:00,13:00:00,50,3,5,4,3554,Construccion,7,34,2
2,Tuesday,T194,21,salon 14,3,1,Sede Principe,867,Sistemas integrados de gestión,4,502025C,14:00:00,17:00:00,50,3,5,4,3554,Construccion,7,13,5
4,Thursday,T030,5,Salon 5,2,1,Sede Villa Campestre,414,Legislación  Comercial  I,2,801073C,18:20:00,21:20:00,51,3,26,6,3841,Contaduría Publica,3,31,7
3,Wednesday,T102,10,Sala de Sistemas 3,3,1,Sede Principe,385,Taller de habilidades informáticas para la gestión (Científico tecnológico),1,801044C,14:00:00,17:00:00,51,3,18,6,3841,Contaduría Publica,9,21,5
2,Tuesday,T108,18,salon 11,3,1,Sede Principe,961,Inglés con fines generales y académicos III,5,204027C,08:00:00,12:00:00,52,4,5,4,3554,Construccion,6,9,1
5,Friday,T182,13,salon 6,3,1,Sede Principe,1067,"Cine, Raza y Representación",8,509188M,07:00:00,11:00:00,50,4,7,3,3753,Ingeniería de Alimentos,7,33,1
1,Monday,T057,11,salon 4,3,1,Sede Principe,1299,HABILIDADES PARA LA VIDA: DESCUB. EL SER,9,603032C,10:00:00,13:00:00,50,3,5,4,3554,Construccion,10,2,2
6,Saturday,T009,25,Coliseo,2,1,Sede Villa Campestre,63,DEPORTE Y SALUD,1,404002C,07:00:00,10:00:00,51,3,2,1,3743,Ingeniería de Sistemas,4,41,1
5,Friday,T026,4,Salon 4,2,1,Sede Villa Campestre,389,Estadística I para las ciencias de la administración,3,801083C,09:00:00,12:00:00,50,3,18,6,3841,Contaduría Publica,5,33,1
5,Friday,T106,6,Salon 6,2,1,Sede Villa Campestre,1017,CONTROL E INSTRUMENTACIÓN DE LA INDUSTRIA ALIMENTARIA,5,710060C,13:00:00,16:00:00,50,3,7,3,3753,Ingeniería de Alimentos,10,36,4
4,Thursday,T097,15,Sala de Sistemas 4,3,1,Sede Principe,789,Algebra Lineal,2,111038C,10:00:00,12:00:00,52,2,14,8,2724,Tecnología en Desarrollo de Software,6,26,2
3,Wednesday,T099,23,Sala De Sistemas 1	,3,1,Sede Principe,1061,Introducción a la Ciencia de los Datos,7,750025C,15:00:00,18:00:00,50,3,2,1,3743,Ingeniería de Sistemas,7,22,6
6,Saturday,T051,16,salon 9,3,1,Sede Principe,435,Metodología de Investigación Contable,10,802042M,14:00:00,17:00:00,51,3,4,6,3841,Contaduría Publica,7,44,4
4,Thursday,T185,14,salon 7,3,1,Sede Principe,789,Algebra Lineal,2,111038C,11:00:00,13:00:00,50,2,14,8,2724,Tecnología en Desarrollo de Software,8,27,3
1,Monday,T225,20,salon 13,3,1,Sede Principe,1123,PRÁCTICA I,7,502041C,10:00:00,13:00:00,51,3,5,4,3554,Construccion,10,2,2
2,Tuesday,T017,15,Sala de Sistemas 4,3,1,Sede Principe,483,Fisica + Laboratorio,3,106012C,10:00:00,13:00:00,51,3,2,1,3743,Ingeniería de Sistemas,9,10,2
6,Saturday,T186,25,Coliseo,2,1,Sede Villa Campestre,839,DEPORTE Y SALUD,1,404002C,16:00:00,19:00:00,52,3,14,8,2724,Tecnología en Desarrollo de Software,7,46,6
2,Tuesday,T151,11,salon 4,3,1,Sede Principe,873,Bioestadística descriptiva y analítica,2,607006C,10:00:00,12:00:00,50,2,20,11,3643,Nutricion y dietetica,7,10,2
3,Wednesday,T061,2,Salon 2,2,1,Sede Villa Campestre,654,Talleres y laboratatorios de Ingeniería de Alimentos VII,9,745057M ,07:00:00,13:00:00,50,6,16,3,3753,Ingeniería de Alimentos,4,17,1
6,Saturday,T037,24,Sala De Sistemas 2,3,1,Sede Principe,881,Ingeniería económica,5,760016C,14:00:00,17:00:00,50,3,2,1,3743,Ingeniería de Sistemas,7,45,5
6,Saturday,T176,23,Sala De Sistemas 1	,3,1,Sede Principe,840,Fundamentos de  Programación Orientada a Objetos,2,750015C,14:00:00,17:00:00,53,3,29,8,2724,Tecnología en Desarrollo de Software,7,45,5
1,Monday,T062,7,Sala De Sistemas 1,2,1,Sede Villa Campestre,1164,Laboratorio contable II,8,802060C,15:00:00,18:00:00,50,3,18,6,3841,Contaduría Publica,10,6,6
1,Monday,T093,19,salon 12,3,1,Sede Principe,773,Contabilidad Pública,9,802026M,18:20:00,21:20:00,51,3,4,6,3841,Contaduría Publica,8,7,7
3,Wednesday,T061,21,salon 14,3,1,Sede Principe,872,Química de los alimentos,2,605013C,14:00:00,18:00:00,50,4,20,11,3643,Nutricion y dietetica,9,21,5
3,Wednesday,T057,19,salon 12,3,1,Sede Principe,977,"Género, Pluralidad y Diversidades",3,620014C,10:00:00,13:00:00,50,3,20,11,3643,Nutricion y dietetica,6,18,2
3,Wednesday,T012,5,Salon 5,2,1,Sede Villa Campestre,1152,Control de gestión y gobierno corporativo,7,802057C,18:20:00,21:20:00,50,3,26,6,3841,Contaduría Publica,8,23,7
1,Monday,T146,1,Salon 1,2,1,Sede Villa Campestre,901,Revisoría Fiscal,9,802096M,15:00:00,18:00:00,50,3,28,6,3841,Contaduría Publica,5,6,6
1,Monday,T118,2,Salon 2,2,1,Sede Villa Campestre,902,"Principios de Nutrición , Alimentación, Salud",1,605010C,09:00:00,12:00:00,50,3,18,6,3841,Contaduría Publica,5,3,3
1,Monday,T033,6,Salon 6,2,1,Sede Villa Campestre,186,Diseño Organizacional ,2,801079C,18:20:00,21:20:00,50,3,23,2,3845,Administracion de empresas,9,7,7
4,Thursday,T029,11,salon 4,3,1,Sede Principe,649,Introducción a la Gestión Ambiental,7,730107M,15:00:00,18:00:00,50,3,16,3,3753,Ingeniería de Alimentos,4,30,6
1,Monday,T028,8,salon 1,3,1,Sede Principe,904,Inglés con fines generales y académicos III,5,204027C,08:00:00,12:00:00,51,4,18,6,3841,Contaduría Publica,5,1,1
6,Saturday,T126,13,salon 6,3,1,Sede Principe,862,Estructuras III,4,502020C,10:00:00,13:00:00,50,3,5,4,3554,Construccion,7,42,2
1,Monday,T199,10,Sala de Sistemas 3,3,1,Sede Principe,1073,Inglés con Fines Generales y Académicos IV,6,204028C,18:20:00,22:20:00,51,4,26,6,3841,Contaduría Publica,7,8,8
4,Thursday,T029,19,salon 12,3,1,Sede Principe,1020,IMPACTOS AMBIENTALES,7,730078C,14:00:00,17:00:00,50,3,7,3,3753,Ingeniería de Alimentos,6,29,5
4,Thursday,T056,5,Salon 5,2,1,Sede Villa Campestre,888,Operaciones con sólidos,4,745013C,10:00:00,13:00:00,50,3,7,3,3753,Ingeniería de Alimentos,5,26,2
4,Thursday,T093,8,salon 1,3,1,Sede Principe,989,Costos II,6,802056C,10:00:00,13:00:00,50,3,18,6,3841,Contaduría Publica,6,26,2
3,Wednesday,T081,5,Salon 5,2,1,Sede Villa Campestre,532,Equipos y Medios Auxiliares ,1,502008C,07:00:00,10:00:00,50,3,5,4,3554,Construccion,6,17,1
3,Wednesday,T002,23,Sala De Sistemas 1	,3,1,Sede Principe,1062,Ciberseguridad,7,750024C,07:00:00,10:00:00,50,3,2,1,3743,Ingeniería de Sistemas,10,17,1
5,Friday,T018,1,Salon 1,2,1,Sede Villa Campestre,501,Desarrollo de la Personalidad II,2,207014M,10:00:00,13:00:00,50,3,6,5,3249,Trabajo social,8,34,2
3,Wednesday,T096,16,salon 9,3,1,Sede Principe,726,Cálculo,1,801003C,18:20:00,21:20:00,50,3,26,6,3841,Contaduría Publica,10,23,7
2,Tuesday,T179,24,Sala De Sistemas 2,3,1,Sede Principe,66,Taller de Ingeniería I,1,701002C,15:00:00,18:00:00,52,3,2,1,3743,Ingeniería de Sistemas,6,14,6
2,Tuesday,T107,11,salon 4,3,1,Sede Principe,941,Desarrollo de software I,5,750009C,18:20:00,21:20:00,51,3,29,8,2724,Tecnología en Desarrollo de Software,10,16,8
3,Wednesday,T027,1,Salon 1,2,1,Sede Villa Campestre,271,Seminario De Monografía,8,207052M,15:00:00,18:00:00,50,3,6,5,3249,Trabajo social,8,22,6
2,Tuesday,T054,14,salon 7,3,1,Sede Principe,701,Diseño Organizacional ,2,801079C,07:00:00,10:00:00,50,3,19,2,3845,Administracion de empresas,6,9,1
2,Tuesday,T103,12,salon 5,3,1,Sede Principe,256,Comunidad y Organizaciones I,5,207030M,08:00:00,12:00:00,50,4,6,5,3249,Trabajo social,3,9,1
2,Tuesday,T102,18,salon 11,3,1,Sede Principe,547,Tecnicas de Prueba de Software,6,750105M,07:00:00,10:00:00,51,3,21,8,2724,Tecnología en Desarrollo de Software,4,9,1
1,Monday,T091,17,salon 10,3,1,Sede Principe,786,Algebra Lineal,2,111038C,09:00:00,12:00:00,50,3,2,1,3743,Ingeniería de Sistemas,4,3,3
6,Saturday,T135,11,salon 4,3,1,Sede Principe,658,AEP IV - Análisis Sensorial de Alimentos,9,745073M,08:00:00,12:00:00,50,4,16,3,3753,Ingeniería de Alimentos,4,41,1
3,Wednesday,T138,1,Salon 1,2,1,Sede Villa Campestre,719,Legislación Comercial,3,801073C,18:20:00,21:20:00,50,3,23,2,3845,Administracion de empresas,4,23,7
5,Friday,T148,11,salon 4,3,1,Sede Principe,1089,Administración y gestión financiera,6,802051C,18:20:00,21:20:00,51,3,23,2,3845,Administracion de empresas,7,39,7
4,Thursday,T018,2,Salon 2,2,1,Sede Villa Campestre,249,Psicología Social,3,207050M,14:00:00,17:00:00,50,3,6,5,3249,Trabajo social,9,29,5
3,Wednesday,T093,31,Salon 1,1,1,Sede Victoria,1251,Electiva profesional III: Perspectivas Teóricas y Conceptuales en Contaduría Pública,9,802094C,10:00:00,12:00:00,51,2,18,6,3841,Contaduría Publica,9,18,2
2,Tuesday,T053,18,salon 11,3,1,Sede Principe,951,Cálculo Monovariable,2,111021C,18:20:00,21:20:00,52,3,30,12,2725,Tecnologia en Electronica Industrial,7,15,7
5,Friday,T106,19,salon 12,3,1,Sede Principe,1034,Probabilidad y Estadistica,3,761001C,18:20:00,22:20:00,51,4,30,12,2725,Tecnologia en Electronica Industrial,7,40,8
3,Wednesday,T218,24,Sala De Sistemas 2,3,1,Sede Principe,1246,CONSULTORIO EMPRESARIAL,9,801194C,10:00:00,13:00:00,50,3,19,2,3845,Administracion de empresas,9,18,2
4,Thursday,T054,14,salon 7,3,1,Sede Principe,216,Trabajo en Equipo,7,801181M,07:00:00,10:00:00,51,3,25,2,3845,Administracion de empresas,5,25,1
5,Friday,T003,7,Sala De Sistemas 1,2,1,Sede Villa Campestre,68,Fundamentos de Programación Imperativa,1,750012C,14:00:00,17:00:00,51,3,2,1,3743,Ingeniería de Sistemas,3,37,5
2,Tuesday,T113,13,salon 6,3,1,Sede Principe,410,Álgebra lineal ,2,801017C,18:20:00,21:20:00,50,3,26,6,3841,Contaduría Publica,7,15,7
3,Wednesday,T031,11,salon 4,3,1,Sede Principe,497,Historia del Trabajo Social,2,207007M,10:00:00,13:00:00,50,3,6,5,3249,Trabajo social,6,18,2
4,Thursday,T192,20,salon 13,3,1,Sede Principe,1042,TALLER DE INSTALACIONES HIDROSANITARIAS,6,502037C,14:00:00,18:00:00,50,4,5,4,3554,Construccion,9,29,5
3,Wednesday,T064,20,salon 13,3,1,Sede Principe,1196,Desarrollo de la creatividad,4,507100C,07:00:00,10:00:00,50,3,5,4,3554,Construccion,9,17,1
5,Friday,T106,8,salon 1,3,1,Sede Principe,1034,Probabilidad y Estadistica,3,761001C,18:20:00,22:20:00,51,4,30,12,2725,Tecnologia en Electronica Industrial,9,40,8
6,Saturday,T080,29,Planta de Alimentos,1,1,Sede Victoria,481,Laboratorio de Tecnología de Leches y Productos Lácteos,5,745119M_01,08:00:00,10:00:00,50,2,17,10,2712,Tecnología en Alimentos,3,41,1
3,Wednesday,T005,24,Sala De Sistemas 2,3,1,Sede Principe,462,Fundamentos de Programación Imperativa,1,750012C,09:00:00,12:00:00,50,3,14,8,2724,Tecnología en Desarrollo de Software,5,19,3
1,Monday,T208,25,Coliseo,2,1,Sede Villa Campestre,1128,DEPORTE FORMATIVO,5,404032C,07:00:00,09:00:00,50,2,20,11,3643,Nutricion y dietetica,10,1,1
3,Wednesday,T079,3,Salon 3,2,1,Sede Villa Campestre,384,Fundamentos de contabilidad ,1,802004C,09:00:00,12:00:00,51,3,18,6,3841,Contaduría Publica,3,19,3
1,Monday,T215,19,salon 12,3,1,Sede Principe,322,Estructuras I,2,502014C,07:00:00,10:00:00,50,3,5,4,3554,Construccion,9,1,1
4,Thursday,T075,19,salon 12,3,1,Sede Principe,1298,INTERVENTORÍA Y SUPERVISIÓN TÉCNICA DE OBRA,9,502063C,15:00:00,18:00:00,50,3,5,4,3554,Construccion,10,30,6
2,Tuesday,T083,20,salon 13,3,1,Sede Principe,528,Taller de Representación  I,1,501002C,07:00:00,10:00:00,52,3,5,4,3554,Construccion,6,9,1
5,Friday,T105,17,salon 10,3,1,Sede Principe,459,Matemáticas Básicas,1,111023C,14:00:00,16:00:00,51,2,14,8,2724,Tecnología en Desarrollo de Software,3,37,5
4,Thursday,T131,26,Laboratorio de Alimentos,2,1,Sede Villa Campestre,520,QuÍmica general + Laboratorio,1,116017C,16:00:00,18:00:00,51,2,20,11,3643,Nutricion y dietetica,10,30,6
2,Tuesday,T007,8,salon 1,3,1,Sede Principe,128,Simulación Computacional,7,750098M,07:00:00,10:00:00,50,3,3,1,3743,Ingeniería de Sistemas,3,9,1
4,Thursday,T009,25,Coliseo,2,1,Sede Villa Campestre,290,DEPORTE Y SALUD,2,404002C,07:00:00,10:00:00,54,3,7,3,3753,Ingeniería de Alimentos,7,25,1
4,Thursday,T062,7,Sala De Sistemas 1,2,1,Sede Villa Campestre,771,Laboratorio Contable Financiero Sistematizado,9,802025M,18:20:00,21:20:00,50,3,4,6,3841,Contaduría Publica,8,31,7
3,Wednesday,T076,11,salon 4,3,1,Sede Principe,954,Circuitos Eléctricos,2,710021C,18:20:00,21:20:00,50,3,30,12,2725,Tecnologia en Electronica Industrial,9,23,7
3,Wednesday,T003,17,salon 10,3,1,Sede Principe,470,Matemáticas Discretas I,2,750004C,07:00:00,09:00:00,50,2,29,8,2724,Tecnología en Desarrollo de Software,4,17,1
3,Wednesday,T091,27,Laboratorio de Electronica,2,1,Sede Villa Campestre,293,Fisica + Laboratorio,2,106012C,10:00:00,13:00:00,51,3,7,3,3753,Ingeniería de Alimentos,7,18,2
4,Thursday,T025,10,Sala de Sistemas 3,3,1,Sede Principe,291,Cálculo Monovariable,2,111021C,14:00:00,16:00:00,51,2,7,3,3753,Ingeniería de Alimentos,3,29,5
6,Saturday,T154,11,salon 4,3,1,Sede Principe,1078,Costos II,6,802056C,17:00:00,20:00:00,50,3,26,6,3841,Contaduría Publica,9,66,11
3,Wednesday,T029,21,salon 14,3,1,Sede Principe,1020,IMPACTOS AMBIENTALES,7,730078C,14:00:00,17:00:00,51,3,7,3,3753,Ingeniería de Alimentos,8,21,5
4,Thursday,T164,19,salon 12,3,1,Sede Principe,1211,NUTRICIÓN MATERNO INFANTIL,6,605028C,14:00:00,17:00:00,50,3,20,11,3643,Nutricion y dietetica,9,29,5
5,Friday,T002,7,Sala De Sistemas 1,2,1,Sede Villa Campestre,141,Ciberseguridad,10,750024C,07:00:00,10:00:00,50,3,3,1,3743,Ingeniería de Sistemas,5,33,1
4,Thursday,T196,10,Sala de Sistemas 3,3,1,Sede Principe,1141,PROYECTO INTEGRADOR II,8,750037C,08:00:00,12:00:00,51,4,2,1,3743,Ingeniería de Sistemas,8,25,1
1,Monday,T107,4,Salon 4,2,1,Sede Villa Campestre,782,Dirección y Organización Contable,9,802092M,18:20:00,21:20:00,50,3,4,6,3841,Contaduría Publica,4,8,8
3,Wednesday,T026,23,Sala De Sistemas 1	,3,1,Sede Principe,842,Probabilidad y Estadistica,4,761001C,18:20:00,22:20:00,50,4,29,8,2724,Tecnología en Desarrollo de Software,9,24,8
2,Tuesday,T047,1,Salon 1,2,1,Sede Villa Campestre,718,Inglés con fines generales y académicos I,3,204025C,18:20:00,22:20:00,55,4,23,2,3845,Administracion de empresas,6,15,7
1,Monday,T036,9,salon 2,3,1,Sede Principe,597,Mediciones Electrónicas,5,710202M,18:20:00,22:20:00,50,4,13,9,2710,Tecnología en Electronica,4,8,8
5,Friday,T060,15,Sala de Sistemas 4,3,1,Sede Principe,799,Cálculo Monovariable,2,111021C,07:00:00,09:00:00,53,2,14,8,2724,Tecnología en Desarrollo de Software,6,33,1
2,Tuesday,T098,12,salon 5,3,1,Sede Principe,599,El medio Ambiente y la Constitución Política,5,730069M,18:20:00,21:20:00,50,3,13,9,2710,Tecnología en Electronica,4,15,7
1,Monday,T066,2,Salon 2,2,1,Sede Villa Campestre,1003,Leadership,6,801134C,07:00:00,10:00:00,50,3,19,2,3845,Administracion de empresas,10,1,1
4,Thursday,T032,7,Sala De Sistemas 1,2,1,Sede Villa Campestre,687,Programación e Internet,7,801176M,18:20:00,21:20:00,50,3,1,2,3845,Administracion de empresas,4,31,7
4,Thursday,T016,12,salon 5,3,1,Sede Principe,73,Inglés con fines generales y académicos II,2,204026C,07:00:00,11:00:00,52,4,2,1,3743,Ingeniería de Sistemas,4,25,1
2,Tuesday,T162,11,salon 4,3,1,Sede Principe,520,QuÍmica general + Laboratorio,1,116017C,07:00:00,12:00:00,54,5,20,11,3643,Nutricion y dietetica,6,9,1
2,Tuesday,T047,4,Salon 4,2,1,Sede Villa Campestre,1091,Inglés con Fines Generales y Académicos IV,6,204028C,18:20:00,22:20:00,52,4,23,2,3845,Administracion de empresas,7,16,8
4,Thursday,T100,24,Sala De Sistemas 2,3,1,Sede Principe,124,Fundamentos de Redes,6,750096M,14:00:00,17:00:00,51,3,3,1,3743,Ingeniería de Sistemas,4,29,5
5,Friday,T128,16,salon 9,3,1,Sede Principe,225,Comercio Exterior,8,801062M,18:20:00,21:20:00,52,3,1,2,3845,Administracion de empresas,5,39,7
4,Thursday,T089,9,salon 2,3,1,Sede Principe,935,Desarrollo Humano y Trabajo Social,7,207069M,14:00:00,17:00:00,50,3,6,5,3249,Trabajo social,5,29,5
2,Tuesday,T043,14,salon 7,3,1,Sede Principe,1083,Sistemas de información y bases de datos contables,7,802058C,07:00:00,10:00:00,50,3,18,6,3841,Contaduría Publica,7,9,1
2,Tuesday,T215,11,salon 4,3,1,Sede Principe,534,Estructuras II,3,502019C,14:00:00,17:00:00,50,3,5,4,3554,Construccion,8,13,5
5,Friday,T167,19,salon 12,3,1,Sede Principe,894,Mecánica de fluidos,6,780046C,10:00:00,13:00:00,50,3,7,3,3753,Ingeniería de Alimentos,9,34,2
2,Tuesday,T133,7,Sala De Sistemas 1,2,1,Sede Villa Campestre,528,Taller de Representación  I,1,501002C,10:00:00,13:00:00,50,3,5,4,3554,Construccion,6,10,2
3,Wednesday,T056,5,Salon 5,2,1,Sede Villa Campestre,609,Biologia + Laboratorio,1,102094C,08:00:00,12:00:00,51,4,7,3,3753,Ingeniería de Alimentos,9,17,1
3,Wednesday,T057,15,Sala de Sistemas 4,3,1,Sede Principe,64,Inserción a la Vida Universitaria,1,701001C,13:00:00,15:00:00,52,2,2,1,3743,Ingeniería de Sistemas,4,20,4
1,Monday,T248,20,salon 13,3,1,Sede Principe,1123,PRÁCTICA I,7,502041C,10:00:00,13:00:00,50,3,5,4,3554,Construccion,10,2,2
4,Thursday,T068,3,Salon 3,2,1,Sede Villa Campestre,1026,CONSERVACIÓN Y VIDA ÚTIL DE ALIMENTOS,7,745007C,07:00:00,10:00:00,50,3,7,3,3753,Ingeniería de Alimentos,10,25,1
4,Thursday,T025,13,salon 6,3,1,Sede Principe,1022,TRANSFERENCIA DE CALOR Y TRATAMIENTOS TÉRMICOS,7,745020C,08:00:00,12:00:00,50,4,7,3,3753,Ingeniería de Alimentos,6,25,1
2,Tuesday,T011,6,Salon 6,2,1,Sede Villa Campestre,182,Fundamentos de Economía y Comercio ,1,801002C,07:00:00,10:00:00,50,3,19,2,3845,Administracion de empresas,9,9,1
1,Monday,T047,11,salon 4,3,1,Sede Principe,264,Lectura De Textos En Inglés II,5, 204104M,07:00:00,11:00:00,50,4,6,5,3249,Trabajo social,7,1,1
3,Wednesday,T043,6,Salon 6,2,1,Sede Villa Campestre,744,Economía de empresa,4,801088C,15:00:00,18:00:00,50,3,18,6,3841,Contaduría Publica,6,22,6
3,Wednesday,T074,4,Salon 4,2,1,Sede Villa Campestre,390,Proceso administrativo,3,801043C,09:00:00,12:00:00,50,3,18,6,3841,Contaduría Publica,5,19,3
6,Saturday,T109,14,salon 7,3,1,Sede Principe,277,Salud Ocupacional,8,207067M,10:00:00,13:00:00,50,3,6,5,3249,Trabajo social,3,42,2
4,Thursday,T016,14,salon 7,3,1,Sede Principe,73,Inglés con fines generales y académicos II,2,204026C,07:00:00,11:00:00,53,4,2,1,3743,Ingeniería de Sistemas,8,25,1
3,Wednesday,T042,8,salon 1,3,1,Sede Principe,600,Controladores Programables,7,710119M,18:20:00,22:20:00,50,4,13,9,2710,Tecnología en Electronica,6,24,8
2,Tuesday,T003,15,Sala de Sistemas 4,3,1,Sede Principe,470,Matemáticas Discretas I,2,750004C,18:20:00,22:20:00,51,4,29,8,2724,Tecnología en Desarrollo de Software,3,15,7
5,Friday,T179,23,Sala De Sistemas 1	,3,1,Sede Principe,66,Taller de Ingeniería I,1,701002C,15:00:00,18:00:00,51,3,2,1,3743,Ingeniería de Sistemas,10,38,6
1,Monday,T011,5,Salon 5,2,1,Sede Villa Campestre,415,Fundamentos de Economía y Comercio ,2,801002C,18:20:00,21:20:00,51,3,26,6,3841,Contaduría Publica,5,7,7
2,Tuesday,T063,20,salon 13,3,1,Sede Principe,986,Seminario de teoría contable,6,802042C,10:00:00,13:00:00,50,3,18,6,3841,Contaduría Publica,6,10,2
5,Friday,T119,13,salon 6,3,1,Sede Principe,889,Gestión de la calidad e inocuidad de los alimentos,6,745008C,15:00:00,18:00:00,50,3,7,3,3753,Ingeniería de Alimentos,9,38,6
2,Tuesday,T047,14,salon 7,3,1,Sede Principe,196,Inglés con fines generales y académicos I,3,204025C,07:00:00,11:00:00,53,4,19,2,3845,Administracion de empresas,5,9,1
2,Tuesday,T181,7,Sala De Sistemas 1,2,1,Sede Villa Campestre,133,Aplicaciones en el Web y Redes Inalámbricas,8,750087M,07:00:00,10:00:00,50,3,3,1,3743,Ingeniería de Sistemas,6,9,1
5,Friday,T042,12,salon 5,3,1,Sede Principe,955,"Robots, Historia  y  Ficción",2,710061C,18:20:00,21:20:00,50,3,30,12,2725,Tecnologia en Electronica Industrial,8,39,7
6,Saturday,T158,23,Sala De Sistemas 1	,3,1,Sede Principe,947,Ciberseguridad,5,750024C,10:00:00,13:00:00,52,3,14,8,2724,Tecnología en Desarrollo de Software,7,42,2
6,Saturday,T114,17,salon 10,3,1,Sede Principe,1144,INGENIERÍA DE PROCESAMIENTO II,9,745010C,08:00:00,09:00:00,50,1,7,3,3753,Ingeniería de Alimentos,10,41,1
6,Saturday,T030,11,salon 4,3,1,Sede Principe,732,Legislación comercial II,3,801074C,14:00:00,17:00:00,50,3,26,6,3841,Contaduría Publica,10,45,5
3,Wednesday,T056,20,salon 13,3,1,Sede Principe,1146,proyecto de ingeniería II,9,745016C,09:00:00,12:00:00,50,3,7,3,3753,Ingeniería de Alimentos,10,19,3
4,Thursday,T013,12,salon 5,3,1,Sede Principe,426,Matemática financiera,6,802078M,18:20:00,21:20:00,51,3,4,6,3841,Contaduría Publica,3,31,7
2,Tuesday,T176,23,Sala De Sistemas 1	,3,1,Sede Principe,74,Fundamentos de  Programación Orientada a Objetos,2,750015C,10:00:00,13:00:00,53,3,2,1,3743,Ingeniería de Sistemas,9,10,2
1,Monday,T052,13,salon 6,3,1,Sede Principe,893,Termodinámica,6,780047C,10:00:00,13:00:00,50,3,7,3,3753,Ingeniería de Alimentos,5,2,2
6,Saturday,T091,4,Salon 4,2,1,Sede Villa Campestre,489,Física III,4,106020M,14:00:00,18:00:00,50,4,16,3,3753,Ingeniería de Alimentos,3,45,5
3,Wednesday,T043,10,Sala de Sistemas 3,3,1,Sede Principe,1239,Finanzas Internacionales y de Nuevos negocios,8,802079C,18:20:00,21:20:00,50,3,23,2,3845,Administracion de empresas,9,23,7
2,Tuesday,T058,1,Salon 1,2,1,Sede Villa Campestre,956,Orientación Familiar II,8,207045M,10:00:00,13:00:00,50,3,6,5,3249,Trabajo social,6,10,2
2,Tuesday,T001,3,Salon 3,2,1,Sede Villa Campestre,121,Fundamentos de Análisis y Diseño de Algoritmos,5,750094M,09:00:00,13:00:00,51,4,3,1,3743,Ingeniería de Sistemas,4,11,3
3,Wednesday,T068,1,Salon 1,2,1,Sede Villa Campestre,312,Metodología de la Investigación,8,745066M ,16:00:00,18:00:00,50,2,16,3,3753,Ingeniería de Alimentos,3,22,6
5,Friday,T097,8,salon 1,3,1,Sede Principe,410,Álgebra lineal ,2,801017C,18:20:00,21:20:00,51,3,26,6,3841,Contaduría Publica,5,40,8
4,Thursday,T001,7,Sala De Sistemas 1,2,1,Sede Villa Campestre,541,Bases de datos,4,750006C,09:00:00,13:00:00,51,4,2,1,3743,Ingeniería de Sistemas,5,27,3
2,Tuesday,T086,1,Salon 1,2,1,Sede Villa Campestre,181,Fundamentos de contabilidad ,1,802004C,14:00:00,17:00:00,50,3,19,2,3845,Administracion de empresas,5,13,5
2,Tuesday,T199,5,Salon 5,2,1,Sede Villa Campestre,828,Inglés con fines generales y académicos II,4,204026C,18:20:00,22:20:00,57,4,26,6,3841,Contaduría Publica,9,16,8
3,Wednesday,T124,15,Sala de Sistemas 4,3,1,Sede Principe,191,Pensamiento Contemporáneo de la Administración y las Organizaciones,3,801091C,09:00:00,12:00:00,50,3,19,2,3845,Administracion de empresas,5,19,3
2,Tuesday,T033,6,Salon 6,2,1,Sede Villa Campestre,997,Gestión del Conocimiento e Innovación,5,801114C,18:20:00,21:20:00,50,3,23,2,3845,Administracion de empresas,10,15,7
1,Monday,T019,13,salon 6,3,1,Sede Principe,313,Ecuaciones Diferenciales,4,111026C,16:00:00,18:00:00,51,2,7,3,3753,Ingeniería de Alimentos,7,6,6
4,Thursday,T006,23,Sala De Sistemas 1	,3,1,Sede Principe,1063,Desarrollo de Aplicaciones para Dispositivos Móviles,7,750026C,10:00:00,13:00:00,50,3,2,1,3743,Ingeniería de Sistemas,9,26,2
3,Wednesday,T048,23,Sala De Sistemas 1	,3,1,Sede Principe,460,Taller Tecnológico I,1,701006C,18:20:00,21:20:00,50,3,14,8,2724,Tecnología en Desarrollo de Software,4,23,7
5,Friday,T208,25,Coliseo,2,1,Sede Villa Campestre,1187,DEPORTE Y SALUD,1,404002C,10:00:00,13:00:00,51,3,33,13,3150,Agroindustria,10,34,2
2,Tuesday,T217,17,salon 10,3,1,Sede Principe,553,Desarrollo de software I,4,750009C,15:00:00,18:00:00,50,3,14,8,2724,Tecnología en Desarrollo de Software,8,14,6
3,Wednesday,T037,12,salon 5,3,1,Sede Principe,139,Análisis Económico de Inversiones,9,760102M,14:00:00,17:00:00,50,3,3,1,3743,Ingeniería de Sistemas,4,21,5
4,Thursday,T186,25,Coliseo,2,1,Sede Villa Campestre,1027,DEPORTE Y SALUD,1,404002C,18:20:00,21:20:00,51,3,31,12,2725,Tecnologia en Electronica Industrial,7,31,7
1,Monday,T062,1,Salon 1,2,1,Sede Villa Campestre,412,Contabilidad de los recursos y obligaciones de corto plazo,2,802014C,18:20:00,21:20:00,50,3,26,6,3841,Contaduría Publica,7,7,7
4,Thursday,T066,2,Salon 2,2,1,Sede Villa Campestre,681,Creatividad e Innovación Empresarial,5,801130M,18:20:00,21:20:00,50,3,1,2,3845,Administracion de empresas,4,31,7
6,Saturday,T118,14,salon 7,3,1,Sede Principe,811,"Principios de Nutrición , Alimentación, Salud",2,605010C,14:00:00,17:00:00,51,3,23,2,3845,Administracion de empresas,5,45,5
5,Friday,T003,23,Sala De Sistemas 1	,3,1,Sede Principe,1062,Ciberseguridad,7,750024C,10:00:00,13:00:00,52,3,2,1,3743,Ingeniería de Sistemas,9,34,2
4,Thursday,T062,4,Salon 4,2,1,Sede Villa Campestre,748,Contabilidad de los recursos y obligaciones de corto plazo,2,802014C,09:00:00,12:00:00,50,3,18,6,3841,Contaduría Publica,6,27,3
4,Thursday,T064,17,salon 10,3,1,Sede Principe,804,Investigación de Mercados,5,801115C,15:00:00,18:00:00,50,3,19,2,3845,Administracion de empresas,5,30,6
6,Saturday,T043,11,salon 4,3,1,Sede Principe,431,Presupuestos (análisis de costos y presupuestos),10,802038M,18:20:00,21:20:00,50,3,4,6,3841,Contaduría Publica,3,47,7
1,Monday,T060,15,Sala de Sistemas 4,3,1,Sede Principe,485,Introducción a las Tecnologias,1,701005C,10:00:00,12:00:00,50,2,14,8,2724,Tecnología en Desarrollo de Software,9,2,2
5,Friday,T051,3,Salon 3,2,1,Sede Villa Campestre,424,Seminario de Teoría Contable,6,802016M,18:20:00,21:20:00,50,3,4,6,3841,Contaduría Publica,3,39,7
2,Tuesday,T043,15,Sala de Sistemas 4,3,1,Sede Principe,721,Economía de Empresa,3,801088C,18:20:00,21:20:00,51,3,23,2,3845,Administracion de empresas,8,15,7
3,Wednesday,T026,16,salon 9,3,1,Sede Principe,559,Probabilidad y Estadistica,4,761001C,14:00:00,18:00:00,52,4,2,1,3743,Ingeniería de Sistemas,9,21,5
2,Tuesday,T209,4,Salon 4,2,1,Sede Villa Campestre,1134,SEMIOLOGÍA NUTRICIONAL,5,605026C,10:00:00,13:00:00,50,3,20,11,3643,Nutricion y dietetica,10,10,2
2,Tuesday,T007,12,salon 5,3,1,Sede Principe,844,Análilsis y Diseño de Algoritmos I,4,750008C,18:20:00,22:20:00,51,4,29,8,2724,Tecnología en Desarrollo de Software,7,16,8
3,Wednesday,T016,16,salon 9,3,1,Sede Principe,83,Inglés con fines generales y académicos III,3,204027C,16:00:00,18:00:00,52,2,2,1,3743,Ingeniería de Sistemas,10,22,6
2,Tuesday,T025,16,salon 9,3,1,Sede Principe,291,Cálculo Monovariable,2,111021C,10:00:00,12:00:00,54,2,7,3,3753,Ingeniería de Alimentos,7,11,3
3,Wednesday,T080,5,Salon 5,2,1,Sede Villa Campestre,628,Balances de Masa y Energía ,5,745005C,14:00:00,18:00:00,50,4,7,3,3753,Ingeniería de Alimentos,8,21,5
5,Friday,T148,2,Salon 2,2,1,Sede Villa Campestre,137,Evaluación y Administración de Proyectos,8,760105M,07:00:00,10:00:00,50,3,3,1,3743,Ingeniería de Sistemas,6,33,1
2,Tuesday,T031,1,Salon 1,2,1,Sede Villa Campestre,509,Taller de Integración metodológica II,9,207055M,07:00:00,09:00:00,50,2,6,5,3249,Trabajo social,7,9,1
2,Tuesday,T031,12,salon 5,3,1,Sede Principe,500,Metodologia de Trabajo con Grupo I,4,207013M,07:00:00,11:00:00,50,4,6,5,3249,Trabajo social,4,9,1
3,Wednesday,T091,18,salon 11,3,1,Sede Principe,786,Algebra Lineal,2,111038C,10:00:00,12:00:00,50,2,2,1,3743,Ingeniería de Sistemas,4,18,2
1,Monday,T057,11,salon 4,3,1,Sede Principe,855,Inserción a la Vida Universitaria,1,701001C,20:20:00,22:20:00,51,2,30,12,2725,Tecnologia en Electronica Industrial,9,8,8
4,Thursday,T223,9,salon 2,3,1,Sede Principe,1130,FARMACOVIGILANCIA,5,605029M,10:00:00,13:00:00,50,3,20,11,3643,Nutricion y dietetica,8,26,2
1,Monday,T087,23,Sala De Sistemas 1	,3,1,Sede Principe,787,Sistemas operativos,4,750001C,07:00:00,10:00:00,50,3,2,1,3743,Ingeniería de Sistemas,4,1,1
2,Tuesday,T037,7,Sala De Sistemas 1,2,1,Sede Villa Campestre,881,Ingeniería económica,5,760016C,14:00:00,17:00:00,51,3,2,1,3743,Ingeniería de Sistemas,10,13,5
4,Thursday,T053,19,salon 12,3,1,Sede Principe,449,Sistemas automáticos de control,6,710201M,18:20:00,22:20:00,50,4,13,9,2710,Tecnología en Electronica,5,32,8
4,Thursday,T013,17,salon 10,3,1,Sede Principe,759,Administración financiera,8,802068M,15:00:00,18:00:00,50,3,28,6,3841,Contaduría Publica,6,30,6
3,Wednesday,T234,1,Salon 1,2,1,Sede Villa Campestre,1012,Desarrollo de Software II,6,750021C,15:00:00,18:00:00,50,3,2,1,3743,Ingeniería de Sistemas,10,22,6
6,Saturday,T019,15,Sala de Sistemas 4,3,1,Sede Principe,313,Ecuaciones Diferenciales,4,111026C,14:00:00,17:00:00,50,3,7,3,3753,Ingeniería de Alimentos,5,45,5
2,Tuesday,T061,5,Salon 5,2,1,Sede Villa Campestre,1216,DISEÑO Y DESARROLLO NUEVOS PROD. ALIM.,8,745030C,14:00:00,17:00:00,50,3,7,3,3753,Ingeniería de Alimentos,9,13,5
2,Tuesday,T048,10,Sala de Sistemas 3,3,1,Sede Principe,66,Taller de Ingeniería I,1,701002C,07:00:00,10:00:00,50,3,2,1,3743,Ingeniería de Sistemas,5,9,1
5,Friday,T068,11,salon 4,3,1,Sede Principe,523,Introducción a la Ciencias de los Alimentos,1,605012C,10:00:00,13:00:00,50,3,20,11,3643,Nutricion y dietetica,6,34,2
4,Thursday,T085,7,Sala De Sistemas 1,2,1,Sede Villa Campestre,1088,SISTEMAS DE INFORMACIÓN GERENCIAL,6,801026C,18:20:00,21:20:00,50,3,23,2,3845,Administracion de empresas,7,32,8
2,Tuesday,T061,10,Sala de Sistemas 3,3,1,Sede Principe,311,Fundamentos de gestión tecnológica,8,760076M ,14:00:00,17:00:00,50,3,16,3,3753,Ingeniería de Alimentos,3,13,5
3,Wednesday,T079,6,Salon 6,2,1,Sede Villa Campestre,181,Fundamentos de contabilidad ,1,802004C,14:00:00,17:00:00,50,3,19,2,3845,Administracion de empresas,3,21,5
3,Wednesday,T098,17,salon 10,3,1,Sede Principe,713,"Introducción al Derecho y Constitución Política 
(Formación social y ciudadana) ",1,801042C,18:20:00,21:20:00,51,3,23,2,3845,Administracion de empresas,8,23,7
6,Saturday,T023,7,Sala De Sistemas 1,2,1,Sede Villa Campestre,828,Inglés con fines generales y académicos II,4,204026C,17:00:00,21:00:00,56,4,26,6,3841,Contaduría Publica,9,66,11
4,Thursday,T018,1,Salon 1,2,1,Sede Villa Campestre,501,Desarrollo de la Personalidad II,2,207014M,10:00:00,13:00:00,50,3,6,5,3249,Trabajo social,4,26,2
3,Wednesday,T148,1,Salon 1,2,1,Sede Villa Campestre,1110,INNOVACIÓN Y EMPRENDIMIENTO EMPRESARIAL,7,750032C,18:20:00,21:20:00,51,3,29,8,2724,Tecnología en Desarrollo de Software,8,23,7
1,Monday,T153,14,salon 7,3,1,Sede Principe,972,Costos,5,802026C,18:20:00,21:20:00,50,3,26,6,3841,Contaduría Publica,6,7,7
5,Friday,T131,12,salon 5,3,1,Sede Principe,887,Química de Alimentos II,4,745018C,10:00:00,13:00:00,50,3,7,3,3753,Ingeniería de Alimentos,9,34,2
3,Wednesday,T063,1,Salon 1,2,1,Sede Villa Campestre,986,Seminario de teoría contable,6,802042C,10:00:00,13:00:00,50,3,18,6,3841,Contaduría Publica,10,18,2
3,Wednesday,T094,7,Sala De Sistemas 1,2,1,Sede Villa Campestre,462,Fundamentos de Programación Imperativa,1,750012C,10:00:00,13:00:00,51,3,14,8,2724,Tecnología en Desarrollo de Software,9,18,2
2,Tuesday,T080,16,salon 9,3,1,Sede Principe,485,Introducción a las Tecnologias,1,701005C,14:00:00,16:00:00,50,2,14,8,2724,Tecnología en Desarrollo de Software,3,13,5
2,Tuesday,T099,15,Sala de Sistemas 4,3,1,Sede Principe,1253,Bases de datos NoSQL,8,750128M,15:00:00,18:00:00,50,3,2,1,3743,Ingeniería de Sistemas,10,14,6
1,Monday,T044,17,salon 10,3,1,Sede Principe,818,Legislación laboral,4,801099C,18:20:00,21:20:00,51,3,23,2,3845,Administracion de empresas,9,7,7
3,Wednesday,T023,10,Sala de Sistemas 3,3,1,Sede Principe,981,Inglés con Fines Generales y Académicos IV,6,204028C,14:00:00,18:00:00,52,4,18,6,3841,Contaduría Publica,10,21,5
3,Wednesday,T043,6,Salon 6,2,1,Sede Villa Campestre,744,Economía de empresa,4,801088C,15:00:00,18:00:00,50,3,18,6,3841,Contaduría Publica,8,22,6
5,Friday,T105,15,Sala de Sistemas 4,3,1,Sede Principe,72,Cálculo Monovariable,2,111021C,10:00:00,12:00:00,52,2,2,1,3743,Ingeniería de Sistemas,8,35,3
1,Monday,T014,1,Salon 1,2,1,Sede Villa Campestre,314,"Seminario de Constitución, legislación, ambiental y ética",4,730030C,07:00:00,10:00:00,50,3,7,3,3753,Ingeniería de Alimentos,3,1,1
4,Thursday,T013,11,salon 4,3,1,Sede Principe,747,Matemática para finanzas,2,802013C,15:00:00,18:00:00,50,3,18,6,3841,Contaduría Publica,8,30,6
1,Monday,T078,13,salon 6,3,1,Sede Principe,226,Trabajo en Equipo,8,801181M,18:20:00,21:20:00,51,3,1,2,3845,Administracion de empresas,3,7,7
5,Friday,T125,21,salon 14,3,1,Sede Principe,1125,PROGRAMACIÓN DE OBRA Y LICITACIONES,7,502042C,10:00:00,13:00:00,50,3,5,4,3554,Construccion,10,34,2
2,Tuesday,T044,2,Salon 2,2,1,Sede Villa Campestre,818,Legislación laboral,4,801099C,18:20:00,21:20:00,50,3,23,2,3845,Administracion de empresas,5,15,7
1,Monday,T025,16,salon 9,3,1,Sede Principe,2,Matemáticas Básicas,1,111023C,10:00:00,13:00:00,50,3,2,1,3743,Ingeniería de Sistemas,3,2,2
2,Tuesday,T156,8,salon 1,3,1,Sede Principe,829,Estadística II para las ciencias de la administración,4,801104C,18:20:00,21:20:00,50,3,26,6,3841,Contaduría Publica,5,15,7
2,Tuesday,T131,17,salon 10,3,1,Sede Principe,625,Química de Alimentos I,3,745017C,14:00:00,17:00:00,50,3,7,3,3753,Ingeniería de Alimentos,6,13,5
2,Tuesday,T121,16,salon 9,3,1,Sede Principe,890,Inglés con fines generales y académicos III,5,204027C,14:00:00,18:00:00,50,4,7,3,3753,Ingeniería de Alimentos,5,13,5
2,Tuesday,T041,4,Salon 4,2,1,Sede Villa Campestre,704,Lectura Crítica,4,204024C,15:00:00,18:00:00,51,3,19,2,3845,Administracion de empresas,8,14,6
2,Tuesday,T121,8,salon 1,3,1,Sede Principe,1209,Inglés con Fines Generales y Académicos IV,6,204028C,09:00:00,13:00:00,50,4,20,11,3643,Nutricion y dietetica,9,11,3
1,Monday,T179,23,Sala De Sistemas 1	,3,1,Sede Principe,66,Taller de Ingeniería I,1,701002C,15:00:00,18:00:00,50,3,2,1,3743,Ingeniería de Sistemas,8,6,6
5,Friday,T142,3,Salon 3,2,1,Sede Villa Campestre,773,Contabilidad Pública,9,802026M,18:20:00,21:20:00,51,3,4,6,3841,Contaduría Publica,4,39,7
4,Thursday,T064,3,Salon 3,2,1,Sede Villa Campestre,686,Fundamentos de Mercadeo,7,801175M,18:20:00,21:20:00,50,3,1,2,3845,Administracion de empresas,6,31,7
3,Wednesday,T042,14,salon 7,3,1,Sede Principe,1032,Fisica + Laboratorio,3,106012C,18:20:00,22:20:00,50,4,30,12,2725,Tecnologia en Electronica Industrial,8,24,8
4,Thursday,T184,18,salon 11,3,1,Sede Principe,484,Introducción al Derecho y Constitucion política,2,801042C,07:00:00,10:00:00,52,3,5,4,3554,Construccion,7,25,1
1,Monday,T095,12,salon 5,3,1,Sede Principe,387,Introducción al derecho y constitución política ,1,801042C,18:20:00,21:20:00,52,3,18,6,3841,Contaduría Publica,4,7,7
5,Friday,T047,12,salon 5,3,1,Sede Principe,705,Inglés con fines generales y académicos II,4,204026C,07:00:00,11:00:00,55,4,19,2,3845,Administracion de empresas,6,33,1
5,Friday,T061,9,salon 2,3,1,Sede Principe,651,Talleres y Laboratorios de Ingeniería de Alimentos V ,7,745053M,14:00:00,18:00:00,51,4,16,3,3753,Ingeniería de Alimentos,4,37,5
6,Saturday,T128,16,salon 9,3,1,Sede Principe,685,Negocios Internacionales,7,801109M,15:00:00,18:00:00,50,3,1,2,3845,Administracion de empresas,4,46,6
2,Tuesday,T005,24,Sala De Sistemas 2,3,1,Sede Principe,558,Fundamentos de Programación Funcional y Concurrente,4,750013C,10:00:00,13:00:00,50,3,2,1,3743,Ingeniería de Sistemas,7,10,2
5,Friday,T111,12,salon 5,3,1,Sede Principe,195,Economía de Empresa,3,801088C,07:00:00,10:00:00,50,3,19,2,3845,Administracion de empresas,9,33,1
3,Wednesday,T090,10,Sala de Sistemas 3,3,1,Sede Principe,760,Procesos de Costos I,6,802084M,07:00:00,10:00:00,50,3,28,6,3841,Contaduría Publica,4,17,1
1,Monday,T183,4,Salon 4,2,1,Sede Villa Campestre,933,Legislación  Comercial,3,801058C,10:00:00,13:00:00,50,3,19,2,3845,Administracion de empresas,9,2,2
5,Friday,T224,24,Sala De Sistemas 2,3,1,Sede Principe,739,Inglés con fines generales y académicos II,4,204026C,14:00:00,18:00:00,54,4,18,6,3841,Contaduría Publica,8,37,5
2,Tuesday,T048,24,Sala De Sistemas 2,3,1,Sede Principe,66,Taller de Ingeniería I,1,701002C,07:00:00,10:00:00,52,3,2,1,3743,Ingeniería de Sistemas,4,9,1
4,Thursday,T053,17,salon 10,3,1,Sede Principe,598,Microprocesadores I,5,710204M,18:20:00,22:20:00,50,4,13,9,2710,Tecnología en Electronica,4,32,8
2,Tuesday,T027,1,Salon 1,2,1,Sede Villa Campestre,504,Teoria Sociológica I,2,207032M,14:00:00,17:00:00,51,3,6,5,3249,Trabajo social,8,13,5
6,Saturday,T007,11,salon 4,3,1,Sede Principe,464,Matematicas discretas II,3,750005C,08:00:00,12:00:00,50,4,14,8,2724,Tecnología en Desarrollo de Software,9,41,1
4,Thursday,T055,16,salon 9,3,1,Sede Principe,488,Electiva area profundización IV: Calidad y Productividad,10,801245M,18:20:00,21:20:00,50,3,1,2,3845,Administracion de empresas,3,31,7
5,Friday,T043,14,salon 7,3,1,Sede Principe,731,Macroeconomía y coyuntura,3,801069C,18:20:00,21:20:00,51,3,26,6,3841,Contaduría Publica,6,39,7
4,Thursday,T037,7,Sala De Sistemas 1,2,1,Sede Villa Campestre,881,Ingeniería económica,5,760016C,14:00:00,17:00:00,50,3,2,1,3743,Ingeniería de Sistemas,6,29,5
5,Friday,T062,2,Salon 2,2,1,Sede Villa Campestre,1100,Seguridad Social y Laboral,10,801132M,18:20:00,21:20:00,50,3,1,2,3845,Administracion de empresas,7,39,7
1,Monday,T044,14,salon 7,3,1,Sede Principe,734,Legislación Laboral,3,801099C,18:20:00,21:20:00,50,3,26,6,3841,Contaduría Publica,10,7,7
1,Monday,T118,5,Salon 5,2,1,Sede Villa Campestre,1304,Planificación de programas educativos en nutrición,7,605037C,09:00:00,12:00:00,50,3,20,11,3643,Nutricion y dietetica,10,3,3
2,Tuesday,T217,10,Sala de Sistemas 3,3,1,Sede Principe,949,INTRODUCCIÓN A LA GESTIÓN DE PROYECTOS DE SOFTWARE,6,750031C,07:00:00,10:00:00,50,3,14,8,2724,Tecnología en Desarrollo de Software,10,9,1
2,Tuesday,T072,3,Salon 3,2,1,Sede Villa Campestre,614,Cálculo Multivariable,3,111022C,07:00:00,09:00:00,55,2,7,3,3753,Ingeniería de Alimentos,8,9,1
5,Friday,T027,1,Salon 1,2,1,Sede Villa Campestre,271,Seminario De Monografía,8,207052M,07:00:00,10:00:00,50,3,6,5,3249,Trabajo social,3,33,1
4,Thursday,T003,15,Sala de Sistemas 4,3,1,Sede Principe,76,Matemáticas Discretas I,2,750004C,14:00:00,18:00:00,51,4,2,1,3743,Ingeniería de Sistemas,8,29,5
4,Thursday,T010,17,salon 10,3,1,Sede Principe,388,"Habilidades para la Vida: Descubriendo el Potencial del ser Emocional, Afectivo, Cognitivo y Social",1,999060M,15:00:00,18:00:00,51,3,18,6,3841,Contaduría Publica,3,30,6
6,Saturday,T009,25,Coliseo,2,1,Sede Villa Campestre,63,DEPORTE Y SALUD,1,404002C,07:00:00,10:00:00,52,3,2,1,3743,Ingeniería de Sistemas,6,41,1
3,Wednesday,T027,3,Salon 3,2,1,Sede Villa Campestre,192,Organización y Sociedad,3,801092C,14:00:00,17:00:00,50,3,19,2,3845,Administracion de empresas,9,21,5
5,Friday,T174,20,salon 13,3,1,Sede Principe,1045,TALLER CONSTRUCCIÓN DE INFRAESTRUCTURA URBANA II,6,502036C,14:00:00,18:00:00,50,4,5,4,3554,Construccion,9,37,5
4,Thursday,T164,8,salon 1,3,1,Sede Principe,1054,FISIOPATOLOGÍA HUMANA,4,605022C,10:00:00,13:00:00,50,3,20,11,3643,Nutricion y dietetica,9,26,2
4,Thursday,T058,4,Salon 4,2,1,Sede Villa Campestre,499,Individuo y Familia II,4,207012M,08:00:00,12:00:00,50,4,6,5,3249,Trabajo social,4,25,1
3,Wednesday,T160,13,salon 6,3,1,Sede Principe,130,Desarrollo de Software II,7,750092M,07:00:00,11:00:00,50,4,3,1,3743,Ingeniería de Sistemas,6,17,1
1,Monday,T102,8,salon 1,3,1,Sede Principe,1008,Proyecto Integrador I (Proyecto Tecnológico),6,750018C,14:00:00,18:00:00,50,4,2,1,3743,Ingeniería de Sistemas,7,5,5
2,Tuesday,T082,9,salon 2,3,1,Sede Principe,1068,Empaque para el Manejo de Alimentos,8,745031C,10:00:00,13:00:00,50,3,7,3,3753,Ingeniería de Alimentos,7,10,2
2,Tuesday,T033,2,Salon 2,2,1,Sede Villa Campestre,184,Pensamiento Clásico de la Administración y las Organizaciones ,2,801082C,18:20:00,21:20:00,50,3,23,2,3845,Administracion de empresas,3,16,8
5,Friday,T164,19,salon 12,3,1,Sede Principe,978,Fisiología General,3,605016C,10:00:00,12:00:00,50,2,20,11,3643,Nutricion y dietetica,6,34,2
6,Saturday,T019,18,salon 11,3,1,Sede Principe,936,Simulación y Computación Numérica,5,750016C,07:00:00,11:00:00,50,4,2,1,3743,Ingeniería de Sistemas,9,41,1
4,Thursday,T192,20,salon 13,3,1,Sede Principe,529,Taller de Representacion III,3,501009C,07:00:00,13:00:00,50,6,5,4,3554,Construccion,8,25,1
4,Thursday,T026,21,salon 14,3,1,Sede Principe,559,Probabilidad y Estadistica,4,761001C,14:00:00,18:00:00,50,4,2,1,3743,Ingeniería de Sistemas,7,29,5
3,Wednesday,T090,16,salon 9,3,1,Sede Principe,779,Procesos de Costos I,7,802084M,18:20:00,21:20:00,51,3,4,6,3841,Contaduría Publica,4,23,7
6,Saturday,T034,23,Sala De Sistemas 1	,3,1,Sede Principe,859,Fundamentos de Programación ,1,750011C,14:00:00,17:00:00,50,3,30,12,2725,Tecnologia en Electronica Industrial,8,45,5
1,Monday,T184,8,salon 1,3,1,Sede Principe,1059,"Seminario en Constitución, Legislación y Ética de la profesión",7,730026C,10:00:00,13:00:00,50,3,2,1,3743,Ingeniería de Sistemas,10,2,2
5,Friday,T106,9,salon 2,3,1,Sede Principe,1034,Probabilidad y Estadistica,3,761001C,18:20:00,22:20:00,51,4,30,12,2725,Tecnologia en Electronica Industrial,10,40,8
3,Wednesday,T003,16,salon 9,3,1,Sede Principe,76,Matemáticas Discretas I,2,750004C,08:00:00,12:00:00,51,4,2,1,3743,Ingeniería de Sistemas,10,17,1
1,Monday,T060,2,Salon 2,2,1,Sede Villa Campestre,136,Fundamentos de Gestión Tecnológica,8,760076M,10:00:00,13:00:00,50,3,3,1,3743,Ingeniería de Sistemas,4,2,2
2,Tuesday,T099,23,Sala De Sistemas 1	,3,1,Sede Principe,1061,Introducción a la Ciencia de los Datos,7,750025C,16:00:00,19:00:00,51,3,2,1,3743,Ingeniería de Sistemas,7,14,6
1,Monday,T120,12,salon 5,3,1,Sede Principe,609,Biologia + Laboratorio,1,102094C,08:00:00,12:00:00,50,4,7,3,3753,Ingeniería de Alimentos,6,1,1
4,Thursday,T193,2,Salon 2,2,1,Sede Villa Campestre,861,Taller de Representación IV - Gestión multimodal del dibujo ,4,501013C,10:00:00,13:00:00,50,3,5,4,3554,Construccion,7,26,2
3,Wednesday,T027,1,Salon 1,2,1,Sede Villa Campestre,511,Teoria Sociológica III,4,207072M,15:00:00,18:00:00,50,3,6,5,3249,Trabajo social,6,22,6
2,Tuesday,T087,5,Salon 5,2,1,Sede Villa Campestre,465,Sistemas operativos,3,750001C,07:00:00,10:00:00,51,3,14,8,2724,Tecnología en Desarrollo de Software,7,9,1
5,Friday,T103,4,Salon 4,2,1,Sede Villa Campestre,248,Antropología Social Y Cultural,3,207031M,14:00:00,17:00:00,50,3,6,5,3249,Trabajo social,3,37,5
5,Friday,T123,12,salon 5,3,1,Sede Principe,498,Constitución política,2,207008M,14:00:00,17:00:00,50,3,6,5,3249,Trabajo social,6,37,5
4,Thursday,T112,10,Sala de Sistemas 3,3,1,Sede Principe,1290,FISICA AMBIENTAL-AGROINDUSTRIA,3,106058C,14:00:00,17:00:00,50,3,33,13,3150,Agroindustria,10,29,5
2,Tuesday,T083,20,salon 13,3,1,Sede Principe,860,Taller de Representación II - Representar las ideas,2,501003C,07:00:00,13:00:00,51,6,5,4,3554,Construccion,5,9,1
2,Tuesday,T105,17,salon 10,3,1,Sede Principe,82,Cálculo Multivariable,3,111022C,10:00:00,13:00:00,54,3,2,1,3743,Ingeniería de Sistemas,9,10,2
3,Wednesday,T076,18,salon 11,3,1,Sede Principe,539,Ecuaciones Diferenciales,4,111026C,10:00:00,12:00:00,50,2,2,1,3743,Ingeniería de Sistemas,9,18,2
4,Thursday,T111,5,Salon 5,2,1,Sede Villa Campestre,394,Macroeconomía y coyuntura,3,801069C,18:20:00,21:20:00,51,3,18,6,3841,Contaduría Publica,4,31,7
2,Tuesday,T121,12,salon 5,3,1,Sede Principe,974,Inglés con fines generales y académicos I,3,204025C,14:00:00,18:00:00,53,4,20,11,3643,Nutricion y dietetica,8,13,5
3,Wednesday,T098,2,Salon 2,2,1,Sede Villa Campestre,713,"Introducción al Derecho y Constitución Política 
(Formación social y ciudadana) ",1,801042C,18:20:00,21:20:00,51,3,23,2,3845,Administracion de empresas,4,23,7
3,Wednesday,T062,6,Salon 6,2,1,Sede Villa Campestre,900,Metodología de la investigación contable,9,802042M,10:00:00,13:00:00,50,3,28,6,3841,Contaduría Publica,7,19,3
2,Tuesday,T234,10,Sala de Sistemas 3,3,1,Sede Principe,1220,HERRAMIENTAS PARA LA GESTIÓN DE PROYECTOS DE TECNOLOGÍAS DE LA INFORMACIÓN,9,750030C,10:00:00,13:00:00,51,3,2,1,3743,Ingeniería de Sistemas,9,10,2
6,Saturday,T110,9,salon 2,3,1,Sede Principe,496,Problemas Colombianos,2,207005M,08:00:00,11:00:00,50,3,6,5,3249,Trabajo social,8,41,1
2,Tuesday,T231,19,salon 12,3,1,Sede Principe,1296,FORMULACIÓN Y EVALUCIÓN DE PROYECTOS,9,502045C,14:00:00,17:00:00,50,3,5,4,3554,Construccion,10,13,5
4,Thursday,T062,6,Salon 6,2,1,Sede Villa Campestre,407,Proceso administrativo empresarial,7,801151M,07:00:00,10:00:00,50,3,28,6,3841,Contaduría Publica,3,25,1
5,Friday,T011,1,Salon 1,2,1,Sede Villa Campestre,741,Fundamentos de Economía y Comercio,2,801002C,10:00:00,13:00:00,50,3,18,6,3841,Contaduría Publica,10,34,2
3,Wednesday,T123,13,salon 6,3,1,Sede Principe,498,Constitución política,2,207008M,14:00:00,17:00:00,50,3,6,5,3249,Trabajo social,4,21,5
5,Friday,T111,9,salon 2,3,1,Sede Principe,699,Macroeconomía y Coyuntura ,2,801069C,07:00:00,10:00:00,51,3,19,2,3845,Administracion de empresas,10,33,1
4,Thursday,T102,23,Sala De Sistemas 1	,3,1,Sede Principe,133,Aplicaciones en el Web y Redes Inalámbricas,8,750087M,15:00:00,18:00:00,50,3,3,1,3743,Ingeniería de Sistemas,4,30,6
3,Wednesday,T176,24,Sala De Sistemas 2,3,1,Sede Principe,74,Fundamentos de  Programación Orientada a Objetos,2,750015C,07:00:00,10:00:00,52,3,2,1,3743,Ingeniería de Sistemas,9,17,1
3,Wednesday,T075,3,Salon 3,2,1,Sede Villa Campestre,1199,Acabados arquitectónicos,8,502049C,07:00:00,10:00:00,50,3,5,4,3554,Construccion,9,17,1
1,Monday,T063,4,Salon 4,2,1,Sede Villa Campestre,419,Introducción a las Ciencias Humanas,4,801156M,18:20:00,21:20:00,50,3,4,6,3841,Contaduría Publica,3,7,7
3,Wednesday,T011,12,salon 5,3,1,Sede Principe,660,Análisis Económico de Inversiones ,7,760102M,07:00:00,10:00:00,51,3,16,3,3753,Ingeniería de Alimentos,4,17,1
3,Wednesday,T072,2,Salon 2,2,1,Sede Villa Campestre,916,Álgebra lineal,2,111038C,08:00:00,10:00:00,52,2,7,3,3753,Ingeniería de Alimentos,10,17,1
3,Wednesday,T169,6,Salon 6,2,1,Sede Villa Campestre,999,Responsabilidad Social Empresarial y Sostenibilidad,5,801116C,18:20:00,21:20:00,50,3,23,2,3845,Administracion de empresas,8,23,7
3,Wednesday,T064,24,Sala De Sistemas 2,3,1,Sede Principe,910,Electiva Profundizacion IV: Mercadeo Virtual,9,801249M,15:00:00,18:00:00,50,3,25,2,3845,Administracion de empresas,5,22,6
2,Tuesday,T094,24,Sala De Sistemas 2,3,1,Sede Principe,67,Fundamentos de Programación Imperativa,1,750012C,07:00:00,10:00:00,54,3,2,1,3743,Ingeniería de Sistemas,5,9,1
4,Thursday,T098,4,Salon 4,2,1,Sede Villa Campestre,727,"Introducción al derecho y constitución política 
 (Formación social y ciudadana)",1,801042C,18:20:00,21:20:00,51,3,26,6,3841,Contaduría Publica,6,31,7
6,Saturday,T053,27,Laboratorio de Electronica,2,1,Sede Villa Campestre,953,Experimentación  en Electricidad,2,710019C,14:00:00,17:00:00,50,3,30,12,2725,Tecnologia en Electronica Industrial,9,45,5
5,Friday,T031,1,Salon 1,2,1,Sede Villa Campestre,273,Integración Metodológica I,8,207047M,07:00:00,09:00:00,50,2,6,5,3249,Trabajo social,6,33,1
4,Thursday,T196,24,Sala De Sistemas 2,3,1,Sede Principe,1141,PROYECTO INTEGRADOR II,8,750037C,14:00:00,18:00:00,50,4,2,1,3743,Ingeniería de Sistemas,9,29,5
5,Friday,T002,23,Sala De Sistemas 1	,3,1,Sede Principe,116,Sistemas Operativos,5,750008M,07:00:00,10:00:00,50,3,3,1,3743,Ingeniería de Sistemas,4,33,1
5,Friday,T105,17,salon 10,3,1,Sede Principe,72,Cálculo Monovariable,2,111021C,14:00:00,16:00:00,52,2,2,1,3743,Ingeniería de Sistemas,9,37,5
1,Monday,T227,9,salon 2,3,1,Sede Principe,1203,SEGURIDAD FINANCIERA Y DECISIONES RESPONSABLES,8,607010C,14:00:00,17:00:00,50,3,5,4,3554,Construccion,9,5,5
1,Monday,T017,27,Laboratorio de Electronica,2,1,Sede Villa Campestre,483,Fisica + Laboratorio,3,106012C,14:00:00,16:00:00,52,2,2,1,3743,Ingeniería de Sistemas,8,5,5
3,Wednesday,T100,7,Sala De Sistemas 1,2,1,Sede Villa Campestre,124,Fundamentos de Redes,6,750096M,15:00:00,18:00:00,50,3,3,1,3743,Ingeniería de Sistemas,3,22,6
1,Monday,T208,19,salon 12,3,1,Sede Principe,1137,"Principios de Nutrición , Alimentación, Salud",2,605010C,10:00:00,13:00:00,51,3,2,1,3743,Ingeniería de Sistemas,9,2,2
4,Thursday,T027,5,Salon 5,2,1,Sede Villa Campestre,506,Diseño Etnografico,6,207028M,08:00:00,12:00:00,50,4,6,5,3249,Trabajo social,10,25,1
3,Wednesday,T060,18,salon 11,3,1,Sede Principe,559,Probabilidad y Estadistica,4,761001C,08:00:00,12:00:00,53,4,2,1,3743,Ingeniería de Sistemas,8,17,1
2,Tuesday,T004,12,salon 5,3,1,Sede Principe,129,Introducción a la Inteligencia Artificial,7,750033M,09:00:00,13:00:00,50,4,3,1,3743,Ingeniería de Sistemas,6,11,3
6,Saturday,T043,1,Salon 1,2,1,Sede Villa Campestre,827,Economía de empresa,4,801088C,14:00:00,17:00:00,51,3,26,6,3841,Contaduría Publica,9,45,5
6,Saturday,T182,19,salon 12,3,1,Sede Principe,1252,HABILIDADES PARA LA VIDA: DESCUB. EL SER,10,603032C,15:00:00,18:00:00,53,3,7,3,3753,Ingeniería de Alimentos,9,45,5
5,Friday,T140,3,Salon 3,2,1,Sede Villa Campestre,503,Planeación Social,6,207024M,08:00:00,12:00:00,50,4,6,5,3249,Trabajo social,6,33,1
2,Tuesday,T048,24,Sala De Sistemas 2,3,1,Sede Principe,132,INTELIGENCIA ARTIFICIAL,8,750022C,10:00:00,13:00:00,51,3,3,1,3743,Ingeniería de Sistemas,4,10,2
3,Wednesday,T097,12,salon 5,3,1,Sede Principe,183,Álgebra lineal ,2,801017C,18:20:00,21:20:00,50,3,23,2,3845,Administracion de empresas,3,23,7
2,Tuesday,T027,3,Salon 3,2,1,Sede Villa Campestre,504,Teoria Sociológica I,2,207032M,10:00:00,13:00:00,50,3,6,5,3249,Trabajo social,6,10,2
3,Wednesday,T061,4,Salon 4,2,1,Sede Villa Campestre,311,Fundamentos de gestión tecnológica,8,760076M ,14:00:00,17:00:00,51,3,16,3,3753,Ingeniería de Alimentos,5,21,5
5,Friday,T106,16,salon 9,3,1,Sede Principe,1017,CONTROL E INSTRUMENTACIÓN DE LA INDUSTRIA ALIMENTARIA,5,710060C,10:00:00,13:00:00,50,3,7,3,3753,Ingeniería de Alimentos,8,34,2
2,Tuesday,T080,3,Salon 3,2,1,Sede Villa Campestre,663,Taller de Ingeniería de Alimentos II,3,745021C,09:00:00,13:00:00,50,4,7,3,3753,Ingeniería de Alimentos,8,11,3
2,Tuesday,T031,11,salon 4,3,1,Sede Principe,850,Introducción a la Practica,7,207025M,14:00:00,18:00:00,50,4,6,5,3249,Trabajo social,9,13,5
4,Thursday,T027,16,salon 9,3,1,Sede Principe,84,Taller de Escritura e Investigación,3,202009M,10:00:00,13:00:00,50,3,2,1,3743,Ingeniería de Sistemas,9,26,2
3,Wednesday,T027,1,Salon 1,2,1,Sede Villa Campestre,511,Teoria Sociológica III,4,207072M,10:00:00,13:00:00,50,3,6,5,3249,Trabajo social,4,19,3
2,Tuesday,T144,26,Laboratorio de Alimentos,2,1,Sede Villa Campestre,891,Taller de Ingeniería V,6,745024C,10:00:00,13:00:00,51,3,7,3,3753,Ingeniería de Alimentos,5,10,2
6,Saturday,T009,25,Coliseo,2,1,Sede Villa Campestre,471,DEPORTE Y SALUD,2,404002C,10:00:00,13:00:00,53,3,29,8,2724,Tecnología en Desarrollo de Software,7,42,2
4,Thursday,T025,11,salon 4,3,1,Sede Principe,615,Matemáticas Básicas,1,111023C,14:00:00,16:00:00,54,2,7,3,3753,Ingeniería de Alimentos,6,29,5
2,Tuesday,T098,14,salon 7,3,1,Sede Principe,1033,"Seminario en Constitución, Legislación y Ética de la profesión",3,730026C,18:20:00,21:20:00,51,3,30,12,2725,Tecnologia en Electronica Industrial,8,15,7
6,Saturday,T051,18,salon 11,3,1,Sede Principe,435,Metodología de Investigación Contable,10,802042M,13:00:00,16:00:00,52,3,4,6,3841,Contaduría Publica,5,44,4
1,Monday,T031,12,salon 5,3,1,Sede Principe,273,Integración Metodológica I,8,207047M,08:00:00,10:00:00,50,2,6,5,3249,Trabajo social,3,1,1
3,Wednesday,T041,10,Sala de Sistemas 3,3,1,Sede Principe,478,Compresión y producción de textos académicos generales,2,204402M,07:00:00,10:00:00,53,3,7,3,3753,Ingeniería de Alimentos,3,17,1
5,Friday,T093,4,Salon 4,2,1,Sede Villa Campestre,430,Software y Procesos Contables,8,802099M,18:20:00,21:20:00,51,3,4,6,3841,Contaduría Publica,3,39,7
3,Wednesday,T190,9,salon 2,3,1,Sede Principe,1052,ANTROPOLOGÍA ALIMENTARIA,4,605021C,10:00:00,13:00:00,50,3,20,11,3643,Nutricion y dietetica,7,18,2
5,Friday,T018,6,Salon 6,2,1,Sede Villa Campestre,1103,Violencia familiar,7,207950,07:00:00,10:00:00,50,3,6,5,3249,Trabajo social,7,33,1
5,Friday,T133,20,salon 13,3,1,Sede Principe,529,Taller de Representacion III,3,501009C,07:00:00,13:00:00,51,6,5,4,3554,Construccion,4,33,1
4,Thursday,T157,3,Salon 3,2,1,Sede Villa Campestre,210,Estrategia y Planeación,6,801173M,18:20:00,21:20:00,50,3,1,2,3845,Administracion de empresas,5,31,7
1,Monday,T060,2,Salon 2,2,1,Sede Villa Campestre,131,Teoría General de Sistemas,7,760081M,07:00:00,10:00:00,50,3,3,1,3743,Ingeniería de Sistemas,6,1,1
1,Monday,T158,14,salon 7,3,1,Sede Principe,882,Desarrollo de software I,5,750009C,14:00:00,17:00:00,52,3,2,1,3743,Ingeniería de Sistemas,8,5,5
5,Friday,T176,24,Sala De Sistemas 2,3,1,Sede Principe,67,Fundamentos de Programación Imperativa,1,750012C,10:00:00,13:00:00,52,3,2,1,3743,Ingeniería de Sistemas,9,34,2
2,Tuesday,T013,16,salon 9,3,1,Sede Principe,747,Matemática para finanzas,2,802013C,07:00:00,10:00:00,51,3,18,6,3841,Contaduría Publica,6,9,1
1,Monday,T057,14,salon 7,3,1,Sede Principe,620,Inserción a la Vida Universitaria,1,701001C,16:00:00,18:00:00,50,2,7,3,3753,Ingeniería de Alimentos,6,6,6
3,Wednesday,T181,7,Sala De Sistemas 1,2,1,Sede Villa Campestre,787,Sistemas operativos,4,750001C,07:00:00,10:00:00,50,3,2,1,3743,Ingeniería de Sistemas,6,17,1
1,Monday,T118,8,salon 1,3,1,Sede Principe,703,"Principios de Nutrición , Alimentación, Salud",2,605010C,14:00:00,17:00:00,51,3,19,2,3845,Administracion de empresas,4,5,5
5,Friday,T029,3,Salon 3,2,1,Sede Villa Campestre,122,Introducción a la Gestión Ambiental,6,730107M,14:00:00,17:00:00,50,3,3,1,3743,Ingeniería de Sistemas,3,37,5
5,Friday,T078,13,salon 6,3,1,Sede Principe,186,Diseño Organizacional ,2,801079C,18:20:00,21:20:00,50,3,23,2,3845,Administracion de empresas,3,39,7
3,Wednesday,T242,8,salon 1,3,1,Sede Principe,939,COMPRENSIÓN Y PRODUCCIÓN DE TEXTOS ACADÉMICOS GENERALES,3,204133C,18:20:00,21:20:00,51,3,29,8,2724,Tecnología en Desarrollo de Software,10,23,7
4,Thursday,T043,13,salon 6,3,1,Sede Principe,744,Economía de empresa,4,801088C,10:00:00,13:00:00,50,3,18,6,3841,Contaduría Publica,4,26,2
2,Tuesday,T079,6,Salon 6,2,1,Sede Villa Campestre,384,Fundamentos de contabilidad ,1,802004C,15:00:00,18:00:00,50,3,18,6,3841,Contaduría Publica,7,14,6
4,Thursday,T055,15,Sala de Sistemas 4,3,1,Sede Principe,673,Gerencia de la Calidad,8,801185M,07:00:00,10:00:00,50,3,25,2,3845,Administracion de empresas,6,25,1
3,Wednesday,T099,23,Sala De Sistemas 1	,3,1,Sede Principe,1061,Introducción a la Ciencia de los Datos,7,750025C,15:00:00,18:00:00,50,3,2,1,3743,Ingeniería de Sistemas,9,22,6
3,Wednesday,T058,2,Salon 2,2,1,Sede Villa Campestre,250,Individuo Y Familia I,3,207011M,08:00:00,12:00:00,50,4,6,5,3249,Trabajo social,5,17,1
4,Thursday,T061,8,salon 1,3,1,Sede Principe,872,Química de los alimentos,2,605013C,14:00:00,18:00:00,50,4,20,11,3643,Nutricion y dietetica,5,29,5
2,Tuesday,T158,1,Salon 1,2,1,Sede Villa Campestre,948,Desarrollo de Software III,6,750027C,07:00:00,10:00:00,50,3,14,8,2724,Tecnología en Desarrollo de Software,6,9,1
1,Monday,T099,1,Salon 1,2,1,Sede Villa Campestre,125,Desarrollo de Software I,6,750091M,15:00:00,18:00:00,50,3,3,1,3743,Ingeniería de Sistemas,3,6,6
5,Friday,T113,15,Sala de Sistemas 4,3,1,Sede Principe,786,Algebra Lineal,2,111038C,11:00:00,14:00:00,51,3,2,1,3743,Ingeniería de Sistemas,6,34,2
4,Thursday,T176,18,salon 11,3,1,Sede Principe,883,Análilsis y Diseño de Algoritmos I,5,750008C,14:00:00,18:00:00,51,4,2,1,3743,Ingeniería de Sistemas,9,29,5
3,Wednesday,T081,1,Salon 1,2,1,Sede Villa Campestre,320,Construcción de Edificaciones I,2,502011C,07:00:00,10:00:00,50,3,5,4,3554,Construccion,10,17,1
1,Monday,T025,11,salon 4,3,1,Sede Principe,615,Matemáticas Básicas,1,111023C,14:00:00,17:00:00,52,3,7,3,3753,Ingeniería de Alimentos,4,5,5
1,Monday,T081,20,salon 13,3,1,Sede Principe,321,Taller Construcción de edificaciones  I,2,502013C,14:00:00,18:00:00,50,4,5,4,3554,Construccion,9,5,5
5,Friday,T105,12,salon 5,3,1,Sede Principe,82,Cálculo Multivariable,3,111022C,16:00:00,18:00:00,50,2,2,1,3743,Ingeniería de Sistemas,3,37,5
4,Thursday,T013,4,Salon 4,2,1,Sede Villa Campestre,411,Matemática para finanzas ,2,802013C,18:20:00,21:20:00,50,3,26,6,3841,Contaduría Publica,7,31,7
4,Thursday,T068,3,Salon 3,2,1,Sede Villa Campestre,917,Taller de Ingeniería de Alimentos III,4,745022C,10:00:00,13:00:00,51,3,7,3,3753,Ingeniería de Alimentos,7,26,2
1,Monday,T039,2,Salon 2,2,1,Sede Villa Campestre,930,"Humanismo, pensamiento administrativo y organizaciones",5,801126C,18:20:00,21:20:00,50,3,23,2,3845,Administracion de empresas,6,7,7
3,Wednesday,T053,3,Salon 3,2,1,Sede Villa Campestre,1113,SISTEMAS EMBEBIDOS,4,710022C,18:20:00,22:20:00,50,4,30,12,2725,Tecnologia en Electronica Industrial,9,24,8
4,Thursday,T234,10,Sala de Sistemas 3,3,1,Sede Principe,460,Taller Tecnológico I,1,701006C,14:00:00,17:00:00,50,3,14,8,2724,Tecnología en Desarrollo de Software,9,29,5
1,Monday,T113,20,salon 13,3,1,Sede Principe,536,Álgebra lineal y ecuaciones diferenciales.,3,502022C,08:00:00,11:00:00,50,3,5,4,3554,Construccion,4,1,1
4,Thursday,T214,19,salon 12,3,1,Sede Principe,530,Matemáticas aplicadas a la edificación,1,502001C,08:00:00,11:00:00,50,3,5,4,3554,Construccion,8,27,3
2,Tuesday,T053,19,salon 12,3,1,Sede Principe,450,Microprocesadores II,6,710209M,18:20:00,22:20:00,50,4,13,9,2710,Tecnología en Electronica,5,16,8
2,Tuesday,T079,6,Salon 6,2,1,Sede Villa Campestre,735,Fundamentos de contabilidad,1,802004C,18:20:00,21:20:00,50,3,26,6,3841,Contaduría Publica,8,15,7
2,Tuesday,T092,20,salon 13,3,1,Sede Principe,514,Niñez y Trabajo Social,9,207111M,14:00:00,17:00:00,50,3,6,5,3249,Trabajo social,7,13,5
4,Thursday,T007,12,salon 5,3,1,Sede Principe,844,Análilsis y Diseño de Algoritmos I,4,750008C,18:20:00,22:20:00,50,4,29,8,2724,Tecnología en Desarrollo de Software,9,32,8
5,Friday,T179,23,Sala De Sistemas 1	,3,1,Sede Principe,66,Taller de Ingeniería I,1,701002C,15:00:00,18:00:00,51,3,2,1,3743,Ingeniería de Sistemas,9,38,6
4,Thursday,T066,6,Salon 6,2,1,Sede Villa Campestre,930,"Humanismo, pensamiento administrativo y organizaciones",5,801126C,18:20:00,21:20:00,50,3,23,2,3845,Administracion de empresas,10,31,7
2,Tuesday,T015,2,Salon 2,2,1,Sede Villa Campestre,987,"IMPUESTO A LA RENTA Y COMPLEMENTARIOS, IMPUESTO AL PATRIMONIO",6,802047C,15:00:00,18:00:00,50,3,18,6,3841,Contaduría Publica,8,14,6
1,Monday,T185,16,salon 9,3,1,Sede Principe,82,Cálculo Multivariable,3,111022C,14:00:00,17:00:00,50,3,2,1,3743,Ingeniería de Sistemas,10,5,5
4,Thursday,T006,7,Sala De Sistemas 1,2,1,Sede Villa Campestre,1063,Desarrollo de Aplicaciones para Dispositivos Móviles,7,750026C,07:00:00,10:00:00,52,3,2,1,3743,Ingeniería de Sistemas,8,25,1
6,Saturday,T070,11,salon 4,3,1,Sede Principe,413,Comprensión y producción de textos académicos generales,2,204402M,14:00:00,17:00:00,52,3,26,6,3841,Contaduría Publica,3,45,5
1,Monday,T172,20,salon 13,3,1,Sede Principe,965,Taller Instalaciones Electrónicas y de Comunicación,5,502029C,08:00:00,12:00:00,50,4,5,4,3554,Construccion,6,1,1
2,Tuesday,T007,8,salon 1,3,1,Sede Principe,792,Matemáticas Discretas II,3,750005C,18:20:00,22:20:00,50,4,29,8,2724,Tecnología en Desarrollo de Software,10,16,8
4,Thursday,T018,1,Salon 1,2,1,Sede Villa Campestre,243,Desarrollo De La Personalidad I,1,207009M,07:00:00,10:00:00,50,3,6,5,3249,Trabajo social,3,25,1
4,Thursday,T030,1,Salon 1,2,1,Sede Villa Campestre,993,Legislación  Comercial,3,801058C,18:20:00,21:20:00,50,3,23,2,3845,Administracion de empresas,6,31,7
3,Wednesday,T058,3,Salon 3,2,1,Sede Villa Campestre,250,Individuo Y Familia I,3,207011M,08:00:00,12:00:00,50,4,6,5,3249,Trabajo social,7,17,1
1,Monday,T053,1,Salon 1,2,1,Sede Villa Campestre,601,Instrumentación Electrónica básica,7,710190M,18:20:00,22:20:00,50,4,13,9,2710,Tecnología en Electronica,4,8,8
6,Saturday,T034,7,Sala De Sistemas 1,2,1,Sede Villa Campestre,859,Fundamentos de Programación ,1,750011C,14:00:00,17:00:00,50,3,30,12,2725,Tecnologia en Electronica Industrial,9,45,5
5,Friday,T102,15,Sala de Sistemas 4,3,1,Sede Principe,485,Introducción a las Tecnologias,1,701005C,13:00:00,15:00:00,51,2,14,8,2724,Tecnología en Desarrollo de Software,7,36,4
1,Monday,T045,17,salon 10,3,1,Sede Principe,214,Gestión Financiera y Presupuestos,6,802100M,18:20:00,21:20:00,50,3,1,2,3845,Administracion de empresas,3,7,7
2,Tuesday,T048,10,Sala de Sistemas 3,3,1,Sede Principe,132,INTELIGENCIA ARTIFICIAL,8,750022C,10:00:00,13:00:00,51,3,3,1,3743,Ingeniería de Sistemas,5,10,2
4,Thursday,T061,26,Laboratorio de Alimentos,2,1,Sede Villa Campestre,872,Química de los alimentos,2,605013C,14:00:00,16:00:00,50,2,20,11,3643,Nutricion y dietetica,9,29,5
3,Wednesday,T068,4,Salon 4,2,1,Sede Villa Campestre,1184,INTRODUCCIÓN A LA AGROINDUSTRIA,1,106046C,08:00:00,12:00:00,50,4,33,13,3150,Agroindustria,10,17,1
3,Wednesday,T013,18,salon 11,3,1,Sede Principe,746,Estadística II para las ciencias de la administración,4,801104C,07:00:00,10:00:00,51,3,18,6,3841,Contaduría Publica,4,17,1
6,Saturday,T119,14,salon 7,3,1,Sede Principe,889,Gestión de la calidad e inocuidad de los alimentos,6,745008C,08:00:00,11:00:00,50,3,7,3,3753,Ingeniería de Alimentos,5,41,1
3,Wednesday,T105,17,salon 10,3,1,Sede Principe,459,Matemáticas Básicas,1,111023C,07:00:00,10:00:00,51,3,14,8,2724,Tecnología en Desarrollo de Software,3,17,1
6,Saturday,T114,24,Sala De Sistemas 2,3,1,Sede Principe,1066,Ingeneiría de Procesamiento I,8,745009C,08:00:00,10:00:00,50,2,7,3,3753,Ingeniería de Alimentos,9,41,1
2,Tuesday,T061,26,Laboratorio de Alimentos,2,1,Sede Villa Campestre,1145,proyecto de ingeniería I,9,745015C,14:00:00,18:00:00,50,4,7,3,3753,Ingeniería de Alimentos,10,13,5
3,Wednesday,T013,10,Sala de Sistemas 3,3,1,Sede Principe,724,Matemática para Finanzas,3,802013C,18:20:00,21:20:00,50,3,23,2,3845,Administracion de empresas,6,24,8
3,Wednesday,T011,7,Sala De Sistemas 1,2,1,Sede Villa Campestre,1148,Administración de proyectos,9,760017C,14:00:00,17:00:00,50,3,7,3,3753,Ingeniería de Alimentos,10,21,5
1,Monday,T017,13,salon 6,3,1,Sede Principe,483,Fisica + Laboratorio,3,106012C,12:00:00,18:00:00,50,6,2,1,3743,Ingeniería de Sistemas,4,2,2
5,Friday,T006,24,Sala De Sistemas 2,3,1,Sede Principe,127,Computación Gráfica,7,750006M,15:00:00,18:00:00,50,3,3,1,3743,Ingeniería de Sistemas,4,38,6
4,Thursday,T017,27,Laboratorio de Electronica,2,1,Sede Villa Campestre,119,Experimentación Fisica II,5,106071M,14:00:00,17:00:00,50,3,3,1,3743,Ingeniería de Sistemas,6,29,5
6,Saturday,T235,16,salon 9,3,1,Sede Principe,1223,INTRODUCCIÓN AL PROCESAMIENTO DE LENGUAJE NATURAL,9,750108M,07:00:00,10:00:00,50,3,2,1,3743,Ingeniería de Sistemas,9,41,1
3,Wednesday,T031,9,salon 2,3,1,Sede Principe,258,Metodología De Trabajo Con Grupos II,5, 207018M,14:00:00,18:00:00,51,4,6,5,3249,Trabajo social,3,21,5
1,Monday,T017,17,salon 10,3,1,Sede Principe,483,Fisica + Laboratorio,3,106012C,10:00:00,13:00:00,53,3,2,1,3743,Ingeniería de Sistemas,8,2,2
4,Thursday,T029,11,salon 4,3,1,Sede Principe,835,Impactos ambientales,5,701004C,14:00:00,17:00:00,50,3,14,8,2724,Tecnología en Desarrollo de Software,5,29,5
1,Monday,T060,2,Salon 2,2,1,Sede Villa Campestre,131,Teoría General de Sistemas,7,760081M,07:00:00,10:00:00,50,3,3,1,3743,Ingeniería de Sistemas,4,1,1
1,Monday,T093,20,salon 13,3,1,Sede Principe,406,Software y procesos contables,7,802099M,14:00:00,17:00:00,50,3,28,6,3841,Contaduría Publica,5,5,5
4,Thursday,T018,3,Salon 3,2,1,Sede Villa Campestre,501,Desarrollo de la Personalidad II,2,207014M,10:00:00,13:00:00,50,3,6,5,3249,Trabajo social,6,26,2
3,Wednesday,T091,3,Salon 3,2,1,Sede Villa Campestre,607,Física II + Laboratorio,3,106009C,07:00:00,10:00:00,50,3,7,3,3753,Ingeniería de Alimentos,6,17,1
2,Tuesday,T152,11,salon 4,3,1,Sede Principe,1048,PROBABILIDAD Y ESTADÍSTICA,6,761005C,14:00:00,18:00:00,53,4,5,4,3554,Construccion,7,13,5
4,Thursday,T034,23,Sala De Sistemas 1	,3,1,Sede Principe,708,Modelos y Simulación de datos para las organizaciones,4,801105C,14:00:00,17:00:00,50,3,19,2,3845,Administracion de empresas,6,29,5
6,Saturday,T043,11,salon 4,3,1,Sede Principe,1087,Leadership,6,801134C,14:00:00,17:00:00,50,3,23,2,3845,Administracion de empresas,7,45,5
1,Monday,T105,14,salon 7,3,1,Sede Principe,72,Cálculo Monovariable,2,111021C,15:00:00,18:00:00,50,3,2,1,3743,Ingeniería de Sistemas,7,6,6
1,Monday,T153,13,salon 6,3,1,Sede Principe,423,Fundamentos de costos,8,802091M,18:20:00,21:20:00,50,3,4,6,3841,Contaduría Publica,7,8,8
5,Friday,T131,13,salon 6,3,1,Sede Principe,520,QuÍmica general + Laboratorio,1,116017C,08:00:00,12:00:00,50,4,20,11,3643,Nutricion y dietetica,10,33,1
3,Wednesday,T009,25,Coliseo,2,1,Sede Villa Campestre,1119,DEPORTE FORMATIVO,1,404032C,07:00:00,09:00:00,50,2,5,4,3554,Construccion,9,17,1
3,Wednesday,T067,8,salon 1,3,1,Sede Principe,221,Comercio Exterior,7,801062M,15:00:00,18:00:00,51,3,25,2,3845,Administracion de empresas,5,21,5
3,Wednesday,T143,9,salon 2,3,1,Sede Principe,963,Construcción de Infraestructura Urbana I,5,502030C,09:00:00,12:00:00,50,3,5,4,3554,Construccion,6,19,3
6,Saturday,T050,13,salon 6,3,1,Sede Principe,236,Historia De Colombia Con Énfasis Social,1, 207103M,08:00:00,11:00:00,50,3,6,5,3249,Trabajo social,3,41,1
5,Friday,T081,1,Salon 1,2,1,Sede Villa Campestre,320,Construcción de Edificaciones I,2,502011C,07:00:00,10:00:00,50,3,5,4,3554,Construccion,7,33,1
2,Tuesday,T081,20,salon 13,3,1,Sede Principe,1122,CONSTRUCCIONES SISMO RESISTENTES,7,502038C,15:00:00,18:00:00,50,3,5,4,3554,Construccion,10,14,6
1,Monday,T057,11,salon 4,3,1,Sede Principe,620,Inserción a la Vida Universitaria,1,701001C,10:00:00,12:00:00,51,2,7,3,3753,Ingeniería de Alimentos,4,2,2
3,Wednesday,T102,14,salon 7,3,1,Sede Principe,130,Desarrollo de Software II,7,750092M,07:00:00,11:00:00,50,4,3,1,3743,Ingeniería de Sistemas,5,17,1
5,Friday,T131,13,salon 6,3,1,Sede Principe,625,Química de Alimentos I,3,745017C,14:00:00,17:00:00,50,3,7,3,3753,Ingeniería de Alimentos,4,37,5
4,Thursday,T085,10,Sala de Sistemas 3,3,1,Sede Principe,730,Taller de habilidades informáticas para la gestión (Científico tecnológico),1,801044C,18:20:00,21:20:00,50,3,26,6,3841,Contaduría Publica,4,31,7
4,Thursday,T031,4,Salon 4,2,1,Sede Villa Campestre,273,Integración Metodológica I,8,207047M,10:00:00,12:00:00,50,2,6,5,3249,Trabajo social,10,26,2
6,Saturday,T111,16,salon 9,3,1,Sede Principe,721,Economía de Empresa,3,801088C,17:00:00,20:00:00,51,3,23,2,3845,Administracion de empresas,6,46,6
4,Thursday,T004,14,salon 7,3,1,Sede Principe,1010,INTELIGENCIA ARTIFICIAL,6,750022C,07:00:00,09:00:00,50,2,2,1,3743,Ingeniería de Sistemas,6,25,1
4,Thursday,T094,23,Sala De Sistemas 1	,3,1,Sede Principe,462,Fundamentos de Programación Imperativa,1,750012C,13:00:00,16:00:00,53,3,14,8,2724,Tecnología en Desarrollo de Software,7,28,4
2,Tuesday,T119,3,Salon 3,2,1,Sede Villa Campestre,659,AEP V Gestión de la Inocuidad,9,745075M,18:20:00,21:20:00,51,3,16,3,3753,Ingeniería de Alimentos,6,15,7
5,Friday,T080,14,salon 7,3,1,Sede Principe,622,Introducción a la Ingeniería,1,701003C,10:00:00,12:00:00,51,2,7,3,3753,Ingeniería de Alimentos,9,34,2
5,Friday,T001,10,Sala de Sistemas 3,3,1,Sede Principe,541,Bases de datos,4,750006C,08:00:00,09:00:00,50,1,2,1,3743,Ingeniería de Sistemas,7,33,1
4,Thursday,T006,15,Sala de Sistemas 4,3,1,Sede Principe,859,Fundamentos de Programación ,1,750011C,18:20:00,21:20:00,50,3,30,12,2725,Tecnologia en Electronica Industrial,10,31,7
1,Monday,T060,21,salon 14,3,1,Sede Principe,1039,Proyecto Integrador I (Proyecto Tecnológico),6,750018C,18:20:00,22:20:00,52,4,29,8,2724,Tecnología en Desarrollo de Software,7,8,8
6,Saturday,T093,15,Sala de Sistemas 4,3,1,Sede Principe,737,Contabilidad de los recursos y obligaciones de largo plazo y patrimonio,3,802015C,18:20:00,21:20:00,50,3,26,6,3841,Contaduría Publica,4,47,7
1,Monday,T047,19,salon 12,3,1,Sede Principe,912,Inglés con fines generales y académicos II,4,204357M,07:00:00,11:00:00,50,4,6,5,3249,Trabajo social,5,1,1
2,Tuesday,T074,6,Salon 6,2,1,Sede Villa Campestre,691,Electiva area profundización II: Metodología de la Investigación,9,801051M,18:20:00,21:20:00,50,3,1,2,3845,Administracion de empresas,4,15,7
3,Wednesday,T041,3,Salon 3,2,1,Sede Villa Campestre,1270,Ciencias Sociales y ciudadanias,9,201002C,18:20:00,21:20:00,50,3,26,6,3841,Contaduría Publica,10,23,7
3,Wednesday,T027,21,salon 14,3,1,Sede Principe,512,Estadística Social II,6,207087M,14:00:00,17:00:00,50,3,6,5,3249,Trabajo social,10,21,5
4,Thursday,T008,4,Salon 4,2,1,Sede Villa Campestre,134,Seminario de Proyecto de Grado,8,750097M,07:00:00,08:00:00,50,1,3,1,3743,Ingeniería de Sistemas,5,25,1
1,Monday,T057,15,Sala de Sistemas 4,3,1,Sede Principe,461,Inserción a la Vida Universitaria,1,701001C,18:20:00,20:20:00,50,2,14,8,2724,Tecnología en Desarrollo de Software,4,7,7
3,Wednesday,T102,8,salon 1,3,1,Sede Principe,1008,Proyecto Integrador I (Proyecto Tecnológico),6,750018C,08:00:00,12:00:00,50,4,2,1,3743,Ingeniería de Sistemas,10,17,1
2,Tuesday,T061,1,Salon 1,2,1,Sede Villa Campestre,298,Aseguram. de la calidad Ind. de Alimentos,6,745035M ,10:00:00,13:00:00,50,3,16,3,3753,Ingeniería de Alimentos,3,10,2
2,Tuesday,T074,15,Sala de Sistemas 4,3,1,Sede Principe,179,Proceso administrativo ,1,801043C,09:00:00,12:00:00,51,3,19,2,3845,Administracion de empresas,5,11,3
3,Wednesday,T072,6,Salon 6,2,1,Sede Villa Campestre,614,Cálculo Multivariable,3,111022C,07:00:00,09:00:00,50,2,7,3,3753,Ingeniería de Alimentos,4,17,1
2,Tuesday,T027,2,Salon 2,2,1,Sede Villa Campestre,504,Teoria Sociológica I,2,207032M,14:00:00,17:00:00,51,3,6,5,3249,Trabajo social,4,13,5
4,Thursday,T094,7,Sala De Sistemas 1,2,1,Sede Villa Campestre,67,Fundamentos de Programación Imperativa,1,750012C,15:00:00,18:00:00,53,3,2,1,3743,Ingeniería de Sistemas,9,30,6
5,Friday,T105,17,salon 10,3,1,Sede Principe,72,Cálculo Monovariable,2,111021C,14:00:00,16:00:00,52,2,2,1,3743,Ingeniería de Sistemas,10,37,5
6,Saturday,T066,11,salon 4,3,1,Sede Principe,976,"Humanismo, pensamiento administrativo y organizaciones",5,801126C,14:00:00,17:00:00,51,3,26,6,3841,Contaduría Publica,6,45,5
5,Friday,T062,2,Salon 2,2,1,Sede Villa Campestre,988,PRESUPUESTOS,6,802049C,10:00:00,13:00:00,50,3,18,6,3841,Contaduría Publica,10,34,2
1,Monday,T185,15,Sala de Sistemas 4,3,1,Sede Principe,459,Matemáticas Básicas,1,111023C,16:00:00,18:00:00,52,2,14,8,2724,Tecnología en Desarrollo de Software,7,6,6
5,Friday,T131,12,salon 5,3,1,Sede Principe,887,Química de Alimentos II,4,745018C,10:00:00,13:00:00,50,3,7,3,3753,Ingeniería de Alimentos,7,34,2
4,Thursday,T068,2,Salon 2,2,1,Sede Villa Campestre,305,Deshidratación de Alimentos,8,745029M,07:00:00,10:00:00,50,3,16,3,3753,Ingeniería de Alimentos,3,25,1
4,Thursday,T102,8,salon 1,3,1,Sede Principe,454,Diseño de Interfaces de Usuario,5,750093M,14:00:00,17:00:00,50,3,21,8,2724,Tecnología en Desarrollo de Software,3,29,5
3,Wednesday,T081,20,salon 13,3,1,Sede Principe,533,Taller Construcción de edificaciones  II,3,502018C,14:00:00,18:00:00,50,4,5,4,3554,Construccion,8,21,5
1,Monday,T105,14,salon 7,3,1,Sede Principe,72,Cálculo Monovariable,2,111021C,07:00:00,09:00:00,53,2,2,1,3743,Ingeniería de Sistemas,8,1,1
5,Friday,T167,20,salon 13,3,1,Sede Principe,1021,BIOPROCESOS + LABORATORIO,7,745006C,14:00:00,17:00:00,50,3,7,3,3753,Ingeniería de Alimentos,8,37,5
5,Friday,T006,24,Sala De Sistemas 2,3,1,Sede Principe,127,Computación Gráfica,7,750006M,15:00:00,18:00:00,50,3,3,1,3743,Ingeniería de Sistemas,6,38,6
3,Wednesday,T147,7,Sala De Sistemas 1,2,1,Sede Villa Campestre,133,Aplicaciones en el Web y Redes Inalámbricas,8,750087M,06:00:00,09:00:00,50,3,3,1,3743,Ingeniería de Sistemas,5,50,9
4,Thursday,T164,6,Salon 6,2,1,Sede Villa Campestre,874,Anatomía,2,604007C,08:00:00,11:00:00,50,3,20,11,3643,Nutricion y dietetica,7,25,1
5,Friday,T189,9,salon 2,3,1,Sede Principe,982,Bioquímica,3,605018C,08:00:00,12:00:00,50,4,20,11,3643,Nutricion y dietetica,8,33,1
6,Saturday,T165,13,salon 6,3,1,Sede Principe,812,Lectura Crítica,4,204024C,17:00:00,20:00:00,50,3,23,2,3845,Administracion de empresas,9,66,11
1,Monday,T033,11,salon 4,3,1,Sede Principe,186,Diseño Organizacional ,2,801079C,18:20:00,21:20:00,50,3,23,2,3845,Administracion de empresas,5,7,7
3,Wednesday,T013,10,Sala de Sistemas 3,3,1,Sede Principe,1098,Evaluación financiera de proyectos,7,802041C,15:00:00,18:00:00,50,3,19,2,3845,Administracion de empresas,7,22,6
1,Monday,T100,23,Sala De Sistemas 1	,3,1,Sede Principe,466,Bases de datos,3,750006C,14:00:00,18:00:00,51,4,14,8,2724,Tecnología en Desarrollo de Software,7,5,5
6,Saturday,T201,17,salon 10,3,1,Sede Principe,1077,"Auditoría, riesgos y aseguramiento",6,802039C,17:00:00,20:00:00,50,3,26,6,3841,Contaduría Publica,7,46,6
1,Monday,T192,20,salon 13,3,1,Sede Principe,964,Sistema de Control Ambiental e Instalaciones I,5,502027C,14:00:00,17:00:00,50,3,5,4,3554,Construccion,8,5,5
3,Wednesday,T113,14,salon 7,3,1,Sede Principe,786,Algebra Lineal,2,111038C,10:00:00,12:00:00,51,2,2,1,3743,Ingeniería de Sistemas,8,18,2
2,Tuesday,T145,19,salon 12,3,1,Sede Principe,950,COMPRENSIÓN Y PRODUCCIÓN DE TEXTOS ACADÉMICOS GENERALES,1,204133C,18:20:00,21:20:00,52,3,30,12,2725,Tecnologia en Electronica Industrial,10,15,7
4,Thursday,T003,24,Sala De Sistemas 2,3,1,Sede Principe,67,Fundamentos de Programación Imperativa,1,750012C,09:00:00,12:00:00,51,3,2,1,3743,Ingeniería de Sistemas,4,27,3
3,Wednesday,T177,8,salon 1,3,1,Sede Principe,1029,INNOVACIÓN Y EMPRENDIMIENTO EMPRESARIAL,6,750032C,06:00:00,09:00:00,50,3,14,8,2724,Tecnología en Desarrollo de Software,6,63,12
2,Tuesday,T145,13,salon 6,3,1,Sede Principe,950,COMPRENSIÓN Y PRODUCCIÓN DE TEXTOS ACADÉMICOS GENERALES,1,204133C,18:20:00,21:20:00,52,3,30,12,2725,Tecnologia en Electronica Industrial,8,15,7
4,Thursday,T037,7,Sala De Sistemas 1,2,1,Sede Villa Campestre,881,Ingeniería económica,5,760016C,14:00:00,17:00:00,50,3,2,1,3743,Ingeniería de Sistemas,5,29,5
1,Monday,T105,8,salon 1,3,1,Sede Principe,951,Cálculo Monovariable,2,111021C,18:20:00,20:20:00,51,2,30,12,2725,Tecnologia en Electronica Industrial,9,7,7
4,Thursday,T013,13,salon 6,3,1,Sede Principe,1080,Administración y gestión financiera,7,802051C,15:00:00,18:00:00,50,3,18,6,3841,Contaduría Publica,7,30,6
2,Tuesday,T176,24,Sala De Sistemas 2,3,1,Sede Principe,74,Fundamentos de  Programación Orientada a Objetos,2,750015C,10:00:00,13:00:00,53,3,2,1,3743,Ingeniería de Sistemas,8,10,2
6,Saturday,T217,14,salon 7,3,1,Sede Principe,1109,INTRODUCCIÓN A LA GESTIÓN DE PROYECTOS DE SOFTWARE,7,750031C,14:00:00,17:00:00,50,3,29,8,2724,Tecnología en Desarrollo de Software,8,45,5
2,Tuesday,T179,24,Sala De Sistemas 2,3,1,Sede Principe,66,Taller de Ingeniería I,1,701002C,15:00:00,18:00:00,50,3,2,1,3743,Ingeniería de Sistemas,9,14,6
3,Wednesday,T028,10,Sala de Sistemas 3,3,1,Sede Principe,981,Inglés con Fines Generales y Académicos IV,6,204028C,08:00:00,12:00:00,52,4,18,6,3841,Contaduría Publica,6,17,1
3,Wednesday,T003,16,salon 9,3,1,Sede Principe,81,Matemáticas Discretas II,3,750005C,08:00:00,12:00:00,51,4,2,1,3743,Ingeniería de Sistemas,9,17,1
3,Wednesday,T026,23,Sala De Sistemas 1	,3,1,Sede Principe,190,Estadística I para las ciencias de la administración,3,801083C,10:00:00,13:00:00,50,3,19,2,3845,Administracion de empresas,9,19,3
4,Thursday,T026,24,Sala De Sistemas 2,3,1,Sede Principe,829,Estadística II para las ciencias de la administración,4,801104C,18:20:00,21:20:00,51,3,26,6,3841,Contaduría Publica,9,31,7
1,Monday,T153,17,salon 10,3,1,Sede Principe,1272,Contabilidad de gestión,9,802053C,18:20:00,21:20:00,50,3,26,6,3841,Contaduría Publica,10,7,7
3,Wednesday,T102,22,salon 15,3,1,Sede Principe,130,Desarrollo de Software II,7,750092M,07:00:00,11:00:00,51,4,3,1,3743,Ingeniería de Sistemas,4,17,1
3,Wednesday,T027,1,Salon 1,2,1,Sede Villa Campestre,511,Teoria Sociológica III,4,207072M,10:00:00,13:00:00,50,3,6,5,3249,Trabajo social,8,18,2
6,Saturday,T165,9,salon 2,3,1,Sede Principe,966,COMPRENSIÓN Y PRODUCCIÓN DE TEXTOS ACADÉMICOS GENERALES,2,204133C,07:00:00,10:00:00,56,3,18,6,3841,Contaduría Publica,6,41,1
2,Tuesday,T144,26,Laboratorio de Alimentos,2,1,Sede Villa Campestre,891,Taller de Ingeniería V,6,745024C,07:00:00,10:00:00,50,3,7,3,3753,Ingeniería de Alimentos,7,9,1
1,Monday,T016,18,salon 11,3,1,Sede Principe,70,Inglés con fines generales y académicos I,1,204025C,07:00:00,11:00:00,53,4,2,1,3743,Ingeniería de Sistemas,10,1,1
4,Thursday,T028,16,salon 9,3,1,Sede Principe,764,Lectura Textos Contables Inglés III,5,204151M,18:20:00,21:20:00,50,3,4,6,3841,Contaduría Publica,4,32,8
3,Wednesday,T003,11,salon 4,3,1,Sede Principe,464,Matematicas discretas II,3,750005C,14:00:00,18:00:00,51,4,14,8,2724,Tecnología en Desarrollo de Software,5,21,5
5,Friday,T034,7,Sala De Sistemas 1,2,1,Sede Villa Campestre,295,Informática I,2,750002C,10:00:00,13:00:00,50,3,7,3,3753,Ingeniería de Alimentos,7,34,2
3,Wednesday,T057,18,salon 11,3,1,Sede Principe,795,Inserción a la Vida Universitaria,1,701001C,18:20:00,20:20:00,50,2,29,8,2724,Tecnología en Desarrollo de Software,8,23,7
1,Monday,T066,4,Salon 4,2,1,Sede Villa Campestre,191,Pensamiento Contemporáneo de la Administración y las Organizaciones,3,801091C,07:00:00,10:00:00,50,3,19,2,3845,Administracion de empresas,9,1,1
2,Tuesday,T043,21,salon 14,3,1,Sede Principe,757,Presupuestos (análisis de costos y presupuestos),8,802038M,07:00:00,10:00:00,50,3,28,6,3841,Contaduría Publica,4,9,1
2,Tuesday,T110,8,salon 1,3,1,Sede Principe,502,Política y Problemática Social,6,207021M,09:00:00,13:00:00,50,4,6,5,3249,Trabajo social,4,11,3
5,Friday,T053,13,salon 6,3,1,Sede Principe,858,Matemáticas Básicas,1,111023C,18:20:00,21:20:00,51,3,30,12,2725,Tecnologia en Electronica Industrial,8,39,7
4,Thursday,T024,14,salon 7,3,1,Sede Principe,737,Contabilidad de los recursos y obligaciones de largo plazo y patrimonio,3,802015C,18:20:00,21:20:00,50,3,26,6,3841,Contaduría Publica,6,31,7
5,Friday,T003,24,Sala De Sistemas 2,3,1,Sede Principe,792,Matemáticas Discretas II,3,750005C,18:20:00,22:20:00,51,4,29,8,2724,Tecnología en Desarrollo de Software,6,40,8
2,Tuesday,T176,23,Sala De Sistemas 1	,3,1,Sede Principe,74,Fundamentos de  Programación Orientada a Objetos,2,750015C,07:00:00,10:00:00,51,3,2,1,3743,Ingeniería de Sistemas,7,9,1
4,Thursday,T120,26,Laboratorio de Alimentos,2,1,Sede Villa Campestre,609,Biologia + Laboratorio,1,102094C,07:00:00,11:00:00,51,4,7,3,3753,Ingeniería de Alimentos,4,25,1
5,Friday,T226,18,salon 11,3,1,Sede Principe,533,Taller Construcción de edificaciones  II,3,502018C,14:00:00,18:00:00,51,4,5,4,3554,Construccion,10,37,5
4,Thursday,T031,19,salon 12,3,1,Sede Principe,850,Introducción a la Practica,7,207025M,08:00:00,12:00:00,50,4,6,5,3249,Trabajo social,7,25,1
4,Thursday,T093,7,Sala De Sistemas 1,2,1,Sede Villa Campestre,1160,Laboratorio contable II,8,802060C,18:20:00,21:20:00,50,3,26,6,3841,Contaduría Publica,9,31,7
6,Saturday,T153,14,salon 7,3,1,Sede Principe,972,Costos,5,802026C,14:00:00,17:00:00,50,3,26,6,3841,Contaduría Publica,8,45,5
3,Wednesday,T121,14,salon 7,3,1,Sede Principe,525,Inglés con fines generales y académicos I,1,204025C,14:00:00,18:00:00,53,4,5,4,3554,Construccion,9,21,5
4,Thursday,T184,16,salon 9,3,1,Sede Principe,484,Introducción al Derecho y Constitucion política,2,801042C,14:00:00,17:00:00,52,3,5,4,3554,Construccion,9,29,5
1,Monday,T057,1,Salon 1,2,1,Sede Villa Campestre,303,Sexualidad Humana,6,801042M,10:00:00,13:00:00,50,3,16,3,3753,Ingeniería de Alimentos,3,2,2
4,Thursday,T003,7,Sala De Sistemas 1,2,1,Sede Villa Campestre,67,Fundamentos de Programación Imperativa,1,750012C,10:00:00,13:00:00,50,3,2,1,3743,Ingeniería de Sistemas,3,26,2
5,Friday,T125,19,salon 12,3,1,Sede Principe,319,Materiales de Construcción   I ,2,502012C,14:00:00,17:00:00,50,3,5,4,3554,Construccion,9,37,5
5,Friday,T035,12,salon 5,3,1,Sede Principe,260,Administración Social,5,207019M,08:00:00,12:00:00,50,4,6,5,3249,Trabajo social,3,33,1
1,Monday,T160,17,salon 10,3,1,Sede Principe,1012,Desarrollo de Software II,6,750021C,09:00:00,12:00:00,50,3,2,1,3743,Ingeniería de Sistemas,6,3,3
5,Friday,T070,15,Sala de Sistemas 4,3,1,Sede Principe,923,COMPRENSIÓN Y PRODUCCIÓN DE TEXTOS ACADÉMICOS GENERALES,2,204133C,15:00:00,18:00:00,54,3,2,1,3743,Ingeniería de Sistemas,8,38,6
1,Monday,T041,3,Salon 3,2,1,Sede Villa Campestre,925,COMPRENSIÓN Y PRODUCCIÓN DE TEXTOS ACADÉMICOS GENERALES,2,204133C,18:20:00,21:20:00,54,3,26,6,3841,Contaduría Publica,9,7,7
5,Friday,T122,12,salon 5,3,1,Sede Principe,618,Inglés con fines generales y académicos II,4,204026C,14:00:00,18:00:00,50,4,7,3,3753,Ingeniería de Alimentos,4,37,5
3,Wednesday,T211,18,salon 11,3,1,Sede Principe,1131,GESTIÓN AMBIENTAL,5,605025C,15:00:00,18:00:00,50,3,20,11,3643,Nutricion y dietetica,8,22,6
2,Tuesday,T094,14,salon 7,3,1,Sede Principe,113,Arquitectura de Computadores I,4,710192M,07:00:00,10:00:00,50,3,3,1,3743,Ingeniería de Sistemas,3,9,1
4,Thursday,T001,3,Salon 3,2,1,Sede Villa Campestre,487,Descubrimiento del Conocimiento en Bases de Datos,9,750061M,07:00:00,10:00:00,50,3,3,1,3743,Ingeniería de Sistemas,3,25,1
1,Monday,T208,25,Coliseo,2,1,Sede Villa Campestre,1128,DEPORTE FORMATIVO,5,404032C,10:00:00,12:00:00,51,2,20,11,3643,Nutricion y dietetica,8,3,3
3,Wednesday,T042,27,Laboratorio de Electronica,2,1,Sede Villa Campestre,1032,Fisica + Laboratorio,3,106012C,18:20:00,22:20:00,50,4,30,12,2725,Tecnologia en Electronica Industrial,7,24,8
5,Friday,T105,13,salon 6,3,1,Sede Principe,539,Ecuaciones Diferenciales,4,111026C,14:00:00,16:00:00,51,2,2,1,3743,Ingeniería de Sistemas,8,37,5
2,Tuesday,T154,19,salon 12,3,1,Sede Principe,1157,Evaluación financiera de proyectos,8,802041C,07:00:00,10:00:00,50,3,18,6,3841,Contaduría Publica,8,9,1
4,Thursday,T131,9,salon 2,3,1,Sede Principe,520,QuÍmica general + Laboratorio,1,116017C,14:00:00,16:00:00,50,2,20,11,3643,Nutricion y dietetica,8,29,5
1,Monday,T121,14,salon 7,3,1,Sede Principe,618,Inglés con fines generales y académicos II,4,204026C,14:00:00,18:00:00,54,4,7,3,3753,Ingeniería de Alimentos,9,5,5
2,Tuesday,T001,4,Salon 4,2,1,Sede Villa Campestre,883,Análilsis y Diseño de Algoritmos I,5,750008C,08:00:00,12:00:00,50,4,2,1,3743,Ingeniería de Sistemas,7,9,1
5,Friday,T176,23,Sala De Sistemas 1	,3,1,Sede Principe,1040,Diseño de Contenido para Interfaces de Usuario,6,750040C,18:20:00,21:20:00,50,3,29,8,2724,Tecnología en Desarrollo de Software,7,40,8
4,Thursday,T026,14,salon 7,3,1,Sede Principe,559,Probabilidad y Estadistica,4,761001C,14:00:00,18:00:00,52,4,2,1,3743,Ingeniería de Sistemas,8,29,5
4,Thursday,T027,3,Salon 3,2,1,Sede Villa Campestre,504,Teoria Sociológica I,2,207032M,14:00:00,17:00:00,51,3,6,5,3249,Trabajo social,6,29,5
2,Tuesday,T031,2,Salon 2,2,1,Sede Villa Campestre,258,Metodología De Trabajo Con Grupos II,5, 207018M,08:00:00,12:00:00,50,4,6,5,3249,Trabajo social,5,9,1
1,Monday,T040,23,Sala De Sistemas 1	,3,1,Sede Principe,74,Fundamentos de  Programación Orientada a Objetos,2,750015C,14:00:00,17:00:00,50,3,2,1,3743,Ingeniería de Sistemas,3,5,5
5,Friday,T217,11,salon 4,3,1,Sede Principe,553,Desarrollo de software I,4,750009C,15:00:00,18:00:00,50,3,14,8,2724,Tecnología en Desarrollo de Software,10,38,6
3,Wednesday,T029,15,Sala de Sistemas 4,3,1,Sede Principe,1041,IMPACTOS AMBIENTALES,6,730078C,18:20:00,21:20:00,51,3,29,8,2724,Tecnología en Desarrollo de Software,7,23,7
3,Wednesday,T151,19,salon 12,3,1,Sede Principe,1207,Quimica General,2,116013C,14:00:00,18:00:00,50,4,33,13,3150,Agroindustria,9,21,5
3,Wednesday,T026,17,salon 10,3,1,Sede Principe,559,Probabilidad y Estadistica,4,761001C,14:00:00,18:00:00,50,4,2,1,3743,Ingeniería de Sistemas,4,21,5
3,Wednesday,T076,18,salon 11,3,1,Sede Principe,539,Ecuaciones Diferenciales,4,111026C,10:00:00,12:00:00,52,2,2,1,3743,Ingeniería de Sistemas,5,18,2
5,Friday,T056,26,Laboratorio de Alimentos,2,1,Sede Villa Campestre,626,Tallerer de Ingeniería de Alimentos IV,5,745023C,07:00:00,10:00:00,50,3,7,3,3753,Ingeniería de Alimentos,4,33,1
4,Thursday,T018,1,Salon 1,2,1,Sede Villa Campestre,513,Psicopatologia,4,207091M,14:00:00,17:00:00,50,3,6,5,3249,Trabajo social,6,29,5
2,Tuesday,T005,24,Sala De Sistemas 2,3,1,Sede Principe,1011,INFRAESTRUCTURAS PARALELAS Y DISTRIBUIDAS,6,750023C,14:00:00,17:00:00,50,3,2,1,3743,Ingeniería de Sistemas,8,13,5
4,Thursday,T174,21,salon 14,3,1,Sede Principe,962,Taller Construcción de Infraestructura Urbana I,5,502028C,07:00:00,11:00:00,50,4,5,4,3554,Construccion,8,25,1
6,Saturday,T170,31,Salon 1,1,1,Sede Victoria,1251,Electiva profesional III: Perspectivas Teóricas y Conceptuales en Contaduría Pública,9,802094C,07:00:00,10:00:00,50,3,18,6,3841,Contaduría Publica,10,41,1
1,Monday,T017,18,salon 11,3,1,Sede Principe,483,Fisica + Laboratorio,3,106012C,07:00:00,10:00:00,53,3,2,1,3743,Ingeniería de Sistemas,6,1,1
4,Thursday,T133,2,Salon 2,2,1,Sede Villa Campestre,861,Taller de Representación IV - Gestión multimodal del dibujo ,4,501013C,07:00:00,10:00:00,51,3,5,4,3554,Construccion,7,25,1
2,Tuesday,T108,17,salon 10,3,1,Sede Principe,557,Inglés con Fines Generales y Académicos IV,4,204028C,14:00:00,18:00:00,51,4,2,1,3743,Ingeniería de Sistemas,9,13,5
2,Tuesday,T145,14,salon 7,3,1,Sede Principe,856,Lectura Crítica,1,204024C,18:20:00,21:20:00,51,3,30,12,2725,Tecnologia en Electronica Industrial,5,15,7
2,Tuesday,T025,17,salon 10,3,1,Sede Principe,291,Cálculo Monovariable,2,111021C,07:00:00,10:00:00,52,3,7,3,3753,Ingeniería de Alimentos,5,9,1
1,Monday,T098,12,salon 5,3,1,Sede Principe,180,Introducción al derecho y constitución política ,1,801042C,07:00:00,10:00:00,52,3,19,2,3845,Administracion de empresas,5,1,1
4,Thursday,T247,16,salon 9,3,1,Sede Principe,84,Taller de Escritura e Investigación,3,202009M,10:00:00,13:00:00,50,3,2,1,3743,Ingeniería de Sistemas,10,26,2
1,Monday,T100,10,Sala de Sistemas 3,3,1,Sede Principe,554,Fundamentos de redes,4,750010C,14:00:00,17:00:00,51,3,14,8,2724,Tecnología en Desarrollo de Software,4,5,5
2,Tuesday,T131,26,Laboratorio de Alimentos,2,1,Sede Villa Campestre,616,QuÍmica general + Laboratorio,1,116017C,14:00:00,17:00:00,51,3,7,3,3753,Ingeniería de Alimentos,9,13,5
3,Wednesday,T087,10,Sala de Sistemas 3,3,1,Sede Principe,791,Sistemas Operativos,3,750001C,18:20:00,21:20:00,52,3,29,8,2724,Tecnología en Desarrollo de Software,4,23,7
1,Monday,T114,11,salon 4,3,1,Sede Principe,621,Taller de Ingeniería I,1,701002C,10:00:00,13:00:00,52,3,7,3,3753,Ingeniería de Alimentos,9,2,2
2,Tuesday,T010,18,salon 11,3,1,Sede Principe,1126,Genero pluralidad y diversidades,3,304035C,10:00:00,13:00:00,52,3,20,11,3643,Nutricion y dietetica,10,11,3
4,Thursday,T003,15,Sala de Sistemas 4,3,1,Sede Principe,468,Álgebra Lineal,2,111015C,18:20:00,20:20:00,50,2,29,8,2724,Tecnología en Desarrollo de Software,3,31,7
3,Wednesday,T094,10,Sala de Sistemas 3,3,1,Sede Principe,802,Fundamentos de  Programación Orientada a Objetos,2,750015C,07:00:00,10:00:00,50,3,14,8,2724,Tecnología en Desarrollo de Software,8,17,1
5,Friday,T031,3,Salon 3,2,1,Sede Villa Campestre,500,Metodologia de Trabajo con Grupo I,4,207013M,08:00:00,12:00:00,50,4,6,5,3249,Trabajo social,8,33,1
3,Wednesday,T063,6,Salon 6,2,1,Sede Villa Campestre,434,Etica Moral y Fe Pública,10,802083M,18:20:00,21:20:00,50,3,4,6,3841,Contaduría Publica,9,23,7
1,Monday,T081,20,salon 13,3,1,Sede Principe,533,Taller Construcción de edificaciones  II,3,502018C,13:00:00,17:00:00,51,4,5,4,3554,Construccion,6,4,4
4,Thursday,T034,10,Sala de Sistemas 3,3,1,Sede Principe,2,Matemáticas Básicas,1,111023C,10:00:00,12:00:00,52,2,2,1,3743,Ingeniería de Sistemas,9,26,2
5,Friday,T062,15,Sala de Sistemas 4,3,1,Sede Principe,211,Gestión del Talento Humano,6,801177M,18:20:00,21:20:00,50,3,1,2,3845,Administracion de empresas,5,39,7
1,Monday,T113,15,Sala de Sistemas 4,3,1,Sede Principe,786,Algebra Lineal,2,111038C,10:00:00,13:00:00,50,3,2,1,3743,Ingeniería de Sistemas,6,2,2
4,Thursday,T075,12,salon 5,3,1,Sede Principe,531,Introducción a la  Tecnología,1,502002C,14:00:00,17:00:00,50,3,5,4,3554,Construccion,8,29,5
4,Thursday,T003,8,salon 1,3,1,Sede Principe,76,Matemáticas Discretas I,2,750004C,14:00:00,18:00:00,52,4,2,1,3743,Ingeniería de Sistemas,10,29,5
4,Thursday,T066,8,salon 1,3,1,Sede Principe,907,"Humanismo, pensamiento administrativo y organizaciones",5,801126C,07:00:00,10:00:00,50,3,18,6,3841,Contaduría Publica,5,25,1
4,Thursday,T041,4,Salon 4,2,1,Sede Villa Campestre,991,COMPRENSIÓN Y PRODUCCIÓN DE TEXTOS ACADÉMICOS GENERALES,2,204133C,15:00:00,18:00:00,51,3,19,2,3845,Administracion de empresas,6,30,6
5,Friday,T031,9,salon 2,3,1,Sede Principe,258,Metodología De Trabajo Con Grupos II,5, 207018M,14:00:00,18:00:00,51,4,6,5,3249,Trabajo social,7,37,5
1,Monday,T190,19,salon 12,3,1,Sede Principe,1052,ANTROPOLOGÍA ALIMENTARIA,4,605021C,15:00:00,18:00:00,50,3,20,11,3643,Nutricion y dietetica,9,6,6
1,Monday,T176,3,Salon 3,2,1,Sede Villa Campestre,883,Análilsis y Diseño de Algoritmos I,5,750008C,08:00:00,12:00:00,52,4,2,1,3743,Ingeniería de Sistemas,9,1,1
2,Tuesday,T055,4,Salon 4,2,1,Sede Villa Campestre,695,Gerencia de la Calidad,9,801185M,18:20:00,21:20:00,51,3,1,2,3845,Administracion de empresas,6,16,8
3,Wednesday,T096,15,Sala de Sistemas 4,3,1,Sede Principe,782,Dirección y Organización Contable,9,802092M,18:20:00,21:20:00,50,3,4,6,3841,Contaduría Publica,8,23,7
1,Monday,T070,5,Salon 5,2,1,Sede Villa Campestre,515,Lectura Crítica,2,204024C,15:00:00,18:00:00,52,3,6,5,3249,Trabajo social,6,6,6
2,Tuesday,T151,17,salon 10,3,1,Sede Principe,519,Matemáticas Básicas,1,111023C,08:00:00,10:00:00,52,2,20,11,3643,Nutricion y dietetica,10,9,1
3,Wednesday,T011,2,Salon 2,2,1,Sede Villa Campestre,415,Fundamentos de Economía y Comercio ,2,801002C,18:20:00,21:20:00,50,3,26,6,3841,Contaduría Publica,7,23,7
3,Wednesday,T220,12,salon 5,3,1,Sede Principe,275,Derecho De Familia,8, 207099M,14:00:00,17:00:00,50,3,6,5,3249,Trabajo social,9,21,5
4,Thursday,T053,19,salon 12,3,1,Sede Principe,955,"Robots, Historia  y  Ficción",2,710061C,18:20:00,21:20:00,50,3,30,12,2725,Tecnologia en Electronica Industrial,10,31,7
3,Wednesday,T074,2,Salon 2,2,1,Sede Villa Campestre,714,Proceso Administrativo ,1,801043C,18:20:00,21:20:00,51,3,23,2,3845,Administracion de empresas,6,23,7
1,Monday,T184,14,salon 7,3,1,Sede Principe,918,"Seminario, constitución, legislación ambiental y ética de la ingeniería",4,730025C,07:00:00,10:00:00,50,3,7,3,3753,Ingeniería de Alimentos,9,1,1
1,Monday,T017,15,Sala de Sistemas 4,3,1,Sede Principe,483,Fisica + Laboratorio,3,106012C,10:00:00,13:00:00,52,3,2,1,3743,Ingeniería de Sistemas,7,2,2
2,Tuesday,T017,18,salon 11,3,1,Sede Principe,483,Fisica + Laboratorio,3,106012C,12:00:00,18:00:00,51,6,2,1,3743,Ingeniería de Sistemas,4,10,2
1,Monday,T072,13,salon 6,3,1,Sede Principe,914,Algebra Lineal,2,111038C,20:20:00,22:20:00,51,2,29,8,2724,Tecnología en Desarrollo de Software,5,8,8
4,Thursday,T052,11,salon 4,3,1,Sede Principe,297,Termodinámica General,6,780070M ,15:00:00,18:00:00,50,3,16,3,3753,Ingeniería de Alimentos,3,30,6
6,Saturday,T036,10,Sala de Sistemas 3,3,1,Sede Principe,548,Administración de redes y servidores,6,750106M,09:00:00,12:00:00,50,3,21,8,2724,Tecnología en Desarrollo de Software,4,43,3
4,Thursday,T106,11,salon 4,3,1,Sede Principe,1112,ELECTROMAGNETISMO APLICADO,4,710020C,18:20:00,22:20:00,50,4,30,12,2725,Tecnologia en Electronica Industrial,9,32,8
1,Monday,T052,26,Laboratorio de Alimentos,2,1,Sede Villa Campestre,627,Análisis de Alimentos,5,745004C,14:00:00,18:00:00,50,4,7,3,3753,Ingeniería de Alimentos,6,4,4
4,Thursday,T094,23,Sala De Sistemas 1	,3,1,Sede Principe,462,Fundamentos de Programación Imperativa,1,750012C,14:00:00,17:00:00,52,3,14,8,2724,Tecnología en Desarrollo de Software,3,28,4
4,Thursday,T011,4,Salon 4,2,1,Sede Villa Campestre,711,Fundamentos de Economía y Comercio ,1,801002C,18:20:00,21:20:00,51,3,23,2,3845,Administracion de empresas,8,31,7
5,Friday,T141,17,salon 10,3,1,Sede Principe,510,Acción Colectiva y Movimientos Sociales,9,207093M,10:00:00,13:00:00,50,3,6,5,3249,Trabajo social,4,34,2
4,Thursday,T015,3,Salon 3,2,1,Sede Villa Campestre,433,Electiva Profesional III: Procedimiento Tributario,8,802097M,18:20:00,21:20:00,50,3,4,6,3841,Contaduría Publica,3,32,8
6,Saturday,T048,7,Sala De Sistemas 1,2,1,Sede Villa Campestre,460,Taller Tecnológico I,1,701006C,07:00:00,10:00:00,51,3,14,8,2724,Tecnología en Desarrollo de Software,9,41,1
4,Thursday,T013,4,Salon 4,2,1,Sede Villa Campestre,411,Matemática para finanzas ,2,802013C,18:20:00,21:20:00,51,3,26,6,3841,Contaduría Publica,5,31,7
4,Thursday,T016,13,salon 6,3,1,Sede Principe,73,Inglés con fines generales y académicos II,2,204026C,07:00:00,11:00:00,50,4,2,1,3743,Ingeniería de Sistemas,7,25,1
2,Tuesday,T121,9,salon 2,3,1,Sede Principe,1049,Inglés con fines generales y académicos II,4,204026C,14:00:00,18:00:00,52,4,20,11,3643,Nutricion y dietetica,9,13,5
6,Saturday,T011,12,salon 5,3,1,Sede Principe,415,Fundamentos de Economía y Comercio ,2,801002C,14:00:00,17:00:00,51,3,26,6,3841,Contaduría Publica,9,45,5
4,Thursday,T169,4,Salon 4,2,1,Sede Villa Campestre,1278,Taller de escritura cientifica,9,801195C,18:20:00,21:20:00,51,3,23,2,3845,Administracion de empresas,10,31,7
3,Wednesday,T074,2,Salon 2,2,1,Sede Villa Campestre,709,Mercadeo,4,801111C,10:00:00,13:00:00,50,3,19,2,3845,Administracion de empresas,10,18,2
6,Saturday,T096,19,salon 12,3,1,Sede Principe,1176,Gestión de la Cadena de Suministros,7,801163C,15:00:00,18:00:00,50,3,23,2,3845,Administracion de empresas,8,46,6
1,Monday,T105,16,salon 9,3,1,Sede Principe,2,Matemáticas Básicas,1,111023C,10:00:00,12:00:00,51,2,2,1,3743,Ingeniería de Sistemas,5,2,2
3,Wednesday,T076,13,salon 6,3,1,Sede Principe,539,Ecuaciones Diferenciales,4,111026C,10:00:00,12:00:00,50,2,2,1,3743,Ingeniería de Sistemas,7,18,2
5,Friday,T003,15,Sala de Sistemas 4,3,1,Sede Principe,470,Matemáticas Discretas I,2,750004C,18:20:00,22:20:00,50,4,29,8,2724,Tecnología en Desarrollo de Software,9,40,8
4,Thursday,T021,15,Sala de Sistemas 4,3,1,Sede Principe,1097,Negociación y Toma de Decisiones,7,801162C,15:00:00,18:00:00,50,3,19,2,3845,Administracion de empresas,9,30,6
4,Thursday,T081,20,salon 13,3,1,Sede Principe,321,Taller Construcción de edificaciones  I,2,502013C,07:00:00,11:00:00,51,4,5,4,3554,Construccion,5,25,1
1,Monday,T222,14,salon 7,3,1,Sede Principe,1228,REVISORÍA FISCAL,8,802089C,18:20:00,21:20:00,50,3,26,6,3841,Contaduría Publica,9,7,7
4,Thursday,T015,14,salon 7,3,1,Sede Principe,987,"IMPUESTO A LA RENTA Y COMPLEMENTARIOS, IMPUESTO AL PATRIMONIO",6,802047C,15:00:00,18:00:00,50,3,18,6,3841,Contaduría Publica,6,30,6
1,Monday,T060,14,salon 7,3,1,Sede Principe,136,Fundamentos de Gestión Tecnológica,8,760076M,10:00:00,13:00:00,50,3,3,1,3743,Ingeniería de Sistemas,5,2,2
5,Friday,T113,13,salon 6,3,1,Sede Principe,786,Algebra Lineal,2,111038C,11:00:00,14:00:00,51,3,2,1,3743,Ingeniería de Sistemas,7,34,2
4,Thursday,T016,11,salon 4,3,1,Sede Principe,73,Inglés con fines generales y académicos II,2,204026C,07:00:00,11:00:00,52,4,2,1,3743,Ingeniería de Sistemas,5,25,1
2,Tuesday,T041,3,Salon 3,2,1,Sede Villa Campestre,812,Lectura Crítica,4,204024C,18:20:00,21:20:00,50,3,23,2,3845,Administracion de empresas,7,15,7
6,Saturday,T051,14,salon 7,3,1,Sede Principe,435,Metodología de Investigación Contable,10,802042M,17:00:00,20:00:00,51,3,4,6,3841,Contaduría Publica,9,66,11
2,Tuesday,T111,5,Salon 5,2,1,Sede Villa Campestre,750,Hacienda pública,4,802022C,10:00:00,13:00:00,50,3,18,6,3841,Contaduría Publica,4,10,2
1,Monday,T118,6,Salon 6,2,1,Sede Villa Campestre,521,Nucleo Salud Pública I,1,607001C,14:00:00,17:00:00,50,3,20,11,3643,Nutricion y dietetica,6,5,5
4,Thursday,T176,13,salon 6,3,1,Sede Principe,883,Análilsis y Diseño de Algoritmos I,5,750008C,08:00:00,12:00:00,51,4,2,1,3743,Ingeniería de Sistemas,8,25,1
4,Thursday,T036,12,salon 5,3,1,Sede Principe,1035,SISTEMAS DIGITALES,3,710005C,18:20:00,21:20:00,50,3,30,12,2725,Tecnologia en Electronica Industrial,10,31,7
2,Tuesday,T173,20,salon 13,3,1,Sede Principe,528,Taller de Representación  I,1,501002C,07:00:00,10:00:00,51,3,5,4,3554,Construccion,6,9,1
4,Thursday,T154,17,salon 10,3,1,Sede Principe,710,Costos y Presupuestos Gerenciales,4,802028C,07:00:00,10:00:00,50,3,19,2,3845,Administracion de empresas,6,25,1
3,Wednesday,T057,15,Sala de Sistemas 4,3,1,Sede Principe,64,Inserción a la Vida Universitaria,1,701001C,07:00:00,09:00:00,50,2,2,1,3743,Ingeniería de Sistemas,3,17,1
3,Wednesday,T149,5,Salon 5,2,1,Sede Villa Campestre,1074,Seminario de teoría contable,6,802042C,18:20:00,21:20:00,50,3,26,6,3841,Contaduría Publica,9,23,7
5,Friday,T102,16,salon 9,3,1,Sede Principe,130,Desarrollo de Software II,7,750092M,14:00:00,18:00:00,50,4,3,1,3743,Ingeniería de Sistemas,3,37,5
5,Friday,T136,4,Salon 4,2,1,Sede Villa Campestre,520,QuÍmica general + Laboratorio,1,116017C,09:00:00,14:00:00,52,5,20,11,3643,Nutricion y dietetica,4,35,3
3,Wednesday,T175,5,Salon 5,2,1,Sede Villa Campestre,240,Introducción Al Trabajo Social,1,207004M,15:00:00,18:00:00,50,3,6,5,3249,Trabajo social,7,22,6
5,Friday,T131,26,Laboratorio de Alimentos,2,1,Sede Villa Campestre,616,QuÍmica general + Laboratorio,1,116017C,08:00:00,11:00:00,50,3,7,3,3753,Ingeniería de Alimentos,6,33,1
1,Monday,T008,7,Sala De Sistemas 1,2,1,Sede Villa Campestre,1140,SEMINARIO DE TRABAJO DE GRADO,8,750036C,09:00:00,10:00:00,51,1,2,1,3743,Ingeniería de Sistemas,9,1,1
1,Monday,T057,4,Salon 4,2,1,Sede Villa Campestre,522,Estrategias para el aprendizaje autónomo,1,417016C,07:00:00,10:00:00,51,3,20,11,3643,Nutricion y dietetica,6,1,1
4,Thursday,T098,3,Salon 3,2,1,Sede Villa Campestre,945,"Seminario en Constitución, Legislación y Ética de la profesión",6,730026C,18:20:00,21:20:00,50,3,29,8,2724,Tecnología en Desarrollo de Software,9,31,7
6,Saturday,T032,10,Sala de Sistemas 3,3,1,Sede Principe,730,Taller de habilidades informáticas para la gestión (Científico tecnológico),1,801044C,14:00:00,17:00:00,50,3,26,6,3841,Contaduría Publica,10,45,5
5,Friday,T107,3,Salon 3,2,1,Sede Villa Campestre,1289,CIENCIA DEL SUELO,3,102122C,08:00:00,13:00:00,50,5,33,13,3150,Agroindustria,10,33,1
3,Wednesday,T118,5,Salon 5,2,1,Sede Villa Campestre,979,Fundamentos  de Nutrición,3,605017C,10:00:00,13:00:00,50,3,20,11,3643,Nutricion y dietetica,10,19,3
1,Monday,T185,12,salon 5,3,1,Sede Principe,789,Algebra Lineal,2,111038C,07:00:00,10:00:00,50,3,14,8,2724,Tecnología en Desarrollo de Software,8,1,1
2,Tuesday,T145,13,salon 6,3,1,Sede Principe,950,COMPRENSIÓN Y PRODUCCIÓN DE TEXTOS ACADÉMICOS GENERALES,1,204133C,18:20:00,21:20:00,55,3,30,12,2725,Tecnologia en Electronica Industrial,6,16,8
2,Tuesday,T113,17,salon 10,3,1,Sede Principe,786,Algebra Lineal,2,111038C,14:00:00,17:00:00,50,3,2,1,3743,Ingeniería de Sistemas,7,12,4
2,Tuesday,T087,7,Sala De Sistemas 1,2,1,Sede Villa Campestre,465,Sistemas operativos,3,750001C,07:00:00,10:00:00,52,3,14,8,2724,Tecnología en Desarrollo de Software,5,9,1
2,Tuesday,T027,5,Salon 5,2,1,Sede Villa Campestre,192,Organización y Sociedad,3,801092C,14:00:00,17:00:00,50,3,19,2,3845,Administracion de empresas,3,13,5
1,Monday,T215,21,salon 14,3,1,Sede Principe,862,Estructuras III,4,502020C,14:00:00,17:00:00,50,3,5,4,3554,Construccion,9,5,5
2,Tuesday,T110,11,salon 4,3,1,Sede Principe,853,Diseño y sondeo,7,207034M,08:00:00,12:00:00,50,4,6,5,3249,Trabajo social,9,9,1
1,Monday,T153,16,salon 9,3,1,Sede Principe,431,Presupuestos (análisis de costos y presupuestos),10,802038M,18:20:00,21:20:00,50,3,4,6,3841,Contaduría Publica,9,7,7
2,Tuesday,T031,9,salon 2,3,1,Sede Principe,500,Metodologia de Trabajo con Grupo I,4,207013M,14:00:00,18:00:00,51,4,6,5,3249,Trabajo social,6,12,4
5,Friday,T110,8,salon 1,3,1,Sede Principe,911,Epistemologia de las ciencias sociales,3,207102M,09:00:00,12:00:00,50,3,6,5,3249,Trabajo social,5,35,3
1,Monday,T174,20,salon 13,3,1,Sede Principe,865,Taller Construcción de edificaciones  III,4,502026C,14:00:00,18:00:00,51,4,5,4,3554,Construccion,7,5,5
3,Wednesday,T099,4,Salon 4,2,1,Sede Villa Campestre,125,Desarrollo de Software I,6,750091M,15:00:00,18:00:00,50,3,3,1,3743,Ingeniería de Sistemas,4,22,6
2,Tuesday,T015,2,Salon 2,2,1,Sede Villa Campestre,1227,PROCEDIMIENTO TRIBUTARIO,8,802086C,18:20:00,21:20:00,50,3,26,6,3841,Contaduría Publica,9,15,7
4,Thursday,T086,6,Salon 6,2,1,Sede Villa Campestre,710,Costos y Presupuestos Gerenciales,4,802028C,10:00:00,13:00:00,50,3,19,2,3845,Administracion de empresas,8,26,2
2,Tuesday,T074,6,Salon 6,2,1,Sede Villa Campestre,804,Investigación de Mercados,5,801115C,10:00:00,13:00:00,50,3,19,2,3845,Administracion de empresas,7,10,2
1,Monday,T016,8,salon 1,3,1,Sede Principe,551,Inglés con fines generales y académicos I,3,204025C,18:20:00,22:20:00,50,4,29,8,2724,Tecnología en Desarrollo de Software,10,8,8
3,Wednesday,T165,3,Salon 3,2,1,Sede Villa Campestre,1163,Taller de escritura científica,8,801195C,15:00:00,18:00:00,50,3,18,6,3841,Contaduría Publica,10,22,6
6,Saturday,T043,12,salon 5,3,1,Sede Principe,827,Economía de empresa,4,801088C,17:00:00,20:00:00,50,3,26,6,3841,Contaduría Publica,7,46,6
6,Saturday,T104,14,salon 7,3,1,Sede Principe,276,Pedagogía Social,8,207066M,14:00:00,17:00:00,50,3,6,5,3249,Trabajo social,3,45,5
5,Friday,T125,20,salon 13,3,1,Sede Principe,319,Materiales de Construcción   I ,2,502012C,15:00:00,18:00:00,50,3,5,4,3554,Construccion,5,37,5
5,Friday,T102,23,Sala De Sistemas 1	,3,1,Sede Principe,846,INTELIGENCIA ARTIFICIAL,6,750022C,18:20:00,21:20:00,50,3,29,8,2724,Tecnología en Desarrollo de Software,5,39,7
2,Tuesday,T021,13,salon 6,3,1,Sede Principe,898,Resolución de problemas y toma de decisiones,9,801154M,15:00:00,18:00:00,50,3,28,6,3841,Contaduría Publica,5,14,6
5,Friday,T062,4,Salon 4,2,1,Sede Villa Campestre,1095,Gestión Humana,7,801124C,07:00:00,10:00:00,50,3,19,2,3845,Administracion de empresas,7,33,1
5,Friday,T189,21,salon 14,3,1,Sede Principe,870,Biología Celular,2,605014C,14:00:00,18:00:00,50,4,20,11,3643,Nutricion y dietetica,9,37,5
5,Friday,T069,14,salon 7,3,1,Sede Principe,512,Estadística Social II,6,207087M,14:00:00,17:00:00,51,3,6,5,3249,Trabajo social,4,36,4
3,Wednesday,T074,2,Salon 2,2,1,Sede Villa Campestre,179,Proceso administrativo ,1,801043C,10:00:00,13:00:00,51,3,19,2,3845,Administracion de empresas,7,18,2
4,Thursday,T058,1,Salon 1,2,1,Sede Villa Campestre,499,Individuo y Familia II,4,207012M,08:00:00,12:00:00,50,4,6,5,3249,Trabajo social,8,25,1
1,Monday,T033,4,Salon 4,2,1,Sede Villa Campestre,722,Pensamiento Contemporáneo de la Administración y las Organizaciones,3,801091C,18:20:00,21:20:00,50,3,23,2,3845,Administracion de empresas,8,7,7
3,Wednesday,T124,31,Salon 1,1,1,Sede Victoria,667,Creación de Nuevos Productos,6,801178M,09:00:00,12:00:00,51,3,25,2,3845,Administracion de empresas,4,19,3
3,Wednesday,T076,17,salon 10,3,1,Sede Principe,176,Cálculo ,1,801003C,15:00:00,18:00:00,50,3,19,2,3845,Administracion de empresas,9,22,6
2,Tuesday,T010,15,Sala de Sistemas 4,3,1,Sede Principe,1086,HABILIDADES PARA LA VIDA: DESCUB. EL SER,2,603032C,18:20:00,21:20:00,51,3,23,2,3845,Administracion de empresas,9,15,7
2,Tuesday,T034,10,Sala de Sistemas 3,3,1,Sede Principe,2,Matemáticas Básicas,1,111023C,10:00:00,13:00:00,53,3,2,1,3743,Ingeniería de Sistemas,10,10,2
3,Wednesday,T140,13,salon 6,3,1,Sede Principe,503,Planeación Social,6,207024M,08:00:00,12:00:00,50,4,6,5,3249,Trabajo social,10,17,1
6,Saturday,T227,16,salon 9,3,1,Sede Principe,721,Economía de Empresa,3,801088C,14:00:00,17:00:00,51,3,23,2,3845,Administracion de empresas,10,45,5
4,Thursday,T011,19,salon 12,3,1,Sede Principe,239,Fundamentos De Economía,1,207076M,14:00:00,17:00:00,50,3,6,5,3249,Trabajo social,5,29,5
4,Thursday,T144,6,Salon 6,2,1,Sede Villa Campestre,1023,TALLER DE INGENIERÍA DE ALIMENTOS VI,7,745025C,07:00:00,10:00:00,50,3,7,3,3753,Ingeniería de Alimentos,8,25,1
5,Friday,T031,8,salon 1,3,1,Sede Principe,258,Metodología De Trabajo Con Grupos II,5, 207018M,08:00:00,12:00:00,50,4,6,5,3249,Trabajo social,7,33,1
3,Wednesday,T095,14,salon 7,3,1,Sede Principe,393,Legislación comercial II,3,801074C,15:00:00,18:00:00,50,3,18,6,3841,Contaduría Publica,5,22,6
2,Tuesday,T112,14,salon 7,3,1,Sede Principe,1265,Electronica Industrial,6,710055C,18:20:00,22:20:00,50,4,30,12,2725,Tecnologia en Electronica Industrial,10,15,7
4,Thursday,T004,18,salon 11,3,1,Sede Principe,129,Introducción a la Inteligencia Artificial,7,750033M,07:00:00,09:00:00,50,2,3,1,3743,Ingeniería de Sistemas,5,25,1
1,Monday,T057,9,salon 2,3,1,Sede Principe,831,Género Pluralidad y Diversidad,4,207001C,17:00:00,18:00:00,50,1,26,6,3841,Contaduría Publica,5,6,6
2,Tuesday,T072,13,salon 6,3,1,Sede Principe,614,Cálculo Multivariable,3,111022C,08:00:00,10:00:00,54,2,7,3,3753,Ingeniería de Alimentos,6,9,1
6,Saturday,T047,15,Sala de Sistemas 4,3,1,Sede Principe,718,Inglés con fines generales y académicos I,3,204025C,17:00:00,21:00:00,57,4,23,2,3845,Administracion de empresas,8,46,6
4,Thursday,T070,11,salon 4,3,1,Sede Principe,790,Lectura Crítica,3,204024C,18:20:00,21:20:00,51,3,29,8,2724,Tecnología en Desarrollo de Software,4,31,7
5,Friday,T094,23,Sala De Sistemas 1	,3,1,Sede Principe,67,Fundamentos de Programación Imperativa,1,750012C,10:00:00,13:00:00,51,3,2,1,3743,Ingeniería de Sistemas,7,34,2
1,Monday,T010,21,salon 14,3,1,Sede Principe,1195,HABILIDADES PARA LA VIDA: DESCUB. EL SER,3,603032C,07:00:00,10:00:00,50,3,6,5,3249,Trabajo social,9,1,1
1,Monday,T098,9,salon 2,3,1,Sede Principe,180,Introducción al derecho y constitución política ,1,801042C,07:00:00,10:00:00,51,3,19,2,3845,Administracion de empresas,9,1,1
4,Thursday,T027,3,Salon 3,2,1,Sede Villa Campestre,262,Estrategias De Investigación,5,207022M,14:00:00,18:00:00,50,4,6,5,3249,Trabajo social,3,29,5
6,Saturday,T051,15,Sala de Sistemas 4,3,1,Sede Principe,768,Seminario de Epistemología de las Ciencias,7,801152M,14:00:00,17:00:00,50,3,4,6,3841,Contaduría Publica,6,45,5
3,Wednesday,T210,19,salon 12,3,1,Sede Principe,1133,ESTOMATOLOGÍA,5,605024C,08:00:00,10:00:00,50,2,20,11,3643,Nutricion y dietetica,10,17,1
5,Friday,T062,9,salon 2,3,1,Sede Principe,1173,Gestión Humana,7,801124C,18:20:00,21:20:00,50,3,23,2,3845,Administracion de empresas,8,39,7
4,Thursday,T152,10,Sala de Sistemas 3,3,1,Sede Principe,555,Ingeniería económica,4,760016C,07:00:00,10:00:00,51,3,14,8,2724,Tecnología en Desarrollo de Software,6,25,1
4,Thursday,T120,12,salon 5,3,1,Sede Principe,895,Nutrición y toxicología,6,745012C,07:00:00,10:00:00,50,3,7,3,3753,Ingeniería de Alimentos,7,25,1
5,Friday,T105,16,salon 9,3,1,Sede Principe,82,Cálculo Multivariable,3,111022C,14:00:00,16:00:00,51,2,2,1,3743,Ingeniería de Sistemas,4,37,5
1,Monday,T120,26,Laboratorio de Alimentos,2,1,Sede Villa Campestre,624,Microbiología + Laboratorio,5,745011C,07:00:00,12:00:00,50,5,7,3,3753,Ingeniería de Alimentos,4,1,1
2,Tuesday,T079,6,Salon 6,2,1,Sede Villa Campestre,384,Fundamentos de contabilidad ,1,802004C,15:00:00,18:00:00,51,3,18,6,3841,Contaduría Publica,5,14,6
3,Wednesday,T051,11,salon 4,3,1,Sede Principe,437,Revisoría Fiscal,10,802096M,18:20:00,21:20:00,50,3,4,6,3841,Contaduría Publica,3,23,7
4,Thursday,T002,15,Sala de Sistemas 4,3,1,Sede Principe,69,Introducción a la Ingeniería,1,701003C,07:00:00,09:00:00,50,2,2,1,3743,Ingeniería de Sistemas,4,25,1
5,Friday,T191,18,salon 11,3,1,Sede Principe,1058,ANTROPOLOGÍA SOCIAL Y CULTURAL,3,207031M,15:00:00,18:00:00,50,3,6,5,3249,Trabajo social,7,38,6
4,Thursday,T098,16,salon 9,3,1,Sede Principe,946,"Seminario en Constitución, Legislación y Ética de la profesión",6,730026C,07:00:00,10:00:00,50,3,14,8,2724,Tecnología en Desarrollo de Software,8,25,1
5,Friday,T168,19,salon 12,3,1,Sede Principe,1101,Seguridad Social,8,207068M,10:00:00,13:00:00,50,3,6,5,3249,Trabajo social,7,34,2
1,Monday,T016,11,salon 4,3,1,Sede Principe,551,Inglés con fines generales y académicos I,3,204025C,18:20:00,22:20:00,52,4,29,8,2724,Tecnología en Desarrollo de Software,4,7,7
4,Thursday,T170,13,salon 6,3,1,Sede Principe,557,Inglés con Fines Generales y Académicos IV,4,204028C,14:00:00,18:00:00,52,4,2,1,3743,Ingeniería de Sistemas,8,29,5
5,Friday,T076,13,salon 6,3,1,Sede Principe,539,Ecuaciones Diferenciales,4,111026C,10:00:00,13:00:00,50,3,2,1,3743,Ingeniería de Sistemas,6,34,2
3,Wednesday,T174,20,salon 13,3,1,Sede Principe,962,Taller Construcción de Infraestructura Urbana I,5,502028C,14:00:00,18:00:00,50,4,5,4,3554,Construccion,6,21,5
5,Friday,T042,8,salon 1,3,1,Sede Principe,602,Técnicas de Mantenimiento,7,710203M,18:20:00,21:20:00,50,3,13,9,2710,Tecnología en Electronica,4,40,8
1,Monday,T069,19,salon 12,3,1,Sede Principe,968,Ciencias Sociales y Ciudadanía,4,201002C,07:00:00,10:00:00,50,3,18,6,3841,Contaduría Publica,8,1,1
3,Wednesday,T054,17,salon 10,3,1,Sede Principe,672,Administración para el Cambio,8,801184M,07:00:00,10:00:00,51,3,25,2,3845,Administracion de empresas,6,17,1
2,Tuesday,T131,26,Laboratorio de Alimentos,2,1,Sede Villa Campestre,663,Taller de Ingeniería de Alimentos II,3,745021C,14:00:00,18:00:00,51,4,7,3,3753,Ingeniería de Alimentos,8,13,5
2,Tuesday,T010,15,Sala de Sistemas 4,3,1,Sede Principe,1126,Genero pluralidad y diversidades,3,304035C,10:00:00,13:00:00,55,3,20,11,3643,Nutricion y dietetica,8,11,3
5,Friday,T030,11,salon 4,3,1,Sede Principe,420,Legislación Comercial II,4,801018M,18:20:00,21:20:00,50,3,4,6,3841,Contaduría Publica,3,39,7
4,Thursday,T047,14,salon 7,3,1,Sede Principe,1120,Inglés con Fines Generales y Académicos IV,7,204028C,07:00:00,11:00:00,50,4,5,4,3554,Construccion,10,25,1
1,Monday,T025,10,Sala de Sistemas 3,3,1,Sede Principe,291,Cálculo Monovariable,2,111021C,07:00:00,10:00:00,51,3,7,3,3753,Ingeniería de Alimentos,3,1,1
4,Thursday,T026,14,salon 7,3,1,Sede Principe,842,Probabilidad y Estadistica,4,761001C,18:20:00,22:20:00,53,4,29,8,2724,Tecnología en Desarrollo de Software,5,31,7
5,Friday,T166,17,salon 10,3,1,Sede Principe,988,PRESUPUESTOS,6,802049C,15:00:00,18:00:00,50,3,18,6,3841,Contaduría Publica,6,38,6
5,Friday,T024,21,salon 14,3,1,Sede Principe,737,Contabilidad de los recursos y obligaciones de largo plazo y patrimonio,3,802015C,18:20:00,21:20:00,50,3,26,6,3841,Contaduría Publica,10,39,7
3,Wednesday,T113,27,Laboratorio de Electronica,2,1,Sede Villa Campestre,318,Física de la construcción,2,502005C,14:00:00,18:00:00,50,4,5,4,3554,Construccion,9,21,5
3,Wednesday,T183,2,Salon 2,2,1,Sede Villa Campestre,993,Legislación  Comercial,3,801058C,18:20:00,21:20:00,50,3,23,2,3845,Administracion de empresas,10,23,7
1,Monday,T163,1,Salon 1,2,1,Sede Villa Campestre,982,Bioquímica,3,605018C,09:00:00,13:00:00,50,4,20,11,3643,Nutricion y dietetica,6,3,3
4,Thursday,T006,7,Sala De Sistemas 1,2,1,Sede Villa Campestre,1063,Desarrollo de Aplicaciones para Dispositivos Móviles,7,750026C,07:00:00,10:00:00,50,3,2,1,3743,Ingeniería de Sistemas,7,25,1
1,Monday,T016,12,salon 5,3,1,Sede Principe,843,Inglés con fines generales y académicos II,4,204026C,18:20:00,22:20:00,53,4,29,8,2724,Tecnología en Desarrollo de Software,5,8,8
5,Friday,T119,7,Sala De Sistemas 1,2,1,Sede Villa Campestre,1147,Regulación en la industria alimentaria,9,745032C,15:00:00,18:00:00,50,3,7,3,3753,Ingeniería de Alimentos,10,38,6
5,Friday,T033,5,Salon 5,2,1,Sede Villa Campestre,407,Proceso administrativo empresarial,7,801151M,07:00:00,10:00:00,50,3,28,6,3841,Contaduría Publica,5,33,1
5,Friday,T105,15,Sala de Sistemas 4,3,1,Sede Principe,72,Cálculo Monovariable,2,111021C,10:00:00,12:00:00,50,2,2,1,3743,Ingeniería de Sistemas,7,34,2
5,Friday,T026,7,Sala De Sistemas 1,2,1,Sede Villa Campestre,720,Estadística I para las Ciencias de la Administración,3,801083C,18:20:00,21:20:00,51,3,23,2,3845,Administracion de empresas,10,39,7
3,Wednesday,T027,9,salon 2,3,1,Sede Principe,700,Ciencias humanas,2,801078C,10:00:00,13:00:00,51,3,19,2,3845,Administracion de empresas,10,18,2
2,Tuesday,T005,21,salon 14,3,1,Sede Principe,878,Fundamentos de Interpretación y Compilación de LP,5,750017C,08:00:00,12:00:00,50,4,2,1,3743,Ingeniería de Sistemas,9,9,1
1,Monday,T017,18,salon 11,3,1,Sede Principe,483,Fisica + Laboratorio,3,106012C,10:00:00,13:00:00,52,3,2,1,3743,Ingeniería de Sistemas,6,2,2
2,Tuesday,T216,20,salon 13,3,1,Sede Principe,1297,CALIDAD EN LOS PROCESOS,9,502052C,07:00:00,10:00:00,52,3,5,4,3554,Construccion,10,9,1
6,Saturday,T009,25,Coliseo,2,1,Sede Villa Campestre,1027,DEPORTE Y SALUD,1,404002C,17:00:00,20:00:00,50,3,31,12,2725,Tecnologia en Electronica Industrial,6,66,11
6,Saturday,T165,13,salon 6,3,1,Sede Principe,1156,Taller de escritura científica,8,801195C,14:00:00,17:00:00,51,3,26,6,3841,Contaduría Publica,9,45,5
6,Saturday,T020,16,salon 9,3,1,Sede Principe,427,Comercio Exterior,6,801062M,15:00:00,18:00:00,53,3,4,6,3841,Contaduría Publica,3,46,6
5,Friday,T075,4,Salon 4,2,1,Sede Villa Campestre,321,Taller Construcción de edificaciones  I,2,502013C,07:00:00,11:00:00,51,4,5,4,3554,Construccion,10,33,1
2,Tuesday,T085,10,Sala de Sistemas 3,3,1,Sede Principe,716,Taller Habilidades y herramientas informáticas para la gestión (Científico tecnológico) - grupo dividido ,1,801044C,18:20:00,21:20:00,50,3,23,2,3845,Administracion de empresas,4,16,8
2,Tuesday,T013,17,salon 10,3,1,Sede Principe,190,Estadística I para las ciencias de la administración,3,801083C,13:00:00,16:00:00,51,3,19,2,3845,Administracion de empresas,3,12,4
2,Tuesday,T081,20,salon 13,3,1,Sede Principe,528,Taller de Representación  I,1,501002C,07:00:00,13:00:00,50,6,5,4,3554,Construccion,4,9,1
2,Tuesday,T180,3,Salon 3,2,1,Sede Villa Campestre,1025,APLICACION Y MANEJO DEL FRIO PARA LA CONSERVACION DE ALIMENTOS,9,745071M,14:00:00,17:00:00,50,3,16,3,3753,Ingeniería de Alimentos,6,13,5
3,Wednesday,T098,11,salon 4,3,1,Sede Principe,387,Introducción al derecho y constitución política ,1,801042C,07:00:00,10:00:00,50,3,18,6,3841,Contaduría Publica,7,17,1
2,Tuesday,T025,2,Salon 2,2,1,Sede Villa Campestre,1206,CÁLCULO I - CIENCIAS,2,111013C,07:00:00,10:00:00,50,3,33,13,3150,Agroindustria,9,9,1
5,Friday,T038,20,salon 13,3,1,Sede Principe,1238,Creación de Empresas,8,801186C,18:20:00,21:20:00,50,3,23,2,3845,Administracion de empresas,9,39,7
2,Tuesday,T025,18,salon 11,3,1,Sede Principe,2,Matemáticas Básicas,1,111023C,07:00:00,10:00:00,50,3,2,1,3743,Ingeniería de Sistemas,7,9,1
4,Thursday,T106,2,Salon 2,2,1,Sede Villa Campestre,623,Control e instrumentación  en la Industría de Alimentos ,5,710230M ,08:00:00,11:00:00,50,3,7,3,3753,Ingeniería de Alimentos,4,25,1
2,Tuesday,T015,15,Sala de Sistemas 4,3,1,Sede Principe,405,Legislación Tributaria II,7,802057M,15:00:00,18:00:00,50,3,28,6,3841,Contaduría Publica,5,14,6
6,Saturday,T167,26,Laboratorio de Alimentos,2,1,Sede Villa Campestre,891,Taller de Ingeniería V,6,745024C,07:00:00,10:00:00,50,3,7,3,3753,Ingeniería de Alimentos,9,41,1
6,Saturday,T155,25,Coliseo,2,1,Sede Villa Campestre,839,DEPORTE Y SALUD,1,404002C,16:00:00,19:00:00,52,3,14,8,2724,Tecnología en Desarrollo de Software,5,46,6
5,Friday,T108,14,salon 7,3,1,Sede Principe,617,Inglés con fines generales y académicos I,3,204025C,14:00:00,18:00:00,52,4,7,3,3753,Ingeniería de Alimentos,6,36,4
1,Monday,T033,4,Salon 4,2,1,Sede Villa Campestre,186,Diseño Organizacional ,2,801079C,18:20:00,21:20:00,50,3,23,2,3845,Administracion de empresas,7,7,7
5,Friday,T105,17,salon 10,3,1,Sede Principe,82,Cálculo Multivariable,3,111022C,16:00:00,18:00:00,54,2,2,1,3743,Ingeniería de Sistemas,9,38,6
1,Monday,T105,19,salon 12,3,1,Sede Principe,951,Cálculo Monovariable,2,111021C,20:20:00,22:20:00,51,2,30,12,2725,Tecnologia en Electronica Industrial,10,8,8
5,Friday,T154,10,Sala de Sistemas 3,3,1,Sede Principe,1089,Administración y gestión financiera,6,802051C,18:20:00,21:20:00,50,3,23,2,3845,Administracion de empresas,9,39,7
1,Monday,T045,2,Salon 2,2,1,Sede Villa Campestre,759,Administración financiera,8,802068M,14:00:00,17:00:00,50,3,28,6,3841,Contaduría Publica,4,5,5
2,Tuesday,T068,5,Salon 5,2,1,Sede Villa Campestre,888,Operaciones con sólidos,4,745013C,10:00:00,13:00:00,50,3,7,3,3753,Ingeniería de Alimentos,9,10,2
4,Thursday,T013,7,Sala De Sistemas 1,2,1,Sede Villa Campestre,724,Matemática para Finanzas,3,802013C,18:20:00,21:20:00,51,3,23,2,3845,Administracion de empresas,10,32,8
2,Tuesday,T144,26,Laboratorio de Alimentos,2,1,Sede Villa Campestre,1023,TALLER DE INGENIERÍA DE ALIMENTOS VI,7,745025C,07:00:00,10:00:00,50,3,7,3,3753,Ingeniería de Alimentos,10,9,1
3,Wednesday,T021,1,Salon 1,2,1,Sede Villa Campestre,233,Administraciónn de Nuevas Empresas y Problemática  PYME,10,801252M,18:20:00,21:20:00,50,3,1,2,3845,Administracion de empresas,3,23,7
5,Friday,T087,23,Sala De Sistemas 1	,3,1,Sede Principe,463,Fundamentos de programacion orientada a eventos,3,750014C,13:00:00,16:00:00,51,3,14,8,2724,Tecnología en Desarrollo de Software,3,36,4
5,Friday,T125,20,salon 13,3,1,Sede Principe,535,Materiales de Construcción II ,3,502021C,07:00:00,10:00:00,50,3,5,4,3554,Construccion,10,33,1
3,Wednesday,T041,16,salon 9,3,1,Sede Principe,78,Herramientas para hablar en público,2,405126M,07:00:00,10:00:00,50,3,2,1,3743,Ingeniería de Sistemas,4,17,1
2,Tuesday,T034,7,Sala De Sistemas 1,2,1,Sede Villa Campestre,177,Taller Habilidades y herramientas informáticas para la gestión ,1,801044C,15:00:00,18:00:00,51,3,19,2,3845,Administracion de empresas,7,14,6
5,Friday,T016,14,salon 7,3,1,Sede Principe,83,Inglés con fines generales y académicos III,3,204027C,10:00:00,12:00:00,52,2,2,1,3743,Ingeniería de Sistemas,8,35,3
4,Thursday,T053,12,salon 5,3,1,Sede Principe,951,Cálculo Monovariable,2,111021C,18:20:00,21:20:00,51,3,30,12,2725,Tecnologia en Electronica Industrial,8,31,7
3,Wednesday,T011,8,salon 1,3,1,Sede Principe,239,Fundamentos De Economía,1,207076M,07:00:00,10:00:00,50,3,6,5,3249,Trabajo social,3,17,1
3,Wednesday,T037,7,Sala De Sistemas 1,2,1,Sede Villa Campestre,139,Análisis Económico de Inversiones,9,760102M,14:00:00,17:00:00,50,3,3,1,3743,Ingeniería de Sistemas,7,21,5
4,Thursday,T041,11,salon 4,3,1,Sede Principe,848,Herramientas para hablar en público,3,405126M,15:00:00,18:00:00,51,3,6,5,3249,Trabajo social,7,30,6
5,Friday,T105,12,salon 5,3,1,Sede Principe,951,Cálculo Monovariable,2,111021C,18:20:00,21:20:00,51,3,30,12,2725,Tecnologia en Electronica Industrial,9,39,7
1,Monday,T105,19,salon 12,3,1,Sede Principe,72,Cálculo Monovariable,2,111021C,10:00:00,12:00:00,51,2,2,1,3743,Ingeniería de Sistemas,7,2,2
1,Monday,T053,15,Sala de Sistemas 4,3,1,Sede Principe,2,Matemáticas Básicas,1,111023C,13:00:00,15:00:00,50,2,2,1,3743,Ingeniería de Sistemas,4,4,4
2,Tuesday,T054,19,salon 12,3,1,Sede Principe,191,Pensamiento Contemporáneo de la Administración y las Organizaciones,3,801091C,07:00:00,10:00:00,50,3,19,2,3845,Administracion de empresas,3,9,1
5,Friday,T185,17,salon 10,3,1,Sede Principe,82,Cálculo Multivariable,3,111022C,08:00:00,10:00:00,50,2,2,1,3743,Ingeniería de Sistemas,10,33,1
6,Saturday,T165,16,salon 9,3,1,Sede Principe,915,COMPRENSIÓN Y PRODUCCIÓN DE TEXTOS ACADÉMICOS GENERALES,2,204133C,07:00:00,10:00:00,55,3,7,3,3753,Ingeniería de Alimentos,10,41,1
4,Thursday,T054,11,salon 4,3,1,Sede Principe,672,Administración para el Cambio,8,801184M,07:00:00,10:00:00,51,3,25,2,3845,Administracion de empresas,4,25,1
5,Friday,T068,26,Laboratorio de Alimentos,2,1,Sede Villa Campestre,885,Taller de Ingeniería de Alimentos III,4,745022C,14:00:00,17:00:00,50,3,7,3,3753,Ingeniería de Alimentos,5,37,5
5,Friday,T070,13,salon 6,3,1,Sede Principe,923,COMPRENSIÓN Y PRODUCCIÓN DE TEXTOS ACADÉMICOS GENERALES,2,204133C,15:00:00,18:00:00,50,3,2,1,3743,Ingeniería de Sistemas,7,38,6
2,Tuesday,T091,27,Laboratorio de Electronica,2,1,Sede Villa Campestre,1205,FÍSICA FUNDAMENTAL I,2,106001C,10:00:00,13:00:00,50,3,33,13,3150,Agroindustria,9,10,2
4,Thursday,T017,27,Laboratorio de Electronica,2,1,Sede Villa Campestre,483,Fisica + Laboratorio,3,106012C,14:00:00,17:00:00,52,3,2,1,3743,Ingeniería de Sistemas,9,29,5
1,Monday,T075,20,salon 13,3,1,Sede Principe,865,Taller Construcción de edificaciones  III,4,502026C,07:00:00,11:00:00,50,4,5,4,3554,Construccion,9,1,1
2,Tuesday,T121,13,salon 6,3,1,Sede Principe,618,Inglés con fines generales y académicos II,4,204026C,09:00:00,13:00:00,50,4,7,3,3753,Ingeniería de Alimentos,5,11,3
3,Wednesday,T056,26,Laboratorio de Alimentos,2,1,Sede Villa Campestre,609,Biologia + Laboratorio,1,102094C,14:00:00,18:00:00,50,4,7,3,3753,Ingeniería de Alimentos,9,21,5
4,Thursday,T032,24,Sala De Sistemas 2,3,1,Sede Principe,814,Modelos y Simulación de datos para las organizaciones,4,801105C,18:20:00,21:20:00,50,3,23,2,3845,Administracion de empresas,7,31,7
3,Wednesday,T076,21,salon 14,3,1,Sede Principe,539,Ecuaciones Diferenciales,4,111026C,10:00:00,12:00:00,50,2,2,1,3743,Ingeniería de Sistemas,6,18,2
1,Monday,T047,11,salon 4,3,1,Sede Principe,264,Lectura De Textos En Inglés II,5, 204104M,07:00:00,10:00:00,50,3,6,5,3249,Trabajo social,3,1,1
6,Saturday,T111,11,salon 4,3,1,Sede Principe,832,Hacienda pública,4,802022C,18:20:00,21:20:00,50,3,26,6,3841,Contaduría Publica,5,47,7
1,Monday,T040,24,Sala De Sistemas 2,3,1,Sede Principe,1014,Calidad de productos de Software,8,750029C,14:00:00,17:00:00,50,3,3,1,3743,Ingeniería de Sistemas,7,5,5
3,Wednesday,T027,3,Salon 3,2,1,Sede Villa Campestre,506,Diseño Etnografico,6,207028M,14:00:00,18:00:00,50,4,6,5,3249,Trabajo social,4,21,5
4,Thursday,T008,7,Sala De Sistemas 1,2,1,Sede Villa Campestre,134,Seminario de Proyecto de Grado,8,750097M,07:00:00,08:00:00,50,1,3,1,3743,Ingeniería de Sistemas,4,25,1
2,Tuesday,T041,15,Sala de Sistemas 4,3,1,Sede Principe,923,COMPRENSIÓN Y PRODUCCIÓN DE TEXTOS ACADÉMICOS GENERALES,2,204133C,15:00:00,18:00:00,54,3,2,1,3743,Ingeniería de Sistemas,6,14,6
1,Monday,T047,12,salon 5,3,1,Sede Principe,495,Lectura de Textos Académicos en Inglés I,4,204101M,07:00:00,10:00:00,50,3,6,5,3249,Trabajo social,4,1,1
3,Wednesday,T095,6,Salon 6,2,1,Sede Villa Campestre,743,Legislación Comercial I,2,801073C,14:00:00,17:00:00,51,3,18,6,3841,Contaduría Publica,4,21,5
6,Saturday,T170,23,Sala De Sistemas 1	,3,1,Sede Principe,969,Inglés con fines generales y académicos III,5,204027C,17:00:00,21:00:00,55,4,26,6,3841,Contaduría Publica,8,46,6
1,Monday,T036,8,salon 1,3,1,Sede Principe,445,Técnicas Digitales ,4,710200M,18:20:00,22:20:00,50,4,13,9,2710,Tecnología en Electronica,3,8,8
1,Monday,T070,14,salon 7,3,1,Sede Principe,114,Comprensión y Producción de Textos Académicos,4,204161M,07:00:00,10:00:00,50,3,3,1,3743,Ingeniería de Sistemas,3,1,1
1,Monday,T114,10,Sala de Sistemas 3,3,1,Sede Principe,1144,INGENIERÍA DE PROCESAMIENTO II,9,745010C,14:00:00,18:00:00,50,4,7,3,3753,Ingeniería de Alimentos,10,5,5
4,Thursday,T132,18,salon 11,3,1,Sede Principe,724,Matemática para Finanzas,3,802013C,18:20:00,21:20:00,50,3,23,2,3845,Administracion de empresas,4,31,7
5,Friday,T026,10,Sala de Sistemas 3,3,1,Sede Principe,746,Estadística II para las ciencias de la administración,4,801104C,10:00:00,13:00:00,51,3,18,6,3841,Contaduría Publica,6,34,2
5,Friday,T169,6,Salon 6,2,1,Sede Villa Campestre,1240,Taller de escritura científica,9,801195C,10:00:00,13:00:00,50,3,19,2,3845,Administracion de empresas,9,34,2
3,Wednesday,T057,11,salon 4,3,1,Sede Principe,938,Sexualidad Humana,2,801042M,07:00:00,10:00:00,50,3,14,8,2724,Tecnología en Desarrollo de Software,6,17,1
3,Wednesday,T074,6,Salon 6,2,1,Sede Villa Campestre,179,Proceso administrativo ,1,801043C,10:00:00,13:00:00,50,3,19,2,3845,Administracion de empresas,9,18,2
5,Friday,T208,8,salon 1,3,1,Sede Principe,1260,Principios de nutrición alimentación y salud,5,605010C,18:20:00,21:20:00,50,3,29,8,2724,Tecnología en Desarrollo de Software,10,39,7
2,Tuesday,T103,21,salon 14,3,1,Sede Principe,505,Comunidad y Organizaciones II,6,207033M,08:00:00,12:00:00,50,4,6,5,3249,Trabajo social,6,9,1
3,Wednesday,T076,15,Sala de Sistemas 4,3,1,Sede Principe,539,Ecuaciones Diferenciales,4,111026C,10:00:00,12:00:00,50,2,2,1,3743,Ingeniería de Sistemas,8,18,2
2,Tuesday,T075,7,Sala De Sistemas 1,2,1,Sede Villa Campestre,860,Taller de Representación II - Representar las ideas,2,501003C,07:00:00,10:00:00,51,3,5,4,3554,Construccion,9,9,1
6,Saturday,T130,21,salon 14,3,1,Sede Principe,226,Trabajo en Equipo,8,801181M,15:00:00,18:00:00,50,3,1,2,3845,Administracion de empresas,7,46,6
6,Saturday,T085,24,Sala De Sistemas 2,3,1,Sede Principe,385,Taller de habilidades informáticas para la gestión (Científico tecnológico),1,801044C,07:00:00,10:00:00,52,3,18,6,3841,Contaduría Publica,3,41,1
4,Thursday,T066,6,Salon 6,2,1,Sede Villa Campestre,227,Investigación de Mercados,8,801052M,18:20:00,21:20:00,50,3,1,2,3845,Administracion de empresas,7,32,8
2,Tuesday,T144,26,Laboratorio de Alimentos,2,1,Sede Villa Campestre,626,Tallerer de Ingeniería de Alimentos IV,5,745023C,14:00:00,17:00:00,50,3,7,3,3753,Ingeniería de Alimentos,6,13,5
4,Thursday,T087,24,Sala De Sistemas 2,3,1,Sede Principe,463,Fundamentos de programacion orientada a eventos,3,750014C,14:00:00,17:00:00,52,3,14,8,2724,Tecnología en Desarrollo de Software,3,29,5
2,Tuesday,T244,8,salon 1,3,1,Sede Principe,1132,EPIDEMIOLOGÍA NUTRICIONAL,5,605023C,14:00:00,17:00:00,50,3,20,11,3643,Nutricion y dietetica,10,13,5
6,Saturday,T007,15,Sala de Sistemas 4,3,1,Sede Principe,464,Matematicas discretas II,3,750005C,07:00:00,11:00:00,51,4,14,8,2724,Tecnología en Desarrollo de Software,3,41,1
6,Saturday,T019,11,salon 4,3,1,Sede Principe,656,Matemáticas Especiales para Ingeniería de Alimentos,7,745064M,14:00:00,18:00:00,50,4,16,3,3753,Ingeniería de Alimentos,4,45,5
2,Tuesday,T112,20,salon 13,3,1,Sede Principe,528,Taller de Representación  I,1,501002C,07:00:00,10:00:00,51,3,5,4,3554,Construccion,8,49,9
3,Wednesday,T103,13,salon 6,3,1,Sede Principe,505,Comunidad y Organizaciones II,6,207033M,08:00:00,12:00:00,50,4,6,5,3249,Trabajo social,4,17,1
2,Tuesday,T016,8,salon 1,3,1,Sede Principe,83,Inglés con fines generales y académicos III,3,204027C,13:00:00,17:00:00,50,4,2,1,3743,Ingeniería de Sistemas,3,12,4
2,Tuesday,T081,3,Salon 3,2,1,Sede Villa Campestre,864,Arte y Ciudad,4,503067M,07:00:00,11:00:00,50,4,5,4,3554,Construccion,7,9,1
4,Thursday,T246,26,Laboratorio de Alimentos,2,1,Sede Villa Campestre,624,Microbiología + Laboratorio,5,745011C,07:00:00,10:00:00,50,3,7,3,3753,Ingeniería de Alimentos,10,25,1
2,Tuesday,T005,24,Sala De Sistemas 2,3,1,Sede Principe,558,Fundamentos de Programación Funcional y Concurrente,4,750013C,07:00:00,10:00:00,50,3,2,1,3743,Ingeniería de Sistemas,6,9,1
5,Friday,T245,24,Sala De Sistemas 2,3,1,Sede Principe,1131,GESTIÓN AMBIENTAL,5,605025C,14:00:00,17:00:00,50,3,20,11,3643,Nutricion y dietetica,10,37,5
5,Friday,T055,16,salon 9,3,1,Sede Principe,213,Gestión de la Producción de Bienes y Servicios,6,801179M,18:20:00,21:20:00,50,3,1,2,3845,Administracion de empresas,3,39,7
6,Saturday,T218,18,salon 11,3,1,Sede Principe,1280,Electiva Profesional  Gerencia comercial,9,801237C,14:00:00,17:00:00,50,3,23,2,3845,Administracion de empresas,10,45,5
1,Monday,T009,25,Coliseo,2,1,Sede Villa Campestre,847,DEPORTE Y SALUD,1,404002C,07:00:00,10:00:00,54,3,6,5,3249,Trabajo social,5,1,1
1,Monday,T052,26,Laboratorio de Alimentos,2,1,Sede Villa Campestre,627,Análisis de Alimentos,5,745004C,09:00:00,13:00:00,50,4,7,3,3753,Ingeniería de Alimentos,8,3,3
4,Thursday,T034,15,Sala de Sistemas 4,3,1,Sede Principe,2,Matemáticas Básicas,1,111023C,10:00:00,12:00:00,53,2,2,1,3743,Ingeniería de Sistemas,8,26,2
1,Monday,T060,9,salon 2,3,1,Sede Principe,452,Teoría General de Sistemas,5,760081M,07:00:00,10:00:00,50,3,21,8,2724,Tecnología en Desarrollo de Software,3,1,1
2,Tuesday,T057,19,salon 12,3,1,Sede Principe,630,Estrategias para el aprendizaje autónomo,3,417016C,10:00:00,13:00:00,51,3,7,3,3753,Ingeniería de Alimentos,4,10,2
5,Friday,T053,11,salon 4,3,1,Sede Principe,858,Matemáticas Básicas,1,111023C,18:20:00,21:20:00,51,3,30,12,2725,Tecnologia en Electronica Industrial,10,39,7
2,Tuesday,T057,16,salon 9,3,1,Sede Principe,461,Inserción a la Vida Universitaria,1,701001C,07:00:00,09:00:00,51,2,14,8,2724,Tecnología en Desarrollo de Software,3,9,1
6,Saturday,T065,23,Sala De Sistemas 1	,3,1,Sede Principe,469,Fundamentos de Programacion OO (Taller Tecnologico II),2,750015C,10:00:00,13:00:00,52,3,29,8,2724,Tecnología en Desarrollo de Software,4,42,2
1,Monday,T017,18,salon 11,3,1,Sede Principe,483,Fisica + Laboratorio,3,106012C,07:00:00,13:00:00,52,6,2,1,3743,Ingeniería de Sistemas,5,1,1
5,Friday,T062,4,Salon 4,2,1,Sede Villa Campestre,676,"Electiva en área de profundización I: Selección, Admisión, e Inducción de personal",8,801240M,07:00:00,10:00:00,50,3,25,2,3845,Administracion de empresas,6,33,1
2,Tuesday,T204,7,Sala De Sistemas 1,2,1,Sede Villa Campestre,395,Inglés con fines generales y académicos I,3,204025C,07:00:00,11:00:00,52,4,18,6,3841,Contaduría Publica,7,9,1
3,Wednesday,T118,1,Salon 1,2,1,Sede Villa Campestre,524,Introducción a la Nutrición y Dietética,1,605011C,14:00:00,16:00:00,50,2,20,11,3643,Nutricion y dietetica,4,21,5
6,Saturday,T050,8,salon 1,3,1,Sede Principe,236,Historia De Colombia Con Énfasis Social,1, 207103M,07:00:00,10:00:00,50,3,6,5,3249,Trabajo social,7,41,1
4,Thursday,T027,15,Sala de Sistemas 4,3,1,Sede Principe,84,Taller de Escritura e Investigación,3,202009M,10:00:00,13:00:00,50,3,2,1,3743,Ingeniería de Sistemas,7,26,2
4,Thursday,T061,17,salon 10,3,1,Sede Principe,980,Biología Molecular,3,605015C,14:00:00,18:00:00,50,4,20,11,3643,Nutricion y dietetica,10,29,5
1,Monday,T102,13,salon 6,3,1,Sede Principe,1008,Proyecto Integrador I (Proyecto Tecnológico),6,750018C,14:00:00,18:00:00,50,4,2,1,3743,Ingeniería de Sistemas,8,5,5
2,Tuesday,T133,20,salon 13,3,1,Sede Principe,317,Taller de Representacion II,2,501003C,07:00:00,13:00:00,51,6,5,4,3554,Construccion,7,9,1
3,Wednesday,T021,18,salon 11,3,1,Sede Principe,390,Proceso administrativo,3,801043C,15:00:00,18:00:00,50,3,18,6,3841,Contaduría Publica,7,21,5
3,Wednesday,T013,7,Sala De Sistemas 1,2,1,Sede Villa Campestre,1005,Administración y gestión financiera,6,802051C,07:00:00,10:00:00,51,3,19,2,3845,Administracion de empresas,8,17,1
2,Tuesday,T063,5,Salon 5,2,1,Sede Villa Campestre,986,Seminario de teoría contable,6,802042C,10:00:00,13:00:00,50,3,18,6,3841,Contaduría Publica,8,10,2
1,Monday,T057,11,salon 4,3,1,Sede Principe,1105,Genero pluralidad y diversidades,5,304035C,18:20:00,20:20:00,51,2,29,8,2724,Tecnología en Desarrollo de Software,8,7,7
6,Saturday,T009,25,Coliseo,2,1,Sede Villa Campestre,839,DEPORTE Y SALUD,1,404002C,10:00:00,13:00:00,50,3,14,8,2724,Tecnología en Desarrollo de Software,9,42,2
3,Wednesday,T013,10,Sala de Sistemas 3,3,1,Sede Principe,1150,Administración y gestión financiera,7,802051C,18:20:00,21:20:00,50,3,26,6,3841,Contaduría Publica,10,23,7
5,Friday,T034,15,Sala de Sistemas 4,3,1,Sede Principe,708,Modelos y Simulación de datos para las organizaciones,4,801105C,10:00:00,13:00:00,50,3,19,2,3845,Administracion de empresas,10,34,2
5,Friday,T151,8,salon 1,3,1,Sede Principe,1053,"HUMANITAS, CIENCIA, AGRICULTURA Y CAMBIO CLIMÁTICO",4,106030C,14:00:00,17:00:00,50,3,20,11,3643,Nutricion y dietetica,7,37,5
2,Tuesday,T005,24,Sala De Sistemas 2,3,1,Sede Principe,1011,INFRAESTRUCTURAS PARALELAS Y DISTRIBUIDAS,6,750023C,14:00:00,17:00:00,50,3,2,1,3743,Ingeniería de Sistemas,7,13,5
1,Monday,T128,16,salon 9,3,1,Sede Principe,225,Comercio Exterior,8,801062M,18:20:00,21:20:00,50,3,1,2,3845,Administracion de empresas,7,7,7
2,Tuesday,T228,13,salon 6,3,1,Sede Principe,1231,TALLER DE HABILIDADES GERENCIALES ENFOQUE CONTABLE FINANCIERO,9,802055C,07:00:00,10:00:00,50,3,18,6,3841,Contaduría Publica,9,9,1
4,Thursday,T069,13,salon 6,3,1,Sede Principe,968,Ciencias Sociales y Ciudadanía,4,201002C,15:00:00,18:00:00,50,3,18,6,3841,Contaduría Publica,6,30,6
2,Tuesday,T015,4,Salon 4,2,1,Sede Villa Campestre,422,Legislación Tributaria I,6,802036M,18:20:00,21:20:00,50,3,4,6,3841,Contaduría Publica,5,15,7
2,Tuesday,T041,19,salon 12,3,1,Sede Principe,1172,Electiva Componente Artistico Humanistico: Actuación ante cámaras,7,504038C,18:20:00,21:20:00,50,3,23,2,3845,Administracion de empresas,8,15,7
4,Thursday,T027,4,Salon 4,2,1,Sede Villa Campestre,271,Seminario De Monografía,8,207052M,14:00:00,17:00:00,50,3,6,5,3249,Trabajo social,10,29,5
4,Thursday,T013,6,Salon 6,2,1,Sede Villa Campestre,778,Administración Financiera,9,802068M,18:20:00,21:20:00,51,3,4,6,3841,Contaduría Publica,6,31,7
1,Monday,T102,8,salon 1,3,1,Sede Principe,465,Sistemas operativos,3,750001C,07:00:00,10:00:00,50,3,14,8,2724,Tecnología en Desarrollo de Software,9,1,1
3,Wednesday,T027,2,Salon 2,2,1,Sede Villa Campestre,506,Diseño Etnografico,6,207028M,08:00:00,12:00:00,50,4,6,5,3249,Trabajo social,6,17,1
4,Thursday,T144,26,Laboratorio de Alimentos,2,1,Sede Villa Campestre,1023,TALLER DE INGENIERÍA DE ALIMENTOS VI,7,745025C,10:00:00,13:00:00,51,3,7,3,3753,Ingeniería de Alimentos,8,26,2
3,Wednesday,T072,10,Sala de Sistemas 3,3,1,Sede Principe,292,Álgebra lineal,2,111006C,14:00:00,17:00:00,50,3,7,3,3753,Ingeniería de Alimentos,3,21,5
2,Tuesday,T113,18,salon 11,3,1,Sede Principe,786,Algebra Lineal,2,111038C,14:00:00,17:00:00,51,3,2,1,3743,Ingeniería de Sistemas,9,13,5
5,Friday,T136,21,salon 14,3,1,Sede Principe,870,Biología Celular,2,605014C,08:00:00,12:00:00,50,4,20,11,3643,Nutricion y dietetica,5,33,1
3,Wednesday,T118,6,Salon 6,2,1,Sede Villa Campestre,871,"Nucleo II Vida, salud, enfermedad, acción social",2,607002C,09:00:00,12:00:00,50,3,20,11,3643,Nutricion y dietetica,5,19,3
6,Saturday,T233,17,salon 10,3,1,Sede Principe,1012,Desarrollo de Software II,6,750021C,09:00:00,12:00:00,52,3,2,1,3743,Ingeniería de Sistemas,9,43,3
1,Monday,T146,16,salon 9,3,1,Sede Principe,437,Revisoría Fiscal,10,802096M,18:20:00,21:20:00,51,3,4,6,3841,Contaduría Publica,5,7,7
2,Tuesday,T084,15,Sala de Sistemas 4,3,1,Sede Principe,213,Gestión de la Producción de Bienes y Servicios,6,801179M,18:20:00,21:20:00,50,3,1,2,3845,Administracion de empresas,5,15,7
4,Thursday,T070,4,Salon 4,2,1,Sede Villa Campestre,991,COMPRENSIÓN Y PRODUCCIÓN DE TEXTOS ACADÉMICOS GENERALES,2,204133C,15:00:00,18:00:00,56,3,19,2,3845,Administracion de empresas,8,30,6
3,Wednesday,T041,13,salon 6,3,1,Sede Principe,78,Herramientas para hablar en público,2,405126M,15:00:00,18:00:00,50,3,2,1,3743,Ingeniería de Sistemas,7,22,6
2,Tuesday,T108,10,Sala de Sistemas 3,3,1,Sede Principe,725,Inglés con fines generales y académicos I,3,204025C,18:20:00,22:20:00,54,4,26,6,3841,Contaduría Publica,10,16,8
2,Tuesday,T005,23,Sala De Sistemas 1	,3,1,Sede Principe,121,Fundamentos de Análisis y Diseño de Algoritmos,5,750094M,07:00:00,11:00:00,50,4,3,1,3743,Ingeniería de Sistemas,3,9,1
3,Wednesday,T096,16,salon 9,3,1,Sede Principe,438,Evaluación Financiera de Proyectos,10,802010M,18:20:00,21:20:00,51,3,4,6,3841,Contaduría Publica,5,23,7
6,Saturday,T070,17,salon 10,3,1,Sede Principe,921,COMPRENSIÓN Y PRODUCCIÓN DE TEXTOS ACADÉMICOS GENERALES,2,204133C,14:00:00,17:00:00,55,3,23,2,3845,Administracion de empresas,7,45,5
1,Monday,T160,23,Sala De Sistemas 1	,3,1,Sede Principe,1038,Desarrollo de Software II,6,750021C,18:20:00,21:20:00,51,3,29,8,2724,Tecnología en Desarrollo de Software,9,7,7
2,Tuesday,T084,1,Salon 1,2,1,Sede Villa Campestre,830,Investigación y Gestión de Operaciones,4,801095C,18:20:00,21:20:00,51,3,26,6,3841,Contaduría Publica,9,15,7
3,Wednesday,T072,8,salon 1,3,1,Sede Principe,629,Probabilidad y Estadistica,5,761001C,14:00:00,18:00:00,52,4,7,3,3753,Ingeniería de Alimentos,4,21,5
5,Friday,T024,19,salon 12,3,1,Sede Principe,737,Contabilidad de los recursos y obligaciones de largo plazo y patrimonio,3,802015C,18:20:00,21:20:00,50,3,26,6,3841,Contaduría Publica,8,39,7
4,Thursday,T142,14,salon 7,3,1,Sede Principe,755,Contabilidad pública,8,802026M,10:00:00,13:00:00,51,3,28,6,3841,Contaduría Publica,6,26,2
2,Tuesday,T033,1,Salon 1,2,1,Sede Villa Campestre,722,Pensamiento Contemporáneo de la Administración y las Organizaciones,3,801091C,18:20:00,21:20:00,50,3,23,2,3845,Administracion de empresas,4,15,7
1,Monday,T154,3,Salon 3,2,1,Sede Villa Campestre,717,Fundamentos de Contabilidad ,1,802004C,18:20:00,21:20:00,51,3,23,2,3845,Administracion de empresas,8,7,7
3,Wednesday,T087,21,salon 14,3,1,Sede Principe,1194,Control Electrónico de Potencia (AET),5,710104M,18:20:00,22:20:00,50,4,30,12,2725,Tecnologia en Electronica Industrial,10,24,8
4,Thursday,T105,15,Sala de Sistemas 4,3,1,Sede Principe,459,Matemáticas Básicas,1,111023C,18:20:00,21:20:00,51,3,14,8,2724,Tecnología en Desarrollo de Software,4,32,8
5,Friday,T100,23,Sala De Sistemas 1	,3,1,Sede Principe,124,Fundamentos de Redes,6,750096M,10:00:00,13:00:00,52,3,3,1,3743,Ingeniería de Sistemas,4,34,2
5,Friday,T100,24,Sala De Sistemas 2,3,1,Sede Principe,841,Fundamentos de redes,4,750010C,18:20:00,21:20:00,51,3,29,8,2724,Tecnología en Desarrollo de Software,7,40,8
3,Wednesday,T087,24,Sala De Sistemas 2,3,1,Sede Principe,793,Fundamentos de Programación Orientada a Eventos,3,750014C,18:20:00,21:20:00,51,3,29,8,2724,Tecnología en Desarrollo de Software,8,23,7
6,Saturday,T186,25,Coliseo,2,1,Sede Villa Campestre,471,DEPORTE Y SALUD,2,404002C,18:20:00,21:20:00,51,3,29,8,2724,Tecnología en Desarrollo de Software,9,47,7
1,Monday,T047,19,salon 12,3,1,Sede Principe,495,Lectura de Textos Académicos en Inglés I,4,204101M,07:00:00,11:00:00,50,4,6,5,3249,Trabajo social,10,1,1
5,Friday,T167,10,Sala de Sistemas 3,3,1,Sede Principe,1145,proyecto de ingeniería I,9,745015C,08:00:00,12:00:00,51,4,7,3,3753,Ingeniería de Alimentos,10,33,1
2,Tuesday,T066,1,Salon 1,2,1,Sede Villa Campestre,202,Entorno Organizacional,4,801059M,18:20:00,21:20:00,50,3,1,2,3845,Administracion de empresas,3,16,8
4,Thursday,T006,8,salon 1,3,1,Sede Principe,797,Taller Tecnológico I,1,701006C,18:20:00,21:20:00,50,3,29,8,2724,Tecnología en Desarrollo de Software,8,31,7
3,Wednesday,T041,11,salon 4,3,1,Sede Principe,939,COMPRENSIÓN Y PRODUCCIÓN DE TEXTOS ACADÉMICOS GENERALES,3,204133C,18:20:00,21:20:00,53,3,29,8,2724,Tecnología en Desarrollo de Software,6,23,7
1,Monday,T057,4,Salon 4,2,1,Sede Villa Campestre,630,Estrategias para el aprendizaje autónomo,3,417016C,10:00:00,13:00:00,50,3,7,3,3753,Ingeniería de Alimentos,6,2,2
6,Saturday,T091,27,Laboratorio de Electronica,2,1,Sede Villa Campestre,490,Experimentación Física III,4,106072M,10:00:00,13:00:00,50,3,16,3,3753,Ingeniería de Alimentos,3,42,2
2,Tuesday,T027,3,Salon 3,2,1,Sede Villa Campestre,511,Teoria Sociológica III,4,207072M,10:00:00,13:00:00,50,3,6,5,3249,Trabajo social,10,10,2
2,Tuesday,T027,6,Salon 6,2,1,Sede Villa Campestre,247,Teoría Sociológica II,3,207071M,09:00:00,12:00:00,50,3,6,5,3249,Trabajo social,5,11,3
1,Monday,T121,10,Sala de Sistemas 3,3,1,Sede Principe,1127,Inglés con fines generales y académicos III,5,204027C,09:00:00,13:00:00,51,4,20,11,3643,Nutricion y dietetica,10,3,3
4,Thursday,T107,2,Salon 2,2,1,Sede Villa Campestre,861,Taller de Representación IV - Gestión multimodal del dibujo ,4,501013C,10:00:00,13:00:00,51,3,5,4,3554,Construccion,7,27,3
3,Wednesday,T036,13,salon 6,3,1,Sede Principe,857,Introducción a las Tecnologías,1,701005C,18:20:00,20:20:00,50,2,30,12,2725,Tecnologia en Electronica Industrial,6,23,7
2,Tuesday,T045,6,Salon 6,2,1,Sede Villa Campestre,670,Gestión Financiera y Presupuestos,6,802100M,15:00:00,18:00:00,50,3,25,2,3845,Administracion de empresas,4,14,6
3,Wednesday,T080,3,Salon 3,2,1,Sede Villa Campestre,628,Balances de Masa y Energía ,5,745005C,08:00:00,12:00:00,50,4,7,3,3753,Ingeniería de Alimentos,4,17,1
1,Monday,T185,15,Sala de Sistemas 4,3,1,Sede Principe,467,Cálculo Monovariable,2,111021C,18:20:00,20:20:00,53,2,29,8,2724,Tecnología en Desarrollo de Software,7,7,7
2,Tuesday,T063,6,Salon 6,2,1,Sede Villa Campestre,434,Etica Moral y Fe Pública,10,802083M,18:20:00,21:20:00,51,3,4,6,3841,Contaduría Publica,5,15,7
4,Thursday,T005,23,Sala De Sistemas 1	,3,1,Sede Principe,558,Fundamentos de Programación Funcional y Concurrente,4,750013C,11:00:00,14:00:00,51,3,2,1,3743,Ingeniería de Sistemas,4,26,2
6,Saturday,T126,20,salon 13,3,1,Sede Principe,862,Estructuras III,4,502020C,11:00:00,14:00:00,50,3,5,4,3554,Construccion,5,42,2
6,Saturday,T051,13,salon 6,3,1,Sede Principe,424,Seminario de Teoría Contable,6,802016M,16:00:00,19:00:00,50,3,4,6,3841,Contaduría Publica,5,45,5
1,Monday,T174,13,salon 6,3,1,Sede Principe,1123,PRÁCTICA I,7,502041C,07:00:00,10:00:00,51,3,5,4,3554,Construccion,8,1,1
6,Saturday,T108,9,salon 2,3,1,Sede Principe,1111,Inglés con fines generales y académicos II,4,204026C,14:00:00,18:00:00,51,4,30,12,2725,Tecnologia en Electronica Industrial,10,45,5
2,Tuesday,T043,11,salon 4,3,1,Sede Principe,765,Macroeconomía,5,801020M,18:20:00,21:20:00,50,3,4,6,3841,Contaduría Publica,4,15,7
4,Thursday,T068,26,Laboratorio de Alimentos,2,1,Sede Villa Campestre,663,Taller de Ingeniería de Alimentos II,3,745021C,08:00:00,12:00:00,50,4,7,3,3753,Ingeniería de Alimentos,6,25,1
5,Friday,T080,5,Salon 5,2,1,Sede Villa Campestre,628,Balances de Masa y Energía ,5,745005C,07:00:00,11:00:00,50,4,7,3,3753,Ingeniería de Alimentos,10,33,1
3,Wednesday,T028,13,salon 6,3,1,Sede Principe,493,LECTURA DE TEXTOS ACADEMICOS EN INGLES III,4,204140M,18:20:00,21:20:00,50,3,2,1,3743,Ingeniería de Sistemas,3,23,7
6,Saturday,T085,10,Sala de Sistemas 3,3,1,Sede Principe,687,Programación e Internet,7,801176M,15:00:00,18:00:00,50,3,1,2,3845,Administracion de empresas,6,45,5
4,Thursday,T042,21,salon 14,3,1,Sede Principe,602,Técnicas de Mantenimiento,7,710203M,18:20:00,21:20:00,50,3,13,9,2710,Tecnología en Electronica,6,31,7
1,Monday,T016,17,salon 10,3,1,Sede Principe,458,Inglés con fines generales y académicos I,1,204025C,07:00:00,09:00:00,51,2,14,8,2724,Tecnología en Desarrollo de Software,3,1,1
2,Tuesday,T064,5,Salon 5,2,1,Sede Villa Campestre,1182,Electiva Profesional I Diseño de branding personal,8,801226C,15:00:00,18:00:00,50,3,19,2,3845,Administracion de empresas,8,14,6
6,Saturday,T019,13,salon 6,3,1,Sede Principe,118,Análisis y Métodos Numéricos,5,750086M,07:00:00,11:00:00,50,4,3,1,3743,Ingeniería de Sistemas,4,41,1
3,Wednesday,T090,21,salon 14,3,1,Sede Principe,748,Contabilidad de los recursos y obligaciones de corto plazo,2,802014C,10:00:00,13:00:00,50,3,18,6,3841,Contaduría Publica,4,18,2
4,Thursday,T062,6,Salon 6,2,1,Sede Villa Campestre,666,Gestión del Talento Humano,6,801177M,07:00:00,10:00:00,50,3,25,2,3845,Administracion de empresas,4,25,1
3,Wednesday,T105,16,salon 9,3,1,Sede Principe,82,Cálculo Multivariable,3,111022C,07:00:00,10:00:00,50,3,2,1,3743,Ingeniería de Sistemas,5,17,1
4,Thursday,T010,8,salon 1,3,1,Sede Principe,992,HABILIDADES PARA LA VIDA: DESCUB. EL SER,2,603032C,07:00:00,10:00:00,51,3,19,2,3845,Administracion de empresas,10,25,1
6,Saturday,T170,23,Sala De Sistemas 1	,3,1,Sede Principe,1154,Laboratorio contable I,7,802059C,18:20:00,21:20:00,50,3,26,6,3841,Contaduría Publica,10,47,7
2,Tuesday,T151,4,Salon 4,2,1,Sede Villa Campestre,1053,"HUMANITAS, CIENCIA, AGRICULTURA Y CAMBIO CLIMÁTICO",4,106030C,10:00:00,13:00:00,50,3,20,11,3643,Nutricion y dietetica,9,10,2
1,Monday,T025,15,Sala de Sistemas 4,3,1,Sede Principe,2,Matemáticas Básicas,1,111023C,14:00:00,16:00:00,50,2,2,1,3743,Ingeniería de Sistemas,7,5,5
4,Thursday,T027,1,Salon 1,2,1,Sede Villa Campestre,849,Sistematización de Experiencias ,7,207089M,09:00:00,12:00:00,50,3,6,5,3249,Trabajo social,5,27,3
4,Thursday,T167,4,Salon 4,2,1,Sede Villa Campestre,1145,proyecto de ingeniería I,9,745015C,08:00:00,12:00:00,50,4,7,3,3753,Ingeniería de Alimentos,8,25,1
4,Thursday,T091,27,Laboratorio de Electronica,2,1,Sede Villa Campestre,293,Fisica + Laboratorio,2,106012C,14:00:00,16:00:00,50,2,7,3,3753,Ingeniería de Alimentos,5,29,5
1,Monday,T038,6,Salon 6,2,1,Sede Villa Campestre,1090,CREACIÓN E INTRODUCCIÓN DE PRODUCTOS,6,801143C,18:20:00,21:20:00,50,3,23,2,3845,Administracion de empresas,7,7,7
1,Monday,T060,9,salon 2,3,1,Sede Principe,136,Fundamentos de Gestión Tecnológica,8,760076M,10:00:00,13:00:00,51,3,3,1,3743,Ingeniería de Sistemas,3,2,2
3,Wednesday,T057,9,salon 2,3,1,Sede Principe,522,Estrategias para el aprendizaje autónomo,1,417016C,07:00:00,10:00:00,50,3,20,11,3643,Nutricion y dietetica,4,17,1
3,Wednesday,T015,15,Sala de Sistemas 4,3,1,Sede Principe,763,Electiva Profesional IV: Procedimiento Tributario,8,802097M,15:00:00,18:00:00,50,3,28,6,3841,Contaduría Publica,4,22,6
6,Saturday,T176,12,salon 5,3,1,Sede Principe,552,Analisis y diseño de algoritmos I,4,750008C,08:00:00,12:00:00,50,4,14,8,2724,Tecnología en Desarrollo de Software,6,41,1
2,Tuesday,T044,14,salon 7,3,1,Sede Principe,734,Legislación Laboral,3,801099C,18:20:00,21:20:00,51,3,26,6,3841,Contaduría Publica,6,16,8
1,Monday,T038,18,salon 11,3,1,Sede Principe,996,Análisis integrado del entorno,5,801113C,18:20:00,21:20:00,50,3,23,2,3845,Administracion de empresas,10,7,7
5,Friday,T087,19,salon 12,3,1,Sede Principe,474,Sistemas Operativos,4,750008M,18:20:00,21:20:00,51,3,21,8,2724,Tecnología en Desarrollo de Software,3,39,7
5,Friday,T113,12,salon 5,3,1,Sede Principe,536,Álgebra lineal y ecuaciones diferenciales.,3,502022C,07:00:00,10:00:00,50,3,5,4,3554,Construccion,8,33,1
4,Thursday,T016,17,salon 10,3,1,Sede Principe,73,Inglés con fines generales y académicos II,2,204026C,07:00:00,11:00:00,54,4,2,1,3743,Ingeniería de Sistemas,10,25,1
5,Friday,T218,21,salon 14,3,1,Sede Principe,813,Mercadeo,4,801111C,18:20:00,21:20:00,50,3,23,2,3845,Administracion de empresas,9,39,7
5,Friday,T018,1,Salon 1,2,1,Sede Villa Campestre,497,Historia del Trabajo Social,2,207007M,07:00:00,10:00:00,50,3,6,5,3249,Trabajo social,10,33,1
3,Wednesday,T066,4,Salon 4,2,1,Sede Villa Campestre,390,Proceso administrativo,3,801043C,07:00:00,10:00:00,51,3,18,6,3841,Contaduría Publica,3,17,1
3,Wednesday,T057,15,Sala de Sistemas 4,3,1,Sede Principe,64,Inserción a la Vida Universitaria,1,701001C,14:00:00,16:00:00,50,2,2,1,3743,Ingeniería de Sistemas,7,20,4
4,Thursday,T149,13,salon 6,3,1,Sede Principe,899,"Ética,Moral y Fe pública",9,802083M,07:00:00,10:00:00,50,3,28,6,3841,Contaduría Publica,5,25,1
3,Wednesday,T096,14,salon 7,3,1,Sede Principe,431,Presupuestos (análisis de costos y presupuestos),10,802038M,18:20:00,21:20:00,50,3,4,6,3841,Contaduría Publica,7,24,8
5,Friday,T062,6,Salon 6,2,1,Sede Villa Campestre,676,"Electiva en área de profundización I: Selección, Admisión, e Inducción de personal",8,801240M,14:00:00,17:00:00,50,3,25,2,3845,Administracion de empresas,4,37,5
3,Wednesday,T031,9,salon 2,3,1,Sede Principe,850,Introducción a la Practica,7,207025M,08:00:00,12:00:00,50,4,6,5,3249,Trabajo social,5,17,1
3,Wednesday,T068,26,Laboratorio de Alimentos,2,1,Sede Villa Campestre,917,Taller de Ingeniería de Alimentos III,4,745022C,14:00:00,17:00:00,50,3,7,3,3753,Ingeniería de Alimentos,7,21,5
6,Saturday,T130,21,salon 14,3,1,Sede Principe,696,Toma de Decisiones y Negociación,9,801218M,15:00:00,18:00:00,50,3,1,2,3845,Administracion de empresas,8,46,6
4,Thursday,T026,13,salon 6,3,1,Sede Principe,389,Estadística I para las ciencias de la administración,3,801083C,10:00:00,13:00:00,51,3,18,6,3841,Contaduría Publica,9,26,2
2,Tuesday,T034,7,Sala De Sistemas 1,2,1,Sede Villa Campestre,177,Taller Habilidades y herramientas informáticas para la gestión ,1,801044C,15:00:00,18:00:00,50,3,19,2,3845,Administracion de empresas,3,14,6
3,Wednesday,T068,26,Laboratorio de Alimentos,2,1,Sede Villa Campestre,663,Taller de Ingeniería de Alimentos II,3,745021C,09:00:00,13:00:00,50,4,7,3,3753,Ingeniería de Alimentos,4,17,1
4,Thursday,T009,25,Coliseo,2,1,Sede Villa Campestre,527,Deporte Recreativo,1,410087M,07:00:00,10:00:00,50,3,5,4,3554,Construccion,6,25,1
1,Monday,T053,13,salon 6,3,1,Sede Principe,858,Matemáticas Básicas,1,111023C,18:20:00,20:20:00,51,2,30,12,2725,Tecnologia en Electronica Industrial,6,7,7
5,Friday,T185,14,salon 7,3,1,Sede Principe,82,Cálculo Multivariable,3,111022C,14:00:00,16:00:00,54,2,2,1,3743,Ingeniería de Sistemas,8,37,5
6,Saturday,T047,15,Sala de Sistemas 4,3,1,Sede Principe,817,Inglés con fines generales y académicos II,4,204026C,17:00:00,21:00:00,53,4,23,2,3845,Administracion de empresas,7,46,6
2,Tuesday,T019,1,Salon 1,2,1,Sede Villa Campestre,183,Álgebra lineal ,2,801017C,18:20:00,21:20:00,50,3,23,2,3845,Administracion de empresas,5,15,7
5,Friday,T166,13,salon 6,3,1,Sede Principe,1075,Contabilidades especiales II,6,802040C,18:20:00,21:20:00,50,3,26,6,3841,Contaduría Publica,7,39,7
3,Wednesday,T026,15,Sala de Sistemas 4,3,1,Sede Principe,559,Probabilidad y Estadistica,4,761001C,14:00:00,18:00:00,50,4,2,1,3743,Ingeniería de Sistemas,5,21,5
3,Wednesday,T090,15,Sala de Sistemas 4,3,1,Sede Principe,403,Procesos de costos 2,7,802090M,09:00:00,12:00:00,50,3,28,6,3841,Contaduría Publica,3,19,3
1,Monday,T101,16,salon 9,3,1,Sede Principe,781,Fundamentos de Control y Auditoria,7,802089M,18:20:00,21:20:00,51,3,4,6,3841,Contaduría Publica,4,7,7
3,Wednesday,T210,19,salon 12,3,1,Sede Principe,1133,ESTOMATOLOGÍA,5,605024C,10:00:00,12:00:00,51,2,20,11,3643,Nutricion y dietetica,10,19,3
4,Thursday,T234,10,Sala de Sistemas 3,3,1,Sede Principe,797,Taller Tecnológico I,1,701006C,18:20:00,21:20:00,50,3,29,8,2724,Tecnología en Desarrollo de Software,10,31,7
4,Thursday,T010,5,Salon 5,2,1,Sede Villa Campestre,1086,HABILIDADES PARA LA VIDA: DESCUB. EL SER,2,603032C,18:20:00,21:20:00,50,3,23,2,3845,Administracion de empresas,7,31,7
3,Wednesday,T072,16,salon 9,3,1,Sede Principe,916,Álgebra lineal,2,111038C,14:00:00,17:00:00,53,3,7,3,3753,Ingeniería de Alimentos,7,21,5
4,Thursday,T197,17,salon 10,3,1,Sede Principe,695,Gerencia de la Calidad,9,801185M,18:20:00,21:20:00,50,3,1,2,3845,Administracion de empresas,8,31,7
3,Wednesday,T034,10,Sala de Sistemas 3,3,1,Sede Principe,1001,SISTEMAS DE INFORMACIÓN GERENCIAL,6,801026C,10:00:00,13:00:00,50,3,19,2,3845,Administracion de empresas,10,18,2
4,Thursday,T174,21,salon 14,3,1,Sede Principe,963,Construcción de Infraestructura Urbana I,5,502030C,14:00:00,17:00:00,50,3,5,4,3554,Construccion,8,29,5
3,Wednesday,T043,7,Sala De Sistemas 1,2,1,Sede Villa Campestre,1174,Inteligencia de negocios y analítica de datos para la gestión,7,801157C,18:20:00,21:20:00,50,3,23,2,3845,Administracion de empresas,8,23,7
2,Tuesday,T006,24,Sala De Sistemas 2,3,1,Sede Principe,952,Taller Tecnológico I,2,701006C,18:20:00,21:20:00,52,3,30,12,2725,Tecnologia en Electronica Industrial,8,15,7
5,Friday,T061,9,salon 2,3,1,Sede Principe,651,Talleres y Laboratorios de Ingeniería de Alimentos V ,7,745053M,08:00:00,12:00:00,50,4,16,3,3753,Ingeniería de Alimentos,4,33,1
5,Friday,T093,14,salon 7,3,1,Sede Principe,735,Fundamentos de contabilidad,1,802004C,18:20:00,21:20:00,50,3,26,6,3841,Contaduría Publica,10,39,7
2,Tuesday,T108,12,salon 5,3,1,Sede Principe,969,Inglés con fines generales y académicos III,5,204027C,18:20:00,22:20:00,51,4,26,6,3841,Contaduría Publica,6,16,8
1,Monday,T184,8,salon 1,3,1,Sede Principe,918,"Seminario, constitución, legislación ambiental y ética de la ingeniería",4,730025C,07:00:00,10:00:00,50,3,7,3,3753,Ingeniería de Alimentos,7,1,1
5,Friday,T076,13,salon 6,3,1,Sede Principe,539,Ecuaciones Diferenciales,4,111026C,10:00:00,13:00:00,50,3,2,1,3743,Ingeniería de Sistemas,8,34,2
3,Wednesday,T063,12,salon 5,3,1,Sede Principe,434,Etica Moral y Fe Pública,10,802083M,18:20:00,21:20:00,51,3,4,6,3841,Contaduría Publica,7,23,7
5,Friday,T034,23,Sala De Sistemas 1	,3,1,Sede Principe,469,Fundamentos de Programacion OO (Taller Tecnologico II),2,750015C,18:20:00,21:20:00,52,3,29,8,2724,Tecnología en Desarrollo de Software,3,39,7
3,Wednesday,T086,31,Salon 1,1,1,Sede Victoria,1251,Electiva profesional III: Perspectivas Teóricas y Conceptuales en Contaduría Pública,9,802094C,08:00:00,10:00:00,53,2,18,6,3841,Contaduría Publica,9,17,1
1,Monday,T102,18,salon 11,3,1,Sede Principe,1008,Proyecto Integrador I (Proyecto Tecnológico),6,750018C,14:00:00,18:00:00,50,4,2,1,3743,Ingeniería de Sistemas,6,5,5
2,Tuesday,T108,18,salon 11,3,1,Sede Principe,557,Inglés con Fines Generales y Académicos IV,4,204028C,13:00:00,17:00:00,50,4,2,1,3743,Ingeniería de Sistemas,5,12,4
5,Friday,T017,18,salon 11,3,1,Sede Principe,1016,"Robots, Historia  y  Ficción",3,710061C,15:00:00,18:00:00,51,3,2,1,3743,Ingeniería de Sistemas,6,38,6
1,Monday,T033,14,salon 7,3,1,Sede Principe,217,Creación de Empresas,7,801182M,14:00:00,17:00:00,50,3,25,2,3845,Administracion de empresas,5,5,5
4,Thursday,T018,1,Salon 1,2,1,Sede Villa Campestre,243,Desarrollo De La Personalidad I,1,207009M,10:00:00,13:00:00,50,3,6,5,3249,Trabajo social,7,26,2
2,Tuesday,T236,13,salon 6,3,1,Sede Principe,989,Costos II,6,802056C,10:00:00,13:00:00,50,3,18,6,3841,Contaduría Publica,10,10,2
4,Thursday,T015,11,salon 4,3,1,Sede Principe,775,Legislación Tributaria II,7,802057M,18:20:00,21:20:00,50,3,4,6,3841,Contaduría Publica,6,31,7
1,Monday,T153,16,salon 9,3,1,Sede Principe,985,Contabilidades especiales II,6,802040C,15:00:00,18:00:00,50,3,18,6,3841,Contaduría Publica,6,6,6
3,Wednesday,T002,23,Sala De Sistemas 1	,3,1,Sede Principe,1015,Ciberseguridad,10,750129M,07:00:00,10:00:00,50,3,3,1,3743,Ingeniería de Sistemas,9,17,1
5,Friday,T009,25,Coliseo,2,1,Sede Villa Campestre,290,DEPORTE Y SALUD,2,404002C,07:00:00,10:00:00,53,3,7,3,3753,Ingeniería de Alimentos,10,33,1
3,Wednesday,T006,23,Sala De Sistemas 1	,3,1,Sede Principe,138,Complejidad y Optimización,9,750090M,15:00:00,17:00:00,50,2,3,1,3743,Ingeniería de Sistemas,3,22,6
3,Wednesday,T144,26,Laboratorio de Alimentos,2,1,Sede Villa Campestre,626,Tallerer de Ingeniería de Alimentos IV,5,745023C,10:00:00,13:00:00,50,3,7,3,3753,Ingeniería de Alimentos,8,18,2
3,Wednesday,T073,23,Sala De Sistemas 1	,3,1,Sede Principe,399,Matemática financiera,5,802078M,07:00:00,10:00:00,50,3,28,6,3841,Contaduría Publica,3,17,1
3,Wednesday,T051,1,Salon 1,2,1,Sede Villa Campestre,1082,Metodología de la Investigación,7,802052C,07:00:00,10:00:00,50,3,18,6,3841,Contaduría Publica,9,17,1
4,Thursday,T121,16,salon 9,3,1,Sede Principe,70,Inglés con fines generales y académicos I,1,204025C,08:00:00,12:00:00,54,4,2,1,3743,Ingeniería de Sistemas,5,25,1
1,Monday,T159,15,Sala de Sistemas 4,3,1,Sede Principe,794,Matemáticas Básicas,1,111023C,18:20:00,20:20:00,53,2,29,8,2724,Tecnología en Desarrollo de Software,6,7,7
3,Wednesday,T151,21,salon 14,3,1,Sede Principe,519,Matemáticas Básicas,1,111023C,10:00:00,13:00:00,52,3,20,11,3643,Nutricion y dietetica,10,18,2
2,Tuesday,T094,24,Sala De Sistemas 2,3,1,Sede Principe,462,Fundamentos de Programación Imperativa,1,750012C,18:20:00,21:20:00,53,3,14,8,2724,Tecnología en Desarrollo de Software,4,15,7
2,Tuesday,T154,7,Sala De Sistemas 1,2,1,Sede Villa Campestre,690,Evaluación Financiera de proyectos para Administración,7,802116M,18:20:00,21:20:00,50,3,1,2,3845,Administracion de empresas,6,15,7
5,Friday,T023,7,Sala De Sistemas 1,2,1,Sede Villa Campestre,961,Inglés con fines generales y académicos III,5,204027C,14:00:00,18:00:00,50,4,5,4,3554,Construccion,8,37,5
4,Thursday,T056,1,Salon 1,2,1,Sede Villa Campestre,308,Transf. de masa en el proc. de Alimentos,8,745063M ,15:00:00,18:00:00,50,3,16,3,3753,Ingeniería de Alimentos,3,30,6
6,Saturday,T160,24,Sala De Sistemas 2,3,1,Sede Principe,1138,INTRODUCCIÓN A LA GESTIÓN DE PROYECTOS DE SOFTWARE,8,750031C,07:00:00,10:00:00,53,3,2,1,3743,Ingeniería de Sistemas,8,41,1
1,Monday,T105,13,salon 6,3,1,Sede Principe,539,Ecuaciones Diferenciales,4,111026C,10:00:00,13:00:00,51,3,2,1,3743,Ingeniería de Sistemas,8,2,2
1,Monday,T016,16,salon 9,3,1,Sede Principe,70,Inglés con fines generales y académicos I,1,204025C,07:00:00,11:00:00,54,4,2,1,3743,Ingeniería de Sistemas,6,1,1
2,Tuesday,T074,13,salon 6,3,1,Sede Principe,804,Investigación de Mercados,5,801115C,10:00:00,13:00:00,50,3,19,2,3845,Administracion de empresas,9,10,2
1,Monday,T084,12,salon 5,3,1,Sede Principe,806,Investigación y Gestión de Operaciones,5,801095C,14:00:00,17:00:00,50,3,19,2,3845,Administracion de empresas,5,5,5
3,Wednesday,T006,16,salon 9,3,1,Sede Principe,138,Complejidad y Optimización,9,750090M,07:00:00,09:00:00,50,2,3,1,3743,Ingeniería de Sistemas,7,17,1
4,Thursday,T041,12,salon 5,3,1,Sede Principe,812,Lectura Crítica,4,204024C,18:20:00,21:20:00,50,3,23,2,3845,Administracion de empresas,5,31,7
1,Monday,T016,17,salon 10,3,1,Sede Principe,70,Inglés con fines generales y académicos I,1,204025C,07:00:00,11:00:00,54,4,2,1,3743,Ingeniería de Sistemas,9,1,1
5,Friday,T047,19,salon 12,3,1,Sede Principe,196,Inglés con fines generales y académicos I,3,204025C,07:00:00,11:00:00,53,4,19,2,3845,Administracion de empresas,3,33,1
1,Monday,T118,11,salon 4,3,1,Sede Principe,550,"Principios de Nutrición , Alimentación, Salud",2,605010C,07:00:00,10:00:00,50,3,14,8,2724,Tecnología en Desarrollo de Software,4,1,1
2,Tuesday,T027,1,Salon 1,2,1,Sede Villa Campestre,504,Teoria Sociológica I,2,207032M,10:00:00,13:00:00,50,3,6,5,3249,Trabajo social,8,10,2
1,Monday,T105,18,salon 11,3,1,Sede Principe,72,Cálculo Monovariable,2,111021C,07:00:00,10:00:00,52,3,2,1,3743,Ingeniería de Sistemas,9,1,1
4,Thursday,T034,10,Sala de Sistemas 3,3,1,Sede Principe,177,Taller Habilidades y herramientas informáticas para la gestión ,1,801044C,15:00:00,18:00:00,50,3,19,2,3845,Administracion de empresas,5,30,6
3,Wednesday,T084,3,Salon 3,2,1,Sede Villa Campestre,830,Investigación y Gestión de Operaciones,4,801095C,18:20:00,21:20:00,50,3,26,6,3841,Contaduría Publica,7,23,7
2,Tuesday,T098,15,Sala de Sistemas 4,3,1,Sede Principe,387,Introducción al derecho y constitución política ,1,801042C,07:00:00,10:00:00,51,3,18,6,3841,Contaduría Publica,3,9,1
6,Saturday,T053,5,Salon 5,2,1,Sede Villa Campestre,450,Microprocesadores II,6,710209M,18:20:00,22:20:00,50,4,13,9,2710,Tecnología en Electronica,3,48,8
4,Thursday,T080,5,Salon 5,2,1,Sede Villa Campestre,628,Balances de Masa y Energía ,5,745005C,08:00:00,12:00:00,50,4,7,3,3753,Ingeniería de Alimentos,6,25,1
3,Wednesday,T144,26,Laboratorio de Alimentos,2,1,Sede Villa Campestre,626,Tallerer de Ingeniería de Alimentos IV,5,745023C,07:00:00,10:00:00,51,3,7,3,3753,Ingeniería de Alimentos,8,17,1
4,Thursday,T006,23,Sala De Sistemas 1	,3,1,Sede Principe,859,Fundamentos de Programación ,1,750011C,18:20:00,21:20:00,50,3,30,12,2725,Tecnologia en Electronica Industrial,5,31,7
5,Friday,T060,16,salon 9,3,1,Sede Principe,1259,Introducción a las tecnologias,1,750045C,18:20:00,20:20:00,50,2,29,8,2724,Tecnología en Desarrollo de Software,10,39,7
1,Monday,T114,7,Sala De Sistemas 1,2,1,Sede Villa Campestre,1066,Ingeneiría de Procesamiento I,8,745009C,14:00:00,18:00:00,50,4,7,3,3753,Ingeniería de Alimentos,7,5,5
4,Thursday,T041,20,salon 13,3,1,Sede Principe,937,COMPRENSIÓN Y PRODUCCIÓN DE TEXTOS ACADÉMICOS GENERALES,2,204133C,15:00:00,18:00:00,50,3,14,8,2724,Tecnología en Desarrollo de Software,8,30,6
6,Saturday,T042,27,Laboratorio de Electronica,2,1,Sede Villa Campestre,1032,Fisica + Laboratorio,3,106012C,17:00:00,19:00:00,50,2,30,12,2725,Tecnologia en Electronica Industrial,7,67,10
4,Thursday,T070,1,Salon 1,2,1,Sede Villa Campestre,921,COMPRENSIÓN Y PRODUCCIÓN DE TEXTOS ACADÉMICOS GENERALES,2,204133C,18:20:00,21:20:00,52,3,23,2,3845,Administracion de empresas,5,31,7
4,Thursday,T106,9,salon 2,3,1,Sede Principe,1112,ELECTROMAGNETISMO APLICADO,4,710020C,18:20:00,22:20:00,50,4,30,12,2725,Tecnologia en Electronica Industrial,10,32,8
2,Tuesday,T110,14,salon 7,3,1,Sede Principe,252,Epistemología De Las Ciencias Sociales,3,203087M,14:00:00,17:00:00,50,3,6,5,3249,Trabajo social,3,13,5
5,Friday,T102,17,salon 10,3,1,Sede Principe,553,Desarrollo de software I,4,750009C,15:00:00,18:00:00,50,3,14,8,2724,Tecnología en Desarrollo de Software,4,38,6
3,Wednesday,T143,20,salon 13,3,1,Sede Principe,865,Taller Construcción de edificaciones  III,4,502026C,13:00:00,17:00:00,51,4,5,4,3554,Construccion,5,20,4
6,Saturday,T153,14,salon 7,3,1,Sede Principe,429,Procesos de Costos II,8,802090M,18:20:00,21:20:00,50,3,4,6,3841,Contaduría Publica,8,47,7
5,Friday,T105,16,salon 9,3,1,Sede Principe,82,Cálculo Multivariable,3,111022C,14:00:00,16:00:00,55,2,2,1,3743,Ingeniería de Sistemas,6,37,5
5,Friday,T085,24,Sala De Sistemas 2,3,1,Sede Principe,693,Análisis de Sistemas de Información y Base de Datos,9,801180M,18:20:00,21:20:00,50,3,1,2,3845,Administracion de empresas,4,40,8
3,Wednesday,T081,1,Salon 1,2,1,Sede Villa Campestre,320,Construcción de Edificaciones I,2,502011C,08:00:00,11:00:00,50,3,5,4,3554,Construccion,5,17,1
5,Friday,T130,16,salon 9,3,1,Sede Principe,905,Ciencias humanas,5,801078C,14:00:00,17:00:00,50,3,18,6,3841,Contaduría Publica,7,37,5
2,Tuesday,T102,12,salon 5,3,1,Sede Principe,1108,Desarrollo de Software III,7,750027C,18:20:00,21:20:00,51,3,29,8,2724,Tecnología en Desarrollo de Software,8,15,7
1,Monday,T093,14,salon 7,3,1,Sede Principe,409,Electiva Profesional IV: Fundamentos de Contabilidad Internacional,7,802111M,10:00:00,13:00:00,50,3,28,6,3841,Contaduría Publica,3,2,2
5,Friday,T100,23,Sala De Sistemas 1	,3,1,Sede Principe,879,Fundamentos de redes,5,750010C,07:00:00,10:00:00,52,3,2,1,3743,Ingeniería de Sistemas,6,33,1
5,Friday,T198,16,salon 9,3,1,Sede Principe,985,Contabilidades especiales II,6,802040C,15:00:00,18:00:00,50,3,18,6,3841,Contaduría Publica,8,38,6
4,Thursday,T164,9,salon 2,3,1,Sede Principe,874,Anatomía,2,604007C,07:00:00,10:00:00,50,3,20,11,3643,Nutricion y dietetica,9,25,1
2,Tuesday,T074,4,Salon 4,2,1,Sede Villa Campestre,714,Proceso Administrativo ,1,801043C,18:20:00,21:20:00,51,3,23,2,3845,Administracion de empresas,10,15,7
6,Saturday,T004,12,salon 5,3,1,Sede Principe,1010,INTELIGENCIA ARTIFICIAL,6,750022C,08:00:00,12:00:00,51,4,2,1,3743,Ingeniería de Sistemas,10,41,1
3,Wednesday,T124,21,salon 14,3,1,Sede Principe,930,"Humanismo, pensamiento administrativo y organizaciones",5,801126C,14:00:00,17:00:00,51,3,23,2,3845,Administracion de empresas,5,21,5
5,Friday,T024,14,salon 7,3,1,Sede Principe,826,Informes financieros,4,802020C,18:20:00,21:20:00,50,3,26,6,3841,Contaduría Publica,7,39,7
2,Tuesday,T031,8,salon 1,3,1,Sede Principe,500,Metodologia de Trabajo con Grupo I,4,207013M,08:00:00,12:00:00,50,4,6,5,3249,Trabajo social,6,9,1
1,Monday,T170,10,Sala de Sistemas 3,3,1,Sede Principe,1081,Laboratorio contable I,7,802059C,15:00:00,18:00:00,50,3,18,6,3841,Contaduría Publica,7,6,6
4,Thursday,T072,14,salon 7,3,1,Sede Principe,313,Ecuaciones Diferenciales,4,111026C,14:00:00,17:00:00,51,3,7,3,3753,Ingeniería de Alimentos,9,29,5
3,Wednesday,T076,2,Salon 2,2,1,Sede Villa Campestre,176,Cálculo ,1,801003C,15:00:00,18:00:00,51,3,19,2,3845,Administracion de empresas,7,21,5
3,Wednesday,T138,15,Sala de Sistemas 4,3,1,Sede Principe,212,Legislación Laboral,6,801030M,18:20:00,21:20:00,50,3,1,2,3845,Administracion de empresas,5,23,7
2,Tuesday,T131,26,Laboratorio de Alimentos,2,1,Sede Villa Campestre,616,QuÍmica general + Laboratorio,1,116017C,08:00:00,11:00:00,50,3,7,3,3753,Ingeniería de Alimentos,9,9,1
4,Thursday,T025,5,Salon 5,2,1,Sede Villa Campestre,615,Matemáticas Básicas,1,111023C,11:00:00,13:00:00,52,2,7,3,3753,Ingeniería de Alimentos,4,26,2
2,Tuesday,T054,14,salon 7,3,1,Sede Principe,702,Pensamiento Clásico de la Administración y las Organizaciones ,2,801082C,07:00:00,10:00:00,50,3,19,2,3845,Administracion de empresas,4,9,1
2,Tuesday,T098,17,salon 10,3,1,Sede Principe,1033,"Seminario en Constitución, Legislación y Ética de la profesión",3,730026C,18:20:00,21:20:00,52,3,30,12,2725,Tecnologia en Electronica Industrial,7,15,7
5,Friday,T233,16,salon 9,3,1,Sede Principe,1222,Diseño de Contenido para Interfaces de Usuario,9,750040C,15:00:00,18:00:00,51,3,2,1,3743,Ingeniería de Sistemas,9,38,6
6,Saturday,T048,7,Sala De Sistemas 1,2,1,Sede Villa Campestre,1013,SISTEMAS DE INFORMACIÓN I,8,750022M,10:00:00,13:00:00,50,3,3,1,3743,Ingeniería de Sistemas,7,42,2
1,Monday,T017,15,Sala de Sistemas 4,3,1,Sede Principe,483,Fisica + Laboratorio,3,106012C,13:00:00,19:00:00,51,6,2,1,3743,Ingeniería de Sistemas,3,4,4
3,Wednesday,T058,2,Salon 2,2,1,Sede Villa Campestre,250,Individuo Y Familia I,3,207011M,08:00:00,12:00:00,50,4,6,5,3249,Trabajo social,3,17,1
1,Monday,T185,15,Sala de Sistemas 4,3,1,Sede Principe,914,Algebra Lineal,2,111038C,20:20:00,22:20:00,52,2,29,8,2724,Tecnología en Desarrollo de Software,7,7,7
4,Thursday,T240,31,Salon 1,1,1,Sede Victoria,1254,NT. A PROCESAM. DIGITAL DE IMÁGENES-E-,9,750068M,14:00:00,17:00:00,50,3,2,1,3743,Ingeniería de Sistemas,10,29,5
6,Saturday,T043,24,Sala De Sistemas 2,3,1,Sede Principe,1153,Sistemas de información y bases de datos contables,7,802058C,18:20:00,21:20:00,50,3,26,6,3841,Contaduría Publica,8,47,7
2,Tuesday,T006,7,Sala De Sistemas 1,2,1,Sede Villa Campestre,836,Desarrollo de Aplicaciones para Dispositivos Móviles,6,750026C,07:00:00,10:00:00,50,3,14,8,2724,Tecnología en Desarrollo de Software,8,9,1
2,Tuesday,T144,26,Laboratorio de Alimentos,2,1,Sede Villa Campestre,1023,TALLER DE INGENIERÍA DE ALIMENTOS VI,7,745025C,10:00:00,13:00:00,51,3,7,3,3753,Ingeniería de Alimentos,6,10,2
1,Monday,T019,13,salon 6,3,1,Sede Principe,1115,MATEMÁTICAS APLICADAS PARA TECNOLOGÍA,4,710034C,18:20:00,22:20:00,50,4,30,12,2725,Tecnologia en Electronica Industrial,10,8,8
2,Tuesday,T064,16,salon 9,3,1,Sede Principe,709,Mercadeo,4,801111C,10:00:00,13:00:00,50,3,19,2,3845,Administracion de empresas,8,10,2
1,Monday,T098,12,salon 5,3,1,Sede Principe,387,Introducción al derecho y constitución política ,1,801042C,10:00:00,13:00:00,50,3,18,6,3841,Contaduría Publica,9,2,2
3,Wednesday,T002,23,Sala De Sistemas 1	,3,1,Sede Principe,69,Introducción a la Ingeniería,1,701003C,10:00:00,12:00:00,50,2,2,1,3743,Ingeniería de Sistemas,8,19,3
4,Thursday,T201,1,Salon 1,2,1,Sede Villa Campestre,975,"Fundamentos de control, auditoría y aseguramiento",5,802032C,18:20:00,21:20:00,50,3,26,6,3841,Contaduría Publica,10,31,7
5,Friday,T100,23,Sala De Sistemas 1	,3,1,Sede Principe,554,Fundamentos de redes,4,750010C,15:00:00,18:00:00,51,3,14,8,2724,Tecnología en Desarrollo de Software,6,38,6
3,Wednesday,T017,19,salon 12,3,1,Sede Principe,1032,Fisica + Laboratorio,3,106012C,18:20:00,22:20:00,50,4,30,12,2725,Tecnologia en Electronica Industrial,9,24,8
4,Thursday,T094,19,salon 12,3,1,Sede Principe,454,Diseño de Interfaces de Usuario,5,750093M,18:20:00,21:20:00,50,3,21,8,2724,Tecnología en Desarrollo de Software,4,31,7
2,Tuesday,T037,7,Sala De Sistemas 1,2,1,Sede Villa Campestre,881,Ingeniería económica,5,760016C,14:00:00,17:00:00,50,3,2,1,3743,Ingeniería de Sistemas,9,13,5
5,Friday,T151,13,salon 6,3,1,Sede Principe,519,Matemáticas Básicas,1,111023C,14:00:00,17:00:00,52,3,20,11,3643,Nutricion y dietetica,6,37,5
3,Wednesday,T004,24,Sala De Sistemas 2,3,1,Sede Principe,80,Fundamentos de Programación Orientada a Eventos ,3,750014C,07:00:00,10:00:00,50,3,2,1,3743,Ingeniería de Sistemas,3,17,1
3,Wednesday,T043,15,Sala de Sistemas 4,3,1,Sede Principe,394,Macroeconomía y coyuntura,3,801069C,15:00:00,18:00:00,51,3,18,6,3841,Contaduría Publica,9,22,6
2,Tuesday,T185,16,salon 9,3,1,Sede Principe,794,Matemáticas Básicas,1,111023C,18:20:00,21:20:00,50,3,29,8,2724,Tecnología en Desarrollo de Software,10,15,7
3,Wednesday,T098,22,salon 15,3,1,Sede Principe,918,"Seminario, constitución, legislación ambiental y ética de la ingeniería",4,730025C,09:00:00,12:00:00,50,3,7,3,3753,Ingeniería de Alimentos,5,19,3
5,Friday,T231,19,salon 12,3,1,Sede Principe,1181,Creación de Empresas,8,801186C,14:00:00,17:00:00,50,3,19,2,3845,Administracion de empresas,10,37,5
4,Thursday,T133,20,salon 13,3,1,Sede Principe,529,Taller de Representacion III,3,501009C,07:00:00,13:00:00,51,6,5,4,3554,Construccion,8,25,1
3,Wednesday,T010,13,salon 6,3,1,Sede Principe,1224,HABILIDADES PARA LA VIDA: DESCUB. EL SER,1,603032C,07:00:00,10:00:00,52,3,18,6,3841,Contaduría Publica,9,17,1
1,Monday,T238,4,Salon 4,2,1,Sede Villa Campestre,982,Bioquímica,3,605018C,08:00:00,12:00:00,50,4,20,11,3643,Nutricion y dietetica,10,1,1
6,Saturday,T053,27,Laboratorio de Electronica,2,1,Sede Villa Campestre,953,Experimentación  en Electricidad,2,710019C,14:00:00,17:00:00,50,3,30,12,2725,Tecnologia en Electronica Industrial,10,45,5
4,Thursday,T058,4,Salon 4,2,1,Sede Villa Campestre,274,Orientación Familiar ,8,207036M,09:00:00,12:00:00,50,3,6,5,3249,Trabajo social,3,27,3
3,Wednesday,T105,14,salon 7,3,1,Sede Principe,82,Cálculo Multivariable,3,111022C,07:00:00,10:00:00,51,3,2,1,3743,Ingeniería de Sistemas,4,17,1
3,Wednesday,T011,21,salon 14,3,1,Sede Principe,661,Evaluación y Administración de proyectos ,9,760105M ,15:00:00,18:00:00,51,3,16,3,3753,Ingeniería de Alimentos,6,22,6
2,Tuesday,T173,7,Sala De Sistemas 1,2,1,Sede Villa Campestre,528,Taller de Representación  I,1,501002C,10:00:00,13:00:00,51,3,5,4,3554,Construccion,6,13,5
2,Tuesday,T216,20,salon 13,3,1,Sede Principe,867,Sistemas integrados de gestión,4,502025C,14:00:00,17:00:00,50,3,5,4,3554,Construccion,9,13,5
3,Wednesday,T029,9,salon 2,3,1,Sede Principe,1007,FUNDAMENTOS DE SISTEMAS SOCIOECOLÓGICOS,3,730011C,14:00:00,17:00:00,50,3,2,1,3743,Ingeniería de Sistemas,6,21,5
3,Wednesday,T074,21,salon 14,3,1,Sede Principe,691,Electiva area profundización II: Metodología de la Investigación,9,801051M,18:20:00,21:20:00,50,3,1,2,3845,Administracion de empresas,8,23,7
4,Thursday,T187,20,salon 13,3,1,Sede Principe,1046,TOPOGRAFÍA,6,502054M,09:00:00,12:00:00,50,3,5,4,3554,Construccion,7,27,3
1,Monday,T033,1,Salon 1,2,1,Sede Villa Campestre,722,Pensamiento Contemporáneo de la Administración y las Organizaciones,3,801091C,18:20:00,21:20:00,50,3,23,2,3845,Administracion de empresas,10,7,7
2,Tuesday,T013,18,salon 11,3,1,Sede Principe,220,Evaluación Financiera de Proyectos para Administración,7,802116M,07:00:00,10:00:00,50,3,25,2,3845,Administracion de empresas,5,9,1
6,Saturday,T019,7,Sala De Sistemas 1,2,1,Sede Villa Campestre,936,Simulación y Computación Numérica,5,750016C,07:00:00,11:00:00,50,4,2,1,3743,Ingeniería de Sistemas,10,41,1
3,Wednesday,T029,14,salon 7,3,1,Sede Principe,1135,IMPACTOS AMBIENTALES,8,730078C,10:00:00,13:00:00,52,3,2,1,3743,Ingeniería de Sistemas,9,18,2
5,Friday,T172,19,salon 12,3,1,Sede Principe,964,Sistema de Control Ambiental e Instalaciones I,5,502027C,07:00:00,10:00:00,51,3,5,4,3554,Construccion,10,33,1
3,Wednesday,T185,15,Sala de Sistemas 4,3,1,Sede Principe,914,Algebra Lineal,2,111038C,20:20:00,22:20:00,50,2,29,8,2724,Tecnología en Desarrollo de Software,9,24,8
4,Thursday,T034,16,salon 9,3,1,Sede Principe,708,Modelos y Simulación de datos para las organizaciones,4,801105C,09:00:00,12:00:00,50,3,19,2,3845,Administracion de empresas,4,27,3
3,Wednesday,T081,1,Salon 1,2,1,Sede Villa Campestre,532,Equipos y Medios Auxiliares ,1,502008C,07:00:00,10:00:00,50,3,5,4,3554,Construccion,4,17,1
4,Thursday,T018,1,Salon 1,2,1,Sede Villa Campestre,243,Desarrollo De La Personalidad I,1,207009M,10:00:00,13:00:00,51,3,6,5,3249,Trabajo social,3,26,2
6,Saturday,T051,9,salon 2,3,1,Sede Principe,768,Seminario de Epistemología de las Ciencias,7,801152M,17:00:00,20:00:00,50,3,4,6,3841,Contaduría Publica,4,46,6
4,Thursday,T064,18,salon 11,3,1,Sede Principe,1004,CREACIÓN E INTRODUCCIÓN DE PRODUCTOS,6,801143C,09:00:00,12:00:00,50,3,19,2,3845,Administracion de empresas,8,27,3
2,Tuesday,T036,9,salon 2,3,1,Sede Principe,448,Sistemas de Comunicación,6,710205M,18:20:00,22:20:00,50,4,13,9,2710,Tecnología en Electronica,3,16,8
2,Tuesday,T016,15,Sala de Sistemas 4,3,1,Sede Principe,838,Inglés con fines generales y académicos I,3,204025C,13:00:00,16:00:00,53,3,14,8,2724,Tecnología en Desarrollo de Software,7,12,4
2,Tuesday,T108,13,salon 6,3,1,Sede Principe,557,Inglés con Fines Generales y Académicos IV,4,204028C,14:00:00,18:00:00,51,4,2,1,3743,Ingeniería de Sistemas,8,13,5
2,Tuesday,T225,7,Sala De Sistemas 1,2,1,Sede Villa Campestre,528,Taller de Representación  I,1,501002C,10:00:00,13:00:00,51,3,5,4,3554,Construccion,9,10,2
3,Wednesday,T006,24,Sala De Sistemas 2,3,1,Sede Principe,1107,Desarrollo de Aplicaciones para Dispositivos Móviles,7,750026C,18:20:00,21:20:00,51,3,29,8,2724,Tecnología en Desarrollo de Software,10,23,7
5,Friday,T024,12,salon 5,3,1,Sede Principe,749,Informes financieros,4,802020C,15:00:00,18:00:00,50,3,18,6,3841,Contaduría Publica,10,38,6
6,Saturday,T149,31,Salon 1,1,1,Sede Victoria,1274,Perspectivas teóricas y conceptuales en contaduría pública,9,802094C,14:00:00,17:00:00,51,3,26,6,3841,Contaduría Publica,10,45,5
2,Tuesday,T094,23,Sala De Sistemas 1	,3,1,Sede Principe,462,Fundamentos de Programación Imperativa,1,750012C,13:00:00,16:00:00,53,3,14,8,2724,Tecnología en Desarrollo de Software,5,12,4
2,Tuesday,T099,8,salon 1,3,1,Sede Principe,837,Proyecto Integrador I (Proyecto Tecnológico),5,750018C,14:00:00,18:00:00,50,4,14,8,2724,Tecnología en Desarrollo de Software,9,13,5
3,Wednesday,T080,26,Laboratorio de Alimentos,2,1,Sede Villa Campestre,626,Tallerer de Ingeniería de Alimentos IV,5,745023C,10:00:00,13:00:00,51,3,7,3,3753,Ingeniería de Alimentos,10,18,2
3,Wednesday,T010,8,salon 1,3,1,Sede Principe,1258,HABILIDADES PARA LA VIDA: DESCUB. EL SER,2,603032C,15:00:00,18:00:00,50,3,14,8,2724,Tecnología en Desarrollo de Software,10,22,6
1,Monday,T052,8,salon 1,3,1,Sede Principe,893,Termodinámica,6,780047C,10:00:00,13:00:00,50,3,7,3,3753,Ingeniería de Alimentos,7,2,2
1,Monday,T006,12,salon 5,3,1,Sede Principe,1009,ANÁLISIS Y DISEÑO DE ALGORITMOS II,6,750020C,07:00:00,10:00:00,50,3,2,1,3743,Ingeniería de Sistemas,10,1,1
4,Thursday,T068,9,salon 2,3,1,Sede Principe,523,Introducción a la Ciencias de los Alimentos,1,605012C,07:00:00,10:00:00,50,3,20,11,3643,Nutricion y dietetica,8,25,1
5,Friday,T047,10,Sala de Sistemas 3,3,1,Sede Principe,705,Inglés con fines generales y académicos II,4,204026C,07:00:00,11:00:00,55,4,19,2,3845,Administracion de empresas,8,33,1
2,Tuesday,T144,26,Laboratorio de Alimentos,2,1,Sede Villa Campestre,1023,TALLER DE INGENIERÍA DE ALIMENTOS VI,7,745025C,07:00:00,10:00:00,50,3,7,3,3753,Ingeniería de Alimentos,6,9,1
4,Thursday,T167,12,salon 5,3,1,Sede Principe,894,Mecánica de fluidos,6,780046C,10:00:00,13:00:00,50,3,7,3,3753,Ingeniería de Alimentos,7,26,2
1,Monday,T101,20,salon 13,3,1,Sede Principe,404,Control y auditoría,7,802093M,07:00:00,10:00:00,50,3,28,6,3841,Contaduría Publica,3,1,1
4,Thursday,T015,2,Salon 2,2,1,Sede Villa Campestre,987,"IMPUESTO A LA RENTA Y COMPLEMENTARIOS, IMPUESTO AL PATRIMONIO",6,802047C,15:00:00,18:00:00,50,3,18,6,3841,Contaduría Publica,10,30,6
1,Monday,T185,15,Sala de Sistemas 4,3,1,Sede Principe,459,Matemáticas Básicas,1,111023C,07:00:00,10:00:00,50,3,14,8,2724,Tecnología en Desarrollo de Software,9,1,1
1,Monday,T043,15,Sala de Sistemas 4,3,1,Sede Principe,1153,Sistemas de información y bases de datos contables,7,802058C,18:20:00,21:20:00,50,3,26,6,3841,Contaduría Publica,10,7,7
6,Saturday,T007,12,salon 5,3,1,Sede Principe,552,Analisis y diseño de algoritmos I,4,750008C,08:00:00,12:00:00,50,4,14,8,2724,Tecnología en Desarrollo de Software,8,41,1
2,Tuesday,T015,21,salon 14,3,1,Sede Principe,405,Legislación Tributaria II,7,802057M,15:00:00,18:00:00,50,3,28,6,3841,Contaduría Publica,3,14,6
3,Wednesday,T037,7,Sala De Sistemas 1,2,1,Sede Villa Campestre,139,Análisis Económico de Inversiones,9,760102M,14:00:00,17:00:00,50,3,3,1,3743,Ingeniería de Sistemas,6,21,5
1,Monday,T102,23,Sala De Sistemas 1	,3,1,Sede Principe,80,Fundamentos de Programación Orientada a Eventos ,3,750014C,15:00:00,18:00:00,52,3,2,1,3743,Ingeniería de Sistemas,9,6,6
3,Wednesday,T220,8,salon 1,3,1,Sede Principe,498,Constitución política,2,207008M,10:00:00,13:00:00,50,3,6,5,3249,Trabajo social,8,18,2
5,Friday,T148,2,Salon 2,2,1,Sede Villa Campestre,1157,Evaluación financiera de proyectos,8,802041C,07:00:00,10:00:00,50,3,18,6,3841,Contaduría Publica,10,33,1
6,Saturday,T085,7,Sala De Sistemas 1,2,1,Sede Villa Campestre,716,Taller Habilidades y herramientas informáticas para la gestión (Científico tecnológico) - grupo dividido ,1,801044C,15:00:00,18:00:00,51,3,23,2,3845,Administracion de empresas,8,46,6
1,Monday,T153,4,Salon 4,2,1,Sede Villa Campestre,1233,CONTABILIDAD DE GESTIÓN,9,802053C,14:00:00,17:00:00,50,3,18,6,3841,Contaduría Publica,9,5,5
2,Tuesday,T215,14,salon 7,3,1,Sede Principe,1122,CONSTRUCCIONES SISMO RESISTENTES,7,502038C,07:00:00,10:00:00,50,3,5,4,3554,Construccion,8,9,1
6,Saturday,T154,8,salon 1,3,1,Sede Principe,972,Costos,5,802026C,17:00:00,20:00:00,50,3,26,6,3841,Contaduría Publica,10,46,6
3,Wednesday,T176,24,Sala De Sistemas 2,3,1,Sede Principe,74,Fundamentos de  Programación Orientada a Objetos,2,750015C,07:00:00,10:00:00,56,3,2,1,3743,Ingeniería de Sistemas,10,17,1
4,Thursday,T112,10,Sala de Sistemas 3,3,1,Sede Principe,1306,Bases histomorfológicas del equilibrio nutricional,7,604018C,10:00:00,13:00:00,50,3,20,11,3643,Nutricion y dietetica,10,26,2
2,Tuesday,T043,5,Salon 5,2,1,Sede Villa Campestre,431,Presupuestos (análisis de costos y presupuestos),10,802038M,18:20:00,21:20:00,50,3,4,6,3841,Contaduría Publica,5,15,7
1,Monday,T170,10,Sala de Sistemas 3,3,1,Sede Principe,771,Laboratorio Contable Financiero Sistematizado,9,802025M,18:20:00,21:20:00,51,3,4,6,3841,Contaduría Publica,6,7,7
1,Monday,T236,10,Sala de Sistemas 3,3,1,Sede Principe,906,Costos,5,802026C,10:00:00,13:00:00,50,3,18,6,3841,Contaduría Publica,9,2,2
2,Tuesday,T004,10,Sala de Sistemas 3,3,1,Sede Principe,80,Fundamentos de Programación Orientada a Eventos ,3,750014C,14:00:00,17:00:00,52,3,2,1,3743,Ingeniería de Sistemas,8,13,5
3,Wednesday,T011,8,salon 1,3,1,Sede Principe,239,Fundamentos De Economía,1,207076M,10:00:00,13:00:00,51,3,6,5,3249,Trabajo social,3,18,2
5,Friday,T125,20,salon 13,3,1,Sede Principe,535,Materiales de Construcción II ,3,502021C,15:00:00,18:00:00,50,3,5,4,3554,Construccion,4,38,6
1,Monday,T009,25,Coliseo,2,1,Sede Villa Campestre,244,Deporte Formativo,1,404001M,07:00:00,09:00:00,51,2,6,5,3249,Trabajo social,3,1,1
3,Wednesday,T084,11,salon 4,3,1,Sede Principe,745,Investigación y Gestión de Operaciones,4,801095C,10:00:00,13:00:00,50,3,18,6,3841,Contaduría Publica,10,18,2
4,Thursday,T053,10,Sala de Sistemas 3,3,1,Sede Principe,955,"Robots, Historia  y  Ficción",2,710061C,18:20:00,21:20:00,50,3,30,12,2725,Tecnologia en Electronica Industrial,9,31,7
4,Thursday,T062,6,Salon 6,2,1,Sede Villa Campestre,211,Gestión del Talento Humano,6,801177M,18:20:00,21:20:00,50,3,1,2,3845,Administracion de empresas,3,31,7
3,Wednesday,T041,16,salon 9,3,1,Sede Principe,185,Ciencias humanas,2,801078C,18:20:00,21:20:00,50,3,23,2,3845,Administracion de empresas,9,23,7
2,Tuesday,T031,9,salon 2,3,1,Sede Principe,500,Metodologia de Trabajo con Grupo I,4,207013M,14:00:00,18:00:00,51,4,6,5,3249,Trabajo social,4,13,5
2,Tuesday,T016,11,salon 4,3,1,Sede Principe,940,Inglés con fines generales y académicos II,4,204026C,08:00:00,12:00:00,50,4,14,8,2724,Tecnología en Desarrollo de Software,8,9,1
4,Thursday,T098,2,Salon 2,2,1,Sede Villa Campestre,727,"Introducción al derecho y constitución política 
 (Formación social y ciudadana)",1,801042C,18:20:00,21:20:00,50,3,26,6,3841,Contaduría Publica,8,31,7
5,Friday,T149,18,salon 11,3,1,Sede Principe,1162,Seguridad de la información contable,8,802061C,18:20:00,21:20:00,50,3,26,6,3841,Contaduría Publica,9,39,7
1,Monday,T017,17,salon 10,3,1,Sede Principe,483,Fisica + Laboratorio,3,106012C,07:00:00,10:00:00,52,3,2,1,3743,Ingeniería de Sistemas,8,1,1
5,Friday,T189,9,salon 2,3,1,Sede Principe,1051,MICROBIOLOGÍA NUTRICIONAL,4,614004C,08:00:00,12:00:00,50,4,20,11,3643,Nutricion y dietetica,7,33,1
1,Monday,T105,11,salon 4,3,1,Sede Principe,72,Cálculo Monovariable,2,111021C,14:00:00,17:00:00,50,3,2,1,3743,Ingeniería de Sistemas,5,5,5
2,Tuesday,T017,27,Laboratorio de Electronica,2,1,Sede Villa Campestre,483,Fisica + Laboratorio,3,106012C,07:00:00,09:00:00,52,2,2,1,3743,Ingeniería de Sistemas,6,9,1
2,Tuesday,T176,15,Sala de Sistemas 4,3,1,Sede Principe,1256,SOFTWARE COMO SERVICIO,10,750125M,07:00:00,10:00:00,50,3,2,1,3743,Ingeniería de Sistemas,10,9,1
1,Monday,T009,25,Coliseo,2,1,Sede Villa Campestre,527,Deporte Recreativo,1,410087M,07:00:00,10:00:00,50,3,5,4,3554,Construccion,4,1,1
5,Friday,T076,18,salon 11,3,1,Sede Principe,539,Ecuaciones Diferenciales,4,111026C,09:00:00,12:00:00,52,3,2,1,3743,Ingeniería de Sistemas,5,35,3
1,Monday,T121,13,salon 6,3,1,Sede Principe,904,Inglés con fines generales y académicos III,5,204027C,08:00:00,12:00:00,54,4,18,6,3841,Contaduría Publica,7,1,1
3,Wednesday,T175,11,salon 4,3,1,Sede Principe,240,Introducción Al Trabajo Social,1,207004M,15:00:00,18:00:00,50,3,6,5,3249,Trabajo social,9,22,6
1,Monday,T047,12,salon 5,3,1,Sede Principe,495,Lectura de Textos Académicos en Inglés I,4,204101M,13:00:00,15:00:00,50,2,6,5,3249,Trabajo social,4,4,4
4,Thursday,T021,4,Salon 4,2,1,Sede Villa Campestre,769,Resolución de Problemas y Toma de Decisiones,9,801154M,18:20:00,21:20:00,50,3,4,6,3841,Contaduría Publica,4,31,7
2,Tuesday,T068,26,Laboratorio de Alimentos,2,1,Sede Villa Campestre,491,Deshidratación de alimentos,8,745029M_1,11:00:00,13:00:00,50,2,16,3,3753,Ingeniería de Alimentos,3,10,2
4,Thursday,T087,23,Sala De Sistemas 1	,3,1,Sede Principe,463,Fundamentos de programacion orientada a eventos,3,750014C,07:00:00,10:00:00,53,3,14,8,2724,Tecnología en Desarrollo de Software,7,25,1
5,Friday,T156,14,salon 7,3,1,Sede Principe,382,Cálculo ,1,801003C,15:00:00,18:00:00,51,3,18,6,3841,Contaduría Publica,9,38,6
6,Saturday,T036,24,Sala De Sistemas 2,3,1,Sede Principe,879,Fundamentos de redes,5,750010C,15:00:00,18:00:00,52,3,2,1,3743,Ingeniería de Sistemas,9,46,6
1,Monday,T185,16,salon 9,3,1,Sede Principe,789,Algebra Lineal,2,111038C,10:00:00,12:00:00,50,2,14,8,2724,Tecnología en Desarrollo de Software,10,3,3
5,Friday,T003,23,Sala De Sistemas 1	,3,1,Sede Principe,1139,PREPARACIÓN PARA CERTIFICACIÓN EN CIBERSEGURIDAD PARA LA INDUSTRIA,8,750035C,10:00:00,13:00:00,51,3,2,1,3743,Ingeniería de Sistemas,8,34,2
6,Saturday,T094,23,Sala De Sistemas 1	,3,1,Sede Principe,798,Fundamentos de Programación Imperativa,1,750012C,07:00:00,10:00:00,54,3,29,8,2724,Tecnología en Desarrollo de Software,9,41,1
1,Monday,T008,18,salon 11,3,1,Sede Principe,796,Introducción a las Tecnologías,1,701005C,20:20:00,22:20:00,50,2,29,8,2724,Tecnología en Desarrollo de Software,8,7,7
2,Tuesday,T149,1,Salon 1,2,1,Sede Villa Campestre,736,Introducción a la contaduría pública,1,802008C,18:20:00,21:20:00,50,3,26,6,3841,Contaduría Publica,10,15,7
2,Tuesday,T072,1,Salon 1,2,1,Sede Villa Campestre,916,Álgebra lineal,2,111038C,07:00:00,10:00:00,52,3,7,3,3753,Ingeniería de Alimentos,10,9,1
3,Wednesday,T102,16,salon 9,3,1,Sede Principe,941,Desarrollo de software I,5,750009C,18:20:00,21:20:00,52,3,29,8,2724,Tecnología en Desarrollo de Software,6,23,7
3,Wednesday,T113,15,Sala de Sistemas 4,3,1,Sede Principe,786,Algebra Lineal,2,111038C,10:00:00,12:00:00,50,2,2,1,3743,Ingeniería de Sistemas,7,19,3
3,Wednesday,T086,2,Salon 2,2,1,Sede Villa Campestre,748,Contabilidad de los recursos y obligaciones de corto plazo,2,802014C,10:00:00,13:00:00,50,3,18,6,3841,Contaduría Publica,8,18,2
6,Saturday,T053,15,Sala de Sistemas 4,3,1,Sede Principe,796,Introducción a las Tecnologías,1,701005C,17:00:00,19:00:00,51,2,29,8,2724,Tecnología en Desarrollo de Software,6,67,10
4,Thursday,T056,2,Salon 2,2,1,Sede Villa Campestre,652,Diseño de procesos en la industria de alimentos  ,9,745055M ,14:00:00,17:00:00,50,3,16,3,3753,Ingeniería de Alimentos,6,29,5
4,Thursday,T038,3,Salon 3,2,1,Sede Villa Campestre,692,Gerencia de Ventas,9,801073M,18:20:00,21:20:00,50,3,1,2,3845,Administracion de empresas,4,32,8
5,Friday,T066,16,salon 9,3,1,Sede Principe,998,Investigación de Mercados,5,801115C,18:20:00,21:20:00,50,3,23,2,3845,Administracion de empresas,8,39,7
1,Monday,T101,11,salon 4,3,1,Sede Principe,781,Fundamentos de Control y Auditoria,7,802089M,18:20:00,21:20:00,50,3,4,6,3841,Contaduría Publica,6,7,7
1,Monday,T173,20,salon 13,3,1,Sede Principe,965,Taller Instalaciones Electrónicas y de Comunicación,5,502029C,08:00:00,12:00:00,51,4,5,4,3554,Construccion,6,3,3
2,Tuesday,T105,17,salon 10,3,1,Sede Principe,786,Algebra Lineal,2,111038C,16:00:00,18:00:00,51,2,2,1,3743,Ingeniería de Sistemas,10,14,6
1,Monday,T036,9,salon 2,3,1,Sede Principe,1264,Redes de comunicación I,6,710053C,18:20:00,21:20:00,50,3,30,12,2725,Tecnologia en Electronica Industrial,10,7,7
3,Wednesday,T140,9,salon 2,3,1,Sede Principe,503,Planeación Social,6,207024M,08:00:00,12:00:00,50,4,6,5,3249,Trabajo social,8,17,1
1,Monday,T062,1,Salon 1,2,1,Sede Villa Campestre,728,Proceso administrativo,3,801043C,18:20:00,21:20:00,50,3,26,6,3841,Contaduría Publica,6,7,7
5,Friday,T087,23,Sala De Sistemas 1	,3,1,Sede Principe,80,Fundamentos de Programación Orientada a Eventos ,3,750014C,13:00:00,16:00:00,51,3,2,1,3743,Ingeniería de Sistemas,3,36,4
6,Saturday,T043,14,salon 7,3,1,Sede Principe,188,Macroeconomía y Coyuntura ,2,801069C,17:00:00,20:00:00,50,3,23,2,3845,Administracion de empresas,5,46,6
1,Monday,T114,11,salon 4,3,1,Sede Principe,1066,Ingeneiría de Procesamiento I,8,745009C,07:00:00,10:00:00,50,3,7,3,3753,Ingeniería de Alimentos,9,1,1
4,Thursday,T027,5,Salon 5,2,1,Sede Villa Campestre,192,Organización y Sociedad,3,801092C,14:00:00,17:00:00,50,3,19,2,3845,Administracion de empresas,5,29,5
3,Wednesday,T044,16,salon 9,3,1,Sede Principe,706,Legislación Laboral,4,801099C,10:00:00,13:00:00,51,3,19,2,3845,Administracion de empresas,8,18,2
3,Wednesday,T127,20,salon 13,3,1,Sede Principe,533,Taller Construcción de edificaciones  II,3,502018C,14:00:00,18:00:00,50,4,5,4,3554,Construccion,4,21,5
3,Wednesday,T127,20,salon 13,3,1,Sede Principe,537,Construcción de Edificaciones II,3,502023C,10:00:00,13:00:00,50,3,5,4,3554,Construccion,4,18,2
1,Monday,T057,12,salon 5,3,1,Sede Principe,620,Inserción a la Vida Universitaria,1,701001C,08:00:00,10:00:00,53,2,7,3,3753,Ingeniería de Alimentos,9,1,1
6,Saturday,T096,6,Salon 6,2,1,Sede Villa Campestre,438,Evaluación Financiera de Proyectos,10,802010M,18:20:00,21:20:00,50,3,4,6,3841,Contaduría Publica,3,47,7
1,Monday,T066,19,salon 12,3,1,Sede Principe,714,Proceso Administrativo ,1,801043C,18:20:00,21:20:00,51,3,23,2,3845,Administracion de empresas,4,8,8
3,Wednesday,T120,11,salon 4,3,1,Sede Principe,609,Biologia + Laboratorio,1,102094C,07:00:00,11:00:00,50,4,7,3,3753,Ingeniería de Alimentos,4,17,1
3,Wednesday,T053,27,Laboratorio de Electronica,2,1,Sede Villa Campestre,1113,SISTEMAS EMBEBIDOS,4,710022C,18:20:00,22:20:00,50,4,30,12,2725,Tecnologia en Electronica Industrial,8,24,8
3,Wednesday,T033,6,Salon 6,2,1,Sede Villa Campestre,810,"Humanismo, pensamiento administrativo y organizaciones",5,801126C,07:00:00,10:00:00,50,3,19,2,3845,Administracion de empresas,9,17,1
1,Monday,T055,18,salon 11,3,1,Sede Principe,673,Gerencia de la Calidad,8,801185M,07:00:00,10:00:00,51,3,25,2,3845,Administracion de empresas,4,1,1
1,Monday,T060,10,Sala de Sistemas 3,3,1,Sede Principe,476,Teoria General de Sistemas,4,760081M,18:20:00,21:20:00,51,3,21,8,2724,Tecnología en Desarrollo de Software,3,8,8
5,Friday,T047,17,salon 10,3,1,Sede Principe,196,Inglés con fines generales y académicos I,3,204025C,07:00:00,11:00:00,54,4,19,2,3845,Administracion de empresas,7,33,1
3,Wednesday,T124,31,Salon 1,1,1,Sede Victoria,701,Diseño Organizacional ,2,801079C,14:00:00,17:00:00,50,3,19,2,3845,Administracion de empresas,4,21,5
1,Monday,T070,2,Salon 2,2,1,Sede Villa Campestre,1186,COMPRENSIÓN Y PRODUCCIÓN DE TEXTOS ACADÉMICOS GENERALES,1,204133C,15:00:00,18:00:00,53,3,33,13,3150,Agroindustria,8,6,6
4,Thursday,T013,11,salon 4,3,1,Sede Principe,1098,Evaluación financiera de proyectos,7,802041C,10:00:00,13:00:00,50,3,19,2,3845,Administracion de empresas,9,26,2
5,Friday,T205,19,salon 12,3,1,Sede Principe,1102,"Acción Colectiva y Movimientos Sociales	
",7,207093M,14:00:00,17:00:00,50,3,6,5,3249,Trabajo social,7,37,5
4,Thursday,T091,1,Salon 1,2,1,Sede Villa Campestre,607,Física II + Laboratorio,3,106009C,14:00:00,17:00:00,50,3,7,3,3753,Ingeniería de Alimentos,4,29,5
4,Thursday,T006,5,Salon 5,2,1,Sede Villa Campestre,127,Computación Gráfica,7,750006M,15:00:00,18:00:00,50,3,3,1,3743,Ingeniería de Sistemas,3,30,6
4,Thursday,T015,12,salon 5,3,1,Sede Principe,775,Legislación Tributaria II,7,802057M,18:20:00,21:20:00,50,3,4,6,3841,Contaduría Publica,4,31,7
5,Friday,T003,15,Sala de Sistemas 4,3,1,Sede Principe,470,Matemáticas Discretas I,2,750004C,18:20:00,22:20:00,51,4,29,8,2724,Tecnología en Desarrollo de Software,7,40,8
1,Monday,T101,13,salon 6,3,1,Sede Principe,404,Control y auditoría,7,802093M,07:00:00,10:00:00,50,3,28,6,3841,Contaduría Publica,5,1,1
6,Saturday,T009,25,Coliseo,2,1,Sede Villa Campestre,967,DEPORTE Y SALUD,1,404002C,17:00:00,20:00:00,50,3,30,12,2725,Tecnologia en Electronica Industrial,6,66,11
2,Tuesday,T027,5,Salon 5,2,1,Sede Villa Campestre,247,Teoría Sociológica II,3,207071M,10:00:00,13:00:00,50,3,6,5,3249,Trabajo social,7,10,2
3,Wednesday,T057,17,salon 10,3,1,Sede Principe,64,Inserción a la Vida Universitaria,1,701001C,14:00:00,16:00:00,52,2,2,1,3743,Ingeniería de Sistemas,5,20,4
3,Wednesday,T053,9,salon 2,3,1,Sede Principe,449,Sistemas automáticos de control,6,710201M,18:20:00,22:20:00,50,4,13,9,2710,Tecnología en Electronica,3,24,8
1,Monday,T118,2,Salon 2,2,1,Sede Villa Campestre,524,Introducción a la Nutrición y Dietética,1,605011C,14:00:00,17:00:00,52,3,20,11,3643,Nutricion y dietetica,10,5,5
3,Wednesday,T076,4,Salon 4,2,1,Sede Villa Campestre,176,Cálculo ,1,801003C,10:00:00,13:00:00,50,3,19,2,3845,Administracion de empresas,3,18,2
5,Friday,T097,12,salon 5,3,1,Sede Principe,726,Cálculo,1,801003C,18:20:00,21:20:00,51,3,26,6,3841,Contaduría Publica,6,39,7
1,Monday,T148,8,salon 1,3,1,Sede Principe,1221,INNOVACIÓN Y EMPRENDIMIENTO EMPRESARIAL,9,750032C,07:00:00,10:00:00,52,3,2,1,3743,Ingeniería de Sistemas,10,1,1
5,Friday,T152,23,Sala De Sistemas 1	,3,1,Sede Principe,66,Taller de Ingeniería I,1,701002C,07:00:00,10:00:00,53,3,2,1,3743,Ingeniería de Sistemas,5,33,1
2,Tuesday,T075,1,Salon 1,2,1,Sede Villa Campestre,860,Taller de Representación II - Representar las ideas,2,501003C,10:00:00,13:00:00,51,3,5,4,3554,Construccion,9,10,2
3,Wednesday,T094,15,Sala de Sistemas 4,3,1,Sede Principe,798,Fundamentos de Programación Imperativa,1,750012C,18:20:00,21:20:00,51,3,29,8,2724,Tecnología en Desarrollo de Software,10,23,7
4,Thursday,T003,12,salon 5,3,1,Sede Principe,76,Matemáticas Discretas I,2,750004C,14:00:00,18:00:00,50,4,2,1,3743,Ingeniería de Sistemas,3,29,5
5,Friday,T166,20,salon 13,3,1,Sede Principe,779,Procesos de Costos I,7,802084M,18:20:00,21:20:00,50,3,4,6,3841,Contaduría Publica,6,39,7
1,Monday,T041,11,salon 4,3,1,Sede Principe,991,COMPRENSIÓN Y PRODUCCIÓN DE TEXTOS ACADÉMICOS GENERALES,2,204133C,15:00:00,18:00:00,57,3,19,2,3845,Administracion de empresas,10,6,6
3,Wednesday,T084,17,salon 10,3,1,Sede Principe,224,Gestión de Proyectos,8,801215M,18:20:00,21:20:00,50,3,1,2,3845,Administracion de empresas,3,23,7
3,Wednesday,T208,17,salon 10,3,1,Sede Principe,1137,"Principios de Nutrición , Alimentación, Salud",2,605010C,15:00:00,18:00:00,51,3,2,1,3743,Ingeniería de Sistemas,10,22,6
6,Saturday,T051,14,salon 7,3,1,Sede Principe,435,Metodología de Investigación Contable,10,802042M,14:00:00,17:00:00,50,3,4,6,3841,Contaduría Publica,9,45,5
1,Monday,T111,4,Salon 4,2,1,Sede Villa Campestre,832,Hacienda pública,4,802022C,18:20:00,21:20:00,50,3,26,6,3841,Contaduría Publica,9,7,7
3,Wednesday,T057,15,Sala de Sistemas 4,3,1,Sede Principe,64,Inserción a la Vida Universitaria,1,701001C,14:00:00,16:00:00,52,2,2,1,3743,Ingeniería de Sistemas,6,21,5
1,Monday,T172,20,salon 13,3,1,Sede Principe,964,Sistema de Control Ambiental e Instalaciones I,5,502027C,14:00:00,17:00:00,51,3,5,4,3554,Construccion,8,5,5
5,Friday,T176,24,Sala De Sistemas 2,3,1,Sede Principe,67,Fundamentos de Programación Imperativa,1,750012C,10:00:00,13:00:00,53,3,2,1,3743,Ingeniería de Sistemas,10,34,2
5,Friday,T086,5,Salon 5,2,1,Sede Villa Campestre,391,Contabilidad de los recursos y obligaciones de largo plazo y patrimonio,3,802015C,10:00:00,13:00:00,50,3,18,6,3841,Contaduría Publica,9,34,2
1,Monday,T151,26,Laboratorio de Alimentos,2,1,Sede Villa Campestre,1207,Quimica General,2,116013C,10:00:00,13:00:00,50,3,33,13,3150,Agroindustria,9,2,2
3,Wednesday,T023,9,salon 2,3,1,Sede Principe,596,Sistemas Electromecánicos,5,710191M,18:20:00,22:20:00,50,4,13,9,2710,Tecnología en Electronica,4,24,8
2,Tuesday,T004,10,Sala de Sistemas 3,3,1,Sede Principe,80,Fundamentos de Programación Orientada a Eventos ,3,750014C,14:00:00,17:00:00,53,3,2,1,3743,Ingeniería de Sistemas,10,13,5
1,Monday,T094,24,Sala De Sistemas 2,3,1,Sede Principe,802,Fundamentos de  Programación Orientada a Objetos,2,750015C,11:00:00,14:00:00,51,3,14,8,2724,Tecnología en Desarrollo de Software,4,2,2
5,Friday,T100,13,salon 6,3,1,Sede Principe,879,Fundamentos de redes,5,750010C,07:00:00,10:00:00,51,3,2,1,3743,Ingeniería de Sistemas,5,33,1
5,Friday,T093,17,salon 10,3,1,Sede Principe,773,Contabilidad Pública,9,802026M,18:20:00,21:20:00,50,3,4,6,3841,Contaduría Publica,6,39,7
3,Wednesday,T001,7,Sala De Sistemas 1,2,1,Sede Villa Campestre,123,Bases de Datos I,9,750030M,09:00:00,13:00:00,50,4,3,1,3743,Ingeniería de Sistemas,5,19,3
2,Tuesday,T015,3,Salon 3,2,1,Sede Villa Campestre,1155,"Impuestos de IVA y consumo, y Mecanismo de retención en la fuente",7,802062C,18:20:00,21:20:00,50,3,26,6,3841,Contaduría Publica,8,15,7
3,Wednesday,T074,2,Salon 2,2,1,Sede Villa Campestre,227,Investigación de Mercados,8,801052M,18:20:00,21:20:00,50,3,1,2,3845,Administracion de empresas,5,23,7
2,Tuesday,T094,23,Sala De Sistemas 1	,3,1,Sede Principe,802,Fundamentos de  Programación Orientada a Objetos,2,750015C,13:00:00,16:00:00,50,3,14,8,2724,Tecnología en Desarrollo de Software,6,12,4
4,Thursday,T024,16,salon 9,3,1,Sede Principe,439,Electiva Profesional IV: Fundamentos de Contabilidad Internacional,10,802111M,18:20:00,21:20:00,51,3,4,6,3841,Contaduría Publica,5,31,7
2,Tuesday,T029,8,salon 1,3,1,Sede Principe,835,Impactos ambientales,5,701004C,10:00:00,12:00:00,50,2,14,8,2724,Tecnología en Desarrollo de Software,5,10,2
1,Monday,T075,20,salon 13,3,1,Sede Principe,865,Taller Construcción de edificaciones  III,4,502026C,14:00:00,18:00:00,50,4,5,4,3554,Construccion,7,5,5
3,Wednesday,T093,3,Salon 3,2,1,Sede Villa Campestre,784,Electiva Profesional II: Legislación y Contabilidad del Sector economía Solidario,7,802110M,18:20:00,21:20:00,50,3,4,6,3841,Contaduría Publica,6,23,7
5,Friday,T024,19,salon 12,3,1,Sede Principe,784,Electiva Profesional II: Legislación y Contabilidad del Sector economía Solidario,7,802110M,18:20:00,21:20:00,51,3,4,6,3841,Contaduría Publica,4,39,7
6,Saturday,T126,11,salon 4,3,1,Sede Principe,530,Matemáticas aplicadas a la edificación,1,502001C,07:00:00,10:00:00,50,3,5,4,3554,Construccion,6,41,1
3,Wednesday,T076,12,salon 5,3,1,Sede Principe,954,Circuitos Eléctricos,2,710021C,18:20:00,21:20:00,50,3,30,12,2725,Tecnologia en Electronica Industrial,8,23,7
6,Saturday,T165,13,salon 6,3,1,Sede Principe,1286,Electiva Profesional V Sistematización de experiencias,10,801188C,10:00:00,13:00:00,50,3,19,2,3845,Administracion de empresas,10,42,2
1,Monday,T084,4,Salon 4,2,1,Sede Villa Campestre,668,Gestión de la Producción de Bienes y Servicios,6,801179M,14:00:00,17:00:00,50,3,25,2,3845,Administracion de empresas,4,5,5
2,Tuesday,T084,2,Salon 2,2,1,Sede Villa Campestre,680,Investigación de Operaciones,5,801054M,18:20:00,21:20:00,50,3,1,2,3845,Administracion de empresas,4,15,7
3,Wednesday,T105,14,salon 7,3,1,Sede Principe,82,Cálculo Multivariable,3,111022C,07:00:00,10:00:00,55,3,2,1,3743,Ingeniería de Sistemas,6,17,1
5,Friday,T198,20,salon 13,3,1,Sede Principe,778,Administración Financiera,9,802068M,18:20:00,21:20:00,50,3,4,6,3841,Contaduría Publica,8,39,7
1,Monday,T113,11,salon 4,3,1,Sede Principe,786,Algebra Lineal,2,111038C,09:00:00,12:00:00,50,3,2,1,3743,Ingeniería de Sistemas,5,3,3
5,Friday,T025,5,Salon 5,2,1,Sede Villa Campestre,1185,MATEMÁTICA FUNDAMENTAL,1,111001C,10:00:00,13:00:00,50,3,33,13,3150,Agroindustria,8,34,2
3,Wednesday,T091,5,Salon 5,2,1,Sede Villa Campestre,293,Fisica + Laboratorio,2,106012C,07:00:00,10:00:00,51,3,7,3,3753,Ingeniería de Alimentos,7,17,1
2,Tuesday,T001,2,Salon 2,2,1,Sede Villa Campestre,883,Análilsis y Diseño de Algoritmos I,5,750008C,08:00:00,12:00:00,51,4,2,1,3743,Ingeniería de Sistemas,6,9,1
2,Tuesday,T176,23,Sala De Sistemas 1	,3,1,Sede Principe,74,Fundamentos de  Programación Orientada a Objetos,2,750015C,10:00:00,13:00:00,57,3,2,1,3743,Ingeniería de Sistemas,10,10,2
3,Wednesday,T013,18,salon 11,3,1,Sede Principe,684,Matemática Financiera para Administración,5,802117M,18:20:00,21:20:00,50,3,1,2,3845,Administracion de empresas,4,23,7
4,Thursday,T030,5,Salon 5,2,1,Sede Villa Campestre,933,Legislación  Comercial,3,801058C,07:00:00,10:00:00,50,3,19,2,3845,Administracion de empresas,5,25,1
6,Saturday,T019,12,salon 5,3,1,Sede Principe,313,Ecuaciones Diferenciales,4,111026C,14:00:00,17:00:00,51,3,7,3,3753,Ingeniería de Alimentos,7,45,5
2,Tuesday,T004,23,Sala De Sistemas 1	,3,1,Sede Principe,80,Fundamentos de Programación Orientada a Eventos ,3,750014C,14:00:00,17:00:00,51,3,2,1,3743,Ingeniería de Sistemas,9,13,5
4,Thursday,T102,24,Sala De Sistemas 2,3,1,Sede Principe,80,Fundamentos de Programación Orientada a Eventos ,3,750014C,15:00:00,18:00:00,53,3,2,1,3743,Ingeniería de Sistemas,8,30,6
2,Tuesday,T037,7,Sala De Sistemas 1,2,1,Sede Villa Campestre,881,Ingeniería económica,5,760016C,14:00:00,17:00:00,52,3,2,1,3743,Ingeniería de Sistemas,8,13,5
2,Tuesday,T087,17,salon 10,3,1,Sede Principe,791,Sistemas Operativos,3,750001C,18:20:00,21:20:00,50,3,29,8,2724,Tecnología en Desarrollo de Software,8,15,7
4,Thursday,T003,23,Sala De Sistemas 1	,3,1,Sede Principe,1139,PREPARACIÓN PARA CERTIFICACIÓN EN CIBERSEGURIDAD PARA LA INDUSTRIA,8,750035C,07:00:00,10:00:00,50,3,2,1,3743,Ingeniería de Sistemas,9,25,1
2,Tuesday,T111,8,salon 1,3,1,Sede Principe,239,Fundamentos De Economía,1,207076M,15:00:00,18:00:00,50,3,6,5,3249,Trabajo social,7,14,6
2,Tuesday,T064,17,salon 10,3,1,Sede Principe,1099,Mercadeo de Servicios,9,801250M,10:00:00,13:00:00,50,3,25,2,3845,Administracion de empresas,7,10,2
4,Thursday,T001,24,Sala De Sistemas 2,3,1,Sede Principe,541,Bases de datos,4,750006C,08:00:00,12:00:00,50,4,2,1,3743,Ingeniería de Sistemas,8,25,1
4,Thursday,T017,27,Laboratorio de Electronica,2,1,Sede Villa Campestre,483,Fisica + Laboratorio,3,106012C,07:00:00,10:00:00,51,3,2,1,3743,Ingeniería de Sistemas,9,25,1
2,Tuesday,T063,6,Salon 6,2,1,Sede Villa Campestre,434,Etica Moral y Fe Pública,10,802083M,18:20:00,21:20:00,50,3,4,6,3841,Contaduría Publica,3,15,7
4,Thursday,T038,14,salon 7,3,1,Sede Principe,199,Liderazgo Empresarial,4,801172M,18:20:00,21:20:00,50,3,1,2,3845,Administracion de empresas,3,31,7
3,Wednesday,T169,6,Salon 6,2,1,Sede Villa Campestre,228,Electiva de Profundización III: Fundamentos de Responsabilidad social,10,801283M,18:20:00,21:20:00,50,3,1,2,3845,Administracion de empresas,7,23,7
3,Wednesday,T084,1,Salon 1,2,1,Sede Villa Campestre,806,Investigación y Gestión de Operaciones,5,801095C,07:00:00,10:00:00,51,3,19,2,3845,Administracion de empresas,7,17,1
3,Wednesday,T002,15,Sala de Sistemas 4,3,1,Sede Principe,69,Introducción a la Ingeniería,1,701003C,10:00:00,12:00:00,50,2,2,1,3743,Ingeniería de Sistemas,9,18,2
2,Tuesday,T145,11,salon 4,3,1,Sede Principe,950,COMPRENSIÓN Y PRODUCCIÓN DE TEXTOS ACADÉMICOS GENERALES,1,204133C,18:20:00,21:20:00,50,3,30,12,2725,Tecnologia en Electronica Industrial,9,15,7
5,Friday,T156,14,salon 7,3,1,Sede Principe,410,Álgebra lineal ,2,801017C,18:20:00,21:20:00,51,3,26,6,3841,Contaduría Publica,9,39,7
1,Monday,T066,3,Salon 3,2,1,Sede Villa Campestre,1003,Leadership,6,801134C,07:00:00,10:00:00,50,3,19,2,3845,Administracion de empresas,8,1,1
1,Monday,T053,17,salon 10,3,1,Sede Principe,2,Matemáticas Básicas,1,111023C,13:00:00,15:00:00,50,2,2,1,3743,Ingeniería de Sistemas,5,4,4
1,Monday,T118,1,Salon 1,2,1,Sede Villa Campestre,1050,"Principios de Nutrición , Alimentación, Salud",4,605010C,09:00:00,12:00:00,50,3,20,11,3643,Nutricion y dietetica,9,3,3
5,Friday,T156,18,salon 11,3,1,Sede Principe,742,Álgebra lineal,2,801017C,15:00:00,18:00:00,50,3,18,6,3841,Contaduría Publica,8,38,6
3,Wednesday,T169,4,Salon 4,2,1,Sede Villa Campestre,702,Pensamiento Clásico de la Administración y las Organizaciones ,2,801082C,07:00:00,10:00:00,50,3,19,2,3845,Administracion de empresas,6,17,1
6,Saturday,T051,16,salon 9,3,1,Sede Principe,435,Metodología de Investigación Contable,10,802042M,17:00:00,20:00:00,52,3,4,6,3841,Contaduría Publica,7,46,6
1,Monday,T053,18,salon 11,3,1,Sede Principe,951,Cálculo Monovariable,2,111021C,20:20:00,22:20:00,52,2,30,12,2725,Tecnologia en Electronica Industrial,7,7,7
4,Thursday,T061,18,salon 11,3,1,Sede Principe,980,Biología Molecular,3,605015C,13:00:00,18:00:00,50,5,20,11,3643,Nutricion y dietetica,8,28,4
2,Tuesday,T179,24,Sala De Sistemas 2,3,1,Sede Principe,66,Taller de Ingeniería I,1,701002C,15:00:00,18:00:00,50,3,2,1,3743,Ingeniería de Sistemas,10,14,6
5,Friday,T002,7,Sala De Sistemas 1,2,1,Sede Villa Campestre,787,Sistemas operativos,4,750001C,14:00:00,17:00:00,50,3,2,1,3743,Ingeniería de Sistemas,5,37,5
2,Tuesday,T007,23,Sala De Sistemas 1	,3,1,Sede Principe,798,Fundamentos de Programación Imperativa,1,750012C,18:20:00,21:20:00,51,3,29,8,2724,Tecnología en Desarrollo de Software,6,16,8
3,Wednesday,T048,24,Sala De Sistemas 2,3,1,Sede Principe,66,Taller de Ingeniería I,1,701002C,15:00:00,18:00:00,50,3,2,1,3743,Ingeniería de Sistemas,3,22,6
4,Thursday,T020,17,salon 10,3,1,Sede Principe,225,Comercio Exterior,8,801062M,18:20:00,21:20:00,51,3,1,2,3845,Administracion de empresas,3,31,7
2,Tuesday,T002,15,Sala de Sistemas 4,3,1,Sede Principe,69,Introducción a la Ingeniería,1,701003C,10:00:00,12:00:00,50,2,2,1,3743,Ingeniería de Sistemas,7,10,2
5,Friday,T167,20,salon 13,3,1,Sede Principe,1021,BIOPROCESOS + LABORATORIO,7,745006C,10:00:00,13:00:00,51,3,7,3,3753,Ingeniería de Alimentos,8,34,2
2,Tuesday,T098,8,salon 1,3,1,Sede Principe,1033,"Seminario en Constitución, Legislación y Ética de la profesión",3,730026C,18:20:00,21:20:00,51,3,30,12,2725,Tecnologia en Electronica Industrial,9,15,7
2,Tuesday,T110,17,salon 10,3,1,Sede Principe,1300,PROBLEMAS COLOMBIANOS,2,207010C,10:00:00,13:00:00,50,3,6,5,3249,Trabajo social,10,10,2
5,Friday,T070,15,Sala de Sistemas 4,3,1,Sede Principe,515,Lectura Crítica,2,204024C,15:00:00,18:00:00,53,3,6,5,3249,Trabajo social,4,38,6
3,Wednesday,T028,7,Sala De Sistemas 1,2,1,Sede Villa Campestre,395,Inglés con fines generales y académicos I,3,204025C,18:20:00,22:20:00,51,4,18,6,3841,Contaduría Publica,4,24,8
1,Monday,T118,1,Salon 1,2,1,Sede Villa Campestre,871,"Nucleo II Vida, salud, enfermedad, acción social",2,607002C,14:00:00,17:00:00,50,3,20,11,3643,Nutricion y dietetica,9,5,5
5,Friday,T234,8,salon 1,3,1,Sede Principe,882,Desarrollo de software I,5,750009C,15:00:00,18:00:00,52,3,2,1,3743,Ingeniería de Sistemas,10,38,6
1,Monday,T052,26,Laboratorio de Alimentos,2,1,Sede Villa Campestre,627,Análisis de Alimentos,5,745004C,14:00:00,18:00:00,51,4,7,3,3753,Ingeniería de Alimentos,10,5,5
4,Thursday,T053,8,salon 1,3,1,Sede Principe,447,Matemáticas Especiales para Tecnología en Electrónica,4,111060M,18:20:00,22:20:00,50,4,13,9,2710,Tecnología en Electronica,3,32,8
2,Tuesday,T094,23,Sala De Sistemas 1	,3,1,Sede Principe,840,Fundamentos de  Programación Orientada a Objetos,2,750015C,18:20:00,21:20:00,50,3,29,8,2724,Tecnología en Desarrollo de Software,9,15,7
6,Saturday,T019,15,Sala de Sistemas 4,3,1,Sede Principe,936,Simulación y Computación Numérica,5,750016C,07:00:00,11:00:00,50,4,2,1,3743,Ingeniería de Sistemas,8,41,1
4,Thursday,T017,27,Laboratorio de Electronica,2,1,Sede Villa Campestre,483,Fisica + Laboratorio,3,106012C,14:00:00,17:00:00,53,3,2,1,3743,Ingeniería de Sistemas,10,29,5
4,Thursday,T041,5,Salon 5,2,1,Sede Villa Campestre,740,Comprensión y producción de textos académicos generales,2,204402M,07:00:00,10:00:00,51,3,18,6,3841,Contaduría Publica,4,25,1
5,Friday,T042,13,salon 6,3,1,Sede Principe,1190,Taller Tecnológico II,5,710025C,18:20:00,21:20:00,50,3,30,12,2725,Tecnologia en Electronica Industrial,10,40,8
2,Tuesday,T003,23,Sala De Sistemas 1	,3,1,Sede Principe,1062,Ciberseguridad,7,750024C,10:00:00,13:00:00,51,3,2,1,3743,Ingeniería de Sistemas,7,10,2
6,Saturday,T111,14,salon 7,3,1,Sede Principe,832,Hacienda pública,4,802022C,14:00:00,17:00:00,50,3,26,6,3841,Contaduría Publica,7,45,5
4,Thursday,T028,2,Salon 2,2,1,Sede Villa Campestre,493,LECTURA DE TEXTOS ACADEMICOS EN INGLES III,4,204140M,18:20:00,20:20:00,50,2,2,1,3743,Ingeniería de Sistemas,3,31,7
6,Saturday,T170,15,Sala de Sistemas 4,3,1,Sede Principe,1078,Costos II,6,802056C,14:00:00,17:00:00,50,3,26,6,3841,Contaduría Publica,7,45,5
1,Monday,T130,13,salon 6,3,1,Sede Principe,905,Ciencias humanas,5,801078C,07:00:00,10:00:00,51,3,18,6,3841,Contaduría Publica,9,1,1
1,Monday,T170,11,salon 4,3,1,Sede Principe,749,Informes financieros,4,802020C,10:00:00,13:00:00,50,3,18,6,3841,Contaduría Publica,8,2,2
2,Tuesday,T074,6,Salon 6,2,1,Sede Villa Campestre,709,Mercadeo,4,801111C,09:00:00,12:00:00,50,3,19,2,3845,Administracion de empresas,4,11,3
3,Wednesday,T013,7,Sala De Sistemas 1,2,1,Sede Villa Campestre,707,Estadística II para las Ciencias de la Administración,4,801104C,15:00:00,18:00:00,51,3,19,2,3845,Administracion de empresas,8,22,6
3,Wednesday,T118,3,Salon 3,2,1,Sede Villa Campestre,524,Introducción a la Nutrición y Dietética,1,605011C,10:00:00,13:00:00,50,3,20,11,3643,Nutricion y dietetica,6,18,2
2,Tuesday,T083,7,Sala De Sistemas 1,2,1,Sede Villa Campestre,528,Taller de Representación  I,1,501002C,10:00:00,13:00:00,52,3,5,4,3554,Construccion,6,9,1
4,Thursday,T019,5,Salon 5,2,1,Sede Villa Campestre,183,Álgebra lineal ,2,801017C,18:20:00,21:20:00,50,3,23,2,3845,Administracion de empresas,9,31,7
5,Friday,T080,2,Salon 2,2,1,Sede Villa Campestre,894,Mecánica de fluidos,6,780046C,09:00:00,12:00:00,50,3,7,3,3753,Ingeniería de Alimentos,5,35,3
6,Saturday,T009,25,Coliseo,2,1,Sede Villa Campestre,63,DEPORTE Y SALUD,1,404002C,07:00:00,10:00:00,53,3,2,1,3743,Ingeniería de Sistemas,9,41,1
1,Monday,T040,10,Sala de Sistemas 3,3,1,Sede Principe,1136,HERRAMIENTAS PARA LA GESTIÓN DE PROYECTOS DE TECNOLOGÍAS DE LA INFORMACIÓN,9,750030C,14:00:00,17:00:00,50,3,3,1,3743,Ingeniería de Sistemas,8,5,5
1,Monday,T025,1,Salon 1,2,1,Sede Villa Campestre,519,Matemáticas Básicas,1,111023C,07:00:00,10:00:00,53,3,20,11,3643,Nutricion y dietetica,4,1,1
6,Saturday,T096,14,salon 7,3,1,Sede Principe,774,Control de Gestión,9,802046M,05:00:00,08:00:00,51,3,4,6,3841,Contaduría Publica,6,68,13
3,Wednesday,T055,6,Salon 6,2,1,Sede Villa Campestre,689,Procesos de Fabricación de Bienes y Servicios,7,801183M,18:20:00,21:20:00,50,3,1,2,3845,Administracion de empresas,6,24,8
4,Thursday,T152,10,Sala de Sistemas 3,3,1,Sede Principe,943,Ingeniería económica,5,760016C,18:20:00,21:20:00,53,3,29,8,2724,Tecnología en Desarrollo de Software,6,31,7
4,Thursday,T038,15,Sala de Sistemas 4,3,1,Sede Principe,223,Creación de empresas,8,801182M,18:20:00,21:20:00,51,3,1,2,3845,Administracion de empresas,5,31,7
2,Tuesday,T081,2,Salon 2,2,1,Sede Villa Campestre,537,Construcción de Edificaciones II,3,502023C,14:00:00,17:00:00,50,3,5,4,3554,Construccion,6,13,5
4,Thursday,T005,18,salon 11,3,1,Sede Principe,1009,ANÁLISIS Y DISEÑO DE ALGORITMOS II,6,750020C,13:00:00,16:00:00,50,3,2,1,3743,Ingeniería de Sistemas,6,28,4
4,Thursday,T002,14,salon 7,3,1,Sede Principe,69,Introducción a la Ingeniería,1,701003C,07:00:00,09:00:00,50,2,2,1,3743,Ingeniería de Sistemas,3,25,1
5,Friday,T093,16,salon 9,3,1,Sede Principe,903,Contabilidades especiales I,5,802029C,09:00:00,12:00:00,50,3,18,6,3841,Contaduría Publica,5,35,3
6,Saturday,T052,12,salon 5,3,1,Sede Principe,1218,BIOQUÍMICA DE LOS ALIMENTOS,10,116096M,07:00:00,10:00:00,50,3,7,3,3753,Ingeniería de Alimentos,9,41,1
2,Tuesday,T012,1,Salon 1,2,1,Sede Villa Campestre,1002,GESTIÓN DE BIENES Y SERVICIOS,6,801133C,15:00:00,18:00:00,50,3,19,2,3845,Administracion de empresas,10,14,6
5,Friday,T056,26,Laboratorio de Alimentos,2,1,Sede Villa Campestre,300,Talleres y laborat. Ingen. Alim. IV,6,745051M ,09:00:00,13:00:00,51,4,16,3,3753,Ingeniería de Alimentos,3,35,3
2,Tuesday,T192,21,salon 14,3,1,Sede Principe,1043,SISTEMA DE CONTROL AMBIENTAL INSTALACIONES II,6,502032C,14:00:00,17:00:00,51,3,5,4,3554,Construccion,9,13,5
6,Saturday,T005,16,salon 9,3,1,Sede Principe,81,Matemáticas Discretas II,3,750005C,07:00:00,11:00:00,50,4,2,1,3743,Ingeniería de Sistemas,3,41,1
4,Thursday,T064,21,salon 14,3,1,Sede Principe,1182,Electiva Profesional I Diseño de branding personal,8,801226C,10:00:00,13:00:00,50,3,19,2,3845,Administracion de empresas,10,26,2
3,Wednesday,T072,4,Salon 4,2,1,Sede Villa Campestre,614,Cálculo Multivariable,3,111022C,14:00:00,17:00:00,55,3,7,3,3753,Ingeniería de Alimentos,8,21,5
3,Wednesday,T142,14,salon 7,3,1,Sede Principe,908,Contabilidad pública,5,802007C,07:00:00,10:00:00,50,3,18,6,3841,Contaduría Publica,9,17,1
4,Thursday,T220,16,salon 9,3,1,Sede Principe,727,"Introducción al derecho y constitución política 
 (Formación social y ciudadana)",1,801042C,18:20:00,21:20:00,50,3,26,6,3841,Contaduría Publica,10,31,7
1,Monday,T128,15,Sala de Sistemas 4,3,1,Sede Principe,1189,EXPORTACIONES,9,801103C,18:20:00,21:20:00,50,3,1,2,3845,Administracion de empresas,8,7,7
1,Monday,T033,12,salon 5,3,1,Sede Principe,722,Pensamiento Contemporáneo de la Administración y las Organizaciones,3,801091C,18:20:00,21:20:00,50,3,23,2,3845,Administracion de empresas,6,7,7
4,Thursday,T159,15,Sala de Sistemas 4,3,1,Sede Principe,794,Matemáticas Básicas,1,111023C,18:20:00,21:20:00,53,3,29,8,2724,Tecnología en Desarrollo de Software,6,31,7
2,Tuesday,T102,12,salon 5,3,1,Sede Principe,948,Desarrollo de Software III,6,750027C,10:00:00,13:00:00,50,3,14,8,2724,Tecnología en Desarrollo de Software,8,10,2
1,Monday,T034,23,Sala De Sistemas 1	,3,1,Sede Principe,295,Informática I,2,750002C,10:00:00,13:00:00,50,3,7,3,3753,Ingeniería de Alimentos,10,2,2
3,Wednesday,T008,5,Salon 5,2,1,Sede Villa Campestre,134,Seminario de Proyecto de Grado,8,750097M,16:00:00,17:00:00,50,1,3,1,3743,Ingeniería de Sistemas,3,22,6
4,Thursday,T185,13,salon 6,3,1,Sede Principe,82,Cálculo Multivariable,3,111022C,11:00:00,13:00:00,51,2,2,1,3743,Ingeniería de Sistemas,7,26,2
2,Tuesday,T160,11,salon 4,3,1,Sede Principe,941,Desarrollo de software I,5,750009C,18:20:00,21:20:00,51,3,29,8,2724,Tecnología en Desarrollo de Software,8,15,7
4,Thursday,T099,10,Sala de Sistemas 3,3,1,Sede Principe,562,Bases de Datos No SQL,9,750128M,15:00:00,18:00:00,50,3,3,1,3743,Ingeniería de Sistemas,4,30,6
3,Wednesday,T003,16,salon 9,3,1,Sede Principe,76,Matemáticas Discretas I,2,750004C,08:00:00,12:00:00,54,4,2,1,3743,Ingeniería de Sistemas,6,17,1
3,Wednesday,T043,12,salon 5,3,1,Sede Principe,744,Economía de empresa,4,801088C,15:00:00,18:00:00,50,3,18,6,3841,Contaduría Publica,10,22,6
3,Wednesday,T058,2,Salon 2,2,1,Sede Villa Campestre,250,Individuo Y Familia I,3,207011M,08:00:00,12:00:00,50,4,6,5,3249,Trabajo social,9,17,1
5,Friday,T072,11,salon 4,3,1,Sede Principe,313,Ecuaciones Diferenciales,4,111026C,09:00:00,12:00:00,51,3,7,3,3753,Ingeniería de Alimentos,3,33,1
5,Friday,T169,7,Sala De Sistemas 1,2,1,Sede Villa Campestre,184,Pensamiento Clásico de la Administración y las Organizaciones ,2,801082C,18:20:00,21:20:00,50,3,23,2,3845,Administracion de empresas,9,39,7
2,Tuesday,T228,11,salon 4,3,1,Sede Principe,990,"Auditoría, riesgos y aseguramiento",6,802039C,15:00:00,18:00:00,50,3,18,6,3841,Contaduría Publica,10,14,6
2,Tuesday,T036,13,salon 6,3,1,Sede Principe,1114,DISPOSITIVOS Y CIRCUITOS ELECTRÓNICOS,4,710027C,18:20:00,22:20:00,50,4,30,12,2725,Tecnologia en Electronica Industrial,9,16,8
2,Tuesday,T025,14,salon 7,3,1,Sede Principe,291,Cálculo Monovariable,2,111021C,14:00:00,17:00:00,53,3,7,3,3753,Ingeniería de Alimentos,10,13,5
2,Tuesday,T072,19,salon 12,3,1,Sede Principe,614,Cálculo Multivariable,3,111022C,07:00:00,10:00:00,50,3,7,3,3753,Ingeniería de Alimentos,4,9,1
6,Saturday,T093,31,Salon 1,1,1,Sede Victoria,1251,Electiva profesional III: Perspectivas Teóricas y Conceptuales en Contaduría Pública,9,802094C,07:00:00,10:00:00,50,3,18,6,3841,Contaduría Publica,10,41,1
4,Thursday,T234,7,Sala De Sistemas 1,2,1,Sede Villa Campestre,67,Fundamentos de Programación Imperativa,1,750012C,15:00:00,18:00:00,52,3,2,1,3743,Ingeniería de Sistemas,10,30,6
1,Monday,T087,23,Sala De Sistemas 1	,3,1,Sede Principe,787,Sistemas operativos,4,750001C,10:00:00,13:00:00,51,3,2,1,3743,Ingeniería de Sistemas,4,2,2
3,Wednesday,T041,10,Sala de Sistemas 3,3,1,Sede Principe,477,Compresión y producción de textos académicos generales,4,204402M,07:00:00,10:00:00,53,3,7,3,3753,Ingeniería de Alimentos,3,17,1
2,Tuesday,T005,23,Sala De Sistemas 1	,3,1,Sede Principe,561,Redes Neuronales,9,750039M,10:00:00,13:00:00,50,3,3,1,3743,Ingeniería de Sistemas,6,10,2
2,Tuesday,T086,9,salon 2,3,1,Sede Principe,391,Contabilidad de los recursos y obligaciones de largo plazo y patrimonio,3,802015C,09:00:00,12:00:00,50,3,18,6,3841,Contaduría Publica,5,11,3
5,Friday,T158,18,salon 11,3,1,Sede Principe,882,Desarrollo de software I,5,750009C,07:00:00,10:00:00,51,3,2,1,3743,Ingeniería de Sistemas,9,33,1
4,Thursday,T024,13,salon 6,3,1,Sede Principe,439,Electiva Profesional IV: Fundamentos de Contabilidad Internacional,10,802111M,18:20:00,21:20:00,50,3,4,6,3841,Contaduría Publica,7,31,7
3,Wednesday,T024,4,Salon 4,2,1,Sede Villa Campestre,416,Casos Contables Especiales I,4,802085M,18:20:00,21:20:00,50,3,4,6,3841,Contaduría Publica,3,23,7
3,Wednesday,T140,8,salon 1,3,1,Sede Principe,497,Historia del Trabajo Social,2,207007M,14:00:00,17:00:00,50,3,6,5,3249,Trabajo social,8,21,5
4,Thursday,T093,13,salon 6,3,1,Sede Principe,717,Fundamentos de Contabilidad ,1,802004C,18:20:00,21:20:00,50,3,23,2,3845,Administracion de empresas,4,31,7
5,Friday,T061,19,salon 12,3,1,Sede Principe,980,Biología Molecular,3,605015C,07:00:00,10:00:00,50,3,20,11,3643,Nutricion y dietetica,6,33,1
6,Saturday,T017,27,Laboratorio de Electronica,2,1,Sede Villa Campestre,1032,Fisica + Laboratorio,3,106012C,17:00:00,20:00:00,50,3,30,12,2725,Tecnologia en Electronica Industrial,9,66,11
1,Monday,T087,24,Sala De Sistemas 2,3,1,Sede Principe,465,Sistemas operativos,3,750001C,07:00:00,10:00:00,50,3,14,8,2724,Tecnología en Desarrollo de Software,3,1,1
3,Wednesday,T051,17,salon 10,3,1,Sede Principe,1082,Metodología de la Investigación,7,802052C,07:00:00,10:00:00,50,3,18,6,3841,Contaduría Publica,7,17,1
6,Saturday,T030,16,salon 9,3,1,Sede Principe,993,Legislación  Comercial,3,801058C,14:00:00,17:00:00,50,3,23,2,3845,Administracion de empresas,8,45,5
2,Tuesday,T070,16,salon 9,3,1,Sede Principe,925,COMPRENSIÓN Y PRODUCCIÓN DE TEXTOS ACADÉMICOS GENERALES,2,204133C,18:20:00,21:20:00,50,3,26,6,3841,Contaduría Publica,5,15,7
5,Friday,T125,11,salon 4,3,1,Sede Principe,1198,Administración y control de obra,8,502043C,10:00:00,13:00:00,50,3,5,4,3554,Construccion,9,34,2
5,Friday,T002,24,Sala De Sistemas 2,3,1,Sede Principe,116,Sistemas Operativos,5,750008M,07:00:00,10:00:00,50,3,3,1,3743,Ingeniería de Sistemas,3,33,1
1,Monday,T100,23,Sala De Sistemas 1	,3,1,Sede Principe,546,Fundamentos de Redes,5,750096M,18:20:00,21:20:00,50,3,21,8,2724,Tecnología en Desarrollo de Software,4,8,8
4,Thursday,T016,18,salon 11,3,1,Sede Principe,73,Inglés con fines generales y académicos II,2,204026C,07:00:00,11:00:00,53,4,2,1,3743,Ingeniería de Sistemas,9,25,1
6,Saturday,T043,18,salon 11,3,1,Sede Principe,188,Macroeconomía y Coyuntura ,2,801069C,17:00:00,20:00:00,50,3,23,2,3845,Administracion de empresas,9,66,11
1,Monday,T057,9,salon 2,3,1,Sede Principe,855,Inserción a la Vida Universitaria,1,701001C,20:20:00,22:20:00,51,2,30,12,2725,Tecnologia en Electronica Industrial,7,8,8
3,Wednesday,T026,3,Salon 3,2,1,Sede Villa Campestre,556,Probabilidad y Estadistica,4,761001C,14:00:00,18:00:00,50,4,14,8,2724,Tecnología en Desarrollo de Software,8,21,5
3,Wednesday,T026,23,Sala De Sistemas 1	,3,1,Sede Principe,556,Probabilidad y Estadistica,4,761001C,14:00:00,18:00:00,51,4,14,8,2724,Tecnología en Desarrollo de Software,6,21,5
3,Wednesday,T142,5,Salon 5,2,1,Sede Villa Campestre,908,Contabilidad pública,5,802007C,07:00:00,10:00:00,50,3,18,6,3841,Contaduría Publica,5,17,1
3,Wednesday,T156,14,salon 7,3,1,Sede Principe,733,Estadística I para las ciencias de la administración,3,801083C,18:20:00,21:20:00,51,3,26,6,3841,Contaduría Publica,6,23,7
3,Wednesday,T140,12,salon 5,3,1,Sede Principe,260,Administración Social,5,207019M,08:00:00,12:00:00,50,4,6,5,3249,Trabajo social,9,17,1
3,Wednesday,T031,8,salon 1,3,1,Sede Principe,509,Taller de Integración metodológica II,9,207055M,07:00:00,09:00:00,50,2,6,5,3249,Trabajo social,9,17,1
3,Wednesday,T095,16,salon 9,3,1,Sede Principe,193,Legislación comercial I,3,801073C,13:00:00,16:00:00,50,3,19,2,3845,Administracion de empresas,3,20,4
4,Thursday,T068,3,Salon 3,2,1,Sede Villa Campestre,655,Conservación y Vida Útil de los Alimentos,7,745061M,10:00:00,13:00:00,50,3,16,3,3753,Ingeniería de Alimentos,4,26,2
1,Monday,T108,3,Salon 3,2,1,Sede Villa Campestre,1019,Inglés con Fines Generales y Académicos IV,6,204028C,14:00:00,18:00:00,52,4,7,3,3753,Ingeniería de Alimentos,9,5,5
4,Thursday,T105,15,Sala de Sistemas 4,3,1,Sede Principe,467,Cálculo Monovariable,2,111021C,20:20:00,22:20:00,52,2,29,8,2724,Tecnología en Desarrollo de Software,3,31,7
6,Saturday,T137,24,Sala De Sistemas 2,3,1,Sede Principe,771,Laboratorio Contable Financiero Sistematizado,9,802025M,15:00:00,18:00:00,52,3,4,6,3841,Contaduría Publica,4,46,6
6,Saturday,T228,11,salon 4,3,1,Sede Principe,1077,"Auditoría, riesgos y aseguramiento",6,802039C,14:00:00,17:00:00,50,3,26,6,3841,Contaduría Publica,9,45,5
6,Saturday,T047,17,salon 10,3,1,Sede Principe,994,Inglés con fines generales y académicos III,5,204027C,17:00:00,21:00:00,54,4,23,2,3845,Administracion de empresas,6,46,6
1,Monday,T060,7,Sala De Sistemas 1,2,1,Sede Villa Campestre,936,Simulación y Computación Numérica,5,750016C,14:00:00,18:00:00,51,4,2,1,3743,Ingeniería de Sistemas,9,5,5
3,Wednesday,T152,23,Sala De Sistemas 1	,3,1,Sede Principe,66,Taller de Ingeniería I,1,701002C,07:00:00,10:00:00,52,3,2,1,3743,Ingeniería de Sistemas,5,17,1
2,Tuesday,T133,20,salon 13,3,1,Sede Principe,528,Taller de Representación  I,1,501002C,07:00:00,10:00:00,50,3,5,4,3554,Construccion,8,9,1
1,Monday,T114,7,Sala De Sistemas 1,2,1,Sede Villa Campestre,1144,INGENIERÍA DE PROCESAMIENTO II,9,745010C,14:00:00,18:00:00,50,4,7,3,3753,Ingeniería de Alimentos,8,5,5
5,Friday,T125,12,salon 5,3,1,Sede Principe,1125,PROGRAMACIÓN DE OBRA Y LICITACIONES,7,502042C,10:00:00,13:00:00,50,3,5,4,3554,Construccion,8,34,2
5,Friday,T219,8,salon 1,3,1,Sede Principe,505,Comunidad y Organizaciones II,6,207033M,08:00:00,12:00:00,50,4,6,5,3249,Trabajo social,8,33,1
3,Wednesday,T038,4,Salon 4,2,1,Sede Villa Campestre,692,Gerencia de Ventas,9,801073M,18:20:00,21:20:00,50,3,1,2,3845,Administracion de empresas,6,23,7
5,Friday,T081,3,Salon 3,2,1,Sede Villa Campestre,532,Equipos y Medios Auxiliares ,1,502008C,07:00:00,10:00:00,50,3,5,4,3554,Construccion,9,33,1
1,Monday,T084,5,Salon 5,2,1,Sede Villa Campestre,995,Investigación y Gestión de Operaciones,5,801095C,18:20:00,21:20:00,51,3,23,2,3845,Administracion de empresas,8,7,7
3,Wednesday,T096,9,salon 2,3,1,Sede Principe,1285,Gestión basada en el valor,10,802037C,15:00:00,18:00:00,50,3,18,6,3841,Contaduría Publica,10,22,6
2,Tuesday,T094,23,Sala De Sistemas 1	,3,1,Sede Principe,462,Fundamentos de Programación Imperativa,1,750012C,13:00:00,16:00:00,52,3,14,8,2724,Tecnología en Desarrollo de Software,7,12,4
1,Monday,T053,15,Sala de Sistemas 4,3,1,Sede Principe,2,Matemáticas Básicas,1,111023C,13:00:00,15:00:00,50,2,2,1,3743,Ingeniería de Sistemas,6,4,4
6,Saturday,T004,23,Sala De Sistemas 1	,3,1,Sede Principe,133,Aplicaciones en el Web y Redes Inalámbricas,8,750087M,11:00:00,14:00:00,50,3,3,1,3743,Ingeniería de Sistemas,3,42,2
3,Wednesday,T243,4,Salon 4,2,1,Sede Villa Campestre,1305,Nutrición del adulto,7,605034C,14:00:00,17:00:00,50,3,20,11,3643,Nutricion y dietetica,10,21,5
1,Monday,T016,17,salon 10,3,1,Sede Principe,73,Inglés con fines generales y académicos II,2,204026C,09:00:00,13:00:00,50,4,2,1,3743,Ingeniería de Sistemas,3,1,1
5,Friday,T100,23,Sala De Sistemas 1	,3,1,Sede Principe,879,Fundamentos de redes,5,750010C,07:00:00,10:00:00,51,3,2,1,3743,Ingeniería de Sistemas,8,33,1
1,Monday,T062,5,Salon 5,2,1,Sede Villa Campestre,1072,PRESUPUESTOS,6,802049C,18:20:00,21:20:00,50,3,26,6,3841,Contaduría Publica,9,7,7
5,Friday,T018,1,Salon 1,2,1,Sede Villa Campestre,1118,PATERNIDAD Y MATERNIDAD,8,207084M,07:00:00,10:00:00,50,3,6,5,3249,Trabajo social,8,33,1
1,Monday,T196,24,Sala De Sistemas 2,3,1,Sede Principe,1060,Desarrollo de Software III,7,750027C,15:00:00,18:00:00,52,3,2,1,3743,Ingeniería de Sistemas,8,6,6
2,Tuesday,T027,4,Salon 4,2,1,Sede Villa Campestre,247,Teoría Sociológica II,3,207071M,09:00:00,12:00:00,50,3,6,5,3249,Trabajo social,3,11,3
2,Tuesday,T083,20,salon 13,3,1,Sede Principe,528,Taller de Representación  I,1,501002C,07:00:00,13:00:00,51,6,5,4,3554,Construccion,4,9,1
3,Wednesday,T149,16,salon 9,3,1,Sede Principe,723,Organización y Sociedad,3,801092C,18:20:00,21:20:00,50,3,23,2,3845,Administracion de empresas,8,23,7
5,Friday,T097,19,salon 12,3,1,Sede Principe,742,Álgebra lineal,2,801017C,15:00:00,18:00:00,51,3,18,6,3841,Contaduría Publica,6,38,6
3,Wednesday,T062,6,Salon 6,2,1,Sede Villa Campestre,432,Proceso Administrativo Empresarial,8,801151M,18:20:00,21:20:00,51,3,4,6,3841,Contaduría Publica,3,23,7
2,Tuesday,T116,20,salon 13,3,1,Sede Principe,240,Introducción Al Trabajo Social,1,207004M,09:00:00,12:00:00,50,3,6,5,3249,Trabajo social,3,11,3
2,Tuesday,T005,23,Sala De Sistemas 1	,3,1,Sede Principe,1011,INFRAESTRUCTURAS PARALELAS Y DISTRIBUIDAS,6,750023C,14:00:00,17:00:00,51,3,2,1,3743,Ingeniería de Sistemas,10,13,5
1,Monday,T045,24,Sala De Sistemas 2,3,1,Sede Principe,690,Evaluación Financiera de proyectos para Administración,7,802116M,18:20:00,21:20:00,50,3,1,2,3845,Administracion de empresas,4,8,8
6,Saturday,T085,23,Sala De Sistemas 1	,3,1,Sede Principe,730,Taller de habilidades informáticas para la gestión (Científico tecnológico),1,801044C,18:20:00,21:20:00,50,3,26,6,3841,Contaduría Publica,6,47,7
1,Monday,T047,11,salon 4,3,1,Sede Principe,264,Lectura De Textos En Inglés II,5, 204104M,13:00:00,15:00:00,50,2,6,5,3249,Trabajo social,3,4,4
5,Friday,T065,10,Sala de Sistemas 3,3,1,Sede Principe,469,Fundamentos de Programacion OO (Taller Tecnologico II),2,750015C,18:20:00,21:20:00,50,3,29,8,2724,Tecnología en Desarrollo de Software,5,39,7
3,Wednesday,T076,5,Salon 5,2,1,Sede Villa Campestre,698,Álgebra lineal ,2,801017C,14:00:00,17:00:00,50,3,19,2,3845,Administracion de empresas,6,21,5
3,Wednesday,T063,5,Salon 5,2,1,Sede Villa Campestre,736,Introducción a la contaduría pública,1,802008C,18:20:00,21:20:00,50,3,26,6,3841,Contaduría Publica,6,23,7
3,Wednesday,T016,17,salon 10,3,1,Sede Principe,458,Inglés con fines generales y académicos I,1,204025C,10:00:00,12:00:00,51,2,14,8,2724,Tecnología en Desarrollo de Software,3,19,3
6,Saturday,T019,17,salon 10,3,1,Sede Principe,118,Análisis y Métodos Numéricos,5,750086M,10:00:00,14:00:00,50,4,3,1,3743,Ingeniería de Sistemas,3,42,2
5,Friday,T001,24,Sala De Sistemas 2,3,1,Sede Principe,541,Bases de datos,4,750006C,08:00:00,12:00:00,51,4,2,1,3743,Ingeniería de Sistemas,8,33,1
4,Thursday,T086,5,Salon 5,2,1,Sede Villa Campestre,181,Fundamentos de contabilidad ,1,802004C,10:00:00,13:00:00,51,3,19,2,3845,Administracion de empresas,7,26,2
4,Thursday,T044,16,salon 9,3,1,Sede Principe,706,Legislación Laboral,4,801099C,14:00:00,17:00:00,50,3,19,2,3845,Administracion de empresas,4,29,5
2,Tuesday,T121,13,salon 6,3,1,Sede Principe,1049,Inglés con fines generales y académicos II,4,204026C,14:00:00,18:00:00,55,4,20,11,3643,Nutricion y dietetica,7,13,5
6,Saturday,T094,24,Sala De Sistemas 2,3,1,Sede Principe,80,Fundamentos de Programación Orientada a Eventos ,3,750014C,07:00:00,10:00:00,51,3,2,1,3743,Ingeniería de Sistemas,7,41,1
3,Wednesday,T120,13,salon 6,3,1,Sede Principe,895,Nutrición y toxicología,6,745012C,09:00:00,12:00:00,50,3,7,3,3753,Ingeniería de Alimentos,5,19,3
4,Thursday,T010,12,salon 5,3,1,Sede Principe,243,Desarrollo De La Personalidad I,1,207009M,10:00:00,13:00:00,51,3,6,5,3249,Trabajo social,5,26,2
2,Tuesday,T072,10,Sala de Sistemas 3,3,1,Sede Principe,292,Álgebra lineal,2,111006C,07:00:00,09:00:00,50,2,7,3,3753,Ingeniería de Alimentos,3,9,1
3,Wednesday,T084,20,salon 13,3,1,Sede Principe,745,Investigación y Gestión de Operaciones,4,801095C,10:00:00,13:00:00,50,3,18,6,3841,Contaduría Publica,8,18,2
4,Thursday,T068,6,Salon 6,2,1,Sede Villa Campestre,523,Introducción a la Ciencias de los Alimentos,1,605012C,10:00:00,13:00:00,50,3,20,11,3643,Nutricion y dietetica,10,26,2
2,Tuesday,T005,24,Sala De Sistemas 2,3,1,Sede Principe,146,Programación con Restricciones,9,750067M,07:00:00,10:00:00,50,3,3,1,3743,Ingeniería de Sistemas,7,9,1
2,Tuesday,T012,3,Salon 3,2,1,Sede Villa Campestre,1152,Control de gestión y gobierno corporativo,7,802057C,18:20:00,21:20:00,50,3,26,6,3841,Contaduría Publica,10,15,7
5,Friday,T112,13,salon 6,3,1,Sede Principe,520,QuÍmica general + Laboratorio,1,116017C,08:00:00,12:00:00,51,4,20,11,3643,Nutricion y dietetica,10,65,12
1,Monday,T044,5,Salon 5,2,1,Sede Villa Campestre,818,Legislación laboral,4,801099C,18:20:00,21:20:00,51,3,23,2,3845,Administracion de empresas,7,7,7
1,Monday,T148,2,Salon 2,2,1,Sede Villa Campestre,214,Gestión Financiera y Presupuestos,6,802100M,18:20:00,21:20:00,50,3,1,2,3845,Administracion de empresas,5,7,7
1,Monday,T148,6,Salon 6,2,1,Sede Villa Campestre,1221,INNOVACIÓN Y EMPRENDIMIENTO EMPRESARIAL,9,750032C,07:00:00,10:00:00,50,3,2,1,3743,Ingeniería de Sistemas,9,1,1
1,Monday,T052,26,Laboratorio de Alimentos,2,1,Sede Villa Campestre,627,Análisis de Alimentos,5,745004C,09:00:00,13:00:00,50,4,7,3,3753,Ingeniería de Alimentos,10,3,3
6,Saturday,T030,13,salon 6,3,1,Sede Principe,393,Legislación comercial II,3,801074C,15:00:00,18:00:00,50,3,18,6,3841,Contaduría Publica,4,46,6
4,Thursday,T176,8,salon 1,3,1,Sede Principe,1106,FUNDAMENTOS DE ANÁLISIS Y CÁLCULO NUMÉRICO,5,750042C,18:20:00,21:20:00,50,3,29,8,2724,Tecnología en Desarrollo de Software,10,31,7
6,Saturday,T167,26,Laboratorio de Alimentos,2,1,Sede Villa Campestre,1021,BIOPROCESOS + LABORATORIO,7,745006C,08:00:00,10:00:00,50,2,7,3,3753,Ingeniería de Alimentos,8,41,1
4,Thursday,T025,18,salon 11,3,1,Sede Principe,291,Cálculo Monovariable,2,111021C,07:00:00,09:00:00,53,2,7,3,3753,Ingeniería de Alimentos,10,25,1
4,Thursday,T159,16,salon 9,3,1,Sede Principe,742,Álgebra lineal,2,801017C,15:00:00,18:00:00,51,3,18,6,3841,Contaduría Publica,10,30,6
3,Wednesday,T061,30,"Practicas Profesionales, Investigativas o equivalentes",2,1,Sede Villa Campestre,872,Química de los alimentos,2,605013C,14:00:00,16:00:00,50,2,20,11,3643,Nutricion y dietetica,7,21,5
1,Monday,T174,20,salon 13,3,1,Sede Principe,865,Taller Construcción de edificaciones  III,4,502026C,07:00:00,11:00:00,51,4,5,4,3554,Construccion,9,1,1
1,Monday,T060,9,salon 2,3,1,Sede Principe,131,Teoría General de Sistemas,7,760081M,07:00:00,10:00:00,50,3,3,1,3743,Ingeniería de Sistemas,3,1,1
1,Monday,T080,31,Salon 1,1,1,Sede Victoria,896,Electiva Profesional Práctica Industrial,10,745058M,18:20:00,21:20:00,50,3,16,3,3753,Ingeniería de Alimentos,5,7,7
6,Saturday,T017,27,Laboratorio de Electronica,2,1,Sede Villa Campestre,1032,Fisica + Laboratorio,3,106012C,17:00:00,20:00:00,51,3,30,12,2725,Tecnologia en Electronica Industrial,10,46,6
1,Monday,T070,12,salon 5,3,1,Sede Principe,704,Lectura Crítica,4,204024C,15:00:00,18:00:00,50,3,19,2,3845,Administracion de empresas,4,6,6
3,Wednesday,T053,17,salon 10,3,1,Sede Principe,2,Matemáticas Básicas,1,111023C,07:00:00,10:00:00,50,3,2,1,3743,Ingeniería de Sistemas,5,17,1
4,Thursday,T026,18,salon 11,3,1,Sede Principe,720,Estadística I para las Ciencias de la Administración,3,801083C,18:20:00,21:20:00,51,3,23,2,3845,Administracion de empresas,8,31,7
5,Friday,T072,18,salon 11,3,1,Sede Principe,789,Algebra Lineal,2,111038C,07:00:00,10:00:00,51,3,14,8,2724,Tecnología en Desarrollo de Software,4,33,1
5,Friday,T185,15,Sala de Sistemas 4,3,1,Sede Principe,799,Cálculo Monovariable,2,111021C,08:00:00,10:00:00,50,2,14,8,2724,Tecnología en Desarrollo de Software,8,33,1
5,Friday,T110,8,salon 1,3,1,Sede Principe,911,Epistemologia de las ciencias sociales,3,207102M,14:00:00,17:00:00,51,3,6,5,3249,Trabajo social,5,37,5
2,Tuesday,T004,19,salon 12,3,1,Sede Principe,1010,INTELIGENCIA ARTIFICIAL,6,750022C,08:00:00,12:00:00,50,4,2,1,3743,Ingeniería de Sistemas,9,9,1
3,Wednesday,T033,15,Sala de Sistemas 4,3,1,Sede Principe,769,Resolución de Problemas y Toma de Decisiones,9,801154M,18:20:00,21:20:00,50,3,4,6,3841,Contaduría Publica,6,23,7
1,Monday,T040,24,Sala De Sistemas 2,3,1,Sede Principe,74,Fundamentos de  Programación Orientada a Objetos,2,750015C,14:00:00,17:00:00,50,3,2,1,3743,Ingeniería de Sistemas,4,5,5
4,Thursday,T152,11,salon 4,3,1,Sede Principe,943,Ingeniería económica,5,760016C,18:20:00,21:20:00,51,3,29,8,2724,Tecnología en Desarrollo de Software,8,31,7
4,Thursday,T249,14,salon 7,3,1,Sede Principe,1273,Taller de habilidades gerenciales enfoque contable financiero,9,802055C,18:20:00,21:20:00,51,3,26,6,3841,Contaduría Publica,10,31,7
6,Saturday,T041,11,salon 4,3,1,Sede Principe,1303,Español y comunicación II,7,203027C,08:00:00,10:00:00,50,2,20,11,3643,Nutricion y dietetica,10,41,1
2,Tuesday,T118,1,Salon 1,2,1,Sede Villa Campestre,521,Nucleo Salud Pública I,1,607001C,09:00:00,12:00:00,50,3,20,11,3643,Nutricion y dietetica,4,11,3
6,Saturday,T130,12,salon 5,3,1,Sede Principe,694,Administración para el Cambio,9,801184M,15:00:00,18:00:00,50,3,1,2,3845,Administracion de empresas,6,46,6
1,Monday,T062,4,Salon 4,2,1,Sede Villa Campestre,824,Electiva profundizacion III: Administración de Riesgos,10,801241M,18:20:00,21:20:00,50,3,1,2,3845,Administracion de empresas,5,7,7
2,Tuesday,T017,27,Laboratorio de Electronica,2,1,Sede Villa Campestre,483,Fisica + Laboratorio,3,106012C,10:00:00,12:00:00,53,2,2,1,3743,Ingeniería de Sistemas,6,10,2
1,Monday,T084,5,Salon 5,2,1,Sede Villa Campestre,219,Procesos de Fabricación de Bienes y Servicios,7,801183M,14:00:00,17:00:00,50,3,25,2,3845,Administracion de empresas,3,5,5
4,Thursday,T005,15,Sala de Sistemas 4,3,1,Sede Principe,878,Fundamentos de Interpretación y Compilación de LP,5,750017C,07:00:00,11:00:00,50,4,2,1,3743,Ingeniería de Sistemas,5,25,1
2,Tuesday,T072,16,salon 9,3,1,Sede Principe,916,Álgebra lineal,2,111038C,10:00:00,12:00:00,52,2,7,3,3753,Ingeniería de Alimentos,5,10,2
2,Tuesday,T070,5,Salon 5,2,1,Sede Villa Campestre,923,COMPRENSIÓN Y PRODUCCIÓN DE TEXTOS ACADÉMICOS GENERALES,2,204133C,14:00:00,17:00:00,50,3,2,1,3743,Ingeniería de Sistemas,6,13,5
5,Friday,T028,8,salon 1,3,1,Sede Principe,395,Inglés con fines generales y académicos I,3,204025C,07:00:00,11:00:00,54,4,18,6,3841,Contaduría Publica,3,33,1
2,Tuesday,T075,20,salon 13,3,1,Sede Principe,317,Taller de Representacion II,2,501003C,07:00:00,13:00:00,52,6,5,4,3554,Construccion,7,9,1
1,Monday,T041,3,Salon 3,2,1,Sede Villa Campestre,1093,Electiva Componente Artistico Humanistico: Actuación ante cámaras,7,504038C,15:00:00,18:00:00,50,3,19,2,3845,Administracion de empresas,7,6,6
5,Friday,T094,24,Sala De Sistemas 2,3,1,Sede Principe,67,Fundamentos de Programación Imperativa,1,750012C,10:00:00,13:00:00,53,3,2,1,3743,Ingeniería de Sistemas,6,34,2
2,Tuesday,T081,1,Salon 1,2,1,Sede Villa Campestre,864,Arte y Ciudad,4,503067M,08:00:00,12:00:00,50,4,5,4,3554,Construccion,5,9,1
1,Monday,T185,18,salon 11,3,1,Sede Principe,794,Matemáticas Básicas,1,111023C,18:20:00,20:20:00,50,2,29,8,2724,Tecnología en Desarrollo de Software,8,8,8
4,Thursday,T015,19,salon 12,3,1,Sede Principe,756,Legislación tributaria I,6,802036M,15:00:00,18:00:00,50,3,28,6,3841,Contaduría Publica,4,30,6
5,Friday,T016,16,salon 9,3,1,Sede Principe,70,Inglés con fines generales y académicos I,1,204025C,07:00:00,11:00:00,50,4,2,1,3743,Ingeniería de Sistemas,3,33,1
2,Tuesday,T029,4,Salon 4,2,1,Sede Villa Campestre,1188,FUNDAMENTOS DE SISTEMAS SOCIOECOLÓGICOS,1,730011C,10:00:00,13:00:00,50,3,33,13,3150,Agroindustria,8,10,2
1,Monday,T094,10,Sala de Sistemas 3,3,1,Sede Principe,67,Fundamentos de Programación Imperativa,1,750012C,14:00:00,17:00:00,55,3,2,1,3743,Ingeniería de Sistemas,5,5,5
1,Monday,T081,14,salon 7,3,1,Sede Principe,534,Estructuras II,3,502019C,14:00:00,17:00:00,50,3,5,4,3554,Construccion,10,5,5
5,Friday,T123,1,Salon 1,2,1,Sede Villa Campestre,484,Introducción al Derecho y Constitucion política,2,801042C,08:00:00,11:00:00,50,3,5,4,3554,Construccion,5,33,1
3,Wednesday,T121,13,salon 6,3,1,Sede Principe,1019,Inglés con Fines Generales y Académicos IV,6,204028C,14:00:00,18:00:00,50,4,7,3,3753,Ingeniería de Alimentos,6,20,4
2,Tuesday,T108,2,Salon 2,2,1,Sede Villa Campestre,557,Inglés con Fines Generales y Académicos IV,4,204028C,14:00:00,18:00:00,50,4,2,1,3743,Ingeniería de Sistemas,7,13,5
5,Friday,T021,11,salon 4,3,1,Sede Principe,696,Toma de Decisiones y Negociación,9,801218M,18:20:00,21:20:00,50,3,1,2,3845,Administracion de empresas,6,39,7
2,Tuesday,T015,6,Salon 6,2,1,Sede Villa Campestre,763,Electiva Profesional IV: Procedimiento Tributario,8,802097M,15:00:00,18:00:00,50,3,28,6,3841,Contaduría Publica,6,14,6
5,Friday,T028,24,Sala De Sistemas 2,3,1,Sede Principe,739,Inglés con fines generales y académicos II,4,204026C,07:00:00,10:00:00,51,3,18,6,3841,Contaduría Publica,4,33,1
2,Tuesday,T081,18,salon 11,3,1,Sede Principe,320,Construcción de Edificaciones I,2,502011C,08:00:00,10:00:00,50,2,5,4,3554,Construccion,3,9,1
3,Wednesday,T081,7,Sala De Sistemas 1,2,1,Sede Villa Campestre,321,Taller Construcción de edificaciones  I,2,502013C,07:00:00,11:00:00,50,4,5,4,3554,Construccion,7,17,1
3,Wednesday,T016,19,salon 12,3,1,Sede Principe,83,Inglés con fines generales y académicos III,3,204027C,10:00:00,12:00:00,50,2,2,1,3743,Ingeniería de Sistemas,7,19,3
4,Thursday,T017,20,salon 13,3,1,Sede Principe,109,Fisica II,4,106015M,07:00:00,11:00:00,50,4,3,1,3743,Ingeniería de Sistemas,3,25,1
4,Thursday,T087,23,Sala De Sistemas 1	,3,1,Sede Principe,793,Fundamentos de Programación Orientada a Eventos,3,750014C,18:20:00,21:20:00,50,3,29,8,2724,Tecnología en Desarrollo de Software,8,31,7
3,Wednesday,T113,13,salon 6,3,1,Sede Principe,786,Algebra Lineal,2,111038C,08:00:00,10:00:00,51,2,2,1,3743,Ingeniería de Sistemas,7,17,1
1,Monday,T016,15,Sala de Sistemas 4,3,1,Sede Principe,70,Inglés con fines generales y académicos I,1,204025C,07:00:00,11:00:00,54,4,2,1,3743,Ingeniería de Sistemas,8,1,1
5,Friday,T012,4,Salon 4,2,1,Sede Villa Campestre,1002,GESTIÓN DE BIENES Y SERVICIOS,6,801133C,07:00:00,10:00:00,50,3,19,2,3845,Administracion de empresas,8,33,1
1,Monday,T102,23,Sala De Sistemas 1	,3,1,Sede Principe,787,Sistemas operativos,4,750001C,07:00:00,10:00:00,52,3,2,1,3743,Ingeniería de Sistemas,8,1,1
1,Monday,T170,7,Sala De Sistemas 1,2,1,Sede Villa Campestre,1154,Laboratorio contable I,7,802059C,18:20:00,21:20:00,50,3,26,6,3841,Contaduría Publica,8,7,7
4,Thursday,T056,26,Laboratorio de Alimentos,2,1,Sede Villa Campestre,299,Talleres y laborat. Ingen. Alim. IV,6,745051M ,10:00:00,14:00:00,50,4,16,3,3753,Ingeniería de Alimentos,3,26,2
2,Tuesday,T177,9,salon 2,3,1,Sede Principe,1110,INNOVACIÓN Y EMPRENDIMIENTO EMPRESARIAL,7,750032C,18:20:00,21:20:00,51,3,29,8,2724,Tecnología en Desarrollo de Software,10,15,7
2,Tuesday,T047,1,Salon 1,2,1,Sede Villa Campestre,525,Inglés con fines generales y académicos I,1,204025C,14:00:00,18:00:00,55,4,5,4,3554,Construccion,4,13,5
1,Monday,T152,3,Salon 3,2,1,Sede Villa Campestre,555,Ingeniería económica,4,760016C,15:00:00,18:00:00,52,3,14,8,2724,Tecnología en Desarrollo de Software,10,6,6
4,Thursday,T025,11,salon 4,3,1,Sede Principe,1206,CÁLCULO I - CIENCIAS,2,111013C,08:00:00,10:00:00,50,2,33,13,3150,Agroindustria,9,25,1
5,Friday,T062,18,salon 11,3,1,Sede Principe,717,Fundamentos de Contabilidad ,1,802004C,18:20:00,21:20:00,50,3,23,2,3845,Administracion de empresas,6,39,7
2,Tuesday,T066,2,Salon 2,2,1,Sede Villa Campestre,907,"Humanismo, pensamiento administrativo y organizaciones",5,801126C,07:00:00,10:00:00,50,3,18,6,3841,Contaduría Publica,7,9,1
3,Wednesday,T026,1,Salon 1,2,1,Sede Villa Campestre,126,Probabilidad y Estadística,6,761130M,07:00:00,10:00:00,50,3,3,1,3743,Ingeniería de Sistemas,3,17,1
3,Wednesday,T068,13,salon 6,3,1,Sede Principe,884,Propiedades físicas de los alimentos,4,745014C,10:00:00,13:00:00,50,3,7,3,3753,Ingeniería de Alimentos,9,18,2
5,Friday,T041,15,Sala de Sistemas 4,3,1,Sede Principe,245,Comprensión y Producción de Textos Académicos,1,204161M,15:00:00,18:00:00,52,3,6,5,3249,Trabajo social,3,38,6
6,Saturday,T043,21,salon 14,3,1,Sede Principe,827,Economía de empresa,4,801088C,14:00:00,17:00:00,51,3,26,6,3841,Contaduría Publica,5,45,5
2,Tuesday,T025,14,salon 7,3,1,Sede Principe,615,Matemáticas Básicas,1,111023C,14:00:00,17:00:00,54,3,7,3,3753,Ingeniería de Alimentos,6,13,5
2,Tuesday,T054,15,Sala de Sistemas 4,3,1,Sede Principe,1247,ELECTIVA PROFESIONAL: MODELOS AVANZADOS DE INNOVACIÓN,9,801198C,07:00:00,10:00:00,50,3,19,2,3845,Administracion de empresas,9,9,1
3,Wednesday,T048,24,Sala De Sistemas 2,3,1,Sede Principe,845,Bases de Datos ,4,750006C,18:20:00,22:20:00,52,4,29,8,2724,Tecnología en Desarrollo de Software,7,24,8
6,Saturday,T199,17,salon 10,3,1,Sede Principe,994,Inglés con fines generales y académicos III,5,204027C,14:00:00,18:00:00,56,4,23,2,3845,Administracion de empresas,10,45,5
2,Tuesday,T005,23,Sala De Sistemas 1	,3,1,Sede Principe,140,Vida Artificial,9,750115M,10:00:00,13:00:00,50,3,3,1,3743,Ingeniería de Sistemas,5,10,2
6,Saturday,T050,8,salon 1,3,1,Sede Principe,236,Historia De Colombia Con Énfasis Social,1, 207103M,08:00:00,11:00:00,50,3,6,5,3249,Trabajo social,5,41,1
5,Friday,T097,17,salon 10,3,1,Sede Principe,410,Álgebra lineal ,2,801017C,18:20:00,21:20:00,51,3,26,6,3841,Contaduría Publica,3,40,8
4,Thursday,T070,12,salon 5,3,1,Sede Principe,538,Lectura Crítica,2,204024C,15:00:00,18:00:00,52,3,14,8,2724,Tecnología en Desarrollo de Software,4,30,6
6,Saturday,T009,25,Coliseo,2,1,Sede Villa Campestre,471,DEPORTE Y SALUD,2,404002C,18:20:00,21:20:00,52,3,29,8,2724,Tecnología en Desarrollo de Software,3,47,7
3,Wednesday,T210,19,salon 12,3,1,Sede Principe,1133,ESTOMATOLOGÍA,5,605024C,08:00:00,10:00:00,50,2,20,11,3643,Nutricion y dietetica,8,17,1
4,Thursday,T099,24,Sala De Sistemas 2,3,1,Sede Principe,1107,Desarrollo de Aplicaciones para Dispositivos Móviles,7,750026C,18:20:00,21:20:00,51,3,29,8,2724,Tecnología en Desarrollo de Software,8,31,7
4,Thursday,T174,20,salon 13,3,1,Sede Principe,1045,TALLER CONSTRUCCIÓN DE INFRAESTRUCTURA URBANA II,6,502036C,14:00:00,18:00:00,50,4,5,4,3554,Construccion,7,29,5
5,Friday,T102,15,Sala de Sistemas 4,3,1,Sede Principe,882,Desarrollo de software I,5,750009C,13:00:00,16:00:00,51,3,2,1,3743,Ingeniería de Sistemas,5,36,4
6,Saturday,T030,14,salon 7,3,1,Sede Principe,732,Legislación comercial II,3,801074C,18:20:00,21:20:00,50,3,26,6,3841,Contaduría Publica,6,47,7
4,Thursday,T164,1,Salon 1,2,1,Sede Villa Campestre,1054,FISIOPATOLOGÍA HUMANA,4,605022C,14:00:00,17:00:00,50,3,20,11,3643,Nutricion y dietetica,7,29,5
4,Thursday,T027,5,Salon 5,2,1,Sede Villa Campestre,84,Taller de Escritura e Investigación,3,202009M,09:00:00,12:00:00,50,3,2,1,3743,Ingeniería de Sistemas,3,27,3
1,Monday,T033,1,Salon 1,2,1,Sede Villa Campestre,709,Mercadeo,4,801111C,14:00:00,17:00:00,50,3,19,2,3845,Administracion de empresas,6,5,5
5,Friday,T010,17,salon 10,3,1,Sede Principe,992,HABILIDADES PARA LA VIDA: DESCUB. EL SER,2,603032C,09:00:00,12:00:00,50,3,19,2,3845,Administracion de empresas,8,35,3
4,Thursday,T061,12,salon 5,3,1,Sede Principe,654,Talleres y laboratatorios de Ingeniería de Alimentos VII,9,745057M ,07:00:00,13:00:00,50,6,16,3,3753,Ingeniería de Alimentos,6,25,1
1,Monday,T033,12,salon 5,3,1,Sede Principe,197,Sociología de la Organizaciones,4,801190M,18:20:00,21:20:00,50,3,1,2,3845,Administracion de empresas,3,7,7
6,Saturday,T080,29,Planta de Alimentos,1,1,Sede Victoria,480,Tecnología de Leches y Productos Lácteos,5,745119M,10:00:00,13:00:00,50,3,17,10,2712,Tecnología en Alimentos,3,42,2
5,Friday,T061,18,salon 11,3,1,Sede Principe,1024,DISEÑO DE EXPERIMENTOS,7,761007C,10:00:00,13:00:00,50,3,7,3,3753,Ingeniería de Alimentos,6,34,2
4,Thursday,T058,4,Salon 4,2,1,Sede Villa Campestre,250,Individuo Y Familia I,3,207011M,08:00:00,12:00:00,51,4,6,5,3249,Trabajo social,7,25,1
2,Tuesday,T080,1,Salon 1,2,1,Sede Villa Campestre,296,Mecánica de Fluidos,6,780066M ,07:00:00,10:00:00,50,3,16,3,3753,Ingeniería de Alimentos,3,9,1
5,Friday,T006,24,Sala De Sistemas 2,3,1,Sede Principe,127,Computación Gráfica,7,750006M,15:00:00,18:00:00,50,3,3,1,3743,Ingeniería de Sistemas,5,38,6
2,Tuesday,T070,9,salon 2,3,1,Sede Principe,960,Lectura Crítica,5,204024C,14:00:00,17:00:00,50,3,5,4,3554,Construccion,10,13,5
5,Friday,T001,23,Sala De Sistemas 1	,3,1,Sede Principe,541,Bases de datos,4,750006C,14:00:00,18:00:00,50,4,2,1,3743,Ingeniería de Sistemas,4,37,5
6,Saturday,T019,12,salon 5,3,1,Sede Principe,301,Métodos Numéricos,9,750017M,07:00:00,10:00:00,50,3,16,3,3753,Ingeniería de Alimentos,3,41,1
3,Wednesday,T002,23,Sala De Sistemas 1	,3,1,Sede Principe,1062,Ciberseguridad,7,750024C,07:00:00,10:00:00,51,3,2,1,3743,Ingeniería de Sistemas,9,17,1
5,Friday,T011,11,salon 4,3,1,Sede Principe,182,Fundamentos de Economía y Comercio ,1,801002C,10:00:00,13:00:00,51,3,19,2,3845,Administracion de empresas,7,34,2
2,Tuesday,T033,17,salon 10,3,1,Sede Principe,425,Sistemas de Producción,5,801063M,10:00:00,13:00:00,50,3,28,6,3841,Contaduría Publica,3,10,2
5,Friday,T064,10,Sala de Sistemas 3,3,1,Sede Principe,998,Investigación de Mercados,5,801115C,18:20:00,21:20:00,50,3,23,2,3845,Administracion de empresas,6,39,7
4,Thursday,T169,1,Salon 1,2,1,Sede Villa Campestre,728,Proceso administrativo,3,801043C,18:20:00,21:20:00,50,3,26,6,3841,Contaduría Publica,8,31,7
3,Wednesday,T165,10,Sala de Sistemas 3,3,1,Sede Principe,966,COMPRENSIÓN Y PRODUCCIÓN DE TEXTOS ACADÉMICOS GENERALES,2,204133C,15:00:00,18:00:00,55,3,18,6,3841,Contaduría Publica,8,22,6
3,Wednesday,T041,16,salon 9,3,1,Sede Principe,78,Herramientas para hablar en público,2,405126M,15:00:00,18:00:00,51,3,2,1,3743,Ingeniería de Sistemas,5,22,6
4,Thursday,T070,5,Salon 5,2,1,Sede Villa Campestre,960,Lectura Crítica,5,204024C,14:00:00,17:00:00,51,3,5,4,3554,Construccion,6,29,5
2,Tuesday,T054,13,salon 6,3,1,Sede Principe,701,Diseño Organizacional ,2,801079C,07:00:00,10:00:00,50,3,19,2,3845,Administracion de empresas,10,9,1
5,Friday,T100,23,Sala De Sistemas 1	,3,1,Sede Principe,554,Fundamentos de redes,4,750010C,10:00:00,13:00:00,50,3,14,8,2724,Tecnología en Desarrollo de Software,6,34,2
3,Wednesday,T099,18,salon 11,3,1,Sede Principe,882,Desarrollo de software I,5,750009C,07:00:00,10:00:00,51,3,2,1,3743,Ingeniería de Sistemas,6,17,1
1,Monday,T108,14,salon 7,3,1,Sede Principe,1031,Inglés con fines generales y académicos I,3,204025C,18:20:00,22:20:00,51,4,30,12,2725,Tecnologia en Electronica Industrial,8,8,8
2,Tuesday,T201,4,Salon 4,2,1,Sede Villa Campestre,437,Revisoría Fiscal,10,802096M,18:20:00,21:20:00,50,3,4,6,3841,Contaduría Publica,9,15,7
2,Tuesday,T196,24,Sala De Sistemas 2,3,1,Sede Principe,1138,INTRODUCCIÓN A LA GESTIÓN DE PROYECTOS DE SOFTWARE,8,750031C,07:00:00,10:00:00,52,3,2,1,3743,Ingeniería de Sistemas,8,9,1
6,Saturday,T126,20,salon 13,3,1,Sede Principe,534,Estructuras II,3,502019C,10:00:00,13:00:00,50,3,5,4,3554,Construccion,4,42,2
1,Monday,T121,12,salon 5,3,1,Sede Principe,525,Inglés con fines generales y académicos I,1,204025C,14:00:00,18:00:00,51,4,5,4,3554,Construccion,6,5,5
3,Wednesday,T058,4,Salon 4,2,1,Sede Villa Campestre,497,Historia del Trabajo Social,2,207007M,07:00:00,10:00:00,51,3,6,5,3249,Trabajo social,4,17,1
6,Saturday,T009,25,Coliseo,2,1,Sede Villa Campestre,63,DEPORTE Y SALUD,1,404002C,07:00:00,10:00:00,50,3,2,1,3743,Ingeniería de Sistemas,5,41,1
4,Thursday,T133,7,Sala De Sistemas 1,2,1,Sede Villa Campestre,529,Taller de Representacion III,3,501009C,07:00:00,13:00:00,51,6,5,4,3554,Construccion,6,25,1
2,Tuesday,T066,2,Salon 2,2,1,Sede Villa Campestre,976,"Humanismo, pensamiento administrativo y organizaciones",5,801126C,18:20:00,21:20:00,50,3,26,6,3841,Contaduría Publica,10,15,7
2,Tuesday,T144,26,Laboratorio de Alimentos,2,1,Sede Villa Campestre,1023,TALLER DE INGENIERÍA DE ALIMENTOS VI,7,745025C,10:00:00,13:00:00,51,3,7,3,3753,Ingeniería de Alimentos,10,10,2
5,Friday,T069,21,salon 14,3,1,Sede Principe,512,Estadística Social II,6,207087M,14:00:00,17:00:00,50,3,6,5,3249,Trabajo social,6,36,4
2,Tuesday,T105,18,salon 11,3,1,Sede Principe,72,Cálculo Monovariable,2,111021C,14:00:00,17:00:00,51,3,2,1,3743,Ingeniería de Sistemas,7,13,5
5,Friday,T197,2,Salon 2,2,1,Sede Villa Campestre,1085,Control de gestión y gobierno corporativo,7,802057C,10:00:00,13:00:00,50,3,18,6,3841,Contaduría Publica,7,34,2
5,Friday,T081,2,Salon 2,2,1,Sede Villa Campestre,532,Equipos y Medios Auxiliares ,1,502008C,07:00:00,10:00:00,50,3,5,4,3554,Construccion,8,33,1
2,Tuesday,T007,10,Sala de Sistemas 3,3,1,Sede Principe,128,Simulación Computacional,7,750098M,07:00:00,10:00:00,50,3,3,1,3743,Ingeniería de Sistemas,4,9,1
5,Friday,T097,14,salon 7,3,1,Sede Principe,382,Cálculo ,1,801003C,14:00:00,17:00:00,51,3,18,6,3841,Contaduría Publica,3,37,5
5,Friday,T182,8,salon 1,3,1,Sede Principe,1116,TALLER DE APRECIACIÓN DEL TEATRO,2,504037C,14:00:00,17:00:00,51,3,6,5,3249,Trabajo social,8,37,5
2,Tuesday,T043,16,salon 9,3,1,Sede Principe,438,Evaluación Financiera de Proyectos,10,802010M,18:20:00,21:20:00,51,3,4,6,3841,Contaduría Publica,7,15,7
3,Wednesday,T068,2,Salon 2,2,1,Sede Villa Campestre,1184,INTRODUCCIÓN A LA AGROINDUSTRIA,1,106046C,14:00:00,18:00:00,50,4,33,13,3150,Agroindustria,8,21,5
4,Thursday,T098,8,salon 1,3,1,Sede Principe,946,"Seminario en Constitución, Legislación y Ética de la profesión",6,730026C,07:00:00,10:00:00,50,3,14,8,2724,Tecnología en Desarrollo de Software,6,25,1
4,Thursday,T098,21,salon 14,3,1,Sede Principe,945,"Seminario en Constitución, Legislación y Ética de la profesión",6,730026C,18:20:00,21:20:00,53,3,29,8,2724,Tecnología en Desarrollo de Software,7,31,7
4,Thursday,T041,13,salon 6,3,1,Sede Principe,848,Herramientas para hablar en público,3,405126M,14:00:00,17:00:00,50,3,6,5,3249,Trabajo social,5,29,5
4,Thursday,T152,15,Sala de Sistemas 4,3,1,Sede Principe,555,Ingeniería económica,4,760016C,07:00:00,10:00:00,50,3,14,8,2724,Tecnología en Desarrollo de Software,8,25,1
3,Wednesday,T169,6,Salon 6,2,1,Sede Villa Campestre,702,Pensamiento Clásico de la Administración y las Organizaciones ,2,801082C,10:00:00,13:00:00,50,3,19,2,3845,Administracion de empresas,8,18,2
5,Friday,T041,19,salon 12,3,1,Sede Principe,522,Estrategias para el aprendizaje autónomo,1,417016C,15:00:00,18:00:00,50,3,20,11,3643,Nutricion y dietetica,8,38,6
1,Monday,T192,2,Salon 2,2,1,Sede Villa Campestre,1042,TALLER DE INSTALACIONES HIDROSANITARIAS,6,502037C,14:00:00,18:00:00,51,4,5,4,3554,Construccion,7,5,5
2,Tuesday,T108,8,salon 1,3,1,Sede Principe,557,Inglés con Fines Generales y Académicos IV,4,204028C,13:00:00,17:00:00,50,4,2,1,3743,Ingeniería de Sistemas,4,12,4
3,Wednesday,T036,8,salon 1,3,1,Sede Principe,857,Introducción a las Tecnologías,1,701005C,18:20:00,20:20:00,51,2,30,12,2725,Tecnologia en Electronica Industrial,9,23,7
1,Monday,T229,17,salon 10,3,1,Sede Principe,248,Antropología Social Y Cultural,3,207031M,14:00:00,17:00:00,50,3,6,5,3249,Trabajo social,9,5,5
3,Wednesday,T102,24,Sala De Sistemas 2,3,1,Sede Principe,948,Desarrollo de Software III,6,750027C,15:00:00,18:00:00,52,3,14,8,2724,Tecnología en Desarrollo de Software,10,22,6
3,Wednesday,T029,12,salon 5,3,1,Sede Principe,1135,IMPACTOS AMBIENTALES,8,730078C,10:00:00,13:00:00,50,3,2,1,3743,Ingeniería de Sistemas,8,18,2
5,Friday,T043,6,Salon 6,2,1,Sede Villa Campestre,699,Macroeconomía y Coyuntura ,2,801069C,07:00:00,10:00:00,50,3,19,2,3845,Administracion de empresas,4,33,1
4,Thursday,T106,13,salon 6,3,1,Sede Principe,1112,ELECTROMAGNETISMO APLICADO,4,710020C,18:20:00,22:20:00,50,4,30,12,2725,Tecnologia en Electronica Industrial,8,32,8
5,Friday,T036,8,salon 1,3,1,Sede Principe,955,"Robots, Historia  y  Ficción",2,710061C,18:20:00,21:20:00,50,3,30,12,2725,Tecnologia en Electronica Industrial,6,39,7
3,Wednesday,T001,7,Sala De Sistemas 1,2,1,Sede Villa Campestre,466,Bases de datos,3,750006C,07:00:00,11:00:00,50,4,14,8,2724,Tecnología en Desarrollo de Software,3,17,1
4,Thursday,T003,12,salon 5,3,1,Sede Principe,76,Matemáticas Discretas I,2,750004C,14:00:00,18:00:00,51,4,2,1,3743,Ingeniería de Sistemas,5,29,5
1,Monday,T111,8,salon 1,3,1,Sede Principe,750,Hacienda pública,4,802022C,15:00:00,18:00:00,50,3,18,6,3841,Contaduría Publica,10,6,6
6,Saturday,T115,4,Salon 4,2,1,Sede Villa Campestre,275,Derecho De Familia,8, 207099M,07:00:00,10:00:00,50,3,6,5,3249,Trabajo social,3,41,1
3,Wednesday,T010,14,salon 7,3,1,Sede Principe,751,"Género, Pluralidad y Diversidad",4,207001C,14:00:00,17:00:00,50,3,18,6,3841,Contaduría Publica,4,21,5
1,Monday,T087,24,Sala De Sistemas 2,3,1,Sede Principe,465,Sistemas operativos,3,750001C,10:00:00,13:00:00,51,3,14,8,2724,Tecnología en Desarrollo de Software,3,2,2
5,Friday,T009,25,Coliseo,2,1,Sede Villa Campestre,1030,DEPORTE FORMATIVO,1,404032C,07:00:00,09:00:00,51,2,6,5,3249,Trabajo social,9,33,1
4,Thursday,T019,21,salon 14,3,1,Sede Principe,629,Probabilidad y Estadistica,5,761001C,16:00:00,18:00:00,53,2,7,3,3753,Ingeniería de Alimentos,10,30,6
5,Friday,T027,3,Salon 3,2,1,Sede Villa Campestre,84,Taller de Escritura e Investigación,3,202009M,07:00:00,10:00:00,50,3,2,1,3743,Ingeniería de Sistemas,4,33,1
1,Monday,T232,6,Salon 6,2,1,Sede Villa Campestre,1178,Gestión del Cambio Organizacional,8,801132C,07:00:00,10:00:00,50,3,19,2,3845,Administracion de empresas,10,1,1
1,Monday,T017,27,Laboratorio de Electronica,2,1,Sede Villa Campestre,875,Experimentación Física I,6,106070M,14:00:00,17:00:00,50,3,3,1,3743,Ingeniería de Sistemas,5,4,4
4,Thursday,T083,18,salon 11,3,1,Sede Principe,321,Taller Construcción de edificaciones  I,2,502013C,07:00:00,11:00:00,50,4,5,4,3554,Construccion,3,25,1
4,Thursday,T026,24,Sala De Sistemas 2,3,1,Sede Principe,707,Estadística II para las Ciencias de la Administración,4,801104C,18:20:00,21:20:00,50,3,19,2,3845,Administracion de empresas,9,31,7
1,Monday,T108,12,salon 5,3,1,Sede Principe,1031,Inglés con fines generales y académicos I,3,204025C,18:20:00,22:20:00,51,4,30,12,2725,Tecnologia en Electronica Industrial,10,8,8
3,Wednesday,T074,16,salon 9,3,1,Sede Principe,218,Gerencia de Ventas,7,801073M,09:00:00,12:00:00,50,3,25,2,3845,Administracion de empresas,3,19,3
2,Tuesday,T106,16,salon 9,3,1,Sede Principe,601,Instrumentación Electrónica básica,7,710190M,18:20:00,22:20:00,50,4,13,9,2710,Tecnología en Electronica,6,16,8
5,Friday,T047,19,salon 12,3,1,Sede Principe,705,Inglés con fines generales y académicos II,4,204026C,07:00:00,11:00:00,54,4,19,2,3845,Administracion de empresas,4,33,1
3,Wednesday,T002,17,salon 10,3,1,Sede Principe,69,Introducción a la Ingeniería,1,701003C,10:00:00,12:00:00,50,2,2,1,3743,Ingeniería de Sistemas,6,18,2
3,Wednesday,T183,18,salon 11,3,1,Sede Principe,743,Legislación Comercial I,2,801073C,15:00:00,18:00:00,50,3,18,6,3841,Contaduría Publica,6,20,4
1,Monday,T241,24,Sala De Sistemas 2,3,1,Sede Principe,1261,Calidad de productos de software,5,750029C,18:20:00,21:20:00,50,3,29,8,2724,Tecnología en Desarrollo de Software,10,7,7
4,Thursday,T069,11,salon 4,3,1,Sede Principe,254,Estadística Social I,5, 207082M,07:00:00,10:00:00,50,3,6,5,3249,Trabajo social,3,25,1
1,Monday,T200,14,salon 7,3,1,Sede Principe,437,Revisoría Fiscal,10,802096M,18:20:00,21:20:00,51,3,4,6,3841,Contaduría Publica,7,7,7
3,Wednesday,T043,14,salon 7,3,1,Sede Principe,1183,Finanzas Internacionales y de Nuevos negocios,8,802079C,07:00:00,10:00:00,50,3,19,2,3845,Administracion de empresas,8,17,1
3,Wednesday,T042,26,Laboratorio de Alimentos,2,1,Sede Villa Campestre,600,Controladores Programables,7,710119M,18:20:00,22:20:00,50,4,13,9,2710,Tecnología en Electronica,4,24,8
5,Friday,T100,23,Sala De Sistemas 1	,3,1,Sede Principe,124,Fundamentos de Redes,6,750096M,10:00:00,13:00:00,50,3,3,1,3743,Ingeniería de Sistemas,5,34,2
4,Thursday,T186,25,Coliseo,2,1,Sede Villa Campestre,967,DEPORTE Y SALUD,1,404002C,18:20:00,21:20:00,50,3,30,12,2725,Tecnologia en Electronica Industrial,8,31,7
3,Wednesday,T026,19,salon 12,3,1,Sede Principe,707,Estadística II para las Ciencias de la Administración,4,801104C,07:00:00,10:00:00,50,3,19,2,3845,Administracion de empresas,4,17,1
3,Wednesday,T149,12,salon 5,3,1,Sede Principe,975,"Fundamentos de control, auditoría y aseguramiento",5,802032C,18:20:00,21:20:00,50,3,26,6,3841,Contaduría Publica,6,24,8
2,Tuesday,T084,2,Salon 2,2,1,Sede Villa Campestre,1179,Gestión de Proyectos,8,801183C,10:00:00,13:00:00,50,3,19,2,3845,Administracion de empresas,10,10,2
4,Thursday,T015,1,Salon 1,2,1,Sede Villa Campestre,1084,"Impuestos de IVA y consumo, y Mecanismo de retención en la fuente",7,802062C,15:00:00,18:00:00,50,3,18,6,3841,Contaduría Publica,9,30,6
5,Friday,T148,12,salon 5,3,1,Sede Principe,137,Evaluación y Administración de Proyectos,8,760105M,07:00:00,10:00:00,50,3,3,1,3743,Ingeniería de Sistemas,7,33,1
3,Wednesday,T048,7,Sala De Sistemas 1,2,1,Sede Villa Campestre,845,Bases de Datos ,4,750006C,18:20:00,22:20:00,52,4,29,8,2724,Tecnología en Desarrollo de Software,5,24,8
1,Monday,T087,10,Sala de Sistemas 3,3,1,Sede Principe,1192,Sistemas Automáticos de Control,5,710036C,18:20:00,22:20:00,50,4,30,12,2725,Tecnologia en Electronica Industrial,9,8,8
4,Thursday,T004,15,Sala de Sistemas 4,3,1,Sede Principe,129,Introducción a la Inteligencia Artificial,7,750033M,10:00:00,14:00:00,50,4,3,1,3743,Ingeniería de Sistemas,4,26,2
2,Tuesday,T034,18,salon 11,3,1,Sede Principe,2,Matemáticas Básicas,1,111023C,10:00:00,13:00:00,52,3,2,1,3743,Ingeniería de Sistemas,9,10,2
1,Monday,T052,13,salon 6,3,1,Sede Principe,312,Metodología de la Investigación,8,745066M ,15:00:00,17:00:00,50,2,16,3,3753,Ingeniería de Alimentos,5,6,6
1,Monday,T017,12,salon 5,3,1,Sede Principe,483,Fisica + Laboratorio,3,106012C,07:00:00,10:00:00,53,3,2,1,3743,Ingeniería de Sistemas,7,1,1
5,Friday,T158,11,salon 4,3,1,Sede Principe,957,Ciberseguridad,5,750024C,18:20:00,21:20:00,50,3,29,8,2724,Tecnología en Desarrollo de Software,8,39,7
1,Monday,T232,19,salon 12,3,1,Sede Principe,1250,ELECTIVA PROFESIONAL: GESTIÓN DE LA CULTURA Y EL CLIMA ORGANIZACIONAL,10,801181C,18:20:00,21:20:00,50,3,1,2,3845,Administracion de empresas,9,7,7
1,Monday,T078,3,Salon 3,2,1,Sede Villa Campestre,694,Administración para el Cambio,9,801184M,18:20:00,21:20:00,50,3,1,2,3845,Administracion de empresas,4,7,7
3,Wednesday,T006,11,salon 4,3,1,Sede Principe,138,Complejidad y Optimización,9,750090M,07:00:00,09:00:00,50,2,3,1,3743,Ingeniería de Sistemas,5,17,1
5,Friday,T062,5,Salon 5,2,1,Sede Villa Campestre,1178,Gestión del Cambio Organizacional,8,801132C,07:00:00,10:00:00,50,3,19,2,3845,Administracion de empresas,8,33,1
2,Tuesday,T005,23,Sala De Sistemas 1	,3,1,Sede Principe,453,Fundamentos de Análisis y Diseño de Algoritmos,5,750094M,07:00:00,11:00:00,50,4,21,8,2724,Tecnología en Desarrollo de Software,3,9,1
3,Wednesday,T034,7,Sala De Sistemas 1,2,1,Sede Villa Campestre,1001,SISTEMAS DE INFORMACIÓN GERENCIAL,6,801026C,10:00:00,13:00:00,50,3,19,2,3845,Administracion de empresas,8,18,2
5,Friday,T018,1,Salon 1,2,1,Sede Villa Campestre,249,Psicología Social,3,207050M,10:00:00,13:00:00,50,3,6,5,3249,Trabajo social,7,34,2
5,Friday,T179,23,Sala De Sistemas 1	,3,1,Sede Principe,66,Taller de Ingeniería I,1,701002C,15:00:00,18:00:00,51,3,2,1,3743,Ingeniería de Sistemas,8,38,6
1,Monday,T101,15,Sala de Sistemas 4,3,1,Sede Principe,428,Control y auditoría,8,802093M,18:20:00,21:20:00,51,3,4,6,3841,Contaduría Publica,5,7,7
5,Friday,T111,19,salon 12,3,1,Sede Principe,750,Hacienda pública,4,802022C,07:00:00,10:00:00,50,3,18,6,3841,Contaduría Publica,8,33,1
2,Tuesday,T120,26,Laboratorio de Alimentos,2,1,Sede Villa Campestre,306,Procesos de Fermentación de Alimentos,8,745062M,14:00:00,17:00:00,51,3,16,3,3753,Ingeniería de Alimentos,5,13,5
4,Thursday,T032,7,Sala De Sistemas 1,2,1,Sede Villa Campestre,716,Taller Habilidades y herramientas informáticas para la gestión (Científico tecnológico) - grupo dividido ,1,801044C,18:20:00,21:20:00,51,3,23,2,3845,Administracion de empresas,6,31,7
3,Wednesday,T038,13,salon 6,3,1,Sede Principe,823,"ELECTIVA Profundizacion I: Consultoria, Asesoria y Mentoria Empresarial",8,801253M,18:20:00,21:20:00,50,3,1,2,3845,Administracion de empresas,7,23,7
2,Tuesday,T016,11,salon 4,3,1,Sede Principe,940,Inglés con fines generales y académicos II,4,204026C,13:00:00,17:00:00,53,4,14,8,2724,Tecnología en Desarrollo de Software,6,12,4
1,Monday,T075,8,salon 1,3,1,Sede Principe,531,Introducción a la  Tecnología,1,502002C,14:00:00,17:00:00,50,3,5,4,3554,Construccion,9,5,5
4,Thursday,T102,23,Sala De Sistemas 1	,3,1,Sede Principe,385,Taller de habilidades informáticas para la gestión (Científico tecnológico),1,801044C,18:20:00,21:20:00,51,3,18,6,3841,Contaduría Publica,4,31,7
4,Thursday,T133,1,Salon 1,2,1,Sede Villa Campestre,861,Taller de Representación IV - Gestión multimodal del dibujo ,4,501013C,07:00:00,13:00:00,51,6,5,4,3554,Construccion,9,25,1
2,Tuesday,T086,17,salon 10,3,1,Sede Principe,758,Control de gestión,8,802046M,11:00:00,14:00:00,50,3,28,6,3841,Contaduría Publica,4,10,2
3,Wednesday,T169,4,Salon 4,2,1,Sede Villa Campestre,807,Responsabilidad Social Empresarial y Sostenibilidad,5,801116C,10:00:00,13:00:00,50,3,19,2,3845,Administracion de empresas,7,18,2
1,Monday,T185,16,salon 9,3,1,Sede Principe,794,Matemáticas Básicas,1,111023C,20:20:00,22:20:00,50,2,29,8,2724,Tecnología en Desarrollo de Software,10,8,8
5,Friday,T019,21,salon 14,3,1,Sede Principe,712,Cálculo ,1,801003C,18:20:00,21:20:00,51,3,23,2,3845,Administracion de empresas,8,39,7
3,Wednesday,T002,23,Sala De Sistemas 1	,3,1,Sede Principe,1015,Ciberseguridad,10,750129M,07:00:00,10:00:00,50,3,3,1,3743,Ingeniería de Sistemas,8,17,1
2,Tuesday,T086,1,Salon 1,2,1,Sede Villa Campestre,710,Costos y Presupuestos Gerenciales,4,802028C,10:00:00,13:00:00,50,3,19,2,3845,Administracion de empresas,10,10,2
5,Friday,T144,22,salon 15,3,1,Sede Principe,1069,Seminario de Trabajo de Grado,8,745035C,14:00:00,17:00:00,50,3,7,3,3753,Ingeniería de Alimentos,7,37,5
1,Monday,T057,16,salon 9,3,1,Sede Principe,795,Inserción a la Vida Universitaria,1,701001C,18:20:00,20:20:00,50,2,29,8,2724,Tecnología en Desarrollo de Software,10,7,7
4,Thursday,T031,3,Salon 3,2,1,Sede Villa Campestre,500,Metodologia de Trabajo con Grupo I,4,207013M,14:00:00,18:00:00,50,4,6,5,3249,Trabajo social,10,29,5
6,Saturday,T165,13,salon 6,3,1,Sede Principe,925,COMPRENSIÓN Y PRODUCCIÓN DE TEXTOS ACADÉMICOS GENERALES,2,204133C,15:00:00,18:00:00,52,3,26,6,3841,Contaduría Publica,7,46,6
2,Tuesday,T091,2,Salon 2,2,1,Sede Villa Campestre,1205,FÍSICA FUNDAMENTAL I,2,106001C,14:00:00,18:00:00,50,4,33,13,3150,Agroindustria,9,13,5
2,Tuesday,T002,24,Sala De Sistemas 2,3,1,Sede Principe,141,Ciberseguridad,10,750024C,07:00:00,10:00:00,50,3,3,1,3743,Ingeniería de Sistemas,3,9,1
1,Monday,T175,4,Salon 4,2,1,Sede Villa Campestre,738,HABILIDADES PARA LA VIDA: DESCUB. EL SER,1,603032C,18:20:00,21:20:00,51,3,26,6,3841,Contaduría Publica,6,7,7
3,Wednesday,T192,7,Sala De Sistemas 1,2,1,Sede Villa Campestre,321,Taller Construcción de edificaciones  I,2,502013C,07:00:00,11:00:00,51,4,5,4,3554,Construccion,7,17,1
5,Friday,T113,8,salon 1,3,1,Sede Principe,536,Álgebra lineal y ecuaciones diferenciales.,3,502022C,08:00:00,11:00:00,50,3,5,4,3554,Construccion,6,33,1
2,Tuesday,T017,27,Laboratorio de Electronica,2,1,Sede Villa Campestre,483,Fisica + Laboratorio,3,106012C,07:00:00,09:00:00,53,2,2,1,3743,Ingeniería de Sistemas,8,9,1
4,Thursday,T036,14,salon 7,3,1,Sede Principe,1035,SISTEMAS DIGITALES,3,710005C,18:20:00,21:20:00,50,3,30,12,2725,Tecnologia en Electronica Industrial,8,31,7
6,Saturday,T034,7,Sala De Sistemas 1,2,1,Sede Villa Campestre,859,Fundamentos de Programación ,1,750011C,14:00:00,17:00:00,50,3,30,12,2725,Tecnologia en Electronica Industrial,6,45,5
3,Wednesday,T027,1,Salon 1,2,1,Sede Villa Campestre,192,Organización y Sociedad,3,801092C,14:00:00,17:00:00,50,3,19,2,3845,Administracion de empresas,7,21,5
5,Friday,T168,12,salon 5,3,1,Sede Principe,1101,Seguridad Social,8,207068M,10:00:00,13:00:00,50,3,6,5,3249,Trabajo social,10,34,2
2,Tuesday,T064,19,salon 12,3,1,Sede Principe,207,Creatividad e Innovación Empresarial,5,801130M,14:00:00,17:00:00,50,3,25,2,3845,Administracion de empresas,3,13,5
5,Friday,T148,17,salon 10,3,1,Sede Principe,137,Evaluación y Administración de Proyectos,8,760105M,07:00:00,10:00:00,50,3,3,1,3743,Ingeniería de Sistemas,5,33,1
1,Monday,T158,6,Salon 6,2,1,Sede Villa Campestre,882,Desarrollo de software I,5,750009C,14:00:00,17:00:00,50,3,2,1,3743,Ingeniería de Sistemas,9,5,5
2,Tuesday,T218,18,salon 11,3,1,Sede Principe,694,Administración para el Cambio,9,801184M,18:20:00,21:20:00,50,3,1,2,3845,Administracion de empresas,8,15,7
1,Monday,T025,12,salon 5,3,1,Sede Principe,615,Matemáticas Básicas,1,111023C,15:00:00,18:00:00,53,3,7,3,3753,Ingeniería de Alimentos,9,6,6
5,Friday,T093,2,Salon 2,2,1,Sede Villa Campestre,762,Electiva Profesional II: Legislación y Contabilidad del Sector economía Solidario,6,802110M,14:00:00,17:00:00,50,3,28,6,3841,Contaduría Publica,4,37,5
2,Tuesday,T016,19,salon 12,3,1,Sede Principe,551,Inglés con fines generales y académicos I,3,204025C,18:20:00,22:20:00,53,4,29,8,2724,Tecnología en Desarrollo de Software,6,15,7
4,Thursday,T005,12,salon 5,3,1,Sede Principe,1009,ANÁLISIS Y DISEÑO DE ALGORITMOS II,6,750020C,10:00:00,13:00:00,50,3,2,1,3743,Ingeniería de Sistemas,8,26,2
2,Tuesday,T070,19,salon 12,3,1,Sede Principe,1201,"ESCRITURA, EXPRESIÓN Y COMUNICACIÓN",8,506026C,14:00:00,18:00:00,50,4,5,4,3554,Construccion,9,13,5
4,Thursday,T004,10,Sala de Sistemas 3,3,1,Sede Principe,80,Fundamentos de Programación Orientada a Eventos ,3,750014C,10:00:00,13:00:00,50,3,2,1,3743,Ingeniería de Sistemas,6,26,2
4,Thursday,T054,11,salon 4,3,1,Sede Principe,1097,Negociación y Toma de Decisiones,7,801162C,07:00:00,10:00:00,50,3,19,2,3845,Administracion de empresas,7,25,1
4,Thursday,T006,10,Sala de Sistemas 3,3,1,Sede Principe,952,Taller Tecnológico I,2,701006C,18:20:00,21:20:00,50,3,30,12,2725,Tecnologia en Electronica Industrial,7,31,7
5,Friday,T007,18,salon 11,3,1,Sede Principe,792,Matemáticas Discretas II,3,750005C,18:20:00,22:20:00,50,4,29,8,2724,Tecnología en Desarrollo de Software,8,40,8
3,Wednesday,T012,5,Salon 5,2,1,Sede Villa Campestre,203,Estrategia y Planeación,5,801173M,09:00:00,12:00:00,50,3,25,2,3845,Administracion de empresas,3,19,3
5,Friday,T047,15,Sala de Sistemas 4,3,1,Sede Principe,808,Inglés con fines generales y académicos III,5,204027C,07:00:00,11:00:00,54,4,19,2,3845,Administracion de empresas,5,33,1
5,Friday,T019,17,salon 10,3,1,Sede Principe,629,Probabilidad y Estadistica,5,761001C,16:00:00,18:00:00,54,2,7,3,3753,Ingeniería de Alimentos,10,38,6
6,Saturday,T130,16,salon 9,3,1,Sede Principe,696,Toma de Decisiones y Negociación,9,801218M,18:20:00,21:20:00,50,3,1,2,3845,Administracion de empresas,4,47,7
6,Saturday,T051,16,salon 9,3,1,Sede Principe,723,Organización y Sociedad,3,801092C,17:00:00,20:00:00,50,3,23,2,3845,Administracion de empresas,10,66,11
2,Tuesday,T151,4,Salon 4,2,1,Sede Villa Campestre,873,Bioestadística descriptiva y analítica,2,607006C,08:00:00,10:00:00,50,2,20,11,3643,Nutricion y dietetica,9,9,1
5,Friday,T024,18,salon 11,3,1,Sede Principe,396,Casos Contables Especiales II,5,802086M,15:00:00,18:00:00,50,3,28,6,3841,Contaduría Publica,3,38,6
3,Wednesday,T002,23,Sala De Sistemas 1	,3,1,Sede Principe,1015,Ciberseguridad,10,750129M,07:00:00,10:00:00,50,3,3,1,3743,Ingeniería de Sistemas,7,17,1
3,Wednesday,T003,16,salon 9,3,1,Sede Principe,801,Matematicas Discretas I ,2,750004C,14:00:00,18:00:00,50,4,14,8,2724,Tecnología en Desarrollo de Software,8,21,5
3,Wednesday,T102,10,Sala de Sistemas 3,3,1,Sede Principe,472,Desarrollo de Software I,4,750091M,18:20:00,21:20:00,51,3,21,8,2724,Tecnología en Desarrollo de Software,3,23,7
4,Thursday,T008,1,Salon 1,2,1,Sede Villa Campestre,134,Seminario de Proyecto de Grado,8,750097M,09:00:00,10:00:00,51,1,3,1,3743,Ingeniería de Sistemas,7,25,1
6,Saturday,T019,15,Sala de Sistemas 4,3,1,Sede Principe,629,Probabilidad y Estadistica,5,761001C,14:00:00,17:00:00,54,3,7,3,3753,Ingeniería de Alimentos,8,45,5
5,Friday,T009,25,Coliseo,2,1,Sede Villa Campestre,290,DEPORTE Y SALUD,2,404002C,07:00:00,10:00:00,51,3,7,3,3753,Ingeniería de Alimentos,5,33,1
3,Wednesday,T043,11,salon 4,3,1,Sede Principe,1094,Inteligencia de negocios y analítica de datos para la gestión,7,801157C,07:00:00,10:00:00,50,3,19,2,3845,Administracion de empresas,9,17,1
6,Saturday,T051,16,salon 9,3,1,Sede Principe,900,Metodología de la investigación contable,9,802042M,09:00:00,12:00:00,50,3,28,6,3841,Contaduría Publica,5,43,3
3,Wednesday,T041,11,salon 4,3,1,Sede Principe,185,Ciencias humanas,2,801078C,18:20:00,21:20:00,50,3,23,2,3845,Administracion de empresas,5,23,7
1,Monday,T148,5,Salon 5,2,1,Sede Villa Campestre,1029,INNOVACIÓN Y EMPRENDIMIENTO EMPRESARIAL,6,750032C,07:00:00,10:00:00,50,3,14,8,2724,Tecnología en Desarrollo de Software,8,1,1
2,Tuesday,T041,18,salon 11,3,1,Sede Principe,1172,Electiva Componente Artistico Humanistico: Actuación ante cámaras,7,504038C,18:20:00,21:20:00,50,3,23,2,3845,Administracion de empresas,10,15,7
4,Thursday,T087,16,salon 9,3,1,Sede Principe,117,Arquitectura de Computadores II,5,710193M,07:00:00,10:00:00,50,3,3,1,3743,Ingeniería de Sistemas,3,25,1
5,Friday,T097,13,salon 6,3,1,Sede Principe,382,Cálculo ,1,801003C,14:00:00,17:00:00,51,3,18,6,3841,Contaduría Publica,5,37,5
1,Monday,T111,17,salon 10,3,1,Sede Principe,721,Economía de Empresa,3,801088C,18:20:00,21:20:00,51,3,23,2,3845,Administracion de empresas,4,7,7
1,Monday,T044,16,salon 9,3,1,Sede Principe,734,Legislación Laboral,3,801099C,18:20:00,21:20:00,50,3,26,6,3841,Contaduría Publica,8,7,7
5,Friday,T189,21,salon 14,3,1,Sede Principe,1051,MICROBIOLOGÍA NUTRICIONAL,4,614004C,08:00:00,12:00:00,50,4,20,11,3643,Nutricion y dietetica,9,33,1
5,Friday,T182,11,salon 4,3,1,Sede Principe,619,Electiva Complementaria II: Taller de Apreciación teatral ,3,504037C,10:00:00,13:00:00,50,3,7,3,3753,Ingeniería de Alimentos,8,34,2
3,Wednesday,T031,9,salon 2,3,1,Sede Principe,258,Metodología De Trabajo Con Grupos II,5, 207018M,07:00:00,11:00:00,50,4,6,5,3249,Trabajo social,3,17,1
1,Monday,T055,9,salon 2,3,1,Sede Principe,549,Organización y administración de empresas,6,801208M,10:00:00,13:00:00,50,3,21,8,2724,Tecnología en Desarrollo de Software,4,2,2
5,Friday,T109,2,Salon 2,2,1,Sede Villa Campestre,277,Salud Ocupacional,8,207067M,13:00:00,16:00:00,50,3,6,5,3249,Trabajo social,8,36,4
3,Wednesday,T120,26,Laboratorio de Alimentos,2,1,Sede Villa Campestre,624,Microbiología + Laboratorio,5,745011C,15:00:00,18:00:00,50,3,7,3,3753,Ingeniería de Alimentos,6,22,6
4,Thursday,T001,1,Salon 1,2,1,Sede Villa Campestre,883,Análilsis y Diseño de Algoritmos I,5,750008C,08:00:00,12:00:00,51,4,2,1,3743,Ingeniería de Sistemas,10,25,1
5,Friday,T018,6,Salon 6,2,1,Sede Villa Campestre,1057,Violencia familiar,9,207950,07:00:00,10:00:00,50,3,6,5,3249,Trabajo social,7,33,1
2,Tuesday,T131,17,salon 10,3,1,Sede Principe,616,QuÍmica general + Laboratorio,1,116017C,10:00:00,12:00:00,50,2,7,3,3753,Ingeniería de Alimentos,6,11,3
5,Friday,T064,10,Sala de Sistemas 3,3,1,Sede Principe,227,Investigación de Mercados,8,801052M,18:20:00,21:20:00,50,3,1,2,3845,Administracion de empresas,3,39,7
3,Wednesday,T003,14,salon 7,3,1,Sede Principe,81,Matemáticas Discretas II,3,750005C,08:00:00,12:00:00,50,4,2,1,3743,Ingeniería de Sistemas,7,17,1
3,Wednesday,T086,5,Salon 5,2,1,Sede Villa Campestre,391,Contabilidad de los recursos y obligaciones de largo plazo y patrimonio,3,802015C,10:00:00,13:00:00,50,3,18,6,3841,Contaduría Publica,7,18,2
6,Saturday,T239,12,salon 5,3,1,Sede Principe,236,Historia De Colombia Con Énfasis Social,1, 207103M,10:00:00,13:00:00,50,3,6,5,3249,Trabajo social,9,42,2
5,Friday,T078,21,salon 14,3,1,Sede Principe,216,Trabajo en Equipo,7,801181M,07:00:00,10:00:00,50,3,25,2,3845,Administracion de empresas,3,33,1
3,Wednesday,T091,6,Salon 6,2,1,Sede Villa Campestre,293,Fisica + Laboratorio,2,106012C,14:00:00,17:00:00,54,3,7,3,3753,Ingeniería de Alimentos,10,21,5
3,Wednesday,T181,24,Sala De Sistemas 2,3,1,Sede Principe,133,Aplicaciones en el Web y Redes Inalámbricas,8,750087M,10:00:00,13:00:00,50,3,3,1,3743,Ingeniería de Sistemas,7,19,3
6,Saturday,T130,17,salon 10,3,1,Sede Principe,226,Trabajo en Equipo,8,801181M,15:00:00,18:00:00,50,3,1,2,3845,Administracion de empresas,5,46,6
3,Wednesday,T005,12,salon 5,3,1,Sede Principe,108,Fundamentos de Lenguajes de Programación,4,750095M,07:00:00,11:00:00,50,4,3,1,3743,Ingeniería de Sistemas,3,17,1
4,Thursday,T005,14,salon 7,3,1,Sede Principe,878,Fundamentos de Interpretación y Compilación de LP,5,750017C,07:00:00,11:00:00,50,4,2,1,3743,Ingeniería de Sistemas,7,25,1
1,Monday,T121,21,salon 14,3,1,Sede Principe,526,Inglés con fines generales y académicos II,3,204026C,08:00:00,12:00:00,50,4,5,4,3554,Construccion,6,1,1
3,Wednesday,T120,26,Laboratorio de Alimentos,2,1,Sede Villa Campestre,609,Biologia + Laboratorio,1,102094C,08:00:00,12:00:00,51,4,7,3,3753,Ingeniería de Alimentos,6,17,1
3,Wednesday,T016,14,salon 7,3,1,Sede Principe,83,Inglés con fines generales y académicos III,3,204027C,10:00:00,12:00:00,53,2,2,1,3743,Ingeniería de Sistemas,6,18,2
3,Wednesday,T076,11,salon 4,3,1,Sede Principe,698,Álgebra lineal ,2,801017C,15:00:00,18:00:00,50,3,19,2,3845,Administracion de empresas,10,22,6
4,Thursday,T043,18,salon 11,3,1,Sede Principe,394,Macroeconomía y coyuntura,3,801069C,15:00:00,18:00:00,51,3,18,6,3841,Contaduría Publica,5,30,6
2,Tuesday,T016,11,salon 4,3,1,Sede Principe,838,Inglés con fines generales y académicos I,3,204025C,13:00:00,17:00:00,52,4,14,8,2724,Tecnología en Desarrollo de Software,5,12,4
5,Friday,T111,14,salon 7,3,1,Sede Principe,750,Hacienda pública,4,802022C,07:00:00,10:00:00,50,3,18,6,3841,Contaduría Publica,6,33,1
5,Friday,T168,19,salon 12,3,1,Sede Principe,1056,Seguridad Social,9,207068M,10:00:00,13:00:00,50,3,6,5,3249,Trabajo social,7,34,2
2,Tuesday,T015,4,Salon 4,2,1,Sede Villa Campestre,1084,"Impuestos de IVA y consumo, y Mecanismo de retención en la fuente",7,802062C,15:00:00,18:00:00,50,3,18,6,3841,Contaduría Publica,7,14,6
4,Thursday,T024,14,salon 7,3,1,Sede Principe,439,Electiva Profesional IV: Fundamentos de Contabilidad Internacional,10,802111M,18:20:00,21:20:00,50,3,4,6,3841,Contaduría Publica,9,31,7
4,Thursday,T052,26,Laboratorio de Alimentos,2,1,Sede Villa Campestre,627,Análisis de Alimentos,5,745004C,13:00:00,16:00:00,50,3,7,3,3753,Ingeniería de Alimentos,4,28,4
3,Wednesday,T017,24,Sala De Sistemas 2,3,1,Sede Principe,128,Simulación Computacional,7,750098M,14:00:00,17:00:00,50,3,3,1,3743,Ingeniería de Sistemas,6,21,5
2,Tuesday,T080,12,salon 5,3,1,Sede Principe,895,Nutrición y toxicología,6,745012C,07:00:00,10:00:00,50,3,7,3,3753,Ingeniería de Alimentos,9,9,1
4,Thursday,T025,16,salon 9,3,1,Sede Principe,2,Matemáticas Básicas,1,111023C,16:00:00,18:00:00,50,2,2,1,3743,Ingeniería de Sistemas,3,29,5
4,Thursday,T008,1,Salon 1,2,1,Sede Villa Campestre,134,Seminario de Proyecto de Grado,8,750097M,09:00:00,10:00:00,51,1,3,1,3743,Ingeniería de Sistemas,6,25,1
2,Tuesday,T006,7,Sala De Sistemas 1,2,1,Sede Villa Campestre,952,Taller Tecnológico I,2,701006C,18:20:00,21:20:00,52,3,30,12,2725,Tecnologia en Electronica Industrial,9,15,7
4,Thursday,T029,11,salon 4,3,1,Sede Principe,122,Introducción a la Gestión Ambiental,6,730107M,10:00:00,13:00:00,51,3,3,1,3743,Ingeniería de Sistemas,4,26,2
1,Monday,T113,14,salon 7,3,1,Sede Principe,786,Algebra Lineal,2,111038C,10:00:00,12:00:00,52,2,2,1,3743,Ingeniería de Sistemas,8,2,2
4,Thursday,T064,14,salon 7,3,1,Sede Principe,805,Análisis integrado del entorno,5,801113C,10:00:00,13:00:00,50,3,19,2,3845,Administracion de empresas,9,26,2
3,Wednesday,T026,7,Sala De Sistemas 1,2,1,Sede Villa Campestre,816,Estadística II para las ciencias de la administración,4,801104C,18:20:00,21:20:00,51,3,23,2,3845,Administracion de empresas,7,23,7
4,Thursday,T164,2,Salon 2,2,1,Sede Villa Campestre,1129,FISIOLOGÍA DEL EJERCICIO,5,605033,13:00:00,16:00:00,50,3,20,11,3643,Nutricion y dietetica,8,28,4
4,Thursday,T113,16,salon 9,3,1,Sede Principe,786,Algebra Lineal,2,111038C,14:00:00,16:00:00,51,2,2,1,3743,Ingeniería de Sistemas,6,29,5
2,Tuesday,T084,15,Sala de Sistemas 4,3,1,Sede Principe,1002,GESTIÓN DE BIENES Y SERVICIOS,6,801133C,10:00:00,13:00:00,50,3,19,2,3845,Administracion de empresas,6,10,2
5,Friday,T225,21,salon 14,3,1,Sede Principe,1123,PRÁCTICA I,7,502041C,07:00:00,10:00:00,51,3,5,4,3554,Construccion,10,33,1
4,Thursday,T066,2,Salon 2,2,1,Sede Villa Campestre,432,Proceso Administrativo Empresarial,8,801151M,18:20:00,21:20:00,51,3,4,6,3841,Contaduría Publica,5,31,7
3,Wednesday,T068,26,Laboratorio de Alimentos,2,1,Sede Villa Campestre,1065,Deshidratación de Alimentos,8,745029M,17:00:00,18:00:00,50,1,7,3,3753,Ingeniería de Alimentos,7,22,6
3,Wednesday,T121,11,salon 4,3,1,Sede Principe,526,Inglés con fines generales y académicos II,3,204026C,08:00:00,12:00:00,52,4,5,4,3554,Construccion,8,17,1
6,Saturday,T007,12,salon 5,3,1,Sede Principe,81,Matemáticas Discretas II,3,750005C,07:00:00,11:00:00,50,4,2,1,3743,Ingeniería de Sistemas,4,41,1
5,Friday,T065,12,salon 5,3,1,Sede Principe,931,Desarrollo de Software II,5,750021C,15:00:00,18:00:00,50,3,14,8,2724,Tecnología en Desarrollo de Software,5,38,6
5,Friday,T154,7,Sala De Sistemas 1,2,1,Sede Villa Campestre,724,Matemática para Finanzas,3,802013C,18:20:00,21:20:00,51,3,23,2,3845,Administracion de empresas,8,39,7
2,Tuesday,T057,11,salon 4,3,1,Sede Principe,461,Inserción a la Vida Universitaria,1,701001C,09:00:00,11:00:00,51,2,14,8,2724,Tecnología en Desarrollo de Software,5,9,1
6,Saturday,T051,15,Sala de Sistemas 4,3,1,Sede Principe,723,Organización y Sociedad,3,801092C,14:00:00,17:00:00,50,3,23,2,3845,Administracion de empresas,4,44,4
3,Wednesday,T029,19,salon 12,3,1,Sede Principe,1188,FUNDAMENTOS DE SISTEMAS SOCIOECOLÓGICOS,1,730011C,14:00:00,17:00:00,50,3,33,13,3150,Agroindustria,10,21,5
1,Monday,T010,5,Salon 5,2,1,Sede Villa Campestre,249,Psicología Social,3,207050M,11:00:00,14:00:00,50,3,6,5,3249,Trabajo social,5,2,2
2,Tuesday,T003,18,salon 11,3,1,Sede Principe,464,Matematicas discretas II,3,750005C,18:20:00,22:20:00,51,4,14,8,2724,Tecnología en Desarrollo de Software,4,16,8
4,Thursday,T018,1,Salon 1,2,1,Sede Villa Campestre,513,Psicopatologia,4,207091M,14:00:00,17:00:00,50,3,6,5,3249,Trabajo social,8,29,5
2,Tuesday,T045,11,salon 4,3,1,Sede Principe,220,Evaluación Financiera de Proyectos para Administración,7,802116M,14:00:00,17:00:00,50,3,25,2,3845,Administracion de empresas,3,13,5
3,Wednesday,T091,27,Laboratorio de Electronica,2,1,Sede Villa Campestre,607,Física II + Laboratorio,3,106009C,10:00:00,13:00:00,50,3,7,3,3753,Ingeniería de Alimentos,8,18,2
4,Thursday,T047,21,salon 14,3,1,Sede Principe,1000,Inglés con Fines Generales y Académicos IV,6,204028C,07:00:00,11:00:00,53,4,19,2,3845,Administracion de empresas,6,25,1
3,Wednesday,T121,21,salon 14,3,1,Sede Principe,83,Inglés con fines generales y académicos III,3,204027C,14:00:00,18:00:00,51,4,2,1,3743,Ingeniería de Sistemas,7,21,5
6,Saturday,T130,12,salon 5,3,1,Sede Principe,970,Ciencias humanas,5,801078C,18:20:00,21:20:00,51,3,26,6,3841,Contaduría Publica,6,47,7
5,Friday,T026,23,Sala De Sistemas 1	,3,1,Sede Principe,190,Estadística I para las ciencias de la administración,3,801083C,14:00:00,17:00:00,51,3,19,2,3845,Administracion de empresas,7,37,5
1,Monday,T047,16,salon 9,3,1,Sede Principe,264,Lectura De Textos En Inglés II,5, 204104M,07:00:00,11:00:00,50,4,6,5,3249,Trabajo social,9,1,1
3,Wednesday,T026,14,salon 7,3,1,Sede Principe,559,Probabilidad y Estadistica,4,761001C,14:00:00,18:00:00,52,4,2,1,3743,Ingeniería de Sistemas,10,21,5
6,Saturday,T030,11,salon 4,3,1,Sede Principe,732,Legislación comercial II,3,801074C,17:00:00,20:00:00,50,3,26,6,3841,Contaduría Publica,8,46,6
6,Saturday,T070,10,Sala de Sistemas 3,3,1,Sede Principe,421,Electiva complementaria IV:  Taller de Lectura e Investigación,4,202009M,18:20:00,21:20:00,51,3,4,6,3841,Contaduría Publica,3,47,7
4,Thursday,T023,4,Salon 4,2,1,Sede Villa Campestre,1193,Circuitos Integrados,5,710049C,18:20:00,22:20:00,50,4,30,12,2725,Tecnologia en Electronica Industrial,9,32,8
3,Wednesday,T112,14,salon 7,3,1,Sede Principe,1266,Controladores Programables,6,710098C,18:20:00,21:20:00,50,3,30,12,2725,Tecnologia en Electronica Industrial,10,23,7
4,Thursday,T086,2,Salon 2,2,1,Sede Villa Campestre,408,Dirección y organización contable,7,802092M,10:00:00,13:00:00,50,3,28,6,3841,Contaduría Publica,3,26,2
3,Wednesday,T055,3,Salon 3,2,1,Sede Villa Campestre,488,Electiva area profundización IV: Calidad y Productividad,10,801245M,18:20:00,21:20:00,50,3,1,2,3845,Administracion de empresas,5,23,7
2,Tuesday,T192,7,Sala De Sistemas 1,2,1,Sede Villa Campestre,860,Taller de Representación II - Representar las ideas,2,501003C,07:00:00,13:00:00,50,6,5,4,3554,Construccion,10,9,1
4,Thursday,T048,24,Sala De Sistemas 2,3,1,Sede Principe,460,Taller Tecnológico I,1,701006C,10:00:00,13:00:00,50,3,14,8,2724,Tecnología en Desarrollo de Software,3,26,2
5,Friday,T151,11,salon 4,3,1,Sede Principe,519,Matemáticas Básicas,1,111023C,08:00:00,10:00:00,52,2,20,11,3643,Nutricion y dietetica,6,33,1
4,Thursday,T032,7,Sala De Sistemas 1,2,1,Sede Villa Campestre,385,Taller de habilidades informáticas para la gestión (Científico tecnológico),1,801044C,15:00:00,18:00:00,50,3,18,6,3841,Contaduría Publica,7,30,6
4,Thursday,T094,23,Sala De Sistemas 1	,3,1,Sede Principe,67,Fundamentos de Programación Imperativa,1,750012C,15:00:00,18:00:00,53,3,2,1,3743,Ingeniería de Sistemas,8,30,6
3,Wednesday,T094,7,Sala De Sistemas 1,2,1,Sede Villa Campestre,462,Fundamentos de Programación Imperativa,1,750012C,07:00:00,10:00:00,50,3,14,8,2724,Tecnología en Desarrollo de Software,9,17,1
1,Monday,T128,3,Salon 3,2,1,Sede Villa Campestre,685,Negocios Internacionales,7,801109M,18:20:00,21:20:00,50,3,1,2,3845,Administracion de empresas,6,7,7
6,Saturday,T043,23,Sala De Sistemas 1	,3,1,Sede Principe,1174,Inteligencia de negocios y analítica de datos para la gestión,7,801157C,14:00:00,17:00:00,50,3,23,2,3845,Administracion de empresas,10,45,5
4,Thursday,T091,3,Salon 3,2,1,Sede Villa Campestre,293,Fisica + Laboratorio,2,106012C,09:00:00,12:00:00,50,3,7,3,3753,Ingeniería de Alimentos,5,27,3
2,Tuesday,T008,3,Salon 3,2,1,Sede Villa Campestre,674,Gestión de Proyectos,8,801215M,15:00:00,18:00:00,50,3,25,2,3845,Administracion de empresas,4,14,6
3,Wednesday,T119,1,Salon 1,2,1,Sede Villa Campestre,889,Gestión de la calidad e inocuidad de los alimentos,6,745008C,18:20:00,21:20:00,50,3,7,3,3753,Ingeniería de Alimentos,7,23,7
5,Friday,T108,15,Sala de Sistemas 4,3,1,Sede Principe,961,Inglés con fines generales y académicos III,5,204027C,14:00:00,18:00:00,50,4,5,4,3554,Construccion,10,37,5
5,Friday,T003,10,Sala de Sistemas 3,3,1,Sede Principe,68,Fundamentos de Programación Imperativa,1,750012C,09:00:00,12:00:00,52,3,2,1,3743,Ingeniería de Sistemas,4,35,3
5,Friday,T016,15,Sala de Sistemas 4,3,1,Sede Principe,800,Inglés con fines generales y académicos I,4,204025C,07:00:00,09:00:00,53,2,14,8,2724,Tecnología en Desarrollo de Software,4,33,1
4,Thursday,T021,16,salon 9,3,1,Sede Principe,1175,Negociación y Toma de Decisiones,7,801162C,18:20:00,21:20:00,50,3,23,2,3845,Administracion de empresas,8,31,7
1,Monday,T057,17,salon 10,3,1,Sede Principe,831,Género Pluralidad y Diversidad,4,207001C,18:20:00,20:20:00,50,2,26,6,3841,Contaduría Publica,5,7,7
1,Monday,T019,1,Salon 1,2,1,Sede Villa Campestre,1115,MATEMÁTICAS APLICADAS PARA TECNOLOGÍA,4,710034C,18:20:00,22:20:00,50,4,30,12,2725,Tecnologia en Electronica Industrial,9,8,8
3,Wednesday,T142,17,salon 10,3,1,Sede Principe,971,Contabilidad pública,5,802007C,18:20:00,21:20:00,50,3,26,6,3841,Contaduría Publica,10,23,7
2,Tuesday,T017,19,salon 12,3,1,Sede Principe,483,Fisica + Laboratorio,3,106012C,07:00:00,13:00:00,53,6,2,1,3743,Ingeniería de Sistemas,5,9,1
2,Tuesday,T120,9,salon 2,3,1,Sede Principe,624,Microbiología + Laboratorio,5,745011C,07:00:00,12:00:00,51,5,7,3,3753,Ingeniería de Alimentos,4,9,1
1,Monday,T101,3,Salon 3,2,1,Sede Villa Campestre,428,Control y auditoría,8,802093M,18:20:00,21:20:00,51,3,4,6,3841,Contaduría Publica,3,8,8
3,Wednesday,T063,6,Salon 6,2,1,Sede Villa Campestre,383,Introducción a la contaduría pública ,1,802008C,15:00:00,18:00:00,50,3,18,6,3841,Contaduría Publica,5,22,6
2,Tuesday,T091,27,Laboratorio de Electronica,2,1,Sede Villa Campestre,1170,Introducción a la Experimentación Cientifica,1,106002C,10:00:00,12:00:00,50,2,33,13,3150,Agroindustria,10,10,2
1,Monday,T154,4,Salon 4,2,1,Sede Villa Campestre,194,Matemática para finanzas,3,802013C,15:00:00,18:00:00,50,3,19,2,3845,Administracion de empresas,5,6,6
4,Thursday,T019,3,Salon 3,2,1,Sede Villa Campestre,712,Cálculo ,1,801003C,18:20:00,21:20:00,51,3,23,2,3845,Administracion de empresas,10,31,7
5,Friday,T043,17,salon 10,3,1,Sede Principe,926,Matemáticas Financieras,6,802078M,18:20:00,21:20:00,50,3,26,6,3841,Contaduría Publica,5,39,7
5,Friday,T131,26,Laboratorio de Alimentos,2,1,Sede Villa Campestre,520,QuÍmica general + Laboratorio,1,116017C,08:00:00,11:00:00,50,3,20,11,3643,Nutricion y dietetica,8,33,1
3,Wednesday,T121,19,salon 12,3,1,Sede Principe,1208,INGLÉS CON FINES GENERALES Y ACADÉM. I,2,204025C,08:00:00,12:00:00,52,4,33,13,3150,Agroindustria,9,17,1
5,Friday,T097,19,salon 12,3,1,Sede Principe,742,Álgebra lineal,2,801017C,14:00:00,17:00:00,51,3,18,6,3841,Contaduría Publica,4,37,5
2,Tuesday,T004,12,salon 5,3,1,Sede Principe,1010,INTELIGENCIA ARTIFICIAL,6,750022C,07:00:00,09:00:00,50,2,2,1,3743,Ingeniería de Sistemas,6,9,1
5,Friday,T214,20,salon 13,3,1,Sede Principe,1123,PRÁCTICA I,7,502041C,07:00:00,10:00:00,50,3,5,4,3554,Construccion,8,33,1
6,Saturday,T070,14,salon 7,3,1,Sede Principe,923,COMPRENSIÓN Y PRODUCCIÓN DE TEXTOS ACADÉMICOS GENERALES,2,204133C,07:00:00,10:00:00,52,3,2,1,3743,Ingeniería de Sistemas,9,41,1
3,Wednesday,T091,27,Laboratorio de Electronica,2,1,Sede Villa Campestre,607,Física II + Laboratorio,3,106009C,10:00:00,12:00:00,50,2,7,3,3753,Ingeniería de Alimentos,6,18,2
2,Tuesday,T232,14,salon 7,3,1,Sede Principe,1244,ELECTIVA PROFESIONAL: GESTIÓN DE LA CULTURA Y EL CLIMA ORGANIZACIONAL,8,801181C,18:20:00,21:20:00,51,3,23,2,3845,Administracion de empresas,9,15,7
5,Friday,T008,14,salon 7,3,1,Sede Principe,137,Evaluación y Administración de Proyectos,8,760105M,07:00:00,10:00:00,50,3,3,1,3743,Ingeniería de Sistemas,4,33,1
2,Tuesday,T029,19,salon 12,3,1,Sede Principe,1041,IMPACTOS AMBIENTALES,6,730078C,18:20:00,21:20:00,51,3,29,8,2724,Tecnología en Desarrollo de Software,9,15,7
4,Thursday,T231,9,salon 2,3,1,Sede Principe,1202,Desarrollo de clientes,8,507101C,15:00:00,18:00:00,50,3,5,4,3554,Construccion,9,30,6
1,Monday,T080,19,salon 12,3,1,Sede Principe,479,Práctica Tecnológica,6,745034M,18:20:00,21:20:00,50,3,17,10,2712,Tecnología en Alimentos,3,7,7
4,Thursday,T044,9,salon 2,3,1,Sede Principe,392,Legislación laboral,3,801099C,15:00:00,18:00:00,50,3,18,6,3841,Contaduría Publica,7,30,6
6,Saturday,T130,8,salon 1,3,1,Sede Principe,970,Ciencias humanas,5,801078C,14:00:00,17:00:00,50,3,26,6,3841,Contaduría Publica,10,45,5
6,Saturday,T005,16,salon 9,3,1,Sede Principe,140,Vida Artificial,9,750115M,11:00:00,14:00:00,50,3,3,1,3743,Ingeniería de Sistemas,3,42,2
3,Wednesday,T002,23,Sala De Sistemas 1	,3,1,Sede Principe,1062,Ciberseguridad,7,750024C,07:00:00,10:00:00,51,3,2,1,3743,Ingeniería de Sistemas,8,17,1
5,Friday,T097,12,salon 5,3,1,Sede Principe,382,Cálculo ,1,801003C,18:20:00,21:20:00,51,3,18,6,3841,Contaduría Publica,4,40,8
3,Wednesday,T031,3,Salon 3,2,1,Sede Villa Campestre,273,Integración Metodológica I,8,207047M,07:00:00,09:00:00,50,2,6,5,3249,Trabajo social,8,17,1
4,Thursday,T144,26,Laboratorio de Alimentos,2,1,Sede Villa Campestre,917,Taller de Ingeniería de Alimentos III,4,745022C,10:00:00,13:00:00,50,3,7,3,3753,Ingeniería de Alimentos,9,26,2
1,Monday,T170,7,Sala De Sistemas 1,2,1,Sede Villa Campestre,430,Software y Procesos Contables,8,802099M,18:20:00,21:20:00,50,3,4,6,3841,Contaduría Publica,7,7,7
3,Wednesday,T051,25,Coliseo,2,1,Sede Villa Campestre,1251,Electiva profesional III: Perspectivas Teóricas y Conceptuales en Contaduría Pública,9,802094C,10:00:00,12:00:00,52,2,18,6,3841,Contaduría Publica,9,18,2
1,Monday,T070,2,Salon 2,2,1,Sede Villa Campestre,187,Comprensión y producción de textos académicos generales ,2,204402M,18:20:00,21:20:00,51,3,23,2,3845,Administracion de empresas,3,7,7
3,Wednesday,T087,9,salon 2,3,1,Sede Principe,1194,Control Electrónico de Potencia (AET),5,710104M,17:00:00,22:00:00,50,5,30,12,2725,Tecnologia en Electronica Industrial,9,58,11
3,Wednesday,T005,24,Sala De Sistemas 2,3,1,Sede Principe,1011,INFRAESTRUCTURAS PARALELAS Y DISTRIBUIDAS,6,750023C,10:00:00,13:00:00,51,3,2,1,3743,Ingeniería de Sistemas,6,18,2
3,Wednesday,T099,23,Sala De Sistemas 1	,3,1,Sede Principe,1061,Introducción a la Ciencia de los Datos,7,750025C,15:00:00,18:00:00,50,3,2,1,3743,Ingeniería de Sistemas,8,22,6
3,Wednesday,T075,12,salon 5,3,1,Sede Principe,531,Introducción a la  Tecnología,1,502002C,14:00:00,17:00:00,50,3,5,4,3554,Construccion,6,21,5
5,Friday,T048,10,Sala de Sistemas 3,3,1,Sede Principe,460,Taller Tecnológico I,1,701006C,10:00:00,13:00:00,51,3,14,8,2724,Tecnología en Desarrollo de Software,5,34,2
3,Wednesday,T043,12,salon 5,3,1,Sede Principe,757,Presupuestos (análisis de costos y presupuestos),8,802038M,10:00:00,13:00:00,50,3,28,6,3841,Contaduría Publica,6,18,2
3,Wednesday,T095,1,Salon 1,2,1,Sede Villa Campestre,393,Legislación comercial II,3,801074C,10:00:00,13:00:00,50,3,18,6,3841,Contaduría Publica,3,18,2
6,Saturday,T160,14,salon 7,3,1,Sede Principe,1012,Desarrollo de Software II,6,750021C,10:00:00,13:00:00,50,3,2,1,3743,Ingeniería de Sistemas,8,42,2
5,Friday,T176,8,salon 1,3,1,Sede Principe,1036,FUNDAMENTOS DE ANÁLISIS Y CÁLCULO NUMÉRICO,5,750042C,15:00:00,18:00:00,50,3,14,8,2724,Tecnología en Desarrollo de Software,9,38,6
2,Tuesday,T016,14,salon 7,3,1,Sede Principe,838,Inglés con fines generales y académicos I,3,204025C,08:00:00,12:00:00,50,4,14,8,2724,Tecnología en Desarrollo de Software,9,9,1
4,Thursday,T043,10,Sala de Sistemas 3,3,1,Sede Principe,195,Economía de Empresa,3,801088C,07:00:00,10:00:00,50,3,19,2,3845,Administracion de empresas,3,25,1
2,Tuesday,T105,16,salon 9,3,1,Sede Principe,72,Cálculo Monovariable,2,111021C,14:00:00,17:00:00,52,3,2,1,3743,Ingeniería de Sistemas,6,13,5
3,Wednesday,T025,19,salon 12,3,1,Sede Principe,482,Tratamientos Térmicos,5,745512M,18:20:00,21:20:00,50,3,17,10,2712,Tecnología en Alimentos,3,23,7
2,Tuesday,T121,11,salon 4,3,1,Sede Principe,304,Lectura de Textos Académicos en Íngles II,6,204104M,09:00:00,12:00:00,50,3,16,3,3753,Ingeniería de Alimentos,4,9,1
1,Monday,T087,23,Sala De Sistemas 1	,3,1,Sede Principe,463,Fundamentos de programacion orientada a eventos,3,750014C,14:00:00,17:00:00,52,3,14,8,2724,Tecnología en Desarrollo de Software,5,5,5
3,Wednesday,T170,10,Sala de Sistemas 3,3,1,Sede Principe,1164,Laboratorio contable II,8,802060C,10:00:00,13:00:00,50,3,18,6,3841,Contaduría Publica,8,18,2
2,Tuesday,T108,10,Sala de Sistemas 3,3,1,Sede Principe,828,Inglés con fines generales y académicos II,4,204026C,18:20:00,22:20:00,51,4,26,6,3841,Contaduría Publica,7,16,8
5,Friday,T077,10,Sala de Sistemas 3,3,1,Sede Principe,319,Materiales de Construcción   I ,2,502012C,15:00:00,18:00:00,50,3,5,4,3554,Construccion,3,38,6
3,Wednesday,T029,14,salon 7,3,1,Sede Principe,1135,IMPACTOS AMBIENTALES,8,730078C,10:00:00,13:00:00,50,3,2,1,3743,Ingeniería de Sistemas,10,18,2
2,Tuesday,T070,15,Sala de Sistemas 4,3,1,Sede Principe,77,Comprensión y Producción de Textos Generales y Académicos,2,204402M,15:00:00,18:00:00,52,3,2,1,3743,Ingeniería de Sistemas,4,14,6
4,Thursday,T003,17,salon 10,3,1,Sede Principe,76,Matemáticas Discretas I,2,750004C,14:00:00,18:00:00,51,4,2,1,3743,Ingeniería de Sistemas,9,29,5
5,Friday,T087,23,Sala De Sistemas 1	,3,1,Sede Principe,463,Fundamentos de programacion orientada a eventos,3,750014C,18:20:00,21:20:00,51,3,14,8,2724,Tecnología en Desarrollo de Software,4,39,7
5,Friday,T209,3,Salon 3,2,1,Sede Villa Campestre,1214,DIETOTERAPIA I,6,605029C,10:00:00,13:00:00,50,3,20,11,3643,Nutricion y dietetica,9,34,2
1,Monday,T184,5,Salon 5,2,1,Sede Villa Campestre,1059,"Seminario en Constitución, Legislación y Ética de la profesión",7,730026C,10:00:00,13:00:00,52,3,2,1,3743,Ingeniería de Sistemas,8,2,2
2,Tuesday,T068,26,Laboratorio de Alimentos,2,1,Sede Villa Campestre,492,Procesos de fermentación de alimentos,8,745062M_1,10:00:00,11:00:00,50,1,16,3,3753,Ingeniería de Alimentos,3,10,2
1,Monday,T222,4,Salon 4,2,1,Sede Villa Campestre,1169,Revisoría fiscal,8,802089C,07:00:00,10:00:00,50,3,18,6,3841,Contaduría Publica,8,1,1
2,Tuesday,T013,15,Sala de Sistemas 4,3,1,Sede Principe,778,Administración Financiera,9,802068M,18:20:00,21:20:00,51,3,4,6,3841,Contaduría Publica,4,15,7
5,Friday,T224,17,salon 10,3,1,Sede Principe,1111,Inglés con fines generales y académicos II,4,204026C,18:20:00,22:20:00,51,4,30,12,2725,Tecnologia en Electronica Industrial,8,40,8
4,Thursday,T176,23,Sala De Sistemas 1	,3,1,Sede Principe,67,Fundamentos de Programación Imperativa,1,750012C,10:00:00,13:00:00,50,3,2,1,3743,Ingeniería de Sistemas,7,26,2
6,Saturday,T093,14,salon 7,3,1,Sede Principe,717,Fundamentos de Contabilidad ,1,802004C,14:00:00,17:00:00,51,3,23,2,3845,Administracion de empresas,10,45,5
3,Wednesday,T009,25,Coliseo,2,1,Sede Villa Campestre,302,Deporte formativo,6,404001M,07:00:00,09:00:00,50,2,16,3,3753,Ingeniería de Alimentos,3,17,1
2,Tuesday,T005,14,salon 7,3,1,Sede Principe,878,Fundamentos de Interpretación y Compilación de LP,5,750017C,08:00:00,12:00:00,50,4,2,1,3743,Ingeniería de Sistemas,10,9,1
1,Monday,T053,11,salon 4,3,1,Sede Principe,858,Matemáticas Básicas,1,111023C,18:20:00,20:20:00,51,2,30,12,2725,Tecnologia en Electronica Industrial,9,7,7
6,Saturday,T154,18,salon 11,3,1,Sede Principe,815,Costos y Presupuestos Gerenciales,4,802028C,14:00:00,17:00:00,50,3,23,2,3845,Administracion de empresas,7,45,5
3,Wednesday,T121,6,Salon 6,2,1,Sede Villa Campestre,890,Inglés con fines generales y académicos III,5,204027C,08:00:00,12:00:00,50,4,7,3,3753,Ingeniería de Alimentos,6,17,1
1,Monday,T075,20,salon 13,3,1,Sede Principe,533,Taller Construcción de edificaciones  II,3,502018C,13:00:00,17:00:00,50,4,5,4,3554,Construccion,6,4,4
4,Thursday,T142,18,salon 11,3,1,Sede Principe,908,Contabilidad pública,5,802007C,10:00:00,13:00:00,50,3,18,6,3841,Contaduría Publica,7,26,2
3,Wednesday,T207,14,salon 7,3,1,Sede Principe,1137,"Principios de Nutrición , Alimentación, Salud",2,605010C,15:00:00,18:00:00,50,3,2,1,3743,Ingeniería de Sistemas,8,22,6
4,Thursday,T025,17,salon 10,3,1,Sede Principe,459,Matemáticas Básicas,1,111023C,09:00:00,12:00:00,54,3,14,8,2724,Tecnología en Desarrollo de Software,5,27,3
4,Thursday,T068,1,Salon 1,2,1,Sede Villa Campestre,523,Introducción a la Ciencias de los Alimentos,1,605012C,07:00:00,10:00:00,50,3,20,11,3643,Nutricion y dietetica,4,25,1
2,Tuesday,T072,18,salon 11,3,1,Sede Principe,789,Algebra Lineal,2,111038C,10:00:00,12:00:00,51,2,14,8,2724,Tecnología en Desarrollo de Software,4,10,2
2,Tuesday,T192,7,Sala De Sistemas 1,2,1,Sede Villa Campestre,860,Taller de Representación II - Representar las ideas,2,501003C,07:00:00,10:00:00,50,3,5,4,3554,Construccion,9,9,1
1,Monday,T040,24,Sala De Sistemas 2,3,1,Sede Principe,1014,Calidad de productos de Software,8,750029C,15:00:00,18:00:00,50,3,3,1,3743,Ingeniería de Sistemas,6,6,6
2,Tuesday,T012,3,Salon 3,2,1,Sede Villa Campestre,1085,Control de gestión y gobierno corporativo,7,802057C,15:00:00,18:00:00,50,3,18,6,3841,Contaduría Publica,9,14,6
4,Thursday,T010,3,Salon 3,2,1,Sede Villa Campestre,992,HABILIDADES PARA LA VIDA: DESCUB. EL SER,2,603032C,07:00:00,10:00:00,50,3,19,2,3845,Administracion de empresas,6,25,1
5,Friday,T198,17,salon 10,3,1,Sede Principe,1075,Contabilidades especiales II,6,802040C,18:20:00,21:20:00,50,3,26,6,3841,Contaduría Publica,9,39,7
5,Friday,T027,6,Salon 6,2,1,Sede Villa Campestre,84,Taller de Escritura e Investigación,3,202009M,07:00:00,10:00:00,50,3,2,1,3743,Ingeniería de Sistemas,5,33,1
2,Tuesday,T005,23,Sala De Sistemas 1	,3,1,Sede Principe,453,Fundamentos de Análisis y Diseño de Algoritmos,5,750094M,14:00:00,18:00:00,50,4,21,8,2724,Tecnología en Desarrollo de Software,4,13,5
1,Monday,T196,24,Sala De Sistemas 2,3,1,Sede Principe,1060,Desarrollo de Software III,7,750027C,15:00:00,18:00:00,50,3,2,1,3743,Ingeniería de Sistemas,9,6,6
2,Tuesday,T063,2,Salon 2,2,1,Sede Villa Campestre,383,Introducción a la contaduría pública ,1,802008C,10:00:00,13:00:00,50,3,18,6,3841,Contaduría Publica,7,10,2
6,Saturday,T130,13,salon 6,3,1,Sede Principe,930,"Humanismo, pensamiento administrativo y organizaciones",5,801126C,18:20:00,21:20:00,51,3,23,2,3845,Administracion de empresas,8,47,7
5,Friday,T219,11,salon 4,3,1,Sede Principe,256,Comunidad y Organizaciones I,5,207030M,14:00:00,18:00:00,50,4,6,5,3249,Trabajo social,9,37,5
4,Thursday,T017,27,Laboratorio de Electronica,2,1,Sede Villa Campestre,483,Fisica + Laboratorio,3,106012C,07:00:00,10:00:00,52,3,2,1,3743,Ingeniería de Sistemas,10,25,1
1,Monday,T102,7,Sala De Sistemas 1,2,1,Sede Villa Campestre,693,Análisis de Sistemas de Información y Base de Datos,9,801180M,18:20:00,21:20:00,50,3,1,2,3845,Administracion de empresas,6,7,7
1,Monday,T008,1,Salon 1,2,1,Sede Villa Campestre,1140,SEMINARIO DE TRABAJO DE GRADO,8,750036C,08:00:00,09:00:00,50,1,2,1,3743,Ingeniería de Sistemas,8,1,1
1,Monday,T060,1,Salon 1,2,1,Sede Villa Campestre,837,Proyecto Integrador I (Proyecto Tecnológico),5,750018C,14:00:00,18:00:00,51,4,14,8,2724,Tecnología en Desarrollo de Software,7,5,5
4,Thursday,T133,7,Sala De Sistemas 1,2,1,Sede Villa Campestre,529,Taller de Representacion III,3,501009C,07:00:00,13:00:00,52,6,5,4,3554,Construccion,10,25,1
1,Monday,T121,13,salon 6,3,1,Sede Principe,1019,Inglés con Fines Generales y Académicos IV,6,204028C,14:00:00,16:00:00,53,2,7,3,3753,Ingeniería de Alimentos,7,5,5
3,Wednesday,T002,23,Sala De Sistemas 1	,3,1,Sede Principe,1062,Ciberseguridad,7,750024C,07:00:00,10:00:00,50,3,2,1,3743,Ingeniería de Sistemas,7,17,1
5,Friday,T042,13,salon 6,3,1,Sede Principe,1190,Taller Tecnológico II,5,710025C,18:20:00,21:20:00,50,3,30,12,2725,Tecnologia en Electronica Industrial,9,39,7
4,Thursday,T108,5,Salon 5,2,1,Sede Villa Campestre,828,Inglés con fines generales y académicos II,4,204026C,18:20:00,22:20:00,51,4,26,6,3841,Contaduría Publica,5,32,8
3,Wednesday,T086,18,salon 11,3,1,Sede Principe,710,Costos y Presupuestos Gerenciales,4,802028C,14:00:00,17:00:00,50,3,19,2,3845,Administracion de empresas,4,21,5
2,Tuesday,T026,10,Sala de Sistemas 3,3,1,Sede Principe,126,Probabilidad y Estadística,6,761130M,14:00:00,17:00:00,52,3,3,1,3743,Ingeniería de Sistemas,5,13,5
6,Saturday,T167,26,Laboratorio de Alimentos,2,1,Sede Villa Campestre,1143,BIOPROCESOS + LABORATORIO,7,745006C,10:00:00,12:00:00,51,2,32,3,3753,Ingeniería de Alimentos,8,43,3
6,Saturday,T126,20,salon 13,3,1,Sede Principe,530,Matemáticas aplicadas a la edificación,1,502001C,07:00:00,10:00:00,50,3,5,4,3554,Construccion,4,41,1
2,Tuesday,T005,23,Sala De Sistemas 1	,3,1,Sede Principe,558,Fundamentos de Programación Funcional y Concurrente,4,750013C,07:00:00,10:00:00,50,3,2,1,3743,Ingeniería de Sistemas,5,9,1
4,Thursday,T192,1,Salon 1,2,1,Sede Villa Campestre,861,Taller de Representación IV - Gestión multimodal del dibujo ,4,501013C,07:00:00,13:00:00,50,6,5,4,3554,Construccion,9,25,1
3,Wednesday,T016,18,salon 11,3,1,Sede Principe,83,Inglés con fines generales y académicos III,3,204027C,16:00:00,18:00:00,50,2,2,1,3743,Ingeniería de Sistemas,9,22,6
1,Monday,T118,1,Salon 1,2,1,Sede Villa Campestre,521,Nucleo Salud Pública I,1,607001C,14:00:00,17:00:00,50,3,20,11,3643,Nutricion y dietetica,8,5,5
2,Tuesday,T084,14,salon 7,3,1,Sede Principe,1096,Gestión de la Cadena de Suministros,7,801163C,10:00:00,13:00:00,50,3,19,2,3845,Administracion de empresas,7,10,2
1,Monday,T197,3,Salon 3,2,1,Sede Villa Campestre,1279,Gestión y control de la calidad,9,801234C,18:20:00,21:20:00,50,3,23,2,3845,Administracion de empresas,10,7,7
4,Thursday,T001,7,Sala De Sistemas 1,2,1,Sede Villa Campestre,466,Bases de datos,3,750006C,08:00:00,12:00:00,50,4,14,8,2724,Tecnología en Desarrollo de Software,9,25,1
5,Friday,T041,11,salon 4,3,1,Sede Principe,915,COMPRENSIÓN Y PRODUCCIÓN DE TEXTOS ACADÉMICOS GENERALES,2,204133C,15:00:00,18:00:00,53,3,7,3,3753,Ingeniería de Alimentos,5,38,6
1,Monday,T087,23,Sala De Sistemas 1	,3,1,Sede Principe,791,Sistemas Operativos,3,750001C,18:20:00,21:20:00,51,3,29,8,2724,Tecnología en Desarrollo de Software,6,7,7
5,Friday,T109,2,Salon 2,2,1,Sede Villa Campestre,507,Trabajo Social Laboral,9,207039M,13:00:00,16:00:00,50,3,6,5,3249,Trabajo social,9,36,4
1,Monday,T192,20,salon 13,3,1,Sede Principe,965,Taller Instalaciones Electrónicas y de Comunicación,5,502029C,08:00:00,12:00:00,50,4,5,4,3554,Construccion,8,1,1
3,Wednesday,T013,2,Salon 2,2,1,Sede Villa Campestre,747,Matemática para finanzas,2,802013C,15:00:00,18:00:00,50,3,18,6,3841,Contaduría Publica,10,22,6
2,Tuesday,T006,10,Sala de Sistemas 3,3,1,Sede Principe,952,Taller Tecnológico I,2,701006C,18:20:00,21:20:00,50,3,30,12,2725,Tecnologia en Electronica Industrial,6,16,8
3,Wednesday,T090,3,Salon 3,2,1,Sede Villa Campestre,423,Fundamentos de costos,8,802091M,18:20:00,21:20:00,51,3,4,6,3841,Contaduría Publica,3,23,7
5,Friday,T103,13,salon 6,3,1,Sede Principe,851,Educación Popular y trabajo Social,7,207092M,10:00:00,13:00:00,50,3,6,5,3249,Trabajo social,5,34,2
4,Thursday,T222,13,salon 6,3,1,Sede Principe,1284,Consultorio empresarial,10,801194C,15:00:00,18:00:00,50,3,18,6,3841,Contaduría Publica,10,30,6
4,Thursday,T026,4,Salon 4,2,1,Sede Villa Campestre,417,Estadistica Descriptiva,4,801148M,18:20:00,21:20:00,50,3,4,6,3841,Contaduría Publica,3,31,7
4,Thursday,T056,1,Salon 1,2,1,Sede Villa Campestre,308,Transf. de masa en el proc. de Alimentos,8,745063M ,14:00:00,17:00:00,50,3,16,3,3753,Ingeniería de Alimentos,5,29,5
5,Friday,T024,16,salon 9,3,1,Sede Principe,826,Informes financieros,4,802020C,18:20:00,21:20:00,50,3,26,6,3841,Contaduría Publica,9,39,7
2,Tuesday,T019,6,Salon 6,2,1,Sede Villa Campestre,942,Simulación y Computación Numérica,5,750016C,18:20:00,22:20:00,50,4,29,8,2724,Tecnología en Desarrollo de Software,6,16,8
5,Friday,T076,18,salon 11,3,1,Sede Principe,539,Ecuaciones Diferenciales,4,111026C,10:00:00,13:00:00,50,3,2,1,3743,Ingeniería de Sistemas,9,34,2
3,Wednesday,T210,19,salon 12,3,1,Sede Principe,1133,ESTOMATOLOGÍA,5,605024C,10:00:00,12:00:00,51,2,20,11,3643,Nutricion y dietetica,8,18,2
4,Thursday,T197,4,Salon 4,2,1,Sede Villa Campestre,1249,GESTIÓN Y CONTROL DE LA CALIDAD,9,801234C,10:00:00,13:00:00,50,3,19,2,3845,Administracion de empresas,9,26,2
4,Thursday,T034,7,Sala De Sistemas 1,2,1,Sede Villa Campestre,177,Taller Habilidades y herramientas informáticas para la gestión ,1,801044C,15:00:00,18:00:00,51,3,19,2,3845,Administracion de empresas,3,30,6
1,Monday,T174,14,salon 7,3,1,Sede Principe,963,Construcción de Infraestructura Urbana I,5,502030C,07:00:00,10:00:00,50,3,5,4,3554,Construccion,10,1,1
4,Thursday,T186,25,Coliseo,2,1,Sede Villa Campestre,967,DEPORTE Y SALUD,1,404002C,18:20:00,21:20:00,52,3,30,12,2725,Tecnologia en Electronica Industrial,9,31,7
3,Wednesday,T016,13,salon 6,3,1,Sede Principe,83,Inglés con fines generales y académicos III,3,204027C,16:00:00,18:00:00,52,2,2,1,3743,Ingeniería de Sistemas,8,22,6
2,Tuesday,T110,21,salon 14,3,1,Sede Principe,502,Política y Problemática Social,6,207021M,14:00:00,18:00:00,50,4,6,5,3249,Trabajo social,10,13,5
5,Friday,T034,7,Sala De Sistemas 1,2,1,Sede Villa Campestre,295,Informática I,2,750002C,15:00:00,18:00:00,51,3,7,3,3753,Ingeniería de Alimentos,7,38,6
3,Wednesday,T001,24,Sala De Sistemas 2,3,1,Sede Principe,123,Bases de Datos I,9,750030M,09:00:00,13:00:00,50,4,3,1,3743,Ingeniería de Sistemas,4,19,3
2,Tuesday,T108,12,salon 5,3,1,Sede Principe,1091,Inglés con Fines Generales y Académicos IV,6,204028C,18:20:00,22:20:00,53,4,23,2,3845,Administracion de empresas,9,15,7
4,Thursday,T018,2,Salon 2,2,1,Sede Villa Campestre,243,Desarrollo De La Personalidad I,1,207009M,10:00:00,13:00:00,50,3,6,5,3249,Trabajo social,9,26,2
4,Thursday,T005,23,Sala De Sistemas 1	,3,1,Sede Principe,558,Fundamentos de Programación Funcional y Concurrente,4,750013C,14:00:00,17:00:00,51,3,2,1,3743,Ingeniería de Sistemas,10,29,5
3,Wednesday,T084,1,Salon 1,2,1,Sede Villa Campestre,995,Investigación y Gestión de Operaciones,5,801095C,18:20:00,21:20:00,50,3,23,2,3845,Administracion de empresas,6,23,7
6,Saturday,T061,8,salon 1,3,1,Sede Principe,1219,DISEÑO Y DESARROLLO NUEVOS PROD. ALIM.,10,745030C,10:00:00,13:00:00,51,3,7,3,3753,Ingeniería de Alimentos,9,42,2
1,Monday,T021,20,salon 13,3,1,Sede Principe,1175,Negociación y Toma de Decisiones,7,801162C,18:20:00,21:20:00,50,3,23,2,3845,Administracion de empresas,10,7,7
2,Tuesday,T120,5,Salon 5,2,1,Sede Villa Campestre,306,Procesos de Fermentación de Alimentos,8,745062M,07:00:00,10:00:00,50,3,16,3,3753,Ingeniería de Alimentos,5,9,1
1,Monday,T184,14,salon 7,3,1,Sede Principe,1059,"Seminario en Constitución, Legislación y Ética de la profesión",7,730026C,10:00:00,13:00:00,52,3,2,1,3743,Ingeniería de Sistemas,9,2,2
2,Tuesday,T015,1,Salon 1,2,1,Sede Villa Campestre,433,Electiva Profesional III: Procedimiento Tributario,8,802097M,18:20:00,21:20:00,50,3,4,6,3841,Contaduría Publica,7,15,7
3,Wednesday,T053,15,Sala de Sistemas 4,3,1,Sede Principe,2,Matemáticas Básicas,1,111023C,07:00:00,10:00:00,50,3,2,1,3743,Ingeniería de Sistemas,4,17,1
4,Thursday,T026,11,salon 4,3,1,Sede Principe,733,Estadística I para las ciencias de la administración,3,801083C,18:20:00,21:20:00,50,3,26,6,3841,Contaduría Publica,10,31,7
5,Friday,T068,13,salon 6,3,1,Sede Principe,1026,CONSERVACIÓN Y VIDA ÚTIL DE ALIMENTOS,7,745007C,07:00:00,10:00:00,50,3,7,3,3753,Ingeniería de Alimentos,6,33,1
3,Wednesday,T233,12,salon 5,3,1,Sede Principe,1040,Diseño de Contenido para Interfaces de Usuario,6,750040C,18:20:00,21:20:00,50,3,29,8,2724,Tecnología en Desarrollo de Software,9,23,7
4,Thursday,T196,24,Sala De Sistemas 2,3,1,Sede Principe,1060,Desarrollo de Software III,7,750027C,15:00:00,18:00:00,50,3,2,1,3743,Ingeniería de Sistemas,7,30,6
3,Wednesday,T053,15,Sala de Sistemas 4,3,1,Sede Principe,2,Matemáticas Básicas,1,111023C,07:00:00,10:00:00,50,3,2,1,3743,Ingeniería de Sistemas,6,17,1
2,Tuesday,T027,4,Salon 4,2,1,Sede Villa Campestre,262,Estrategias De Investigación,5,207022M,14:00:00,18:00:00,50,4,6,5,3249,Trabajo social,9,13,5
1,Monday,T009,25,Coliseo,2,1,Sede Villa Campestre,1267,Deporte Formativo,1,404032C,18:20:00,20:20:00,51,2,26,6,3841,Contaduría Publica,10,7,7
4,Thursday,T069,8,salon 1,3,1,Sede Principe,853,Diseño y sondeo,7,207034M,14:00:00,18:00:00,50,4,6,5,3249,Trabajo social,7,29,5
2,Tuesday,T054,6,Salon 6,2,1,Sede Villa Campestre,809,Gestión del Conocimiento e Innovación,5,801114C,07:00:00,10:00:00,50,3,19,2,3845,Administracion de empresas,7,9,1
2,Tuesday,T091,4,Salon 4,2,1,Sede Villa Campestre,1170,Introducción a la Experimentación Cientifica,1,106002C,14:00:00,17:00:00,50,3,33,13,3150,Agroindustria,10,13,5
3,Wednesday,T057,17,salon 10,3,1,Sede Principe,64,Inserción a la Vida Universitaria,1,701001C,16:00:00,18:00:00,53,2,2,1,3743,Ingeniería de Sistemas,5,21,5
5,Friday,T083,20,salon 13,3,1,Sede Principe,861,Taller de Representación IV - Gestión multimodal del dibujo ,4,501013C,07:00:00,13:00:00,50,6,5,4,3554,Construccion,5,33,1
1,Monday,T019,19,salon 12,3,1,Sede Principe,313,Ecuaciones Diferenciales,4,111026C,16:00:00,18:00:00,50,2,7,3,3753,Ingeniería de Alimentos,5,6,6
1,Monday,T016,19,salon 12,3,1,Sede Principe,843,Inglés con fines generales y académicos II,4,204026C,18:20:00,22:20:00,52,4,29,8,2724,Tecnología en Desarrollo de Software,7,8,8
5,Friday,T038,18,salon 11,3,1,Sede Principe,184,Pensamiento Clásico de la Administración y las Organizaciones ,2,801082C,18:20:00,21:20:00,50,3,23,2,3845,Administracion de empresas,5,39,7
6,Saturday,T094,10,Sala de Sistemas 3,3,1,Sede Principe,74,Fundamentos de  Programación Orientada a Objetos,2,750015C,10:00:00,13:00:00,53,3,2,1,3743,Ingeniería de Sistemas,5,42,2
4,Thursday,T062,6,Salon 6,2,1,Sede Villa Campestre,1234,Gestión del Cambio Organizacional,8,801132C,18:20:00,21:20:00,50,3,23,2,3845,Administracion de empresas,9,31,7
1,Monday,T172,21,salon 14,3,1,Sede Principe,965,Taller Instalaciones Electrónicas y de Comunicación,5,502029C,14:00:00,18:00:00,51,4,5,4,3554,Construccion,10,5,5
6,Saturday,T148,8,salon 1,3,1,Sede Principe,1029,INNOVACIÓN Y EMPRENDIMIENTO EMPRESARIAL,6,750032C,08:00:00,11:00:00,50,3,14,8,2724,Tecnología en Desarrollo de Software,10,41,1
1,Monday,T047,11,salon 4,3,1,Sede Principe,912,Inglés con fines generales y académicos II,4,204357M,07:00:00,11:00:00,50,4,6,5,3249,Trabajo social,6,1,1
1,Monday,T087,23,Sala De Sistemas 1	,3,1,Sede Principe,117,Arquitectura de Computadores II,5,710193M,14:00:00,18:00:00,50,4,3,1,3743,Ingeniería de Sistemas,4,5,5
3,Wednesday,T142,4,Salon 4,2,1,Sede Villa Campestre,971,Contabilidad pública,5,802007C,18:20:00,21:20:00,50,3,26,6,3841,Contaduría Publica,8,23,7
4,Thursday,T070,1,Salon 1,2,1,Sede Villa Campestre,1186,COMPRENSIÓN Y PRODUCCIÓN DE TEXTOS ACADÉMICOS GENERALES,1,204133C,15:00:00,18:00:00,53,3,33,13,3150,Agroindustria,10,30,6
3,Wednesday,T105,20,salon 13,3,1,Sede Principe,536,Álgebra lineal y ecuaciones diferenciales.,3,502022C,14:00:00,17:00:00,50,3,5,4,3554,Construccion,10,21,5
2,Tuesday,T196,23,Sala De Sistemas 1	,3,1,Sede Principe,1138,INTRODUCCIÓN A LA GESTIÓN DE PROYECTOS DE SOFTWARE,8,750031C,07:00:00,10:00:00,52,3,2,1,3743,Ingeniería de Sistemas,10,9,1
3,Wednesday,T061,26,Laboratorio de Alimentos,2,1,Sede Villa Campestre,1215,TALLER DE INGENIERÍA DE ALIMENTOS VII,8,745026C,07:00:00,10:00:00,50,3,7,3,3753,Ingeniería de Alimentos,9,17,1
1,Monday,T087,23,Sala De Sistemas 1	,3,1,Sede Principe,787,Sistemas operativos,4,750001C,10:00:00,13:00:00,51,3,2,1,3743,Ingeniería de Sistemas,5,2,2
3,Wednesday,T011,17,salon 10,3,1,Sede Principe,1148,Administración de proyectos,9,760017C,10:00:00,13:00:00,50,3,7,3,3753,Ingeniería de Alimentos,8,18,2
4,Thursday,T036,8,salon 1,3,1,Sede Principe,1035,SISTEMAS DIGITALES,3,710005C,18:20:00,21:20:00,50,3,30,12,2725,Tecnologia en Electronica Industrial,9,31,7
3,Wednesday,T091,17,salon 10,3,1,Sede Principe,786,Algebra Lineal,2,111038C,16:00:00,18:00:00,50,2,2,1,3743,Ingeniería de Sistemas,3,22,6
3,Wednesday,T051,11,salon 4,3,1,Sede Principe,966,COMPRENSIÓN Y PRODUCCIÓN DE TEXTOS ACADÉMICOS GENERALES,2,204133C,07:00:00,10:00:00,56,3,18,6,3841,Contaduría Publica,10,17,1
1,Monday,T230,21,salon 14,3,1,Sede Principe,965,Taller Instalaciones Electrónicas y de Comunicación,5,502029C,14:00:00,18:00:00,50,4,5,4,3554,Construccion,10,5,5
1,Monday,T026,6,Salon 6,2,1,Sede Villa Campestre,767,Inferencia Estadística,5,801150M,18:20:00,21:20:00,50,3,4,6,3841,Contaduría Publica,4,7,7
4,Thursday,T015,3,Salon 3,2,1,Sede Villa Campestre,1168,Procedimiento tributario,8,802086C,15:00:00,18:00:00,50,3,18,6,3841,Contaduría Publica,8,30,6
4,Thursday,T185,15,Sala de Sistemas 4,3,1,Sede Principe,459,Matemáticas Básicas,1,111023C,10:00:00,12:00:00,50,2,14,8,2724,Tecnología en Desarrollo de Software,9,27,3
2,Tuesday,T160,12,salon 5,3,1,Sede Principe,1012,Desarrollo de Software II,6,750021C,09:00:00,12:00:00,50,3,2,1,3743,Ingeniería de Sistemas,7,9,1
3,Wednesday,T073,24,Sala De Sistemas 2,3,1,Sede Principe,194,Matemática para finanzas,3,802013C,10:00:00,13:00:00,50,3,19,2,3845,Administracion de empresas,3,18,2
1,Monday,T081,21,salon 14,3,1,Sede Principe,322,Estructuras I,2,502014C,07:00:00,10:00:00,50,3,5,4,3554,Construccion,10,1,1
6,Saturday,T014,17,salon 10,3,1,Sede Principe,212,Legislación Laboral,6,801030M,15:00:00,18:00:00,51,3,1,2,3845,Administracion de empresas,3,46,6
3,Wednesday,T003,14,salon 7,3,1,Sede Principe,464,Matematicas discretas II,3,750005C,14:00:00,18:00:00,52,4,14,8,2724,Tecnología en Desarrollo de Software,7,21,5
2,Tuesday,T133,7,Sala De Sistemas 1,2,1,Sede Villa Campestre,860,Taller de Representación II - Representar las ideas,2,501003C,07:00:00,13:00:00,51,6,5,4,3554,Construccion,10,9,1
1,Monday,T118,2,Salon 2,2,1,Sede Villa Campestre,979,Fundamentos  de Nutrición,3,605017C,09:00:00,12:00:00,50,3,20,11,3643,Nutricion y dietetica,8,3,3
3,Wednesday,T045,15,Sala de Sistemas 4,3,1,Sede Principe,1005,Administración y gestión financiera,6,802051C,15:00:00,18:00:00,51,3,19,2,3845,Administracion de empresas,10,22,6
1,Monday,T184,16,salon 9,3,1,Sede Principe,1059,"Seminario en Constitución, Legislación y Ética de la profesión",7,730026C,10:00:00,13:00:00,51,3,2,1,3743,Ingeniería de Sistemas,7,2,2
2,Tuesday,T127,20,salon 13,3,1,Sede Principe,863,Construcción de Edificaciones III,4,502024C,14:00:00,17:00:00,50,3,5,4,3554,Construccion,5,13,5
1,Monday,T053,12,salon 5,3,1,Sede Principe,951,Cálculo Monovariable,2,111021C,20:20:00,22:20:00,51,2,30,12,2725,Tecnologia en Electronica Industrial,8,8,8
4,Thursday,T230,20,salon 13,3,1,Sede Principe,1243,TOPOGRAFÍA Y BIM,6,502062C,07:00:00,10:00:00,50,3,5,4,3554,Construccion,9,25,1
5,Friday,T031,11,salon 4,3,1,Sede Principe,240,Introducción Al Trabajo Social,1,207004M,10:00:00,13:00:00,51,3,6,5,3249,Trabajo social,5,34,2
3,Wednesday,T095,8,salon 1,3,1,Sede Principe,387,Introducción al derecho y constitución política ,1,801042C,10:00:00,13:00:00,51,3,18,6,3841,Contaduría Publica,5,18,2
4,Thursday,T152,12,salon 5,3,1,Sede Principe,842,Probabilidad y Estadistica,4,761001C,18:20:00,22:20:00,52,4,29,8,2724,Tecnología en Desarrollo de Software,7,31,7
5,Friday,T007,14,salon 7,3,1,Sede Principe,801,Matematicas Discretas I ,2,750004C,14:00:00,18:00:00,51,4,14,8,2724,Tecnología en Desarrollo de Software,10,37,5
6,Saturday,T007,23,Sala De Sistemas 1	,3,1,Sede Principe,793,Fundamentos de Programación Orientada a Eventos,3,750014C,15:00:00,18:00:00,52,3,29,8,2724,Tecnología en Desarrollo de Software,6,46,6
2,Tuesday,T212,20,salon 13,3,1,Sede Principe,1132,EPIDEMIOLOGÍA NUTRICIONAL,5,605023C,15:00:00,18:00:00,50,3,20,11,3643,Nutricion y dietetica,8,14,6
2,Tuesday,T028,12,salon 5,3,1,Sede Principe,418,Lectura de Textos Contables en Inglés II,4,204150M,18:20:00,21:20:00,50,3,4,6,3841,Contaduría Publica,3,15,7
2,Tuesday,T044,12,salon 5,3,1,Sede Principe,392,Legislación laboral,3,801099C,15:00:00,18:00:00,51,3,18,6,3841,Contaduría Publica,5,13,5
2,Tuesday,T098,12,salon 5,3,1,Sede Principe,1033,"Seminario en Constitución, Legislación y Ética de la profesión",3,730026C,18:20:00,21:20:00,52,3,30,12,2725,Tecnologia en Electronica Industrial,10,15,7
3,Wednesday,T079,5,Salon 5,2,1,Sede Villa Campestre,384,Fundamentos de contabilidad ,1,802004C,18:20:00,21:20:00,51,3,18,6,3841,Contaduría Publica,4,23,7
3,Wednesday,T013,13,salon 6,3,1,Sede Principe,411,Matemática para finanzas ,2,802013C,18:20:00,21:20:00,51,3,26,6,3841,Contaduría Publica,9,23,7
2,Tuesday,T160,19,salon 12,3,1,Sede Principe,931,Desarrollo de Software II,5,750021C,13:00:00,16:00:00,51,3,14,8,2724,Tecnología en Desarrollo de Software,7,12,4
4,Thursday,T061,26,Laboratorio de Alimentos,2,1,Sede Villa Campestre,1064,Talleres y laborat. Ingenieri Alimentos VI,8,745054M,07:00:00,13:00:00,51,6,7,3,3753,Ingeniería de Alimentos,7,25,1
1,Monday,T082,21,salon 14,3,1,Sede Principe,1068,Empaque para el Manejo de Alimentos,8,745031C,10:00:00,13:00:00,52,3,7,3,3753,Ingeniería de Alimentos,9,2,2
3,Wednesday,T176,24,Sala De Sistemas 2,3,1,Sede Principe,74,Fundamentos de  Programación Orientada a Objetos,2,750015C,07:00:00,10:00:00,50,3,2,1,3743,Ingeniería de Sistemas,7,17,1
6,Saturday,T048,7,Sala De Sistemas 1,2,1,Sede Villa Campestre,460,Taller Tecnológico I,1,701006C,07:00:00,10:00:00,52,3,14,8,2724,Tecnología en Desarrollo de Software,7,41,1
1,Monday,T105,16,salon 9,3,1,Sede Principe,467,Cálculo Monovariable,2,111021C,18:20:00,21:20:00,52,3,29,8,2724,Tecnología en Desarrollo de Software,3,7,7
1,Monday,T053,11,salon 4,3,1,Sede Principe,858,Matemáticas Básicas,1,111023C,18:20:00,20:20:00,51,2,30,12,2725,Tecnologia en Electronica Industrial,10,7,7
5,Friday,T096,20,salon 13,3,1,Sede Principe,1176,Gestión de la Cadena de Suministros,7,801163C,18:20:00,21:20:00,50,3,23,2,3845,Administracion de empresas,10,39,7
4,Thursday,T008,1,Salon 1,2,1,Sede Villa Campestre,134,Seminario de Proyecto de Grado,8,750097M,08:00:00,09:00:00,50,1,3,1,3743,Ingeniería de Sistemas,7,25,1
3,Wednesday,T068,21,salon 14,3,1,Sede Principe,1026,CONSERVACIÓN Y VIDA ÚTIL DE ALIMENTOS,7,745007C,07:00:00,10:00:00,50,3,7,3,3753,Ingeniería de Alimentos,8,17,1
6,Saturday,T126,13,salon 6,3,1,Sede Principe,322,Estructuras I,2,502014C,07:00:00,10:00:00,50,3,5,4,3554,Construccion,5,41,1
1,Monday,T053,13,salon 6,3,1,Sede Principe,858,Matemáticas Básicas,1,111023C,18:20:00,20:20:00,51,2,30,12,2725,Tecnologia en Electronica Industrial,8,8,8
5,Friday,T233,9,salon 2,3,1,Sede Principe,1222,Diseño de Contenido para Interfaces de Usuario,9,750040C,15:00:00,18:00:00,51,3,2,1,3743,Ingeniería de Sistemas,10,38,6
2,Tuesday,T133,20,salon 13,3,1,Sede Principe,860,Taller de Representación II - Representar las ideas,2,501003C,07:00:00,13:00:00,50,6,5,4,3554,Construccion,5,9,1
2,Tuesday,T144,26,Laboratorio de Alimentos,2,1,Sede Villa Campestre,891,Taller de Ingeniería V,6,745024C,10:00:00,13:00:00,51,3,7,3,3753,Ingeniería de Alimentos,7,10,2
1,Monday,T066,2,Salon 2,2,1,Sede Villa Campestre,810,"Humanismo, pensamiento administrativo y organizaciones",5,801126C,07:00:00,10:00:00,51,3,19,2,3845,Administracion de empresas,7,61,12
6,Saturday,T043,11,salon 4,3,1,Sede Principe,731,Macroeconomía y coyuntura,3,801069C,14:00:00,17:00:00,50,3,26,6,3841,Contaduría Publica,8,45,5
2,Tuesday,T070,14,salon 7,3,1,Sede Principe,923,COMPRENSIÓN Y PRODUCCIÓN DE TEXTOS ACADÉMICOS GENERALES,2,204133C,15:00:00,18:00:00,51,3,2,1,3743,Ingeniería de Sistemas,5,14,6
3,Wednesday,T108,14,salon 7,3,1,Sede Principe,115,Lectura de Textos Académicos en Inglés IV,4,204141M,16:00:00,18:00:00,50,2,3,1,3743,Ingeniería de Sistemas,3,22,6
6,Saturday,T011,14,salon 7,3,1,Sede Principe,711,Fundamentos de Economía y Comercio ,1,801002C,15:00:00,18:00:00,50,3,23,2,3845,Administracion de empresas,6,46,6
3,Wednesday,T036,9,salon 2,3,1,Sede Principe,857,Introducción a las Tecnologías,1,701005C,18:20:00,20:20:00,50,2,30,12,2725,Tecnologia en Electronica Industrial,7,23,7
6,Saturday,T102,24,Sala De Sistemas 2,3,1,Sede Principe,793,Fundamentos de Programación Orientada a Eventos,3,750014C,15:00:00,18:00:00,52,3,29,8,2724,Tecnología en Desarrollo de Software,10,46,6
6,Saturday,T094,24,Sala De Sistemas 2,3,1,Sede Principe,74,Fundamentos de  Programación Orientada a Objetos,2,750015C,07:00:00,10:00:00,53,3,2,1,3743,Ingeniería de Sistemas,4,41,1
4,Thursday,T011,12,salon 5,3,1,Sede Principe,741,Fundamentos de Economía y Comercio,2,801002C,15:00:00,18:00:00,51,3,18,6,3841,Contaduría Publica,6,30,6
3,Wednesday,T096,6,Salon 6,2,1,Sede Villa Campestre,774,Control de Gestión,9,802046M,18:20:00,21:20:00,51,3,4,6,3841,Contaduría Publica,4,23,7
3,Wednesday,T119,14,salon 7,3,1,Sede Principe,659,AEP V Gestión de la Inocuidad,9,745075M,18:20:00,21:20:00,50,3,16,3,3753,Ingeniería de Alimentos,4,23,7
6,Saturday,T111,14,salon 7,3,1,Sede Principe,188,Macroeconomía y Coyuntura ,2,801069C,17:00:00,20:00:00,51,3,23,2,3845,Administracion de empresas,7,46,6
2,Tuesday,T063,20,salon 13,3,1,Sede Principe,383,Introducción a la contaduría pública ,1,802008C,10:00:00,13:00:00,50,3,18,6,3841,Contaduría Publica,9,10,2
3,Wednesday,T090,12,salon 5,3,1,Sede Principe,403,Procesos de costos 2,7,802090M,15:00:00,18:00:00,50,3,28,6,3841,Contaduría Publica,5,22,6
2,Tuesday,T027,1,Salon 1,2,1,Sede Villa Campestre,262,Estrategias De Investigación,5,207022M,14:00:00,18:00:00,50,4,6,5,3249,Trabajo social,7,13,5
4,Thursday,T058,2,Salon 2,2,1,Sede Villa Campestre,1117,FAMILIA Y FARMACODEPENDENCIA,8,207026M,07:00:00,10:00:00,50,3,6,5,3249,Trabajo social,10,25,1
4,Thursday,T018,4,Salon 4,2,1,Sede Villa Campestre,513,Psicopatologia,4,207091M,14:00:00,17:00:00,50,3,6,5,3249,Trabajo social,4,29,5
5,Friday,T048,10,Sala de Sistemas 3,3,1,Sede Principe,65,Taller de Ingeniería I,1,701002C,15:00:00,18:00:00,53,3,2,1,3743,Ingeniería de Sistemas,4,38,6
1,Monday,T060,14,salon 7,3,1,Sede Principe,131,Teoría General de Sistemas,7,760081M,07:00:00,10:00:00,50,3,3,1,3743,Ingeniería de Sistemas,5,1,1
1,Monday,T016,17,salon 10,3,1,Sede Principe,551,Inglés con fines generales y académicos I,3,204025C,18:20:00,22:20:00,50,4,29,8,2724,Tecnología en Desarrollo de Software,8,8,8
2,Tuesday,T037,16,salon 9,3,1,Sede Principe,555,Ingeniería económica,4,760016C,14:00:00,17:00:00,50,3,14,8,2724,Tecnología en Desarrollo de Software,4,13,5
1,Monday,T042,9,salon 2,3,1,Sede Principe,451,Control Electrónico de Potencia,6,710104M,18:20:00,22:20:00,50,4,13,9,2710,Tecnología en Electronica,3,8,8
4,Thursday,T010,12,salon 5,3,1,Sede Principe,243,Desarrollo De La Personalidad I,1,207009M,07:00:00,10:00:00,50,3,6,5,3249,Trabajo social,5,25,1
3,Wednesday,T003,11,salon 4,3,1,Sede Principe,801,Matematicas Discretas I ,2,750004C,14:00:00,18:00:00,52,4,14,8,2724,Tecnología en Desarrollo de Software,6,21,5
4,Thursday,T005,23,Sala De Sistemas 1	,3,1,Sede Principe,558,Fundamentos de Programación Funcional y Concurrente,4,750013C,07:00:00,10:00:00,51,3,2,1,3743,Ingeniería de Sistemas,8,25,1
1,Monday,T053,9,salon 2,3,1,Sede Principe,858,Matemáticas Básicas,1,111023C,18:20:00,20:20:00,51,2,30,12,2725,Tecnologia en Electronica Industrial,7,7,7
5,Friday,T217,10,Sala de Sistemas 3,3,1,Sede Principe,1271,Inteligencia de negocios y analítica para la gestión,9,801157C,18:20:00,21:20:00,50,3,26,6,3841,Contaduría Publica,10,39,7
3,Wednesday,T041,18,salon 11,3,1,Sede Principe,1302,ESTRATEGIAS PARA EL APRENDIZAJE AUTÓNOMO,1,417016C,15:00:00,18:00:00,50,3,20,11,3643,Nutricion y dietetica,10,22,6
3,Wednesday,T012,5,Salon 5,2,1,Sede Villa Campestre,1092,GESTIÓN DE BIENES Y SERVICIOS,6,801133C,18:20:00,21:20:00,50,3,23,2,3845,Administracion de empresas,7,23,7
4,Thursday,T144,26,Laboratorio de Alimentos,2,1,Sede Villa Campestre,917,Taller de Ingeniería de Alimentos III,4,745022C,07:00:00,10:00:00,51,3,7,3,3753,Ingeniería de Alimentos,9,25,1
2,Tuesday,T005,16,salon 9,3,1,Sede Principe,878,Fundamentos de Interpretación y Compilación de LP,5,750017C,13:00:00,17:00:00,51,4,2,1,3743,Ingeniería de Sistemas,9,12,4
5,Friday,T048,24,Sala De Sistemas 2,3,1,Sede Principe,460,Taller Tecnológico I,1,701006C,10:00:00,13:00:00,51,3,14,8,2724,Tecnología en Desarrollo de Software,3,34,2
6,Saturday,T094,10,Sala de Sistemas 3,3,1,Sede Principe,74,Fundamentos de  Programación Orientada a Objetos,2,750015C,07:00:00,10:00:00,51,3,2,1,3743,Ingeniería de Sistemas,5,41,1
4,Thursday,T041,15,Sala de Sistemas 4,3,1,Sede Principe,253,Técnicas de Comunicación,3, 801007M,07:00:00,10:00:00,50,3,6,5,3249,Trabajo social,3,25,1
5,Friday,T076,16,salon 9,3,1,Sede Principe,539,Ecuaciones Diferenciales,4,111026C,10:00:00,13:00:00,50,3,2,1,3743,Ingeniería de Sistemas,7,34,2
1,Monday,T010,2,Salon 2,2,1,Sede Villa Campestre,738,HABILIDADES PARA LA VIDA: DESCUB. EL SER,1,603032C,18:20:00,21:20:00,51,3,26,6,3841,Contaduría Publica,8,7,7
6,Saturday,T019,15,Sala de Sistemas 4,3,1,Sede Principe,936,Simulación y Computación Numérica,5,750016C,07:00:00,11:00:00,50,4,2,1,3743,Ingeniería de Sistemas,7,41,1
2,Tuesday,T092,22,salon 15,3,1,Sede Principe,854,Niñez y Trabajo Social,7,207111M,14:00:00,17:00:00,50,3,6,5,3249,Trabajo social,7,13,5
1,Monday,T106,3,Salon 3,2,1,Sede Villa Campestre,1017,CONTROL E INSTRUMENTACIÓN DE LA INDUSTRIA ALIMENTARIA,5,710060C,10:00:00,13:00:00,50,3,7,3,3753,Ingeniería de Alimentos,6,2,2
4,Thursday,T025,3,Salon 3,2,1,Sede Villa Campestre,291,Cálculo Monovariable,2,111021C,07:00:00,09:00:00,52,2,7,3,3753,Ingeniería de Alimentos,5,25,1
5,Friday,T068,3,Salon 3,2,1,Sede Villa Campestre,884,Propiedades físicas de los alimentos,4,745014C,10:00:00,13:00:00,50,3,7,3,3753,Ingeniería de Alimentos,5,34,2
2,Tuesday,T001,3,Salon 3,2,1,Sede Villa Campestre,883,Análilsis y Diseño de Algoritmos I,5,750008C,09:00:00,13:00:00,51,4,2,1,3743,Ingeniería de Sistemas,5,11,3
3,Wednesday,T061,5,Salon 5,2,1,Sede Villa Campestre,1024,DISEÑO DE EXPERIMENTOS,7,761007C,07:00:00,10:00:00,50,3,7,3,3753,Ingeniería de Alimentos,10,17,1
1,Monday,T102,13,salon 6,3,1,Sede Principe,1008,Proyecto Integrador I (Proyecto Tecnológico),6,750018C,14:00:00,18:00:00,51,4,2,1,3743,Ingeniería de Sistemas,10,5,5
6,Saturday,T096,7,Sala De Sistemas 1,2,1,Sede Villa Campestre,406,Software y procesos contables,7,802099M,15:00:00,18:00:00,50,3,28,6,3841,Contaduría Publica,3,46,6
2,Tuesday,T047,10,Sala de Sistemas 3,3,1,Sede Principe,817,Inglés con fines generales y académicos II,4,204026C,18:20:00,22:20:00,55,4,23,2,3845,Administracion de empresas,9,16,8
2,Tuesday,T102,1,Salon 1,2,1,Sede Villa Campestre,560,Tecnicas de Prueba de Software,8,750105M,07:00:00,10:00:00,50,3,3,1,3743,Ingeniería de Sistemas,5,9,1
2,Tuesday,T063,4,Salon 4,2,1,Sede Villa Campestre,383,Introducción a la contaduría pública ,1,802008C,14:00:00,17:00:00,50,3,18,6,3841,Contaduría Publica,3,13,5
6,Saturday,T004,23,Sala De Sistemas 1	,3,1,Sede Principe,129,Introducción a la Inteligencia Artificial,7,750033M,07:00:00,11:00:00,50,4,3,1,3743,Ingeniería de Sistemas,3,41,1
2,Tuesday,T061,5,Salon 5,2,1,Sede Villa Campestre,1170,Introducción a la Experimentación Cientifica,1,106002C,08:00:00,10:00:00,50,2,33,13,3150,Agroindustria,8,9,1
2,Tuesday,T063,4,Salon 4,2,1,Sede Villa Campestre,807,Responsabilidad Social Empresarial y Sostenibilidad,5,801116C,14:00:00,17:00:00,50,3,19,2,3845,Administracion de empresas,5,13,5
1,Monday,T040,23,Sala De Sistemas 1	,3,1,Sede Principe,1255,TÉCNICAS DE PRUEBAS DE SOFTWARE,9,750105M,14:00:00,17:00:00,50,3,2,1,3743,Ingeniería de Sistemas,10,5,5
1,Monday,T006,5,Salon 5,2,1,Sede Villa Campestre,1009,ANÁLISIS Y DISEÑO DE ALGORITMOS II,6,750020C,07:00:00,10:00:00,50,3,2,1,3743,Ingeniería de Sistemas,9,1,1
2,Tuesday,T033,16,salon 9,3,1,Sede Principe,997,Gestión del Conocimiento e Innovación,5,801114C,18:20:00,21:20:00,50,3,23,2,3845,Administracion de empresas,8,15,7
3,Wednesday,T076,16,salon 9,3,1,Sede Principe,539,Ecuaciones Diferenciales,4,111026C,10:00:00,13:00:00,50,3,2,1,3743,Ingeniería de Sistemas,4,18,2
3,Wednesday,T094,10,Sala de Sistemas 3,3,1,Sede Principe,802,Fundamentos de  Programación Orientada a Objetos,2,750015C,07:00:00,10:00:00,54,3,14,8,2724,Tecnología en Desarrollo de Software,10,17,1
6,Saturday,T070,17,salon 10,3,1,Sede Principe,77,Comprensión y Producción de Textos Generales y Académicos,2,204402M,07:00:00,10:00:00,50,3,2,1,3743,Ingeniería de Sistemas,3,41,1
2,Tuesday,T093,6,Salon 6,2,1,Sede Villa Campestre,1072,PRESUPUESTOS,6,802049C,18:20:00,21:20:00,50,3,26,6,3841,Contaduría Publica,7,15,7
2,Tuesday,T244,21,salon 14,3,1,Sede Principe,521,Nucleo Salud Pública I,1,607001C,10:00:00,13:00:00,50,3,20,11,3643,Nutricion y dietetica,10,10,2
2,Tuesday,T004,13,salon 6,3,1,Sede Principe,1010,INTELIGENCIA ARTIFICIAL,6,750022C,07:00:00,11:00:00,50,4,2,1,3743,Ingeniería de Sistemas,8,9,1
4,Thursday,T041,14,salon 7,3,1,Sede Principe,697,Comprensión y Producción de Textos Académicos Generales,2,204402M,15:00:00,18:00:00,50,3,19,2,3845,Administracion de empresas,4,30,6
4,Thursday,T029,15,Sala de Sistemas 4,3,1,Sede Principe,1020,IMPACTOS AMBIENTALES,7,730078C,10:00:00,13:00:00,51,3,7,3,3753,Ingeniería de Alimentos,10,26,2
2,Tuesday,T120,16,salon 9,3,1,Sede Principe,624,Microbiología + Laboratorio,5,745011C,07:00:00,10:00:00,50,3,7,3,3753,Ingeniería de Alimentos,8,9,1
2,Tuesday,T074,5,Salon 5,2,1,Sede Villa Campestre,714,Proceso Administrativo ,1,801043C,18:20:00,21:20:00,51,3,23,2,3845,Administracion de empresas,8,15,7
4,Thursday,T086,3,Salon 3,2,1,Sede Villa Campestre,748,Contabilidad de los recursos y obligaciones de corto plazo,2,802014C,10:00:00,13:00:00,50,3,18,6,3841,Contaduría Publica,10,26,2
3,Wednesday,T007,24,Sala De Sistemas 2,3,1,Sede Principe,798,Fundamentos de Programación Imperativa,1,750012C,18:20:00,21:20:00,50,3,29,8,2724,Tecnología en Desarrollo de Software,6,24,8
3,Wednesday,T160,8,salon 1,3,1,Sede Principe,949,INTRODUCCIÓN A LA GESTIÓN DE PROYECTOS DE SOFTWARE,6,750031C,14:00:00,17:00:00,50,3,14,8,2724,Tecnología en Desarrollo de Software,6,21,5
6,Saturday,T009,25,Coliseo,2,1,Sede Villa Campestre,63,DEPORTE Y SALUD,1,404002C,07:00:00,10:00:00,50,3,2,1,3743,Ingeniería de Sistemas,7,41,1
2,Tuesday,T080,13,salon 6,3,1,Sede Principe,653,Ingeniería de plantas de productos alimenticios ,9,745056M ,14:00:00,18:00:00,50,4,16,3,3753,Ingeniería de Alimentos,4,13,5
2,Tuesday,T149,8,salon 1,3,1,Sede Principe,899,"Ética,Moral y Fe pública",9,802083M,07:00:00,10:00:00,50,3,28,6,3841,Contaduría Publica,7,9,1
3,Wednesday,T214,20,salon 13,3,1,Sede Principe,533,Taller Construcción de edificaciones  II,3,502018C,14:00:00,18:00:00,51,4,5,4,3554,Construccion,8,21,5
4,Thursday,T233,11,salon 4,3,1,Sede Principe,959,Diseño de Contenido para Interfaces de Usuario,6,750040C,15:00:00,18:00:00,50,3,14,8,2724,Tecnología en Desarrollo de Software,10,30,6
1,Monday,T195,2,Salon 2,2,1,Sede Villa Campestre,1042,TALLER DE INSTALACIONES HIDROSANITARIAS,6,502037C,14:00:00,18:00:00,50,4,5,4,3554,Construccion,7,5,5
2,Tuesday,T012,3,Salon 3,2,1,Sede Villa Campestre,689,Procesos de Fabricación de Bienes y Servicios,7,801183M,18:20:00,21:20:00,50,3,1,2,3845,Administracion de empresas,4,15,7
6,Saturday,T126,20,salon 13,3,1,Sede Principe,534,Estructuras II,3,502019C,11:00:00,14:00:00,50,3,5,4,3554,Construccion,6,42,2
4,Thursday,T054,14,salon 7,3,1,Sede Principe,809,Gestión del Conocimiento e Innovación,5,801114C,07:00:00,10:00:00,50,3,19,2,3845,Administracion de empresas,9,25,1
3,Wednesday,T118,2,Salon 2,2,1,Sede Villa Campestre,979,Fundamentos  de Nutrición,3,605017C,14:00:00,17:00:00,50,3,20,11,3643,Nutricion y dietetica,6,21,5
2,Tuesday,T116,12,salon 5,3,1,Sede Principe,240,Introducción Al Trabajo Social,1,207004M,14:00:00,17:00:00,51,3,6,5,3249,Trabajo social,3,13,5
5,Friday,T093,12,salon 5,3,1,Sede Principe,826,Informes financieros,4,802020C,18:20:00,21:20:00,50,3,26,6,3841,Contaduría Publica,5,39,7
4,Thursday,T120,26,Laboratorio de Alimentos,2,1,Sede Villa Campestre,624,Microbiología + Laboratorio,5,745011C,14:00:00,17:00:00,50,3,7,3,3753,Ingeniería de Alimentos,8,29,5
6,Saturday,T047,15,Sala de Sistemas 4,3,1,Sede Principe,200,Business English III,4,204073M,18:20:00,21:20:00,50,3,1,2,3845,Administracion de empresas,3,47,7
3,Wednesday,T036,13,salon 6,3,1,Sede Principe,857,Introducción a las Tecnologías,1,701005C,18:20:00,20:20:00,51,2,30,12,2725,Tecnologia en Electronica Industrial,8,23,7
3,Wednesday,T011,4,Salon 4,2,1,Sede Villa Campestre,892,Ingeniería económica,6,760016C,15:00:00,18:00:00,51,3,7,3,3753,Ingeniería de Alimentos,7,22,6
2,Tuesday,T021,4,Salon 4,2,1,Sede Villa Campestre,769,Resolución de Problemas y Toma de Decisiones,9,801154M,18:20:00,21:20:00,50,3,4,6,3841,Contaduría Publica,8,15,7
5,Friday,T006,23,Sala De Sistemas 1	,3,1,Sede Principe,460,Taller Tecnológico I,1,701006C,07:00:00,10:00:00,51,3,14,8,2724,Tecnología en Desarrollo de Software,7,33,1
5,Friday,T087,19,salon 12,3,1,Sede Principe,1262,Taller Tecnologico III,6,710026C,18:20:00,21:20:00,50,3,30,12,2725,Tecnologia en Electronica Industrial,10,39,7
1,Monday,T105,15,Sala de Sistemas 4,3,1,Sede Principe,72,Cálculo Monovariable,2,111021C,15:00:00,18:00:00,51,3,2,1,3743,Ingeniería de Sistemas,6,6,6
3,Wednesday,T064,18,salon 11,3,1,Sede Principe,1004,CREACIÓN E INTRODUCCIÓN DE PRODUCTOS,6,801143C,10:00:00,13:00:00,50,3,19,2,3845,Administracion de empresas,6,18,2
2,Tuesday,T013,5,Salon 5,2,1,Sede Villa Campestre,897,Evaluación financiera de proyectos,9,802010,15:00:00,18:00:00,50,3,28,6,3841,Contaduría Publica,7,14,6
4,Thursday,T086,15,Sala de Sistemas 4,3,1,Sede Principe,391,Contabilidad de los recursos y obligaciones de largo plazo y patrimonio,3,802015C,14:00:00,17:00:00,50,3,18,6,3841,Contaduría Publica,3,29,5
5,Friday,T030,18,salon 11,3,1,Sede Principe,766,Legislación Laboral,5,801030M,18:20:00,21:20:00,50,3,4,6,3841,Contaduría Publica,4,39,7
6,Saturday,T185,18,salon 11,3,1,Sede Principe,794,Matemáticas Básicas,1,111023C,15:00:00,18:00:00,50,3,29,8,2724,Tecnología en Desarrollo de Software,8,46,6
5,Friday,T024,14,salon 7,3,1,Sede Principe,409,Electiva Profesional IV: Fundamentos de Contabilidad Internacional,7,802111M,15:00:00,18:00:00,50,3,28,6,3841,Contaduría Publica,5,38,6
3,Wednesday,T185,15,Sala de Sistemas 4,3,1,Sede Principe,467,Cálculo Monovariable,2,111021C,18:20:00,20:20:00,50,2,29,8,2724,Tecnología en Desarrollo de Software,9,23,7
5,Friday,T064,18,salon 11,3,1,Sede Principe,813,Mercadeo,4,801111C,18:20:00,21:20:00,50,3,23,2,3845,Administracion de empresas,7,39,7
5,Friday,T131,26,Laboratorio de Alimentos,2,1,Sede Villa Campestre,616,QuÍmica general + Laboratorio,1,116017C,14:00:00,17:00:00,51,3,7,3,3753,Ingeniería de Alimentos,6,36,4
5,Friday,T203,6,Salon 6,2,1,Sede Villa Campestre,1181,Creación de Empresas,8,801186C,14:00:00,17:00:00,50,3,19,2,3845,Administracion de empresas,8,37,5
5,Friday,T237,1,Salon 1,2,1,Sede Villa Campestre,1204,BIOLOGÍA GENERAL,2,102052C,08:00:00,12:00:00,50,4,33,13,3150,Agroindustria,9,33,1
1,Monday,T184,20,salon 13,3,1,Sede Principe,484,Introducción al Derecho y Constitucion política,2,801042C,14:00:00,17:00:00,50,3,5,4,3554,Construccion,10,5,5
2,Tuesday,T058,2,Salon 2,2,1,Sede Villa Campestre,497,Historia del Trabajo Social,2,207007M,08:00:00,11:00:00,50,3,6,5,3249,Trabajo social,4,9,1
6,Saturday,T019,17,salon 10,3,1,Sede Principe,880,Simulación y Computación Numérica,5,750016C,07:00:00,11:00:00,51,4,2,1,3743,Ingeniería de Sistemas,5,41,1
1,Monday,T057,13,salon 6,3,1,Sede Principe,855,Inserción a la Vida Universitaria,1,701001C,20:20:00,22:20:00,51,2,30,12,2725,Tecnologia en Electronica Industrial,8,8,8
4,Thursday,T025,11,salon 4,3,1,Sede Principe,1185,MATEMÁTICA FUNDAMENTAL,1,111001C,07:00:00,10:00:00,50,3,33,13,3150,Agroindustria,8,25,1
2,Tuesday,T005,23,Sala De Sistemas 1	,3,1,Sede Principe,558,Fundamentos de Programación Funcional y Concurrente,4,750013C,07:00:00,10:00:00,50,3,2,1,3743,Ingeniería de Sistemas,4,9,1
1,Monday,T057,11,salon 4,3,1,Sede Principe,855,Inserción a la Vida Universitaria,1,701001C,20:20:00,22:20:00,51,2,30,12,2725,Tecnologia en Electronica Industrial,10,7,7
5,Friday,T176,11,salon 4,3,1,Sede Principe,959,Diseño de Contenido para Interfaces de Usuario,6,750040C,15:00:00,18:00:00,50,3,14,8,2724,Tecnología en Desarrollo de Software,8,38,6
2,Tuesday,T048,11,salon 4,3,1,Sede Principe,132,INTELIGENCIA ARTIFICIAL,8,750022C,07:00:00,10:00:00,50,3,3,1,3743,Ingeniería de Sistemas,3,9,1
2,Tuesday,T013,12,salon 5,3,1,Sede Principe,897,Evaluación financiera de proyectos,9,802010,10:00:00,13:00:00,50,3,28,6,3841,Contaduría Publica,5,10,2
1,Monday,T070,11,salon 4,3,1,Sede Principe,245,Comprensión y Producción de Textos Académicos,1,204161M,15:00:00,18:00:00,50,3,6,5,3249,Trabajo social,9,6,6
3,Wednesday,T170,13,salon 6,3,1,Sede Principe,904,Inglés con fines generales y académicos III,5,204027C,14:00:00,18:00:00,52,4,18,6,3841,Contaduría Publica,9,21,5
2,Tuesday,T006,15,Sala de Sistemas 4,3,1,Sede Principe,952,Taller Tecnológico I,2,701006C,18:20:00,21:20:00,52,3,30,12,2725,Tecnologia en Electronica Industrial,10,15,7
2,Tuesday,T219,5,Salon 5,2,1,Sede Villa Campestre,505,Comunidad y Organizaciones II,6,207033M,08:00:00,12:00:00,50,4,6,5,3249,Trabajo social,10,9,1
4,Thursday,T018,2,Salon 2,2,1,Sede Villa Campestre,501,Desarrollo de la Personalidad II,2,207014M,10:00:00,13:00:00,50,3,6,5,3249,Trabajo social,10,26,2
3,Wednesday,T234,23,Sala De Sistemas 1	,3,1,Sede Principe,798,Fundamentos de Programación Imperativa,1,750012C,18:20:00,21:20:00,50,3,29,8,2724,Tecnología en Desarrollo de Software,10,23,7
1,Monday,T238,2,Salon 2,2,1,Sede Villa Campestre,1213,PRINCIPIOS NUTRIGENÉTICA Y NUTRIGENÓMICA,6,605031C,09:00:00,13:00:00,50,4,20,11,3643,Nutricion y dietetica,9,3,3
5,Friday,T149,16,salon 9,3,1,Sede Principe,428,Control y auditoría,8,802093M,18:20:00,21:20:00,50,3,4,6,3841,Contaduría Publica,7,39,7
3,Wednesday,T058,3,Salon 3,2,1,Sede Villa Campestre,1117,FAMILIA Y FARMACODEPENDENCIA,8,207026M,10:00:00,13:00:00,50,3,6,5,3249,Trabajo social,8,18,2
2,Tuesday,T174,17,salon 10,3,1,Sede Principe,1044,CONSTRUCCIÓN DE INFRAESTRUCTURA URBANA II,6,502033C,07:00:00,10:00:00,50,3,5,4,3554,Construccion,9,9,1
1,Monday,T019,17,salon 10,3,1,Sede Principe,712,Cálculo ,1,801003C,18:20:00,21:20:00,50,3,23,2,3845,Administracion de empresas,6,7,7
5,Friday,T182,17,salon 10,3,1,Sede Principe,619,Electiva Complementaria II: Taller de Apreciación teatral ,3,504037C,09:00:00,12:00:00,50,3,7,3,3753,Ingeniería de Alimentos,6,35,3
5,Friday,T038,10,Sala de Sistemas 3,3,1,Sede Principe,692,Gerencia de Ventas,9,801073M,18:20:00,21:20:00,52,3,1,2,3845,Administracion de empresas,8,39,7
5,Friday,T051,13,salon 6,3,1,Sede Principe,435,Metodología de Investigación Contable,10,802042M,18:20:00,21:20:00,51,3,4,6,3841,Contaduría Publica,5,39,7
4,Thursday,T181,10,Sala de Sistemas 3,3,1,Sede Principe,876,Desarrollo de aplicaciones para Dispositivos Móviles,9,750124M,08:00:00,11:00:00,50,3,3,1,3743,Ingeniería de Sistemas,7,25,1
1,Monday,T010,2,Salon 2,2,1,Sede Villa Campestre,1071,"Género, Pluralidad y Diversidades",4,620014C,18:20:00,21:20:00,50,3,26,6,3841,Contaduría Publica,7,7,7
3,Wednesday,T198,6,Salon 6,2,1,Sede Villa Campestre,903,Contabilidades especiales I,5,802029C,15:00:00,18:00:00,50,3,18,6,3841,Contaduría Publica,7,22,6
3,Wednesday,T062,5,Salon 5,2,1,Sede Villa Campestre,988,PRESUPUESTOS,6,802049C,10:00:00,13:00:00,50,3,18,6,3841,Contaduría Publica,8,18,2
5,Friday,T031,11,salon 4,3,1,Sede Principe,240,Introducción Al Trabajo Social,1,207004M,07:00:00,10:00:00,50,3,6,5,3249,Trabajo social,5,33,1
2,Tuesday,T110,21,salon 14,3,1,Sede Principe,502,Política y Problemática Social,6,207021M,14:00:00,18:00:00,50,4,6,5,3249,Trabajo social,6,13,5
2,Tuesday,T216,20,salon 13,3,1,Sede Principe,1197,Diseño de procesos de producción,8,502035C,07:00:00,10:00:00,50,3,5,4,3554,Construccion,9,9,1
6,Saturday,T043,24,Sala De Sistemas 2,3,1,Sede Principe,720,Estadística I para las Ciencias de la Administración,3,801083C,14:00:00,17:00:00,50,3,23,2,3845,Administracion de empresas,6,45,5
6,Saturday,T034,10,Sala de Sistemas 3,3,1,Sede Principe,814,Modelos y Simulación de datos para las organizaciones,4,801105C,14:00:00,17:00:00,50,3,23,2,3845,Administracion de empresas,5,45,5
2,Tuesday,T017,27,Laboratorio de Electronica,2,1,Sede Villa Campestre,483,Fisica + Laboratorio,3,106012C,14:00:00,17:00:00,54,3,2,1,3743,Ingeniería de Sistemas,7,13,5
2,Tuesday,T170,10,Sala de Sistemas 3,3,1,Sede Principe,395,Inglés con fines generales y académicos I,3,204025C,14:00:00,18:00:00,56,4,18,6,3841,Contaduría Publica,9,13,5
1,Monday,T053,16,salon 9,3,1,Sede Principe,951,Cálculo Monovariable,2,111021C,20:20:00,22:20:00,50,2,30,12,2725,Tecnologia en Electronica Industrial,6,8,8
2,Tuesday,T144,9,salon 2,3,1,Sede Principe,884,Propiedades físicas de los alimentos,4,745014C,14:00:00,17:00:00,50,3,7,3,3753,Ingeniería de Alimentos,7,13,5
2,Tuesday,T076,15,Sala de Sistemas 4,3,1,Sede Principe,72,Cálculo Monovariable,2,111021C,09:00:00,12:00:00,50,3,2,1,3743,Ingeniería de Sistemas,4,11,3
2,Tuesday,T062,6,Salon 6,2,1,Sede Villa Campestre,412,Contabilidad de los recursos y obligaciones de corto plazo,2,802014C,18:20:00,21:20:00,50,3,26,6,3841,Contaduría Publica,9,15,7
3,Wednesday,T012,4,Salon 4,2,1,Sede Villa Campestre,695,Gerencia de la Calidad,9,801185M,18:20:00,21:20:00,50,3,1,2,3845,Administracion de empresas,4,23,7
4,Thursday,T069,8,salon 1,3,1,Sede Principe,512,Estadística Social II,6,207087M,14:00:00,17:00:00,50,3,6,5,3249,Trabajo social,8,29,5
1,Monday,T185,15,Sala de Sistemas 4,3,1,Sede Principe,467,Cálculo Monovariable,2,111021C,18:20:00,21:20:00,50,3,29,8,2724,Tecnología en Desarrollo de Software,9,7,7
