id_university_subject,name,full_name,code,hours,enableable,validable,credits,semesters,id_university_type_subject,id_university_qualification_type,id_authorization_program,id_university_deparment,id_program,description,status,file_name,university_type_subject,university_qualification_type,authorization_programs,university_department,program
493,LECTURA DE TEXTOS ACADEMICOS EN INGLES III,LECTURA DE TEXTOS ACADEMICOS EN INGLES III,204140M,05:00:00,True,True,3,4,1,1,2,1,1,LECTURA DE TEXTOS ACADEMICOS EN INGLES III,True,,"{'id_university_type_subject': 1, 'type': 'Profesional', 'status': True}","{'id_university_qualification_type': 1, 'description': 'Numerica', 'status': True}","{'id_authorization_program': 2, 'resolution_number': '047', 'status': True, 'created_at': '2022-12-17 19:03:33', 'updated_at': '2022-12-17 19:03:33', 'id_program': 1, 'id_user': 1}","{'id_university_deparment': 1, 'id_faculty': 7, 'description': 'Escuela de Ingeniería Industrial', 'status': True}","{'id_program': 1, 'full_name': 'Ingeniería de Sistemas'}"
494,Trabajo de Grado,Trabajo de Grado,207479,03:00:00,True,True,3,9,1,1,6,2,5,Trabajo de Grado,True,,"{'id_university_type_subject': 1, 'type': 'Profesional', 'status': True}","{'id_university_qualification_type': 1, 'description': 'Numerica', 'status': True}","{'id_authorization_program': 6, 'resolution_number': '011', 'status': True, 'created_at': '2023-01-16 13:57:22', 'updated_at': '2023-01-16 13:57:22', 'id_program': 5, 'id_user': 1}","{'id_university_deparment': 2, 'id_faculty': 7, 'description': 'Escuela de Ingeniería de Sistemas y computación', 'status': True}","{'id_program': 5, 'full_name': 'Trabajo social'}"
496,Problemas Colombianos,Problemas Colombianos,207005M,03:00:00,True,True,3,2,1,1,6,2,5,Problemas Colombianos,True,,"{'id_university_type_subject': 1, 'type': 'Profesional', 'status': True}","{'id_university_qualification_type': 1, 'description': 'Numerica', 'status': True}","{'id_authorization_program': 6, 'resolution_number': '011', 'status': True, 'created_at': '2023-01-16 13:57:22', 'updated_at': '2023-01-16 13:57:22', 'id_program': 5, 'id_user': 1}","{'id_university_deparment': 2, 'id_faculty': 7, 'description': 'Escuela de Ingeniería de Sistemas y computación', 'status': True}","{'id_program': 5, 'full_name': 'Trabajo social'}"
497,Historia del Trabajo Social,Historia del Trabajo Social,207007M,03:00:00,True,True,3,2,1,1,6,2,5,Historia del Trabajo Social,True,,"{'id_university_type_subject': 1, 'type': 'Profesional', 'status': True}","{'id_university_qualification_type': 1, 'description': 'Numerica', 'status': True}","{'id_authorization_program': 6, 'resolution_number': '011', 'status': True, 'created_at': '2023-01-16 13:57:22', 'updated_at': '2023-01-16 13:57:22', 'id_program': 5, 'id_user': 1}","{'id_university_deparment': 2, 'id_faculty': 7, 'description': 'Escuela de Ingeniería de Sistemas y computación', 'status': True}","{'id_program': 5, 'full_name': 'Trabajo social'}"
500,Metodologia de Trabajo con Grupo I,Metodologia de Trabajo con Grupo I,207013M,04:00:00,True,True,3,4,1,1,6,2,5,Metodologia de Trabajo con Grupo I,True,,"{'id_university_type_subject': 1, 'type': 'Profesional', 'status': True}","{'id_university_qualification_type': 1, 'description': 'Numerica', 'status': True}","{'id_authorization_program': 6, 'resolution_number': '011', 'status': True, 'created_at': '2023-01-16 13:57:22', 'updated_at': '2023-01-16 13:57:22', 'id_program': 5, 'id_user': 1}","{'id_university_deparment': 2, 'id_faculty': 7, 'description': 'Escuela de Ingeniería de Sistemas y computación', 'status': True}","{'id_program': 5, 'full_name': 'Trabajo social'}"
501,Desarrollo de la Personalidad II,Desarrollo de la Personalidad II,207014M,03:00:00,True,True,3,2,1,1,6,2,5,Desarrollo de la Personalidad II,True,,"{'id_university_type_subject': 1, 'type': 'Profesional', 'status': True}","{'id_university_qualification_type': 1, 'description': 'Numerica', 'status': True}","{'id_authorization_program': 6, 'resolution_number': '011', 'status': True, 'created_at': '2023-01-16 13:57:22', 'updated_at': '2023-01-16 13:57:22', 'id_program': 5, 'id_user': 1}","{'id_university_deparment': 2, 'id_faculty': 7, 'description': 'Escuela de Ingeniería de Sistemas y computación', 'status': True}","{'id_program': 5, 'full_name': 'Trabajo social'}"
197,Sociología de la Organizaciones,Sociología de la Organizaciones,801190M,03:00:00,True,True,3,4,1,1,1,2,2,Sociología de la Organizaciones,True,,"{'id_university_type_subject': 1, 'type': 'Profesional', 'status': True}","{'id_university_qualification_type': 1, 'description': 'Numerica', 'status': True}","{'id_authorization_program': 1, 'resolution_number': '038-NOC', 'status': True, 'created_at': '2023-01-16 13:32:45', 'updated_at': '2023-01-16 13:32:45', 'id_program': 2, 'id_user': 1}","{'id_university_deparment': 2, 'id_faculty': 7, 'description': 'Escuela de Ingeniería de Sistemas y computación', 'status': True}","{'id_program': 2, 'full_name': 'Administracion de empresas'}"
198,Estadística II,Estadística II,801031M,03:00:00,True,True,3,4,1,1,1,2,2,Estadística II,True,,"{'id_university_type_subject': 1, 'type': 'Profesional', 'status': True}","{'id_university_qualification_type': 1, 'description': 'Numerica', 'status': True}","{'id_authorization_program': 1, 'resolution_number': '038-NOC', 'status': True, 'created_at': '2023-01-16 13:32:45', 'updated_at': '2023-01-16 13:32:45', 'id_program': 2, 'id_user': 1}","{'id_university_deparment': 2, 'id_faculty': 7, 'description': 'Escuela de Ingeniería de Sistemas y computación', 'status': True}","{'id_program': 2, 'full_name': 'Administracion de empresas'}"
199,Liderazgo Empresarial,Liderazgo Empresarial,801172M,03:00:00,True,True,3,4,1,1,1,2,2,Liderazgo Empresarial,True,,"{'id_university_type_subject': 1, 'type': 'Profesional', 'status': True}","{'id_university_qualification_type': 1, 'description': 'Numerica', 'status': True}","{'id_authorization_program': 1, 'resolution_number': '038-NOC', 'status': True, 'created_at': '2023-01-16 13:32:45', 'updated_at': '2023-01-16 13:32:45', 'id_program': 2, 'id_user': 1}","{'id_university_deparment': 2, 'id_faculty': 7, 'description': 'Escuela de Ingeniería de Sistemas y computación', 'status': True}","{'id_program': 2, 'full_name': 'Administracion de empresas'}"
200,Business English III,Business English III,204073M,03:00:00,True,True,3,4,1,1,1,2,2,Business English III,True,,"{'id_university_type_subject': 1, 'type': 'Profesional', 'status': True}","{'id_university_qualification_type': 1, 'description': 'Numerica', 'status': True}","{'id_authorization_program': 1, 'resolution_number': '038-NOC', 'status': True, 'created_at': '2023-01-16 13:32:45', 'updated_at': '2023-01-16 13:32:45', 'id_program': 2, 'id_user': 1}","{'id_university_deparment': 2, 'id_faculty': 7, 'description': 'Escuela de Ingeniería de Sistemas y computación', 'status': True}","{'id_program': 2, 'full_name': 'Administracion de empresas'}"
201,Microeconomía,Microeconomía,801044M,03:00:00,True,True,3,4,1,1,1,2,2,Microeconomía,True,,"{'id_university_type_subject': 1, 'type': 'Profesional', 'status': True}","{'id_university_qualification_type': 1, 'description': 'Numerica', 'status': True}","{'id_authorization_program': 1, 'resolution_number': '038-NOC', 'status': True, 'created_at': '2023-01-16 13:32:45', 'updated_at': '2023-01-16 13:32:45', 'id_program': 2, 'id_user': 1}","{'id_university_deparment': 2, 'id_faculty': 7, 'description': 'Escuela de Ingeniería de Sistemas y computación', 'status': True}","{'id_program': 2, 'full_name': 'Administracion de empresas'}"
202,Entorno Organizacional,Entorno Organizacional,801059M,03:00:00,True,True,3,4,1,1,1,2,2,Entorno Organizacional,True,,"{'id_university_type_subject': 1, 'type': 'Profesional', 'status': True}","{'id_university_qualification_type': 1, 'description': 'Numerica', 'status': True}","{'id_authorization_program': 1, 'resolution_number': '038-NOC', 'status': True, 'created_at': '2023-01-16 13:32:45', 'updated_at': '2023-01-16 13:32:45', 'id_program': 2, 'id_user': 1}","{'id_university_deparment': 2, 'id_faculty': 7, 'description': 'Escuela de Ingeniería de Sistemas y computación', 'status': True}","{'id_program': 2, 'full_name': 'Administracion de empresas'}"
504,Teoria Sociológica I,Teoria Sociológica I,207032M,03:00:00,True,True,3,2,1,1,6,2,5,Teoria Sociológica I,True,,"{'id_university_type_subject': 1, 'type': 'Profesional', 'status': True}","{'id_university_qualification_type': 1, 'description': 'Numerica', 'status': True}","{'id_authorization_program': 6, 'resolution_number': '011', 'status': True, 'created_at': '2023-01-16 13:57:22', 'updated_at': '2023-01-16 13:57:22', 'id_program': 5, 'id_user': 1}","{'id_university_deparment': 2, 'id_faculty': 7, 'description': 'Escuela de Ingeniería de Sistemas y computación', 'status': True}","{'id_program': 5, 'full_name': 'Trabajo social'}"
505,Comunidad y Organizaciones II,Comunidad y Organizaciones II,207033M,04:00:00,True,True,3,6,1,1,6,2,5,Comunidad y Organizaciones II,True,,"{'id_university_type_subject': 1, 'type': 'Profesional', 'status': True}","{'id_university_qualification_type': 1, 'description': 'Numerica', 'status': True}","{'id_authorization_program': 6, 'resolution_number': '011', 'status': True, 'created_at': '2023-01-16 13:57:22', 'updated_at': '2023-01-16 13:57:22', 'id_program': 5, 'id_user': 1}","{'id_university_deparment': 2, 'id_faculty': 7, 'description': 'Escuela de Ingeniería de Sistemas y computación', 'status': True}","{'id_program': 5, 'full_name': 'Trabajo social'}"
506,Diseño Etnografico,Diseño Etnografico,207028M,04:00:00,True,True,3,6,1,1,6,2,5,Diseño Etnografico,True,,"{'id_university_type_subject': 1, 'type': 'Profesional', 'status': True}","{'id_university_qualification_type': 1, 'description': 'Numerica', 'status': True}","{'id_authorization_program': 6, 'resolution_number': '011', 'status': True, 'created_at': '2023-01-16 13:57:22', 'updated_at': '2023-01-16 13:57:22', 'id_program': 5, 'id_user': 1}","{'id_university_deparment': 2, 'id_faculty': 7, 'description': 'Escuela de Ingeniería de Sistemas y computación', 'status': True}","{'id_program': 5, 'full_name': 'Trabajo social'}"
507,Trabajo Social Laboral,Trabajo Social Laboral,207039M,03:00:00,True,True,3,9,1,1,6,2,5,Trabajo Social Laboral,True,,"{'id_university_type_subject': 1, 'type': 'Profesional', 'status': True}","{'id_university_qualification_type': 1, 'description': 'Numerica', 'status': True}","{'id_authorization_program': 6, 'resolution_number': '011', 'status': True, 'created_at': '2023-01-16 13:57:22', 'updated_at': '2023-01-16 13:57:22', 'id_program': 5, 'id_user': 1}","{'id_university_deparment': 2, 'id_faculty': 7, 'description': 'Escuela de Ingeniería de Sistemas y computación', 'status': True}","{'id_program': 5, 'full_name': 'Trabajo social'}"
176,Cálculo ,Cálculo ,801003C,03:00:00,True,True,3,1,1,1,19,2,2,Cálculo ,True,,"{'id_university_type_subject': 1, 'type': 'Profesional', 'status': True}","{'id_university_qualification_type': 1, 'description': 'Numerica', 'status': True}","{'id_authorization_program': 19, 'resolution_number': '246-DIU', 'status': True, 'created_at': '2023-02-15 02:05:28', 'updated_at': '2023-02-15 02:05:28', 'id_program': 2, 'id_user': 1}","{'id_university_deparment': 2, 'id_faculty': 7, 'description': 'Escuela de Ingeniería de Sistemas y computación', 'status': True}","{'id_program': 2, 'full_name': 'Administracion de empresas'}"
508,Prática II,Prática II,207044M,02:00:00,True,True,3,9,1,1,6,2,5,Prática II,True,,"{'id_university_type_subject': 1, 'type': 'Profesional', 'status': True}","{'id_university_qualification_type': 1, 'description': 'Numerica', 'status': True}","{'id_authorization_program': 6, 'resolution_number': '011', 'status': True, 'created_at': '2023-01-16 13:57:22', 'updated_at': '2023-01-16 13:57:22', 'id_program': 5, 'id_user': 1}","{'id_university_deparment': 2, 'id_faculty': 7, 'description': 'Escuela de Ingeniería de Sistemas y computación', 'status': True}","{'id_program': 5, 'full_name': 'Trabajo social'}"
528,Taller de Representación  I,Taller de Representación  I,501002C,06:00:00,True,True,3,1,1,1,5,2,4,Taller de Representación  I,True,,"{'id_university_type_subject': 1, 'type': 'Profesional', 'status': True}","{'id_university_qualification_type': 1, 'description': 'Numerica', 'status': True}","{'id_authorization_program': 5, 'resolution_number': '128', 'status': True, 'created_at': '2023-01-16 13:56:28', 'updated_at': '2023-01-16 13:56:28', 'id_program': 4, 'id_user': 1}","{'id_university_deparment': 2, 'id_faculty': 7, 'description': 'Escuela de Ingeniería de Sistemas y computación', 'status': True}","{'id_program': 4, 'full_name': 'Construccion'}"
186,Diseño Organizacional ,Diseño Organizacional ,801079C,03:00:00,True,True,3,2,1,1,23,2,2,Diseño Organizacional ,True,,"{'id_university_type_subject': 1, 'type': 'Profesional', 'status': True}","{'id_university_qualification_type': 1, 'description': 'Numerica', 'status': True}","{'id_authorization_program': 23, 'resolution_number': '246-NOC', 'status': True, 'created_at': '2023-08-05 01:03:25', 'updated_at': '2023-08-05 01:03:25', 'id_program': 2, 'id_user': 1}","{'id_university_deparment': 2, 'id_faculty': 7, 'description': 'Escuela de Ingeniería de Sistemas y computación', 'status': True}","{'id_program': 2, 'full_name': 'Administracion de empresas'}"
187,Comprensión y producción de textos académicos generales ,Comprensión y producción de textos académicos generales ,204402M,03:00:00,True,True,3,2,1,1,23,2,2,Comprensión y producción de textos académicos generales ,True,,"{'id_university_type_subject': 1, 'type': 'Profesional', 'status': True}","{'id_university_qualification_type': 1, 'description': 'Numerica', 'status': True}","{'id_authorization_program': 23, 'resolution_number': '246-NOC', 'status': True, 'created_at': '2023-08-05 01:03:25', 'updated_at': '2023-08-05 01:03:25', 'id_program': 2, 'id_user': 1}","{'id_university_deparment': 2, 'id_faculty': 7, 'description': 'Escuela de Ingeniería de Sistemas y computación', 'status': True}","{'id_program': 2, 'full_name': 'Administracion de empresas'}"
188,Macroeconomía y Coyuntura ,Macroeconomía y Coyuntura ,801069C,03:00:00,True,True,3,2,1,1,23,2,2,Macroeconomía y Coyuntura ,True,,"{'id_university_type_subject': 1, 'type': 'Profesional', 'status': True}","{'id_university_qualification_type': 1, 'description': 'Numerica', 'status': True}","{'id_authorization_program': 23, 'resolution_number': '246-NOC', 'status': True, 'created_at': '2023-08-05 01:03:25', 'updated_at': '2023-08-05 01:03:25', 'id_program': 2, 'id_user': 1}","{'id_university_deparment': 2, 'id_faculty': 7, 'description': 'Escuela de Ingeniería de Sistemas y computación', 'status': True}","{'id_program': 2, 'full_name': 'Administracion de empresas'}"
189,"Habilidades para la Vida: Descubriendo el Potencial del ser Emocional, Afectivo, Cognitivo y Social","Habilidades para la Vida: Descubriendo el Potencial del ser Emocional, Afectivo, Cognitivo y Social",999060M,03:00:00,True,True,3,2,1,1,23,2,2,"Habilidades para la Vida: Descubriendo el Potencial del ser Emocional, Afectivo, Cognitivo y Social",True,,"{'id_university_type_subject': 1, 'type': 'Profesional', 'status': True}","{'id_university_qualification_type': 1, 'description': 'Numerica', 'status': True}","{'id_authorization_program': 23, 'resolution_number': '246-NOC', 'status': True, 'created_at': '2023-08-05 01:03:25', 'updated_at': '2023-08-05 01:03:25', 'id_program': 2, 'id_user': 1}","{'id_university_deparment': 2, 'id_faculty': 7, 'description': 'Escuela de Ingeniería de Sistemas y computación', 'status': True}","{'id_program': 2, 'full_name': 'Administracion de empresas'}"
183,Álgebra lineal ,Álgebra lineal ,801017C,03:00:00,True,True,3,2,1,1,23,2,2,Álgebra lineal ,True,,"{'id_university_type_subject': 1, 'type': 'Profesional', 'status': True}","{'id_university_qualification_type': 1, 'description': 'Numerica', 'status': True}","{'id_authorization_program': 23, 'resolution_number': '246-NOC', 'status': True, 'created_at': '2023-08-05 01:03:25', 'updated_at': '2023-08-05 01:03:25', 'id_program': 2, 'id_user': 1}","{'id_university_deparment': 2, 'id_faculty': 7, 'description': 'Escuela de Ingeniería de Sistemas y computación', 'status': True}","{'id_program': 2, 'full_name': 'Administracion de empresas'}"
495,Lectura de Textos Académicos en Inglés I,Lectura de Textos Académicos en Inglés I,204101M,05:00:00,True,True,3,4,1,1,6,2,5,Lectura de Textos Académicos en Inglés I,True,,"{'id_university_type_subject': 1, 'type': 'Profesional', 'status': True}","{'id_university_qualification_type': 1, 'description': 'Numerica', 'status': True}","{'id_authorization_program': 6, 'resolution_number': '011', 'status': True, 'created_at': '2023-01-16 13:57:22', 'updated_at': '2023-01-16 13:57:22', 'id_program': 5, 'id_user': 1}","{'id_university_deparment': 2, 'id_faculty': 7, 'description': 'Escuela de Ingeniería de Sistemas y computación', 'status': True}","{'id_program': 5, 'full_name': 'Trabajo social'}"
185,Ciencias humanas,Ciencias humanas,801078C,03:00:00,True,True,3,2,1,1,23,2,2,Ciencias humanas,True,,"{'id_university_type_subject': 1, 'type': 'Profesional', 'status': True}","{'id_university_qualification_type': 1, 'description': 'Numerica', 'status': True}","{'id_authorization_program': 23, 'resolution_number': '246-NOC', 'status': True, 'created_at': '2023-08-05 01:03:25', 'updated_at': '2023-08-05 01:03:25', 'id_program': 2, 'id_user': 1}","{'id_university_deparment': 2, 'id_faculty': 7, 'description': 'Escuela de Ingeniería de Sistemas y computación', 'status': True}","{'id_program': 2, 'full_name': 'Administracion de empresas'}"
786,Algebra Lineal,Algebra Lineal,111038C,05:00:00,True,True,3,2,2,1,2,2,1,Algebra Lineal,True,,"{'id_university_type_subject': 2, 'type': 'Basica', 'status': True}","{'id_university_qualification_type': 1, 'description': 'Numerica', 'status': True}","{'id_authorization_program': 2, 'resolution_number': '047', 'status': True, 'created_at': '2022-12-17 19:03:33', 'updated_at': '2022-12-17 19:03:33', 'id_program': 1, 'id_user': 1}","{'id_university_deparment': 2, 'id_faculty': 7, 'description': 'Escuela de Ingeniería de Sistemas y computación', 'status': True}","{'id_program': 1, 'full_name': 'Ingeniería de Sistemas'}"
499,Individuo y Familia II,Individuo y Familia II,207012M,04:00:00,True,True,3,4,1,1,6,2,5,Individuo y Familia II,True,,"{'id_university_type_subject': 1, 'type': 'Profesional', 'status': True}","{'id_university_qualification_type': 1, 'description': 'Numerica', 'status': True}","{'id_authorization_program': 6, 'resolution_number': '011', 'status': True, 'created_at': '2023-01-16 13:57:22', 'updated_at': '2023-01-16 13:57:22', 'id_program': 5, 'id_user': 1}","{'id_university_deparment': 2, 'id_faculty': 7, 'description': 'Escuela de Ingeniería de Sistemas y computación', 'status': True}","{'id_program': 5, 'full_name': 'Trabajo social'}"
789,Algebra Lineal,Algebra Lineal,111038C,05:00:00,True,True,3,2,2,1,14,2,8,Algebra Lineal,True,,"{'id_university_type_subject': 2, 'type': 'Basica', 'status': True}","{'id_university_qualification_type': 1, 'description': 'Numerica', 'status': True}","{'id_authorization_program': 14, 'resolution_number': '217-DIU', 'status': True, 'created_at': '2023-01-30 21:30:48', 'updated_at': '2023-01-30 21:30:48', 'id_program': 8, 'id_user': 1}","{'id_university_deparment': 2, 'id_faculty': 7, 'description': 'Escuela de Ingeniería de Sistemas y computación', 'status': True}","{'id_program': 8, 'full_name': 'Tecnología en Desarrollo de Software'}"
502,Política y Problemática Social,Política y Problemática Social,207021M,04:00:00,True,True,3,6,1,1,6,2,5,Política y Problemática Social,True,,"{'id_university_type_subject': 1, 'type': 'Profesional', 'status': True}","{'id_university_qualification_type': 1, 'description': 'Numerica', 'status': True}","{'id_authorization_program': 6, 'resolution_number': '011', 'status': True, 'created_at': '2023-01-16 13:57:22', 'updated_at': '2023-01-16 13:57:22', 'id_program': 5, 'id_user': 1}","{'id_university_deparment': 2, 'id_faculty': 7, 'description': 'Escuela de Ingeniería de Sistemas y computación', 'status': True}","{'id_program': 5, 'full_name': 'Trabajo social'}"
503,Planeación Social,Planeación Social,207024M,04:00:00,True,True,3,6,1,1,6,2,5,Planeación Social,True,,"{'id_university_type_subject': 1, 'type': 'Profesional', 'status': True}","{'id_university_qualification_type': 1, 'description': 'Numerica', 'status': True}","{'id_authorization_program': 6, 'resolution_number': '011', 'status': True, 'created_at': '2023-01-16 13:57:22', 'updated_at': '2023-01-16 13:57:22', 'id_program': 5, 'id_user': 1}","{'id_university_deparment': 2, 'id_faculty': 7, 'description': 'Escuela de Ingeniería de Sistemas y computación', 'status': True}","{'id_program': 5, 'full_name': 'Trabajo social'}"
498,Constitución política,Constitución política,207008M,03:00:00,True,True,3,2,1,1,6,2,5,Constitución política,True,,"{'id_university_type_subject': 1, 'type': 'Profesional', 'status': True}","{'id_university_qualification_type': 1, 'description': 'Numerica', 'status': True}","{'id_authorization_program': 6, 'resolution_number': '011', 'status': True, 'created_at': '2023-01-16 13:57:22', 'updated_at': '2023-01-16 13:57:22', 'id_program': 5, 'id_user': 1}","{'id_university_deparment': 2, 'id_faculty': 7, 'description': 'Escuela de Ingeniería de Sistemas y computación', 'status': True}","{'id_program': 5, 'full_name': 'Trabajo social'}"
2,Matemáticas Básicas,Matemáticas Básicas,111023C,05:00:00,True,True,3,1,1,1,2,2,1,Matemáticas Básicas,True,,"{'id_university_type_subject': 1, 'type': 'Profesional', 'status': True}","{'id_university_qualification_type': 1, 'description': 'Numerica', 'status': True}","{'id_authorization_program': 2, 'resolution_number': '047', 'status': True, 'created_at': '2022-12-17 19:03:33', 'updated_at': '2022-12-17 19:03:33', 'id_program': 1, 'id_user': 1}","{'id_university_deparment': 2, 'id_faculty': 7, 'description': 'Escuela de Ingeniería de Sistemas y computación', 'status': True}","{'id_program': 1, 'full_name': 'Ingeniería de Sistemas'}"
489,Física III,Física III,106020M,04:00:00,True,True,3,4,1,1,16,2,3,Física III,True,,"{'id_university_type_subject': 1, 'type': 'Profesional', 'status': True}","{'id_university_qualification_type': 1, 'description': 'Numerica', 'status': True}","{'id_authorization_program': 16, 'resolution_number': '081', 'status': True, 'created_at': '2023-02-09 14:57:44', 'updated_at': '2023-02-09 14:57:44', 'id_program': 3, 'id_user': 1}","{'id_university_deparment': 2, 'id_faculty': 7, 'description': 'Escuela de Ingeniería de Sistemas y computación', 'status': True}","{'id_program': 3, 'full_name': 'Ingeniería de Alimentos'}"
509,Taller de Integración metodológica II,Taller de Integración metodológica II,207055M,02:00:00,True,True,3,9,1,1,6,2,5,Taller de Integración metodológica II,True,,"{'id_university_type_subject': 1, 'type': 'Profesional', 'status': True}","{'id_university_qualification_type': 1, 'description': 'Numerica', 'status': True}","{'id_authorization_program': 6, 'resolution_number': '011', 'status': True, 'created_at': '2023-01-16 13:57:22', 'updated_at': '2023-01-16 13:57:22', 'id_program': 5, 'id_user': 1}","{'id_university_deparment': 2, 'id_faculty': 7, 'description': 'Escuela de Ingeniería de Sistemas y computación', 'status': True}","{'id_program': 5, 'full_name': 'Trabajo social'}"
510,Acción Colectiva y Movimientos Sociales,Acción Colectiva y Movimientos Sociales,207093M,03:00:00,True,True,3,9,1,1,6,2,5,Acción Colectiva y Movimientos Sociales,True,,"{'id_university_type_subject': 1, 'type': 'Profesional', 'status': True}","{'id_university_qualification_type': 1, 'description': 'Numerica', 'status': True}","{'id_authorization_program': 6, 'resolution_number': '011', 'status': True, 'created_at': '2023-01-16 13:57:22', 'updated_at': '2023-01-16 13:57:22', 'id_program': 5, 'id_user': 1}","{'id_university_deparment': 2, 'id_faculty': 7, 'description': 'Escuela de Ingeniería de Sistemas y computación', 'status': True}","{'id_program': 5, 'full_name': 'Trabajo social'}"
512,Estadística Social II,Estadística Social II,207087M,03:00:00,True,True,3,6,1,1,6,2,5,Estadística Social II,True,,"{'id_university_type_subject': 1, 'type': 'Profesional', 'status': True}","{'id_university_qualification_type': 1, 'description': 'Numerica', 'status': True}","{'id_authorization_program': 6, 'resolution_number': '011', 'status': True, 'created_at': '2023-01-16 13:57:22', 'updated_at': '2023-01-16 13:57:22', 'id_program': 5, 'id_user': 1}","{'id_university_deparment': 2, 'id_faculty': 7, 'description': 'Escuela de Ingeniería de Sistemas y computación', 'status': True}","{'id_program': 5, 'full_name': 'Trabajo social'}"
513,Psicopatologia,Psicopatologia,207091M,03:00:00,True,True,3,4,1,1,6,2,5,Psicopatologia,True,,"{'id_university_type_subject': 1, 'type': 'Profesional', 'status': True}","{'id_university_qualification_type': 1, 'description': 'Numerica', 'status': True}","{'id_authorization_program': 6, 'resolution_number': '011', 'status': True, 'created_at': '2023-01-16 13:57:22', 'updated_at': '2023-01-16 13:57:22', 'id_program': 5, 'id_user': 1}","{'id_university_deparment': 2, 'id_faculty': 7, 'description': 'Escuela de Ingeniería de Sistemas y computación', 'status': True}","{'id_program': 5, 'full_name': 'Trabajo social'}"
601,Instrumentación Electrónica básica,Instrumentación Electrónica básica,710190M,04:00:00,True,True,3,7,1,1,13,2,9,Instrumentación Electrónica básica,True,,"{'id_university_type_subject': 1, 'type': 'Profesional', 'status': True}","{'id_university_qualification_type': 1, 'description': 'Numerica', 'status': True}","{'id_authorization_program': 13, 'resolution_number': '090 Nocturno', 'status': True, 'created_at': '2023-01-30 19:27:53', 'updated_at': '2023-01-30 19:27:53', 'id_program': 9, 'id_user': 1}","{'id_university_deparment': 2, 'id_faculty': 7, 'description': 'Escuela de Ingeniería de Sistemas y computación', 'status': True}","{'id_program': 9, 'full_name': 'Tecnología en Electronica'}"
602,Técnicas de Mantenimiento,Técnicas de Mantenimiento,710203M,03:00:00,True,True,3,7,1,1,13,2,9,Técnicas de Mantenimiento,True,,"{'id_university_type_subject': 1, 'type': 'Profesional', 'status': True}","{'id_university_qualification_type': 1, 'description': 'Numerica', 'status': True}","{'id_authorization_program': 13, 'resolution_number': '090 Nocturno', 'status': True, 'created_at': '2023-01-30 19:27:53', 'updated_at': '2023-01-30 19:27:53', 'id_program': 9, 'id_user': 1}","{'id_university_deparment': 2, 'id_faculty': 7, 'description': 'Escuela de Ingeniería de Sistemas y computación', 'status': True}","{'id_program': 9, 'full_name': 'Tecnología en Electronica'}"
515,Lectura Crítica,Lectura Crítica,204024C,03:00:00,True,True,3,2,1,1,6,2,5,Lectura Crítica,True,,"{'id_university_type_subject': 1, 'type': 'Profesional', 'status': True}","{'id_university_qualification_type': 1, 'description': 'Numerica', 'status': True}","{'id_authorization_program': 6, 'resolution_number': '011', 'status': True, 'created_at': '2023-01-16 13:57:22', 'updated_at': '2023-01-16 13:57:22', 'id_program': 5, 'id_user': 1}","{'id_university_deparment': 2, 'id_faculty': 7, 'description': 'Escuela de Ingeniería de Sistemas y computación', 'status': True}","{'id_program': 5, 'full_name': 'Trabajo social'}"
388,"Habilidades para la Vida: Descubriendo el Potencial del ser Emocional, Afectivo, Cognitivo y Social","Habilidades para la Vida: Descubriendo el Potencial del ser Emocional, Afectivo, Cognitivo y Social",999060M,03:00:00,True,True,3,1,1,1,18,2,6,"Habilidades para la Vida: Descubriendo el Potencial del ser Emocional, Afectivo, Cognitivo y Social",True,,"{'id_university_type_subject': 1, 'type': 'Profesional', 'status': True}","{'id_university_qualification_type': 1, 'description': 'Numerica', 'status': True}","{'id_authorization_program': 18, 'resolution_number': '240-DIU', 'status': True, 'created_at': '2023-02-15 01:20:45', 'updated_at': '2023-02-15 01:20:45', 'id_program': 6, 'id_user': 1}","{'id_university_deparment': 2, 'id_faculty': 7, 'description': 'Escuela de Ingeniería de Sistemas y computación', 'status': True}","{'id_program': 6, 'full_name': 'Contaduría Publica'}"
598,Microprocesadores I,Microprocesadores I,710204M,04:00:00,True,True,3,5,1,1,13,2,9,Microprocesadores I,True,,"{'id_university_type_subject': 1, 'type': 'Profesional', 'status': True}","{'id_university_qualification_type': 1, 'description': 'Numerica', 'status': True}","{'id_authorization_program': 13, 'resolution_number': '090 Nocturno', 'status': True, 'created_at': '2023-01-30 19:27:53', 'updated_at': '2023-01-30 19:27:53', 'id_program': 9, 'id_user': 1}","{'id_university_deparment': 2, 'id_faculty': 7, 'description': 'Escuela de Ingeniería de Sistemas y computación', 'status': True}","{'id_program': 9, 'full_name': 'Tecnología en Electronica'}"
66,Taller de Ingeniería I,Taller de Ingeniería I,701002C,03:00:00,True,True,3,1,1,1,2,2,1,Taller de Ingeniería I,True,,"{'id_university_type_subject': 1, 'type': 'Profesional', 'status': True}","{'id_university_qualification_type': 1, 'description': 'Numerica', 'status': True}","{'id_authorization_program': 2, 'resolution_number': '047', 'status': True, 'created_at': '2022-12-17 19:03:33', 'updated_at': '2022-12-17 19:03:33', 'id_program': 1, 'id_user': 1}","{'id_university_deparment': 2, 'id_faculty': 7, 'description': 'Escuela de Ingeniería de Sistemas y computación', 'status': True}","{'id_program': 1, 'full_name': 'Ingeniería de Sistemas'}"
596,Sistemas Electromecánicos,Sistemas Electromecánicos,710191M,04:00:00,True,True,3,5,1,1,13,2,9,Sistemas Electromecánicos,True,,"{'id_university_type_subject': 1, 'type': 'Profesional', 'status': True}","{'id_university_qualification_type': 1, 'description': 'Numerica', 'status': True}","{'id_authorization_program': 13, 'resolution_number': '090 Nocturno', 'status': True, 'created_at': '2023-01-30 19:27:53', 'updated_at': '2023-01-30 19:27:53', 'id_program': 9, 'id_user': 1}","{'id_university_deparment': 2, 'id_faculty': 7, 'description': 'Escuela de Ingeniería de Sistemas y computación', 'status': True}","{'id_program': 9, 'full_name': 'Tecnología en Electronica'}"
65,Taller de Ingeniería I,Taller de Ingeniería I,701002C,03:00:00,True,True,3,1,1,1,2,2,1,Taller de Ingeniería I,False,,"{'id_university_type_subject': 1, 'type': 'Profesional', 'status': True}","{'id_university_qualification_type': 1, 'description': 'Numerica', 'status': True}","{'id_authorization_program': 2, 'resolution_number': '047', 'status': True, 'created_at': '2022-12-17 19:03:33', 'updated_at': '2022-12-17 19:03:33', 'id_program': 1, 'id_user': 1}","{'id_university_deparment': 2, 'id_faculty': 7, 'description': 'Escuela de Ingeniería de Sistemas y computación', 'status': True}","{'id_program': 1, 'full_name': 'Ingeniería de Sistemas'}"
600,Controladores Programables,Controladores Programables,710119M,04:00:00,True,True,3,7,1,1,13,2,9,Controladores Programables,True,,"{'id_university_type_subject': 1, 'type': 'Profesional', 'status': True}","{'id_university_qualification_type': 1, 'description': 'Numerica', 'status': True}","{'id_authorization_program': 13, 'resolution_number': '090 Nocturno', 'status': True, 'created_at': '2023-01-30 19:27:53', 'updated_at': '2023-01-30 19:27:53', 'id_program': 9, 'id_user': 1}","{'id_university_deparment': 2, 'id_faculty': 7, 'description': 'Escuela de Ingeniería de Sistemas y computación', 'status': True}","{'id_program': 9, 'full_name': 'Tecnología en Electronica'}"
599,El medio Ambiente y la Constitución Política,El medio Ambiente y la Constitución Política,730069M,03:00:00,True,True,3,5,1,1,13,2,9,El medio Ambiente y la Constitución Política,True,,"{'id_university_type_subject': 1, 'type': 'Profesional', 'status': True}","{'id_university_qualification_type': 1, 'description': 'Numerica', 'status': True}","{'id_authorization_program': 13, 'resolution_number': '090 Nocturno', 'status': True, 'created_at': '2023-01-30 19:27:53', 'updated_at': '2023-01-30 19:27:53', 'id_program': 9, 'id_user': 1}","{'id_university_deparment': 2, 'id_faculty': 7, 'description': 'Escuela de Ingeniería de Sistemas y computación', 'status': True}","{'id_program': 9, 'full_name': 'Tecnología en Electronica'}"
597,Mediciones Electrónicas,Mediciones Electrónicas,710202M,04:00:00,True,True,3,5,1,1,13,2,9,Mediciones Electrónicas,True,,"{'id_university_type_subject': 1, 'type': 'Profesional', 'status': True}","{'id_university_qualification_type': 1, 'description': 'Numerica', 'status': True}","{'id_authorization_program': 13, 'resolution_number': '090 Nocturno', 'status': True, 'created_at': '2023-01-30 19:27:53', 'updated_at': '2023-01-30 19:27:53', 'id_program': 9, 'id_user': 1}","{'id_university_deparment': 2, 'id_faculty': 7, 'description': 'Escuela de Ingeniería de Sistemas y computación', 'status': True}","{'id_program': 9, 'full_name': 'Tecnología en Electronica'}"
563,Deporte Formativo,Deporte Formativo,404001M,02:00:00,True,True,3,5,1,1,13,2,9,Deporte Formativo,True,,"{'id_university_type_subject': 1, 'type': 'Profesional', 'status': True}","{'id_university_qualification_type': 1, 'description': 'Numerica', 'status': True}","{'id_authorization_program': 13, 'resolution_number': '090 Nocturno', 'status': True, 'created_at': '2023-01-30 19:27:53', 'updated_at': '2023-01-30 19:27:53', 'id_program': 9, 'id_user': 1}","{'id_university_deparment': 2, 'id_faculty': 7, 'description': 'Escuela de Ingeniería de Sistemas y computación', 'status': True}","{'id_program': 9, 'full_name': 'Tecnología en Electronica'}"
184,Pensamiento Clásico de la Administración y las Organizaciones ,Pensamiento Clásico de la Administración y las Organizaciones ,801082C,03:00:00,True,True,3,2,1,1,23,2,2,Pensamiento Clásico de la Administración y las Organizaciones ,True,,"{'id_university_type_subject': 1, 'type': 'Profesional', 'status': True}","{'id_university_qualification_type': 1, 'description': 'Numerica', 'status': True}","{'id_authorization_program': 23, 'resolution_number': '246-NOC', 'status': True, 'created_at': '2023-08-05 01:03:25', 'updated_at': '2023-08-05 01:03:25', 'id_program': 2, 'id_user': 1}","{'id_university_deparment': 2, 'id_faculty': 7, 'description': 'Escuela de Ingeniería de Sistemas y computación', 'status': True}","{'id_program': 2, 'full_name': 'Administracion de empresas'}"
511,Teoria Sociológica III,Teoria Sociológica III,207072M,03:00:00,True,True,3,4,1,1,6,2,5,Teoria Sociológica III,True,,"{'id_university_type_subject': 1, 'type': 'Profesional', 'status': True}","{'id_university_qualification_type': 1, 'description': 'Numerica', 'status': True}","{'id_authorization_program': 6, 'resolution_number': '011', 'status': True, 'created_at': '2023-01-16 13:57:22', 'updated_at': '2023-01-16 13:57:22', 'id_program': 5, 'id_user': 1}","{'id_university_deparment': 2, 'id_faculty': 7, 'description': 'Escuela de Ingeniería de Sistemas y computación', 'status': True}","{'id_program': 5, 'full_name': 'Trabajo social'}"
514,Niñez y Trabajo Social,Niñez y Trabajo Social,207111M,03:00:00,True,True,3,9,1,1,6,2,5,Niñez y Trabajo Social,True,,"{'id_university_type_subject': 1, 'type': 'Profesional', 'status': True}","{'id_university_qualification_type': 1, 'description': 'Numerica', 'status': True}","{'id_authorization_program': 6, 'resolution_number': '011', 'status': True, 'created_at': '2023-01-16 13:57:22', 'updated_at': '2023-01-16 13:57:22', 'id_program': 5, 'id_user': 1}","{'id_university_deparment': 2, 'id_faculty': 7, 'description': 'Escuela de Ingeniería de Sistemas y computación', 'status': True}","{'id_program': 5, 'full_name': 'Trabajo social'}"
64,Inserción a la Vida Universitaria,Inserción a la Vida Universitaria,701001C,02:00:00,True,True,3,1,1,1,2,2,1,Inserción a la Vida Universitaria,True,,"{'id_university_type_subject': 1, 'type': 'Profesional', 'status': True}","{'id_university_qualification_type': 1, 'description': 'Numerica', 'status': True}","{'id_authorization_program': 2, 'resolution_number': '047', 'status': True, 'created_at': '2022-12-17 19:03:33', 'updated_at': '2022-12-17 19:03:33', 'id_program': 1, 'id_user': 1}","{'id_university_deparment': 2, 'id_faculty': 7, 'description': 'Escuela de Ingeniería de Sistemas y computación', 'status': True}","{'id_program': 1, 'full_name': 'Ingeniería de Sistemas'}"
63,DEPORTE Y SALUD,DEPORTE Y SALUD,404002C,03:00:00,False,False,2,1,2,1,2,2,1,DEPORTE Y SALUD,True,,"{'id_university_type_subject': 2, 'type': 'Basica', 'status': True}","{'id_university_qualification_type': 1, 'description': 'Numerica', 'status': True}","{'id_authorization_program': 2, 'resolution_number': '047', 'status': True, 'created_at': '2022-12-17 19:03:33', 'updated_at': '2022-12-17 19:03:33', 'id_program': 1, 'id_user': 1}","{'id_university_deparment': 2, 'id_faculty': 7, 'description': 'Escuela de Ingeniería de Sistemas y computación', 'status': True}","{'id_program': 1, 'full_name': 'Ingeniería de Sistemas'}"
603,Emprendimiento Empresarial,Emprendimiento Empresarial,760155M,03:00:00,True,True,3,7,1,1,13,2,9,Emprendimiento Empresarial,True,,"{'id_university_type_subject': 1, 'type': 'Profesional', 'status': True}","{'id_university_qualification_type': 1, 'description': 'Numerica', 'status': True}","{'id_authorization_program': 13, 'resolution_number': '090 Nocturno', 'status': True, 'created_at': '2023-01-30 19:27:53', 'updated_at': '2023-01-30 19:27:53', 'id_program': 9, 'id_user': 1}","{'id_university_deparment': 2, 'id_faculty': 7, 'description': 'Escuela de Ingeniería de Sistemas y computación', 'status': True}","{'id_program': 9, 'full_name': 'Tecnología en Electronica'}"
69,Introducción a la Ingeniería,Introducción a la Ingeniería,701003C,02:00:00,True,True,3,1,1,1,2,2,1,Introducción a la Ingeniería,True,,"{'id_university_type_subject': 1, 'type': 'Profesional', 'status': True}","{'id_university_qualification_type': 1, 'description': 'Numerica', 'status': True}","{'id_authorization_program': 2, 'resolution_number': '047', 'status': True, 'created_at': '2022-12-17 19:03:33', 'updated_at': '2022-12-17 19:03:33', 'id_program': 1, 'id_user': 1}","{'id_university_deparment': 2, 'id_faculty': 7, 'description': 'Escuela de Ingeniería de Sistemas y computación', 'status': True}","{'id_program': 1, 'full_name': 'Ingeniería de Sistemas'}"
74,Fundamentos de  Programación Orientada a Objetos,Fundamentos de  Programación Orientada a Objetos,750015C,03:00:00,True,True,3,2,1,1,2,2,1,Fundamentos de  Programación Orientada a Objetos,True,,"{'id_university_type_subject': 1, 'type': 'Profesional', 'status': True}","{'id_university_qualification_type': 1, 'description': 'Numerica', 'status': True}","{'id_authorization_program': 2, 'resolution_number': '047', 'status': True, 'created_at': '2022-12-17 19:03:33', 'updated_at': '2022-12-17 19:03:33', 'id_program': 1, 'id_user': 1}","{'id_university_deparment': 2, 'id_faculty': 7, 'description': 'Escuela de Ingeniería de Sistemas y computación', 'status': True}","{'id_program': 1, 'full_name': 'Ingeniería de Sistemas'}"
76,Matemáticas Discretas I,Matemáticas Discretas I,750004C,04:00:00,True,True,3,2,1,1,2,2,1,Matemáticas Discretas I,True,,"{'id_university_type_subject': 1, 'type': 'Profesional', 'status': True}","{'id_university_qualification_type': 1, 'description': 'Numerica', 'status': True}","{'id_authorization_program': 2, 'resolution_number': '047', 'status': True, 'created_at': '2022-12-17 19:03:33', 'updated_at': '2022-12-17 19:03:33', 'id_program': 1, 'id_user': 1}","{'id_university_deparment': 2, 'id_faculty': 7, 'description': 'Escuela de Ingeniería de Sistemas y computación', 'status': True}","{'id_program': 1, 'full_name': 'Ingeniería de Sistemas'}"
77,Comprensión y Producción de Textos Generales y Académicos,Comprensión y Producción de Textos Generales y Académicos,204402M,03:00:00,True,True,3,2,1,1,2,2,1,Comprensión y Producción de Textos Generales y Académicos,True,,"{'id_university_type_subject': 1, 'type': 'Profesional', 'status': True}","{'id_university_qualification_type': 1, 'description': 'Numerica', 'status': True}","{'id_authorization_program': 2, 'resolution_number': '047', 'status': True, 'created_at': '2022-12-17 19:03:33', 'updated_at': '2022-12-17 19:03:33', 'id_program': 1, 'id_user': 1}","{'id_university_deparment': 2, 'id_faculty': 7, 'description': 'Escuela de Ingeniería de Sistemas y computación', 'status': True}","{'id_program': 1, 'full_name': 'Ingeniería de Sistemas'}"
78,Herramientas para hablar en público,Herramientas para hablar en público,405126M,03:00:00,True,True,3,2,1,1,2,2,1,Herramientas para hablar en público,True,,"{'id_university_type_subject': 1, 'type': 'Profesional', 'status': True}","{'id_university_qualification_type': 1, 'description': 'Numerica', 'status': True}","{'id_authorization_program': 2, 'resolution_number': '047', 'status': True, 'created_at': '2022-12-17 19:03:33', 'updated_at': '2022-12-17 19:03:33', 'id_program': 1, 'id_user': 1}","{'id_university_deparment': 2, 'id_faculty': 7, 'description': 'Escuela de Ingeniería de Sistemas y computación', 'status': True}","{'id_program': 1, 'full_name': 'Ingeniería de Sistemas'}"
80,Fundamentos de Programación Orientada a Eventos ,Fundamentos de Programación Orientada a Eventos ,750014C,03:00:00,True,True,3,3,1,1,2,2,1,Fundamentos de Programación Orientada a Eventos ,True,,"{'id_university_type_subject': 1, 'type': 'Profesional', 'status': True}","{'id_university_qualification_type': 1, 'description': 'Numerica', 'status': True}","{'id_authorization_program': 2, 'resolution_number': '047', 'status': True, 'created_at': '2022-12-17 19:03:33', 'updated_at': '2022-12-17 19:03:33', 'id_program': 1, 'id_user': 1}","{'id_university_deparment': 2, 'id_faculty': 7, 'description': 'Escuela de Ingeniería de Sistemas y computación', 'status': True}","{'id_program': 1, 'full_name': 'Ingeniería de Sistemas'}"
81,Matemáticas Discretas II,Matemáticas Discretas II,750005C,04:00:00,True,True,3,3,1,1,2,2,1,Matemáticas Discretas II,True,,"{'id_university_type_subject': 1, 'type': 'Profesional', 'status': True}","{'id_university_qualification_type': 1, 'description': 'Numerica', 'status': True}","{'id_authorization_program': 2, 'resolution_number': '047', 'status': True, 'created_at': '2022-12-17 19:03:33', 'updated_at': '2022-12-17 19:03:33', 'id_program': 1, 'id_user': 1}","{'id_university_deparment': 2, 'id_faculty': 7, 'description': 'Escuela de Ingeniería de Sistemas y computación', 'status': True}","{'id_program': 1, 'full_name': 'Ingeniería de Sistemas'}"
82,Cálculo Multivariable,Cálculo Multivariable,111022C,05:00:00,True,True,3,3,1,1,2,2,1,Cálculo Multivariable,True,,"{'id_university_type_subject': 1, 'type': 'Profesional', 'status': True}","{'id_university_qualification_type': 1, 'description': 'Numerica', 'status': True}","{'id_authorization_program': 2, 'resolution_number': '047', 'status': True, 'created_at': '2022-12-17 19:03:33', 'updated_at': '2022-12-17 19:03:33', 'id_program': 1, 'id_user': 1}","{'id_university_deparment': 2, 'id_faculty': 7, 'description': 'Escuela de Ingeniería de Sistemas y computación', 'status': True}","{'id_program': 1, 'full_name': 'Ingeniería de Sistemas'}"
84,Taller de Escritura e Investigación,Taller de Escritura e Investigación,202009M,03:00:00,True,True,3,3,1,1,2,2,1,Taller de Escritura e Investigación,True,,"{'id_university_type_subject': 1, 'type': 'Profesional', 'status': True}","{'id_university_qualification_type': 1, 'description': 'Numerica', 'status': True}","{'id_authorization_program': 2, 'resolution_number': '047', 'status': True, 'created_at': '2022-12-17 19:03:33', 'updated_at': '2022-12-17 19:03:33', 'id_program': 1, 'id_user': 1}","{'id_university_deparment': 2, 'id_faculty': 7, 'description': 'Escuela de Ingeniería de Sistemas y computación', 'status': True}","{'id_program': 1, 'full_name': 'Ingeniería de Sistemas'}"
490,Experimentación Física III,Experimentación Física III,106072M,03:00:00,True,True,3,4,1,1,16,2,3,Experimentación Física III	,True,,"{'id_university_type_subject': 1, 'type': 'Profesional', 'status': True}","{'id_university_qualification_type': 1, 'description': 'Numerica', 'status': True}","{'id_authorization_program': 16, 'resolution_number': '081', 'status': True, 'created_at': '2023-02-09 14:57:44', 'updated_at': '2023-02-09 14:57:44', 'id_program': 3, 'id_user': 1}","{'id_university_deparment': 2, 'id_faculty': 7, 'description': 'Escuela de Ingeniería de Sistemas y computación', 'status': True}","{'id_program': 3, 'full_name': 'Ingeniería de Alimentos'}"
209,Programación e Internet,Programación e Internet,801176M,03:00:00,True,True,3,5,1,1,25,2,2,Programación e Internet,True,,"{'id_university_type_subject': 1, 'type': 'Profesional', 'status': True}","{'id_university_qualification_type': 1, 'description': 'Numerica', 'status': True}","{'id_authorization_program': 25, 'resolution_number': '038-DIU', 'status': True, 'created_at': '2023-08-05 03:13:15', 'updated_at': '2023-08-05 03:13:15', 'id_program': 2, 'id_user': 1}","{'id_university_deparment': 2, 'id_faculty': 7, 'description': 'Escuela de Ingeniería de Sistemas y computación', 'status': True}","{'id_program': 2, 'full_name': 'Administracion de empresas'}"
75,Fundamentos de  Programación Orientada a Objetos,Fundamentos de  Programación Orientada a Objetos,750015C,03:00:00,True,True,3,2,1,1,2,2,1,Fundamentos de  Programación Orientada a Objetos,False,,"{'id_university_type_subject': 1, 'type': 'Profesional', 'status': True}","{'id_university_qualification_type': 1, 'description': 'Numerica', 'status': True}","{'id_authorization_program': 2, 'resolution_number': '047', 'status': True, 'created_at': '2022-12-17 19:03:33', 'updated_at': '2022-12-17 19:03:33', 'id_program': 1, 'id_user': 1}","{'id_university_deparment': 2, 'id_faculty': 7, 'description': 'Escuela de Ingeniería de Sistemas y computación', 'status': True}","{'id_program': 1, 'full_name': 'Ingeniería de Sistemas'}"
70,Inglés con fines generales y académicos I,Inglés con fines generales y académicos I,204025C,04:00:00,True,True,3,1,1,1,2,2,1,Inglés con fines generales y académicos I,True,,"{'id_university_type_subject': 1, 'type': 'Profesional', 'status': True}","{'id_university_qualification_type': 1, 'description': 'Numerica', 'status': True}","{'id_authorization_program': 2, 'resolution_number': '047', 'status': True, 'created_at': '2022-12-17 19:03:33', 'updated_at': '2022-12-17 19:03:33', 'id_program': 1, 'id_user': 1}","{'id_university_deparment': 2, 'id_faculty': 7, 'description': 'Escuela de Ingeniería de Sistemas y computación', 'status': True}","{'id_program': 1, 'full_name': 'Ingeniería de Sistemas'}"
207,Creatividad e Innovación Empresarial,Creatividad e Innovación Empresarial,801130M,03:00:00,True,True,3,5,1,1,25,2,2,Creatividad e Innovación Empresarial,True,,"{'id_university_type_subject': 1, 'type': 'Profesional', 'status': True}","{'id_university_qualification_type': 1, 'description': 'Numerica', 'status': True}","{'id_authorization_program': 25, 'resolution_number': '038-DIU', 'status': True, 'created_at': '2023-08-05 03:13:15', 'updated_at': '2023-08-05 03:13:15', 'id_program': 2, 'id_user': 1}","{'id_university_deparment': 2, 'id_faculty': 7, 'description': 'Escuela de Ingeniería de Sistemas y computación', 'status': True}","{'id_program': 2, 'full_name': 'Administracion de empresas'}"
208,Política Econ. Nacional e Internacional,Política Econ. Nacional e Internacional,801082M,03:00:00,True,True,3,5,1,1,25,2,2,Política Econ. Nacional e Internacional,True,,"{'id_university_type_subject': 1, 'type': 'Profesional', 'status': True}","{'id_university_qualification_type': 1, 'description': 'Numerica', 'status': True}","{'id_authorization_program': 25, 'resolution_number': '038-DIU', 'status': True, 'created_at': '2023-08-05 03:13:15', 'updated_at': '2023-08-05 03:13:15', 'id_program': 2, 'id_user': 1}","{'id_university_deparment': 2, 'id_faculty': 7, 'description': 'Escuela de Ingeniería de Sistemas y computación', 'status': True}","{'id_program': 2, 'full_name': 'Administracion de empresas'}"
210,Estrategia y Planeación,Estrategia y Planeación,801173M,03:00:00,True,True,3,6,1,1,1,2,2,Estrategia y Planeación,True,,"{'id_university_type_subject': 1, 'type': 'Profesional', 'status': True}","{'id_university_qualification_type': 1, 'description': 'Numerica', 'status': True}","{'id_authorization_program': 1, 'resolution_number': '038-NOC', 'status': True, 'created_at': '2023-01-16 13:32:45', 'updated_at': '2023-01-16 13:32:45', 'id_program': 2, 'id_user': 1}","{'id_university_deparment': 2, 'id_faculty': 7, 'description': 'Escuela de Ingeniería de Sistemas y computación', 'status': True}","{'id_program': 2, 'full_name': 'Administracion de empresas'}"
211,Gestión del Talento Humano,Gestión del Talento Humano,801177M,03:00:00,True,True,3,6,1,1,1,2,2,Gestión del Talento Humano,True,,"{'id_university_type_subject': 1, 'type': 'Profesional', 'status': True}","{'id_university_qualification_type': 1, 'description': 'Numerica', 'status': True}","{'id_authorization_program': 1, 'resolution_number': '038-NOC', 'status': True, 'created_at': '2023-01-16 13:32:45', 'updated_at': '2023-01-16 13:32:45', 'id_program': 2, 'id_user': 1}","{'id_university_deparment': 2, 'id_faculty': 7, 'description': 'Escuela de Ingeniería de Sistemas y computación', 'status': True}","{'id_program': 2, 'full_name': 'Administracion de empresas'}"
212,Legislación Laboral,Legislación Laboral,801030M,03:00:00,True,True,3,6,1,1,1,2,2,Legislación Laboral,True,,"{'id_university_type_subject': 1, 'type': 'Profesional', 'status': True}","{'id_university_qualification_type': 1, 'description': 'Numerica', 'status': True}","{'id_authorization_program': 1, 'resolution_number': '038-NOC', 'status': True, 'created_at': '2023-01-16 13:32:45', 'updated_at': '2023-01-16 13:32:45', 'id_program': 2, 'id_user': 1}","{'id_university_deparment': 2, 'id_faculty': 7, 'description': 'Escuela de Ingeniería de Sistemas y computación', 'status': True}","{'id_program': 2, 'full_name': 'Administracion de empresas'}"
79,Fundamentos de Programación Orientada a Eventos,Fundamentos de Programación Orientada a Eventos,750014C,03:00:00,True,True,3,3,1,1,2,2,1,Fundamentos de Programación Orientada a Eventos,False,,"{'id_university_type_subject': 1, 'type': 'Profesional', 'status': True}","{'id_university_qualification_type': 1, 'description': 'Numerica', 'status': True}","{'id_authorization_program': 2, 'resolution_number': '047', 'status': True, 'created_at': '2022-12-17 19:03:33', 'updated_at': '2022-12-17 19:03:33', 'id_program': 1, 'id_user': 1}","{'id_university_deparment': 2, 'id_faculty': 7, 'description': 'Escuela de Ingeniería de Sistemas y computación', 'status': True}","{'id_program': 1, 'full_name': 'Ingeniería de Sistemas'}"
382,Cálculo ,Cálculo ,801003C,03:00:00,True,True,3,1,1,1,18,2,6,Cálculo ,True,,"{'id_university_type_subject': 1, 'type': 'Profesional', 'status': True}","{'id_university_qualification_type': 1, 'description': 'Numerica', 'status': True}","{'id_authorization_program': 18, 'resolution_number': '240-DIU', 'status': True, 'created_at': '2023-02-15 01:20:45', 'updated_at': '2023-02-15 01:20:45', 'id_program': 6, 'id_user': 1}","{'id_university_deparment': 2, 'id_faculty': 7, 'description': 'Escuela de Ingeniería de Sistemas y computación', 'status': True}","{'id_program': 6, 'full_name': 'Contaduría Publica'}"
72,Cálculo Monovariable,Cálculo Monovariable,111021C,05:00:00,True,True,3,2,1,1,2,2,1,Cálculo Monovariable,True,,"{'id_university_type_subject': 1, 'type': 'Profesional', 'status': True}","{'id_university_qualification_type': 1, 'description': 'Numerica', 'status': True}","{'id_authorization_program': 2, 'resolution_number': '047', 'status': True, 'created_at': '2022-12-17 19:03:33', 'updated_at': '2022-12-17 19:03:33', 'id_program': 1, 'id_user': 1}","{'id_university_deparment': 2, 'id_faculty': 7, 'description': 'Escuela de Ingeniería de Sistemas y computación', 'status': True}","{'id_program': 1, 'full_name': 'Ingeniería de Sistemas'}"
83,Inglés con fines generales y académicos III,Inglés con fines generales y académicos III,204027C,04:00:00,True,True,3,3,1,1,2,2,1,Inglés con fines generales y académicos III,True,,"{'id_university_type_subject': 1, 'type': 'Profesional', 'status': True}","{'id_university_qualification_type': 1, 'description': 'Numerica', 'status': True}","{'id_authorization_program': 2, 'resolution_number': '047', 'status': True, 'created_at': '2022-12-17 19:03:33', 'updated_at': '2022-12-17 19:03:33', 'id_program': 1, 'id_user': 1}","{'id_university_deparment': 2, 'id_faculty': 7, 'description': 'Escuela de Ingeniería de Sistemas y computación', 'status': True}","{'id_program': 1, 'full_name': 'Ingeniería de Sistemas'}"
213,Gestión de la Producción de Bienes y Servicios,Gestión de la Producción de Bienes y Servicios,801179M,03:00:00,True,True,3,6,1,1,1,2,2,Gestión de la Producción de Bienes y Servicios,True,,"{'id_university_type_subject': 1, 'type': 'Profesional', 'status': True}","{'id_university_qualification_type': 1, 'description': 'Numerica', 'status': True}","{'id_authorization_program': 1, 'resolution_number': '038-NOC', 'status': True, 'created_at': '2023-01-16 13:32:45', 'updated_at': '2023-01-16 13:32:45', 'id_program': 2, 'id_user': 1}","{'id_university_deparment': 2, 'id_faculty': 7, 'description': 'Escuela de Ingeniería de Sistemas y computación', 'status': True}","{'id_program': 2, 'full_name': 'Administracion de empresas'}"
214,Gestión Financiera y Presupuestos,Gestión Financiera y Presupuestos,802100M,03:00:00,True,True,3,6,1,1,1,2,2,Gestión Financiera y Presupuestos,True,,"{'id_university_type_subject': 1, 'type': 'Profesional', 'status': True}","{'id_university_qualification_type': 1, 'description': 'Numerica', 'status': True}","{'id_authorization_program': 1, 'resolution_number': '038-NOC', 'status': True, 'created_at': '2023-01-16 13:32:45', 'updated_at': '2023-01-16 13:32:45', 'id_program': 2, 'id_user': 1}","{'id_university_deparment': 2, 'id_faculty': 7, 'description': 'Escuela de Ingeniería de Sistemas y computación', 'status': True}","{'id_program': 2, 'full_name': 'Administracion de empresas'}"
215,Política Econ. Nacional e Internacional,Política Econ. Nacional e Internacional,801082M,03:00:00,True,True,3,6,1,1,1,2,2,Política Econ. Nacional e Internacional,True,,"{'id_university_type_subject': 1, 'type': 'Profesional', 'status': True}","{'id_university_qualification_type': 1, 'description': 'Numerica', 'status': True}","{'id_authorization_program': 1, 'resolution_number': '038-NOC', 'status': True, 'created_at': '2023-01-16 13:32:45', 'updated_at': '2023-01-16 13:32:45', 'id_program': 2, 'id_user': 1}","{'id_university_deparment': 2, 'id_faculty': 7, 'description': 'Escuela de Ingeniería de Sistemas y computación', 'status': True}","{'id_program': 2, 'full_name': 'Administracion de empresas'}"
491,Deshidratación de alimentos,Deshidratación de alimentos,745029M_1,02:00:00,True,True,3,8,1,1,16,2,3,Deshidratación de alimentos,True,,"{'id_university_type_subject': 1, 'type': 'Profesional', 'status': True}","{'id_university_qualification_type': 1, 'description': 'Numerica', 'status': True}","{'id_authorization_program': 16, 'resolution_number': '081', 'status': True, 'created_at': '2023-02-09 14:57:44', 'updated_at': '2023-02-09 14:57:44', 'id_program': 3, 'id_user': 1}","{'id_university_deparment': 2, 'id_faculty': 7, 'description': 'Escuela de Ingeniería de Sistemas y computación', 'status': True}","{'id_program': 3, 'full_name': 'Ingeniería de Alimentos'}"
219,Procesos de Fabricación de Bienes y Servicios,Procesos de Fabricación de Bienes y Servicios,801183M,03:00:00,True,True,3,7,1,1,25,2,2,Procesos de Fabricación de Bienes y Servicios,True,,"{'id_university_type_subject': 1, 'type': 'Profesional', 'status': True}","{'id_university_qualification_type': 1, 'description': 'Numerica', 'status': True}","{'id_authorization_program': 25, 'resolution_number': '038-DIU', 'status': True, 'created_at': '2023-08-05 03:13:15', 'updated_at': '2023-08-05 03:13:15', 'id_program': 2, 'id_user': 1}","{'id_university_deparment': 2, 'id_faculty': 7, 'description': 'Escuela de Ingeniería de Sistemas y computación', 'status': True}","{'id_program': 2, 'full_name': 'Administracion de empresas'}"
544,Práctica profesional,Práctica profesional,750057M,01:00:00,True,True,3,6,1,1,21,2,8,Práctica profesional,True,,"{'id_university_type_subject': 1, 'type': 'Profesional', 'status': True}","{'id_university_qualification_type': 1, 'description': 'Numerica', 'status': True}","{'id_authorization_program': 21, 'resolution_number': '051', 'status': True, 'created_at': '2023-07-31 13:10:27', 'updated_at': '2023-07-31 13:10:27', 'id_program': 8, 'id_user': 1}","{'id_university_deparment': 2, 'id_faculty': 7, 'description': 'Escuela de Ingeniería de Sistemas y computación', 'status': True}","{'id_program': 8, 'full_name': 'Tecnología en Desarrollo de Software'}"
545,Aplicaciones en la Web y redes inalambricas,Aplicaciones en la Web y redes inalambricas,750087M,03:00:00,True,True,3,6,1,1,21,2,8,Aplicaciones en la Web y redes inalambricas,True,,"{'id_university_type_subject': 1, 'type': 'Profesional', 'status': True}","{'id_university_qualification_type': 1, 'description': 'Numerica', 'status': True}","{'id_authorization_program': 21, 'resolution_number': '051', 'status': True, 'created_at': '2023-07-31 13:10:27', 'updated_at': '2023-07-31 13:10:27', 'id_program': 8, 'id_user': 1}","{'id_university_deparment': 2, 'id_faculty': 7, 'description': 'Escuela de Ingeniería de Sistemas y computación', 'status': True}","{'id_program': 8, 'full_name': 'Tecnología en Desarrollo de Software'}"
223,Creación de empresas,Creación de empresas,801182M,03:00:00,True,True,3,8,1,1,1,2,2,Creación de empresas,True,,"{'id_university_type_subject': 1, 'type': 'Profesional', 'status': True}","{'id_university_qualification_type': 1, 'description': 'Numerica', 'status': True}","{'id_authorization_program': 1, 'resolution_number': '038-NOC', 'status': True, 'created_at': '2023-01-16 13:32:45', 'updated_at': '2023-01-16 13:32:45', 'id_program': 2, 'id_user': 1}","{'id_university_deparment': 2, 'id_faculty': 7, 'description': 'Escuela de Ingeniería de Sistemas y computación', 'status': True}","{'id_program': 2, 'full_name': 'Administracion de empresas'}"
224,Gestión de Proyectos,Gestión de Proyectos,801215M,03:00:00,True,True,3,8,1,1,1,2,2,Gestión de Proyectos,True,,"{'id_university_type_subject': 1, 'type': 'Profesional', 'status': True}","{'id_university_qualification_type': 1, 'description': 'Numerica', 'status': True}","{'id_authorization_program': 1, 'resolution_number': '038-NOC', 'status': True, 'created_at': '2023-01-16 13:32:45', 'updated_at': '2023-01-16 13:32:45', 'id_program': 2, 'id_user': 1}","{'id_university_deparment': 2, 'id_faculty': 7, 'description': 'Escuela de Ingeniería de Sistemas y computación', 'status': True}","{'id_program': 2, 'full_name': 'Administracion de empresas'}"
226,Trabajo en Equipo,Trabajo en Equipo,801181M,03:00:00,True,True,3,8,1,1,1,2,2,Trabajo en Equipo,True,,"{'id_university_type_subject': 1, 'type': 'Profesional', 'status': True}","{'id_university_qualification_type': 1, 'description': 'Numerica', 'status': True}","{'id_authorization_program': 1, 'resolution_number': '038-NOC', 'status': True, 'created_at': '2023-01-16 13:32:45', 'updated_at': '2023-01-16 13:32:45', 'id_program': 2, 'id_user': 1}","{'id_university_deparment': 2, 'id_faculty': 7, 'description': 'Escuela de Ingeniería de Sistemas y computación', 'status': True}","{'id_program': 2, 'full_name': 'Administracion de empresas'}"
227,Investigación de Mercados,Investigación de Mercados,801052M,03:00:00,True,True,3,8,1,1,1,2,2,Investigación de Mercados,True,,"{'id_university_type_subject': 1, 'type': 'Profesional', 'status': True}","{'id_university_qualification_type': 1, 'description': 'Numerica', 'status': True}","{'id_authorization_program': 1, 'resolution_number': '038-NOC', 'status': True, 'created_at': '2023-01-16 13:32:45', 'updated_at': '2023-01-16 13:32:45', 'id_program': 2, 'id_user': 1}","{'id_university_deparment': 2, 'id_faculty': 7, 'description': 'Escuela de Ingeniería de Sistemas y computación', 'status': True}","{'id_program': 2, 'full_name': 'Administracion de empresas'}"
231,Gestión de los Sistemas de Info. Y las Tel.,Gestión de los Sistemas de Info. Y las Tel.,801219M,03:00:00,True,True,3,10,1,1,1,2,2,Gestión de los Sistemas de Info. Y las Tel.,True,,"{'id_university_type_subject': 1, 'type': 'Profesional', 'status': True}","{'id_university_qualification_type': 1, 'description': 'Numerica', 'status': True}","{'id_authorization_program': 1, 'resolution_number': '038-NOC', 'status': True, 'created_at': '2023-01-16 13:32:45', 'updated_at': '2023-01-16 13:32:45', 'id_program': 2, 'id_user': 1}","{'id_university_deparment': 2, 'id_faculty': 7, 'description': 'Escuela de Ingeniería de Sistemas y computación', 'status': True}","{'id_program': 2, 'full_name': 'Administracion de empresas'}"
233,Administraciónn de Nuevas Empresas y Problemática  PYME,Administraciónn de Nuevas Empresas y Problemática  PYME,801252M,03:00:00,True,True,3,10,1,1,1,2,2,Administraciónn de Nuevas Empresas y Problemática  PYME,True,,"{'id_university_type_subject': 1, 'type': 'Profesional', 'status': True}","{'id_university_qualification_type': 1, 'description': 'Numerica', 'status': True}","{'id_authorization_program': 1, 'resolution_number': '038-NOC', 'status': True, 'created_at': '2023-01-16 13:32:45', 'updated_at': '2023-01-16 13:32:45', 'id_program': 2, 'id_user': 1}","{'id_university_deparment': 2, 'id_faculty': 7, 'description': 'Escuela de Ingeniería de Sistemas y computación', 'status': True}","{'id_program': 2, 'full_name': 'Administracion de empresas'}"
234,Trabajo de Grado,Trabajo de Grado,801108M,03:00:00,True,True,3,10,1,1,1,2,2,Trabajo de Grado,True,,"{'id_university_type_subject': 1, 'type': 'Profesional', 'status': True}","{'id_university_qualification_type': 1, 'description': 'Numerica', 'status': True}","{'id_authorization_program': 1, 'resolution_number': '038-NOC', 'status': True, 'created_at': '2023-01-16 13:32:45', 'updated_at': '2023-01-16 13:32:45', 'id_program': 2, 'id_user': 1}","{'id_university_deparment': 2, 'id_faculty': 7, 'description': 'Escuela de Ingeniería de Sistemas y computación', 'status': True}","{'id_program': 2, 'full_name': 'Administracion de empresas'}"
548,Administración de redes y servidores,Administración de redes y servidores,750106M,03:00:00,True,True,3,6,1,1,21,2,8,Administración de redes y servidores,True,,"{'id_university_type_subject': 1, 'type': 'Profesional', 'status': True}","{'id_university_qualification_type': 1, 'description': 'Numerica', 'status': True}","{'id_authorization_program': 21, 'resolution_number': '051', 'status': True, 'created_at': '2023-07-31 13:10:27', 'updated_at': '2023-07-31 13:10:27', 'id_program': 8, 'id_user': 1}","{'id_university_deparment': 2, 'id_faculty': 7, 'description': 'Escuela de Ingeniería de Sistemas y computación', 'status': True}","{'id_program': 8, 'full_name': 'Tecnología en Desarrollo de Software'}"
249,Psicología Social,Psicología Social,207050M,03:00:00,True,True,3,3,1,1,6,2,5,Psicología Social,True,,"{'id_university_type_subject': 1, 'type': 'Profesional', 'status': True}","{'id_university_qualification_type': 1, 'description': 'Numerica', 'status': True}","{'id_authorization_program': 6, 'resolution_number': '011', 'status': True, 'created_at': '2023-01-16 13:57:22', 'updated_at': '2023-01-16 13:57:22', 'id_program': 5, 'id_user': 1}","{'id_university_deparment': 2, 'id_faculty': 7, 'description': 'Escuela de Ingeniería de Sistemas y computación', 'status': True}","{'id_program': 5, 'full_name': 'Trabajo social'}"
250,Individuo Y Familia I,Individuo Y Familia I,207011M,04:00:00,True,True,3,3,1,1,6,2,5,Individuo Y Familia I,True,,"{'id_university_type_subject': 1, 'type': 'Profesional', 'status': True}","{'id_university_qualification_type': 1, 'description': 'Numerica', 'status': True}","{'id_authorization_program': 6, 'resolution_number': '011', 'status': True, 'created_at': '2023-01-16 13:57:22', 'updated_at': '2023-01-16 13:57:22', 'id_program': 5, 'id_user': 1}","{'id_university_deparment': 2, 'id_faculty': 7, 'description': 'Escuela de Ingeniería de Sistemas y computación', 'status': True}","{'id_program': 5, 'full_name': 'Trabajo social'}"
252,Epistemología De Las Ciencias Sociales,Epistemología De Las Ciencias Sociales,203087M,03:00:00,True,True,3,3,1,1,6,2,5,Epistemología De Las Ciencias Sociales,True,,"{'id_university_type_subject': 1, 'type': 'Profesional', 'status': True}","{'id_university_qualification_type': 1, 'description': 'Numerica', 'status': True}","{'id_authorization_program': 6, 'resolution_number': '011', 'status': True, 'created_at': '2023-01-16 13:57:22', 'updated_at': '2023-01-16 13:57:22', 'id_program': 5, 'id_user': 1}","{'id_university_deparment': 2, 'id_faculty': 7, 'description': 'Escuela de Ingeniería de Sistemas y computación', 'status': True}","{'id_program': 5, 'full_name': 'Trabajo social'}"
547,Tecnicas de Prueba de Software,Tecnicas de Prueba de Software,750105M,03:00:00,True,True,3,6,1,1,21,2,8,Tecnicas de Prueba de Software,True,,"{'id_university_type_subject': 1, 'type': 'Profesional', 'status': True}","{'id_university_qualification_type': 1, 'description': 'Numerica', 'status': True}","{'id_authorization_program': 21, 'resolution_number': '051', 'status': True, 'created_at': '2023-07-31 13:10:27', 'updated_at': '2023-07-31 13:10:27', 'id_program': 8, 'id_user': 1}","{'id_university_deparment': 2, 'id_faculty': 7, 'description': 'Escuela de Ingeniería de Sistemas y computación', 'status': True}","{'id_program': 8, 'full_name': 'Tecnología en Desarrollo de Software'}"
73,Inglés con fines generales y académicos II,Inglés con fines generales y académicos II,204026C,04:00:00,True,True,3,2,1,1,2,2,1,Inglés con fines generales y académicos II,True,,"{'id_university_type_subject': 1, 'type': 'Profesional', 'status': True}","{'id_university_qualification_type': 1, 'description': 'Numerica', 'status': True}","{'id_authorization_program': 2, 'resolution_number': '047', 'status': True, 'created_at': '2022-12-17 19:03:33', 'updated_at': '2022-12-17 19:03:33', 'id_program': 1, 'id_user': 1}","{'id_university_deparment': 2, 'id_faculty': 7, 'description': 'Escuela de Ingeniería de Sistemas y computación', 'status': True}","{'id_program': 1, 'full_name': 'Ingeniería de Sistemas'}"
253,Técnicas de Comunicación,Técnicas de Comunicación, 801007M,03:00:00,True,True,3,3,1,1,6,2,5,Técnicas de Comunicación,True,,"{'id_university_type_subject': 1, 'type': 'Profesional', 'status': True}","{'id_university_qualification_type': 1, 'description': 'Numerica', 'status': True}","{'id_authorization_program': 6, 'resolution_number': '011', 'status': True, 'created_at': '2023-01-16 13:57:22', 'updated_at': '2023-01-16 13:57:22', 'id_program': 5, 'id_user': 1}","{'id_university_deparment': 2, 'id_faculty': 7, 'description': 'Escuela de Ingeniería de Sistemas y computación', 'status': True}","{'id_program': 5, 'full_name': 'Trabajo social'}"
218,Gerencia de Ventas,Gerencia de Ventas,801073M,03:00:00,True,True,3,7,1,1,25,2,2,Gerencia de Ventas,True,,"{'id_university_type_subject': 1, 'type': 'Profesional', 'status': True}","{'id_university_qualification_type': 1, 'description': 'Numerica', 'status': True}","{'id_authorization_program': 25, 'resolution_number': '038-DIU', 'status': True, 'created_at': '2023-08-05 03:13:15', 'updated_at': '2023-08-05 03:13:15', 'id_program': 2, 'id_user': 1}","{'id_university_deparment': 2, 'id_faculty': 7, 'description': 'Escuela de Ingeniería de Sistemas y computación', 'status': True}","{'id_program': 2, 'full_name': 'Administracion de empresas'}"
217,Creación de Empresas,Creación de Empresas,801182M,03:00:00,True,True,3,7,1,1,25,2,2,Creación de Empresas,True,,"{'id_university_type_subject': 1, 'type': 'Profesional', 'status': True}","{'id_university_qualification_type': 1, 'description': 'Numerica', 'status': True}","{'id_authorization_program': 25, 'resolution_number': '038-DIU', 'status': True, 'created_at': '2023-08-05 03:13:15', 'updated_at': '2023-08-05 03:13:15', 'id_program': 2, 'id_user': 1}","{'id_university_deparment': 2, 'id_faculty': 7, 'description': 'Escuela de Ingeniería de Sistemas y computación', 'status': True}","{'id_program': 2, 'full_name': 'Administracion de empresas'}"
251,Individuo Y Familia I,Individuo Y Familia I,207011M,04:00:00,True,True,3,3,1,1,6,2,5,Individuo Y Familia I,False,,"{'id_university_type_subject': 1, 'type': 'Profesional', 'status': True}","{'id_university_qualification_type': 1, 'description': 'Numerica', 'status': True}","{'id_authorization_program': 6, 'resolution_number': '011', 'status': True, 'created_at': '2023-01-16 13:57:22', 'updated_at': '2023-01-16 13:57:22', 'id_program': 5, 'id_user': 1}","{'id_university_deparment': 2, 'id_faculty': 7, 'description': 'Escuela de Ingeniería de Sistemas y computación', 'status': True}","{'id_program': 5, 'full_name': 'Trabajo social'}"
549,Organización y administración de empresas,Organización y administración de empresas,801208M,03:00:00,True,True,3,6,1,1,21,2,8,Organización y administración de empresas,True,,"{'id_university_type_subject': 1, 'type': 'Profesional', 'status': True}","{'id_university_qualification_type': 1, 'description': 'Numerica', 'status': True}","{'id_authorization_program': 21, 'resolution_number': '051', 'status': True, 'created_at': '2023-07-31 13:10:27', 'updated_at': '2023-07-31 13:10:27', 'id_program': 8, 'id_user': 1}","{'id_university_deparment': 2, 'id_faculty': 7, 'description': 'Escuela de Ingeniería de Sistemas y computación', 'status': True}","{'id_program': 8, 'full_name': 'Tecnología en Desarrollo de Software'}"
254,Estadística Social I,Estadística Social I, 207082M,03:00:00,True,True,3,5,1,1,6,2,5,Estadística Social I,True,,"{'id_university_type_subject': 1, 'type': 'Profesional', 'status': True}","{'id_university_qualification_type': 1, 'description': 'Numerica', 'status': True}","{'id_authorization_program': 6, 'resolution_number': '011', 'status': True, 'created_at': '2023-01-16 13:57:22', 'updated_at': '2023-01-16 13:57:22', 'id_program': 5, 'id_user': 1}","{'id_university_deparment': 2, 'id_faculty': 7, 'description': 'Escuela de Ingeniería de Sistemas y computación', 'status': True}","{'id_program': 5, 'full_name': 'Trabajo social'}"
546,Fundamentos de Redes,Fundamentos de Redes,750096M,03:00:00,True,True,3,5,2,1,21,2,8,Fundamentos de Redes,True,,"{'id_university_type_subject': 2, 'type': 'Basica', 'status': True}","{'id_university_qualification_type': 1, 'description': 'Numerica', 'status': True}","{'id_authorization_program': 21, 'resolution_number': '051', 'status': True, 'created_at': '2023-07-31 13:10:27', 'updated_at': '2023-07-31 13:10:27', 'id_program': 8, 'id_user': 1}","{'id_university_deparment': 2, 'id_faculty': 7, 'description': 'Escuela de Ingeniería de Sistemas y computación', 'status': True}","{'id_program': 8, 'full_name': 'Tecnología en Desarrollo de Software'}"
232,"ELECTIVA Profundizacion I: Consultoria, Asesoria y Mentoria Empresarial","ELECTIVA Profundizacion I: Consultoria, Asesoria y Mentoria Empresarial",801253M,03:00:00,True,True,3,10,1,1,1,2,2,"ELECTIVA Profundizacion I: Consultoria, Asesoria y Mentoria Empresarial",True,,"{'id_university_type_subject': 1, 'type': 'Profesional', 'status': True}","{'id_university_qualification_type': 1, 'description': 'Numerica', 'status': True}","{'id_authorization_program': 1, 'resolution_number': '038-NOC', 'status': True, 'created_at': '2023-01-16 13:32:45', 'updated_at': '2023-01-16 13:32:45', 'id_program': 2, 'id_user': 1}","{'id_university_deparment': 2, 'id_faculty': 7, 'description': 'Escuela de Ingeniería de Sistemas y computación', 'status': True}","{'id_program': 2, 'full_name': 'Administracion de empresas'}"
225,Comercio Exterior,Comercio Exterior,801062M,03:00:00,True,True,3,8,2,1,1,2,2,Comercio Exterior,True,,"{'id_university_type_subject': 2, 'type': 'Basica', 'status': True}","{'id_university_qualification_type': 1, 'description': 'Numerica', 'status': True}","{'id_authorization_program': 1, 'resolution_number': '038-NOC', 'status': True, 'created_at': '2023-01-16 13:32:45', 'updated_at': '2023-01-16 13:32:45', 'id_program': 2, 'id_user': 1}","{'id_university_deparment': 2, 'id_faculty': 7, 'description': 'Escuela de Ingeniería de Sistemas y computación', 'status': True}","{'id_program': 2, 'full_name': 'Administracion de empresas'}"
543,INTELIGENCIA ARTIFICIAL,INTELIGENCIA ARTIFICIAL,750022C,04:00:00,True,True,3,6,1,1,21,2,8,INTELIGENCIA ARTIFICIAL,True,,"{'id_university_type_subject': 1, 'type': 'Profesional', 'status': True}","{'id_university_qualification_type': 1, 'description': 'Numerica', 'status': True}","{'id_authorization_program': 21, 'resolution_number': '051', 'status': True, 'created_at': '2023-07-31 13:10:27', 'updated_at': '2023-07-31 13:10:27', 'id_program': 8, 'id_user': 1}","{'id_university_deparment': 2, 'id_faculty': 7, 'description': 'Escuela de Ingeniería de Sistemas y computación', 'status': True}","{'id_program': 8, 'full_name': 'Tecnología en Desarrollo de Software'}"
248,Antropología Social Y Cultural,Antropología Social Y Cultural,207031M,03:00:00,True,True,3,3,1,1,6,2,5,Antropología Social Y Cultural,True,,"{'id_university_type_subject': 1, 'type': 'Profesional', 'status': True}","{'id_university_qualification_type': 1, 'description': 'Numerica', 'status': True}","{'id_authorization_program': 6, 'resolution_number': '011', 'status': True, 'created_at': '2023-01-16 13:57:22', 'updated_at': '2023-01-16 13:57:22', 'id_program': 5, 'id_user': 1}","{'id_university_deparment': 2, 'id_faculty': 7, 'description': 'Escuela de Ingeniería de Sistemas y computación', 'status': True}","{'id_program': 5, 'full_name': 'Trabajo social'}"
228,Electiva de Profundización III: Fundamentos de Responsabilidad social,Electiva de Profundización III: Fundamentos de Responsabilidad social,801283M,03:00:00,True,True,3,10,1,1,1,2,2,Electiva de Profundización III: Fundamentos de Responsabilidad social,True,,"{'id_university_type_subject': 1, 'type': 'Profesional', 'status': True}","{'id_university_qualification_type': 1, 'description': 'Numerica', 'status': True}","{'id_authorization_program': 1, 'resolution_number': '038-NOC', 'status': True, 'created_at': '2023-01-16 13:32:45', 'updated_at': '2023-01-16 13:32:45', 'id_program': 2, 'id_user': 1}","{'id_university_deparment': 2, 'id_faculty': 7, 'description': 'Escuela de Ingeniería de Sistemas y computación', 'status': True}","{'id_program': 2, 'full_name': 'Administracion de empresas'}"
492,Procesos de fermentación de alimentos,Procesos de fermentación de alimentos,745062M_1,02:00:00,True,True,2,8,1,1,16,2,3,Procesos de fermentación de alimentos,True,,"{'id_university_type_subject': 1, 'type': 'Profesional', 'status': True}","{'id_university_qualification_type': 1, 'description': 'Numerica', 'status': True}","{'id_authorization_program': 16, 'resolution_number': '081', 'status': True, 'created_at': '2023-02-09 14:57:44', 'updated_at': '2023-02-09 14:57:44', 'id_program': 3, 'id_user': 1}","{'id_university_deparment': 2, 'id_faculty': 7, 'description': 'Escuela de Ingeniería de Sistemas y computación', 'status': True}","{'id_program': 3, 'full_name': 'Ingeniería de Alimentos'}"
523,Introducción a la Ciencias de los Alimentos,Introducción a la Ciencias de los Alimentos,605012C,03:00:00,True,True,3,1,1,1,20,2,11,Introducción a la Ciencias de los Alimentos,True,,"{'id_university_type_subject': 1, 'type': 'Profesional', 'status': True}","{'id_university_qualification_type': 1, 'description': 'Numerica', 'status': True}","{'id_authorization_program': 20, 'resolution_number': '023', 'status': True, 'created_at': '2023-07-30 14:02:40', 'updated_at': '2023-07-30 14:02:40', 'id_program': 11, 'id_user': 1}","{'id_university_deparment': 2, 'id_faculty': 7, 'description': 'Escuela de Ingeniería de Sistemas y computación', 'status': True}","{'id_program': 11, 'full_name': 'Nutricion y dietetica'}"
552,Analisis y diseño de algoritmos I,Analisis y diseño de algoritmos I,750008C,04:00:00,True,True,3,4,1,1,14,2,8,Analisis y diseño de algoritmos I,True,,"{'id_university_type_subject': 1, 'type': 'Profesional', 'status': True}","{'id_university_qualification_type': 1, 'description': 'Numerica', 'status': True}","{'id_authorization_program': 14, 'resolution_number': '217-DIU', 'status': True, 'created_at': '2023-01-30 21:30:48', 'updated_at': '2023-01-30 21:30:48', 'id_program': 8, 'id_user': 1}","{'id_university_deparment': 2, 'id_faculty': 7, 'description': 'Escuela de Ingeniería de Sistemas y computación', 'status': True}","{'id_program': 8, 'full_name': 'Tecnología en Desarrollo de Software'}"
554,Fundamentos de redes,Fundamentos de redes,750010C,03:00:00,True,True,3,4,1,1,14,2,8,Fundamentos de redes,True,,"{'id_university_type_subject': 1, 'type': 'Profesional', 'status': True}","{'id_university_qualification_type': 1, 'description': 'Numerica', 'status': True}","{'id_authorization_program': 14, 'resolution_number': '217-DIU', 'status': True, 'created_at': '2023-01-30 21:30:48', 'updated_at': '2023-01-30 21:30:48', 'id_program': 8, 'id_user': 1}","{'id_university_deparment': 2, 'id_faculty': 7, 'description': 'Escuela de Ingeniería de Sistemas y computación', 'status': True}","{'id_program': 8, 'full_name': 'Tecnología en Desarrollo de Software'}"
401,Sistemas de producción,Sistemas de producción,801063M,03:00:00,True,True,3,6,1,1,4,2,6,Sistemas de producción,True,,"{'id_university_type_subject': 1, 'type': 'Profesional', 'status': True}","{'id_university_qualification_type': 1, 'description': 'Numerica', 'status': True}","{'id_authorization_program': 4, 'resolution_number': '091-NOC', 'status': True, 'created_at': '2023-01-16 13:05:50', 'updated_at': '2023-01-16 13:05:50', 'id_program': 6, 'id_user': 1}","{'id_university_deparment': 2, 'id_faculty': 7, 'description': 'Escuela de Ingeniería de Sistemas y computación', 'status': True}","{'id_program': 6, 'full_name': 'Contaduría Publica'}"
555,Ingeniería económica,Ingeniería económica,760016C,03:00:00,True,True,3,4,1,1,14,2,8,Ingeniería económica,True,,"{'id_university_type_subject': 1, 'type': 'Profesional', 'status': True}","{'id_university_qualification_type': 1, 'description': 'Numerica', 'status': True}","{'id_authorization_program': 14, 'resolution_number': '217-DIU', 'status': True, 'created_at': '2023-01-30 21:30:48', 'updated_at': '2023-01-30 21:30:48', 'id_program': 8, 'id_user': 1}","{'id_university_deparment': 2, 'id_faculty': 7, 'description': 'Escuela de Ingeniería de Sistemas y computación', 'status': True}","{'id_program': 8, 'full_name': 'Tecnología en Desarrollo de Software'}"
236,Historia De Colombia Con Énfasis Social,Historia De Colombia Con Énfasis Social, 207103M,03:00:00,True,True,3,1,1,1,6,2,5,Historia De Colombia Con Énfasis Social,True,,"{'id_university_type_subject': 1, 'type': 'Profesional', 'status': True}","{'id_university_qualification_type': 1, 'description': 'Numerica', 'status': True}","{'id_authorization_program': 6, 'resolution_number': '011', 'status': True, 'created_at': '2023-01-16 13:57:22', 'updated_at': '2023-01-16 13:57:22', 'id_program': 5, 'id_user': 1}","{'id_university_deparment': 2, 'id_faculty': 7, 'description': 'Escuela de Ingeniería de Sistemas y computación', 'status': True}","{'id_program': 5, 'full_name': 'Trabajo social'}"
239,Fundamentos De Economía,Fundamentos De Economía,207076M,03:00:00,True,True,3,1,1,1,6,2,5,Fundamentos De Economía,True,,"{'id_university_type_subject': 1, 'type': 'Profesional', 'status': True}","{'id_university_qualification_type': 1, 'description': 'Numerica', 'status': True}","{'id_authorization_program': 6, 'resolution_number': '011', 'status': True, 'created_at': '2023-01-16 13:57:22', 'updated_at': '2023-01-16 13:57:22', 'id_program': 5, 'id_user': 1}","{'id_university_deparment': 2, 'id_faculty': 7, 'description': 'Escuela de Ingeniería de Sistemas y computación', 'status': True}","{'id_program': 5, 'full_name': 'Trabajo social'}"
240,Introducción Al Trabajo Social,Introducción Al Trabajo Social,207004M,03:00:00,True,True,3,1,1,1,6,2,5,Introducción Al Trabajo Social,True,,"{'id_university_type_subject': 1, 'type': 'Profesional', 'status': True}","{'id_university_qualification_type': 1, 'description': 'Numerica', 'status': True}","{'id_authorization_program': 6, 'resolution_number': '011', 'status': True, 'created_at': '2023-01-16 13:57:22', 'updated_at': '2023-01-16 13:57:22', 'id_program': 5, 'id_user': 1}","{'id_university_deparment': 2, 'id_faculty': 7, 'description': 'Escuela de Ingeniería de Sistemas y computación', 'status': True}","{'id_program': 5, 'full_name': 'Trabajo social'}"
243,Desarrollo De La Personalidad I,Desarrollo De La Personalidad I,207009M,03:00:00,True,True,3,1,1,1,6,2,5,Desarrollo De La Personalidad I,True,,"{'id_university_type_subject': 1, 'type': 'Profesional', 'status': True}","{'id_university_qualification_type': 1, 'description': 'Numerica', 'status': True}","{'id_authorization_program': 6, 'resolution_number': '011', 'status': True, 'created_at': '2023-01-16 13:57:22', 'updated_at': '2023-01-16 13:57:22', 'id_program': 5, 'id_user': 1}","{'id_university_deparment': 2, 'id_faculty': 7, 'description': 'Escuela de Ingeniería de Sistemas y computación', 'status': True}","{'id_program': 5, 'full_name': 'Trabajo social'}"
244,Deporte Formativo,Deporte Formativo,404001M,02:00:00,True,True,3,1,1,1,6,2,5,Deporte Formativo,True,,"{'id_university_type_subject': 1, 'type': 'Profesional', 'status': True}","{'id_university_qualification_type': 1, 'description': 'Numerica', 'status': True}","{'id_authorization_program': 6, 'resolution_number': '011', 'status': True, 'created_at': '2023-01-16 13:57:22', 'updated_at': '2023-01-16 13:57:22', 'id_program': 5, 'id_user': 1}","{'id_university_deparment': 2, 'id_faculty': 7, 'description': 'Escuela de Ingeniería de Sistemas y computación', 'status': True}","{'id_program': 5, 'full_name': 'Trabajo social'}"
245,Comprensión y Producción de Textos Académicos,Comprensión y Producción de Textos Académicos,204161M,03:00:00,True,True,3,1,1,1,6,2,5,Comprensión y Producción de Textos Académicos,True,,"{'id_university_type_subject': 1, 'type': 'Profesional', 'status': True}","{'id_university_qualification_type': 1, 'description': 'Numerica', 'status': True}","{'id_authorization_program': 6, 'resolution_number': '011', 'status': True, 'created_at': '2023-01-16 13:57:22', 'updated_at': '2023-01-16 13:57:22', 'id_program': 5, 'id_user': 1}","{'id_university_deparment': 2, 'id_faculty': 7, 'description': 'Escuela de Ingeniería de Sistemas y computación', 'status': True}","{'id_program': 5, 'full_name': 'Trabajo social'}"
556,Probabilidad y Estadistica,Probabilidad y Estadistica,761001C,04:00:00,True,True,3,4,1,1,14,2,8,Probabilidad y Estadistica,True,,"{'id_university_type_subject': 1, 'type': 'Profesional', 'status': True}","{'id_university_qualification_type': 1, 'description': 'Numerica', 'status': True}","{'id_authorization_program': 14, 'resolution_number': '217-DIU', 'status': True, 'created_at': '2023-01-30 21:30:48', 'updated_at': '2023-01-30 21:30:48', 'id_program': 8, 'id_user': 1}","{'id_university_deparment': 2, 'id_faculty': 7, 'description': 'Escuela de Ingeniería de Sistemas y computación', 'status': True}","{'id_program': 8, 'full_name': 'Tecnología en Desarrollo de Software'}"
247,Teoría Sociológica II,Teoría Sociológica II,207071M,03:00:00,True,True,3,3,1,1,6,2,5,Teoría Sociológica II,True,,"{'id_university_type_subject': 1, 'type': 'Profesional', 'status': True}","{'id_university_qualification_type': 1, 'description': 'Numerica', 'status': True}","{'id_authorization_program': 6, 'resolution_number': '011', 'status': True, 'created_at': '2023-01-16 13:57:22', 'updated_at': '2023-01-16 13:57:22', 'id_program': 5, 'id_user': 1}","{'id_university_deparment': 2, 'id_faculty': 7, 'description': 'Escuela de Ingeniería de Sistemas y computación', 'status': True}","{'id_program': 5, 'full_name': 'Trabajo social'}"
386,Taller de habilidades informáticas para la gestión,Taller de habilidades informáticas para la gestión,801044C,03:00:00,True,True,3,1,1,1,18,2,6,Taller de habilidades informáticas para la gestión,False,,"{'id_university_type_subject': 1, 'type': 'Profesional', 'status': True}","{'id_university_qualification_type': 1, 'description': 'Numerica', 'status': True}","{'id_authorization_program': 18, 'resolution_number': '240-DIU', 'status': True, 'created_at': '2023-02-15 01:20:45', 'updated_at': '2023-02-15 01:20:45', 'id_program': 6, 'id_user': 1}","{'id_university_deparment': 2, 'id_faculty': 7, 'description': 'Escuela de Ingeniería de Sistemas y computación', 'status': True}","{'id_program': 6, 'full_name': 'Contaduría Publica'}"
237,Historia De Colombia Con Énfasis Social,Historia De Colombia Con Énfasis Social, 207103M,03:00:00,True,True,3,1,1,1,6,2,5,Historia De Colombia Con Énfasis Social,False,,"{'id_university_type_subject': 1, 'type': 'Profesional', 'status': True}","{'id_university_qualification_type': 1, 'description': 'Numerica', 'status': True}","{'id_authorization_program': 6, 'resolution_number': '011', 'status': True, 'created_at': '2023-01-16 13:57:22', 'updated_at': '2023-01-16 13:57:22', 'id_program': 5, 'id_user': 1}","{'id_university_deparment': 2, 'id_faculty': 7, 'description': 'Escuela de Ingeniería de Sistemas y computación', 'status': True}","{'id_program': 5, 'full_name': 'Trabajo social'}"
238,Fundamentos De Economía,Fundamentos De Economía,207076M,03:00:00,True,True,3,1,1,1,6,2,5,Fundamentos De Economía,False,,"{'id_university_type_subject': 1, 'type': 'Profesional', 'status': True}","{'id_university_qualification_type': 1, 'description': 'Numerica', 'status': True}","{'id_authorization_program': 6, 'resolution_number': '011', 'status': True, 'created_at': '2023-01-16 13:57:22', 'updated_at': '2023-01-16 13:57:22', 'id_program': 5, 'id_user': 1}","{'id_university_deparment': 2, 'id_faculty': 7, 'description': 'Escuela de Ingeniería de Sistemas y computación', 'status': True}","{'id_program': 5, 'full_name': 'Trabajo social'}"
521,Nucleo Salud Pública I,Nucleo Salud Pública I,607001C,03:00:00,True,True,3,1,1,1,20,2,11,Nucleo Salud Pública I,True,,"{'id_university_type_subject': 1, 'type': 'Profesional', 'status': True}","{'id_university_qualification_type': 1, 'description': 'Numerica', 'status': True}","{'id_authorization_program': 20, 'resolution_number': '023', 'status': True, 'created_at': '2023-07-30 14:02:40', 'updated_at': '2023-07-30 14:02:40', 'id_program': 11, 'id_user': 1}","{'id_university_deparment': 2, 'id_faculty': 7, 'description': 'Escuela de Ingeniería de Sistemas y computación', 'status': True}","{'id_program': 11, 'full_name': 'Nutricion y dietetica'}"
553,Desarrollo de software I,Desarrollo de software I,750009C,03:00:00,True,True,3,4,1,1,14,2,8,Desarrollo de software I,True,,"{'id_university_type_subject': 1, 'type': 'Profesional', 'status': True}","{'id_university_qualification_type': 1, 'description': 'Numerica', 'status': True}","{'id_authorization_program': 14, 'resolution_number': '217-DIU', 'status': True, 'created_at': '2023-01-30 21:30:48', 'updated_at': '2023-01-30 21:30:48', 'id_program': 8, 'id_user': 1}","{'id_university_deparment': 2, 'id_faculty': 7, 'description': 'Escuela de Ingeniería de Sistemas y computación', 'status': True}","{'id_program': 8, 'full_name': 'Tecnología en Desarrollo de Software'}"
524,Introducción a la Nutrición y Dietética,Introducción a la Nutrición y Dietética,605011C,03:00:00,True,True,3,1,1,1,20,2,11,Introducción a la Nutrición y Dietética,True,,"{'id_university_type_subject': 1, 'type': 'Profesional', 'status': True}","{'id_university_qualification_type': 1, 'description': 'Numerica', 'status': True}","{'id_authorization_program': 20, 'resolution_number': '023', 'status': True, 'created_at': '2023-07-30 14:02:40', 'updated_at': '2023-07-30 14:02:40', 'id_program': 11, 'id_user': 1}","{'id_university_deparment': 2, 'id_faculty': 7, 'description': 'Escuela de Ingeniería de Sistemas y computación', 'status': True}","{'id_program': 11, 'full_name': 'Nutricion y dietetica'}"
522,Estrategias para el aprendizaje autónomo,Estrategias para el aprendizaje autónomo,417016C,03:30:00,True,True,3,1,1,1,20,2,11,Estrategias para el aprendizaje autónomo,True,,"{'id_university_type_subject': 1, 'type': 'Profesional', 'status': True}","{'id_university_qualification_type': 1, 'description': 'Numerica', 'status': True}","{'id_authorization_program': 20, 'resolution_number': '023', 'status': True, 'created_at': '2023-07-30 14:02:40', 'updated_at': '2023-07-30 14:02:40', 'id_program': 11, 'id_user': 1}","{'id_university_deparment': 2, 'id_faculty': 7, 'description': 'Escuela de Ingeniería de Sistemas y computación', 'status': True}","{'id_program': 11, 'full_name': 'Nutricion y dietetica'}"
551,Inglés con fines generales y académicos I,Inglés con fines generales y académicos I,204025C,04:00:00,True,True,3,3,1,1,29,2,8,Inglés con fines generales y académicos I,True,,"{'id_university_type_subject': 1, 'type': 'Profesional', 'status': True}","{'id_university_qualification_type': 1, 'description': 'Numerica', 'status': True}","{'id_authorization_program': 29, 'resolution_number': '217-NOC', 'status': True, 'created_at': '2023-08-09 14:20:51', 'updated_at': '2023-08-09 14:20:51', 'id_program': 8, 'id_user': 1}","{'id_university_deparment': 2, 'id_faculty': 7, 'description': 'Escuela de Ingeniería de Sistemas y computación', 'status': True}","{'id_program': 8, 'full_name': 'Tecnología en Desarrollo de Software'}"
519,Matemáticas Básicas,Matemáticas Básicas,111023C,05:00:00,True,True,3,1,1,1,20,2,11,Matemáticas Básicas,True,,"{'id_university_type_subject': 1, 'type': 'Profesional', 'status': True}","{'id_university_qualification_type': 1, 'description': 'Numerica', 'status': True}","{'id_authorization_program': 20, 'resolution_number': '023', 'status': True, 'created_at': '2023-07-30 14:02:40', 'updated_at': '2023-07-30 14:02:40', 'id_program': 11, 'id_user': 1}","{'id_university_deparment': 2, 'id_faculty': 7, 'description': 'Escuela de Ingeniería de Sistemas y computación', 'status': True}","{'id_program': 11, 'full_name': 'Nutricion y dietetica'}"
256,Comunidad y Organizaciones I,Comunidad y Organizaciones I,207030M,04:00:00,True,True,3,5,1,1,6,2,5,Comunidad y Organizaciones I,True,,"{'id_university_type_subject': 1, 'type': 'Profesional', 'status': True}","{'id_university_qualification_type': 1, 'description': 'Numerica', 'status': True}","{'id_authorization_program': 6, 'resolution_number': '011', 'status': True, 'created_at': '2023-01-16 13:57:22', 'updated_at': '2023-01-16 13:57:22', 'id_program': 5, 'id_user': 1}","{'id_university_deparment': 2, 'id_faculty': 7, 'description': 'Escuela de Ingeniería de Sistemas y computación', 'status': True}","{'id_program': 5, 'full_name': 'Trabajo social'}"
258,Metodología De Trabajo Con Grupos II,Metodología De Trabajo Con Grupos II, 207018M,04:00:00,True,True,3,5,1,1,6,2,5,Metodología De Trabajo Con Grupos II,True,,"{'id_university_type_subject': 1, 'type': 'Profesional', 'status': True}","{'id_university_qualification_type': 1, 'description': 'Numerica', 'status': True}","{'id_authorization_program': 6, 'resolution_number': '011', 'status': True, 'created_at': '2023-01-16 13:57:22', 'updated_at': '2023-01-16 13:57:22', 'id_program': 5, 'id_user': 1}","{'id_university_deparment': 2, 'id_faculty': 7, 'description': 'Escuela de Ingeniería de Sistemas y computación', 'status': True}","{'id_program': 5, 'full_name': 'Trabajo social'}"
137,Evaluación y Administración de Proyectos,Evaluación y Administración de Proyectos,760105M,03:00:00,True,True,3,8,1,1,3,1,1,Evaluación y Administración de Proyectos,True,,"{'id_university_type_subject': 1, 'type': 'Profesional', 'status': True}","{'id_university_qualification_type': 1, 'description': 'Numerica', 'status': True}","{'id_authorization_program': 3, 'resolution_number': '048', 'status': True, 'created_at': '2022-12-17 19:11:05', 'updated_at': '2022-12-17 19:11:05', 'id_program': 1, 'id_user': 1}","{'id_university_deparment': 1, 'id_faculty': 7, 'description': 'Escuela de Ingeniería Industrial', 'status': True}","{'id_program': 1, 'full_name': 'Ingeniería de Sistemas'}"
262,Estrategias De Investigación,Estrategias De Investigación,207022M,04:00:00,True,True,3,5,1,1,6,2,5,Estrategias De Investigación,True,,"{'id_university_type_subject': 1, 'type': 'Profesional', 'status': True}","{'id_university_qualification_type': 1, 'description': 'Numerica', 'status': True}","{'id_authorization_program': 6, 'resolution_number': '011', 'status': True, 'created_at': '2023-01-16 13:57:22', 'updated_at': '2023-01-16 13:57:22', 'id_program': 5, 'id_user': 1}","{'id_university_deparment': 2, 'id_faculty': 7, 'description': 'Escuela de Ingeniería de Sistemas y computación', 'status': True}","{'id_program': 5, 'full_name': 'Trabajo social'}"
264,Lectura De Textos En Inglés II,Lectura De Textos En Inglés II, 204104M,05:00:00,True,True,3,5,1,1,6,2,5,Lectura De Textos En Inglés II,True,,"{'id_university_type_subject': 1, 'type': 'Profesional', 'status': True}","{'id_university_qualification_type': 1, 'description': 'Numerica', 'status': True}","{'id_authorization_program': 6, 'resolution_number': '011', 'status': True, 'created_at': '2023-01-16 13:57:22', 'updated_at': '2023-01-16 13:57:22', 'id_program': 5, 'id_user': 1}","{'id_university_deparment': 2, 'id_faculty': 7, 'description': 'Escuela de Ingeniería de Sistemas y computación', 'status': True}","{'id_program': 5, 'full_name': 'Trabajo social'}"
265,Práctica I,Práctica I, 207037M,02:00:00,True,True,3,8,1,1,6,2,5,Práctica I,True,,"{'id_university_type_subject': 1, 'type': 'Profesional', 'status': True}","{'id_university_qualification_type': 1, 'description': 'Numerica', 'status': True}","{'id_authorization_program': 6, 'resolution_number': '011', 'status': True, 'created_at': '2023-01-16 13:57:22', 'updated_at': '2023-01-16 13:57:22', 'id_program': 5, 'id_user': 1}","{'id_university_deparment': 2, 'id_faculty': 7, 'description': 'Escuela de Ingeniería de Sistemas y computación', 'status': True}","{'id_program': 5, 'full_name': 'Trabajo social'}"
266,Práctica I,Práctica I, 207037M,02:00:00,True,True,3,8,1,1,6,2,5,Práctica I,True,,"{'id_university_type_subject': 1, 'type': 'Profesional', 'status': True}","{'id_university_qualification_type': 1, 'description': 'Numerica', 'status': True}","{'id_authorization_program': 6, 'resolution_number': '011', 'status': True, 'created_at': '2023-01-16 13:57:22', 'updated_at': '2023-01-16 13:57:22', 'id_program': 5, 'id_user': 1}","{'id_university_deparment': 2, 'id_faculty': 7, 'description': 'Escuela de Ingeniería de Sistemas y computación', 'status': True}","{'id_program': 5, 'full_name': 'Trabajo social'}"
267,Práctica I,Práctica I, 207037M,02:00:00,True,True,3,8,1,1,6,2,5,Práctica I,True,,"{'id_university_type_subject': 1, 'type': 'Profesional', 'status': True}","{'id_university_qualification_type': 1, 'description': 'Numerica', 'status': True}","{'id_authorization_program': 6, 'resolution_number': '011', 'status': True, 'created_at': '2023-01-16 13:57:22', 'updated_at': '2023-01-16 13:57:22', 'id_program': 5, 'id_user': 1}","{'id_university_deparment': 2, 'id_faculty': 7, 'description': 'Escuela de Ingeniería de Sistemas y computación', 'status': True}","{'id_program': 5, 'full_name': 'Trabajo social'}"
268,Práctica I,Práctica I, 207037M,02:00:00,True,True,3,8,1,1,6,2,5,Práctica I,True,,"{'id_university_type_subject': 1, 'type': 'Profesional', 'status': True}","{'id_university_qualification_type': 1, 'description': 'Numerica', 'status': True}","{'id_authorization_program': 6, 'resolution_number': '011', 'status': True, 'created_at': '2023-01-16 13:57:22', 'updated_at': '2023-01-16 13:57:22', 'id_program': 5, 'id_user': 1}","{'id_university_deparment': 2, 'id_faculty': 7, 'description': 'Escuela de Ingeniería de Sistemas y computación', 'status': True}","{'id_program': 5, 'full_name': 'Trabajo social'}"
269,Práctica I,Práctica I, 207037M,02:00:00,True,True,3,8,1,1,6,2,5,Práctica I,True,,"{'id_university_type_subject': 1, 'type': 'Profesional', 'status': True}","{'id_university_qualification_type': 1, 'description': 'Numerica', 'status': True}","{'id_authorization_program': 6, 'resolution_number': '011', 'status': True, 'created_at': '2023-01-16 13:57:22', 'updated_at': '2023-01-16 13:57:22', 'id_program': 5, 'id_user': 1}","{'id_university_deparment': 2, 'id_faculty': 7, 'description': 'Escuela de Ingeniería de Sistemas y computación', 'status': True}","{'id_program': 5, 'full_name': 'Trabajo social'}"
270,Práctica I,Práctica I, 207037M,02:00:00,True,True,3,8,1,1,6,2,5,Práctica I,True,,"{'id_university_type_subject': 1, 'type': 'Profesional', 'status': True}","{'id_university_qualification_type': 1, 'description': 'Numerica', 'status': True}","{'id_authorization_program': 6, 'resolution_number': '011', 'status': True, 'created_at': '2023-01-16 13:57:22', 'updated_at': '2023-01-16 13:57:22', 'id_program': 5, 'id_user': 1}","{'id_university_deparment': 2, 'id_faculty': 7, 'description': 'Escuela de Ingeniería de Sistemas y computación', 'status': True}","{'id_program': 5, 'full_name': 'Trabajo social'}"
271,Seminario De Monografía,Seminario De Monografía,207052M,03:00:00,True,True,3,8,1,1,6,2,5,Seminario De Monografía,True,,"{'id_university_type_subject': 1, 'type': 'Profesional', 'status': True}","{'id_university_qualification_type': 1, 'description': 'Numerica', 'status': True}","{'id_authorization_program': 6, 'resolution_number': '011', 'status': True, 'created_at': '2023-01-16 13:57:22', 'updated_at': '2023-01-16 13:57:22', 'id_program': 5, 'id_user': 1}","{'id_university_deparment': 2, 'id_faculty': 7, 'description': 'Escuela de Ingeniería de Sistemas y computación', 'status': True}","{'id_program': 5, 'full_name': 'Trabajo social'}"
272,Seminario De Monografía,Seminario De Monografía,207052M,03:00:00,True,True,3,8,1,1,6,2,5,Seminario De Monografía,True,,"{'id_university_type_subject': 1, 'type': 'Profesional', 'status': True}","{'id_university_qualification_type': 1, 'description': 'Numerica', 'status': True}","{'id_authorization_program': 6, 'resolution_number': '011', 'status': True, 'created_at': '2023-01-16 13:57:22', 'updated_at': '2023-01-16 13:57:22', 'id_program': 5, 'id_user': 1}","{'id_university_deparment': 2, 'id_faculty': 7, 'description': 'Escuela de Ingeniería de Sistemas y computación', 'status': True}","{'id_program': 5, 'full_name': 'Trabajo social'}"
273,Integración Metodológica I,Integración Metodológica I,207047M,02:00:00,True,True,3,8,1,1,6,2,5,Integración Metodológica I,True,,"{'id_university_type_subject': 1, 'type': 'Profesional', 'status': True}","{'id_university_qualification_type': 1, 'description': 'Numerica', 'status': True}","{'id_authorization_program': 6, 'resolution_number': '011', 'status': True, 'created_at': '2023-01-16 13:57:22', 'updated_at': '2023-01-16 13:57:22', 'id_program': 5, 'id_user': 1}","{'id_university_deparment': 2, 'id_faculty': 7, 'description': 'Escuela de Ingeniería de Sistemas y computación', 'status': True}","{'id_program': 5, 'full_name': 'Trabajo social'}"
274,Orientación Familiar ,Orientación Familiar ,207036M,03:00:00,True,True,3,8,1,1,6,2,5,Orientación Familiar ,True,,"{'id_university_type_subject': 1, 'type': 'Profesional', 'status': True}","{'id_university_qualification_type': 1, 'description': 'Numerica', 'status': True}","{'id_authorization_program': 6, 'resolution_number': '011', 'status': True, 'created_at': '2023-01-16 13:57:22', 'updated_at': '2023-01-16 13:57:22', 'id_program': 5, 'id_user': 1}","{'id_university_deparment': 2, 'id_faculty': 7, 'description': 'Escuela de Ingeniería de Sistemas y computación', 'status': True}","{'id_program': 5, 'full_name': 'Trabajo social'}"
275,Derecho De Familia,Derecho De Familia, 207099M,03:00:00,True,True,3,8,1,1,6,2,5,Derecho De Familia,True,,"{'id_university_type_subject': 1, 'type': 'Profesional', 'status': True}","{'id_university_qualification_type': 1, 'description': 'Numerica', 'status': True}","{'id_authorization_program': 6, 'resolution_number': '011', 'status': True, 'created_at': '2023-01-16 13:57:22', 'updated_at': '2023-01-16 13:57:22', 'id_program': 5, 'id_user': 1}","{'id_university_deparment': 2, 'id_faculty': 7, 'description': 'Escuela de Ingeniería de Sistemas y computación', 'status': True}","{'id_program': 5, 'full_name': 'Trabajo social'}"
276,Pedagogía Social,Pedagogía Social,207066M,03:00:00,True,True,3,8,1,1,6,2,5,Pedagogía Social,True,,"{'id_university_type_subject': 1, 'type': 'Profesional', 'status': True}","{'id_university_qualification_type': 1, 'description': 'Numerica', 'status': True}","{'id_authorization_program': 6, 'resolution_number': '011', 'status': True, 'created_at': '2023-01-16 13:57:22', 'updated_at': '2023-01-16 13:57:22', 'id_program': 5, 'id_user': 1}","{'id_university_deparment': 2, 'id_faculty': 7, 'description': 'Escuela de Ingeniería de Sistemas y computación', 'status': True}","{'id_program': 5, 'full_name': 'Trabajo social'}"
277,Salud Ocupacional,Salud Ocupacional,207067M,03:00:00,True,True,3,8,1,1,6,2,5,Salud Ocupacional,True,,"{'id_university_type_subject': 1, 'type': 'Profesional', 'status': True}","{'id_university_qualification_type': 1, 'description': 'Numerica', 'status': True}","{'id_authorization_program': 6, 'resolution_number': '011', 'status': True, 'created_at': '2023-01-16 13:57:22', 'updated_at': '2023-01-16 13:57:22', 'id_program': 5, 'id_user': 1}","{'id_university_deparment': 2, 'id_faculty': 7, 'description': 'Escuela de Ingeniería de Sistemas y computación', 'status': True}","{'id_program': 5, 'full_name': 'Trabajo social'}"
527,Deporte Recreativo,Deporte Recreativo,410087M,03:00:00,True,True,3,1,1,1,5,2,4,Deporte Recreativo,True,,"{'id_university_type_subject': 1, 'type': 'Profesional', 'status': True}","{'id_university_qualification_type': 1, 'description': 'Numerica', 'status': True}","{'id_authorization_program': 5, 'resolution_number': '128', 'status': True, 'created_at': '2023-01-16 13:56:28', 'updated_at': '2023-01-16 13:56:28', 'id_program': 4, 'id_user': 1}","{'id_university_deparment': 2, 'id_faculty': 7, 'description': 'Escuela de Ingeniería de Sistemas y computación', 'status': True}","{'id_program': 4, 'full_name': 'Construccion'}"
260,Administración Social,Administración Social,207019M,04:00:00,True,True,3,5,1,1,6,2,5,Administración Social,True,,"{'id_university_type_subject': 1, 'type': 'Profesional', 'status': True}","{'id_university_qualification_type': 1, 'description': 'Numerica', 'status': True}","{'id_authorization_program': 6, 'resolution_number': '011', 'status': True, 'created_at': '2023-01-16 13:57:22', 'updated_at': '2023-01-16 13:57:22', 'id_program': 5, 'id_user': 1}","{'id_university_deparment': 2, 'id_faculty': 7, 'description': 'Escuela de Ingeniería de Sistemas y computación', 'status': True}","{'id_program': 5, 'full_name': 'Trabajo social'}"
255,Estadística Social I,Estadística Social I, 207082M,03:00:00,True,True,3,5,1,1,6,2,5,Estadística Social I,False,,"{'id_university_type_subject': 1, 'type': 'Profesional', 'status': True}","{'id_university_qualification_type': 1, 'description': 'Numerica', 'status': True}","{'id_authorization_program': 6, 'resolution_number': '011', 'status': True, 'created_at': '2023-01-16 13:57:22', 'updated_at': '2023-01-16 13:57:22', 'id_program': 5, 'id_user': 1}","{'id_university_deparment': 2, 'id_faculty': 7, 'description': 'Escuela de Ingeniería de Sistemas y computación', 'status': True}","{'id_program': 5, 'full_name': 'Trabajo social'}"
410,Álgebra lineal ,Álgebra lineal ,801017C,03:00:00,True,True,3,2,1,1,26,2,6,Álgebra lineal ,True,,"{'id_university_type_subject': 1, 'type': 'Profesional', 'status': True}","{'id_university_qualification_type': 1, 'description': 'Numerica', 'status': True}","{'id_authorization_program': 26, 'resolution_number': '240-NOC', 'status': True, 'created_at': '2023-08-06 23:16:45', 'updated_at': '2023-08-06 23:16:45', 'id_program': 6, 'id_user': 1}","{'id_university_deparment': 2, 'id_faculty': 7, 'description': 'Escuela de Ingeniería de Sistemas y computación', 'status': True}","{'id_program': 6, 'full_name': 'Contaduría Publica'}"
292,Álgebra lineal,Álgebra lineal,111006C,05:00:00,True,True,3,2,1,1,7,2,3,Álgebra lineal,True,,"{'id_university_type_subject': 1, 'type': 'Profesional', 'status': True}","{'id_university_qualification_type': 1, 'description': 'Numerica', 'status': True}","{'id_authorization_program': 7, 'resolution_number': '228', 'status': True, 'created_at': '2023-01-16 14:02:37', 'updated_at': '2023-01-16 14:02:37', 'id_program': 3, 'id_user': 1}","{'id_university_deparment': 2, 'id_faculty': 7, 'description': 'Escuela de Ingeniería de Sistemas y computación', 'status': True}","{'id_program': 3, 'full_name': 'Ingeniería de Alimentos'}"
411,Matemática para finanzas ,Matemática para finanzas ,802013C,03:00:00,True,True,3,2,1,1,26,2,6,Matemática para finanzas ,True,,"{'id_university_type_subject': 1, 'type': 'Profesional', 'status': True}","{'id_university_qualification_type': 1, 'description': 'Numerica', 'status': True}","{'id_authorization_program': 26, 'resolution_number': '240-NOC', 'status': True, 'created_at': '2023-08-06 23:16:45', 'updated_at': '2023-08-06 23:16:45', 'id_program': 6, 'id_user': 1}","{'id_university_deparment': 2, 'id_faculty': 7, 'description': 'Escuela de Ingeniería de Sistemas y computación', 'status': True}","{'id_program': 6, 'full_name': 'Contaduría Publica'}"
412,Contabilidad de los recursos y obligaciones de corto plazo,Contabilidad de los recursos y obligaciones de corto plazo,802014C,03:00:00,True,True,3,2,1,1,26,2,6,Contabilidad de los recursos y obligaciones de corto plazo,True,,"{'id_university_type_subject': 1, 'type': 'Profesional', 'status': True}","{'id_university_qualification_type': 1, 'description': 'Numerica', 'status': True}","{'id_authorization_program': 26, 'resolution_number': '240-NOC', 'status': True, 'created_at': '2023-08-06 23:16:45', 'updated_at': '2023-08-06 23:16:45', 'id_program': 6, 'id_user': 1}","{'id_university_deparment': 2, 'id_faculty': 7, 'description': 'Escuela de Ingeniería de Sistemas y computación', 'status': True}","{'id_program': 6, 'full_name': 'Contaduría Publica'}"
413,Comprensión y producción de textos académicos generales,Comprensión y producción de textos académicos generales,204402M,03:00:00,True,True,3,2,1,1,26,2,6,Comprensión y producción de textos académicos generales,True,,"{'id_university_type_subject': 1, 'type': 'Profesional', 'status': True}","{'id_university_qualification_type': 1, 'description': 'Numerica', 'status': True}","{'id_authorization_program': 26, 'resolution_number': '240-NOC', 'status': True, 'created_at': '2023-08-06 23:16:45', 'updated_at': '2023-08-06 23:16:45', 'id_program': 6, 'id_user': 1}","{'id_university_deparment': 2, 'id_faculty': 7, 'description': 'Escuela de Ingeniería de Sistemas y computación', 'status': True}","{'id_program': 6, 'full_name': 'Contaduría Publica'}"
257,Comunidad y Organizaciones I,Comunidad y Organizaciones I,207030M,04:00:00,True,True,3,5,1,1,6,2,5,Comunidad y Organizaciones I,False,,"{'id_university_type_subject': 1, 'type': 'Profesional', 'status': True}","{'id_university_qualification_type': 1, 'description': 'Numerica', 'status': True}","{'id_authorization_program': 6, 'resolution_number': '011', 'status': True, 'created_at': '2023-01-16 13:57:22', 'updated_at': '2023-01-16 13:57:22', 'id_program': 5, 'id_user': 1}","{'id_university_deparment': 2, 'id_faculty': 7, 'description': 'Escuela de Ingeniería de Sistemas y computación', 'status': True}","{'id_program': 5, 'full_name': 'Trabajo social'}"
263,Estrategias De Investigación,Estrategias De Investigación,207022M,04:00:00,True,True,3,5,1,1,6,2,5,Estrategias De Investigación,False,,"{'id_university_type_subject': 1, 'type': 'Profesional', 'status': True}","{'id_university_qualification_type': 1, 'description': 'Numerica', 'status': True}","{'id_authorization_program': 6, 'resolution_number': '011', 'status': True, 'created_at': '2023-01-16 13:57:22', 'updated_at': '2023-01-16 13:57:22', 'id_program': 5, 'id_user': 1}","{'id_university_deparment': 2, 'id_faculty': 7, 'description': 'Escuela de Ingeniería de Sistemas y computación', 'status': True}","{'id_program': 5, 'full_name': 'Trabajo social'}"
259,Metodología De Trabajo Con Grupos II,Metodología De Trabajo Con Grupos II, 207018M,04:00:00,True,True,3,5,1,1,6,2,5,Metodología De Trabajo Con Grupos II,False,,"{'id_university_type_subject': 1, 'type': 'Profesional', 'status': True}","{'id_university_qualification_type': 1, 'description': 'Numerica', 'status': True}","{'id_authorization_program': 6, 'resolution_number': '011', 'status': True, 'created_at': '2023-01-16 13:57:22', 'updated_at': '2023-01-16 13:57:22', 'id_program': 5, 'id_user': 1}","{'id_university_deparment': 2, 'id_faculty': 7, 'description': 'Escuela de Ingeniería de Sistemas y computación', 'status': True}","{'id_program': 5, 'full_name': 'Trabajo social'}"
520,QuÍmica general + Laboratorio,QuÍmica general + Laboratorio,116017C,07:30:00,True,True,3,1,1,1,20,2,11,QuÍmica general + Laboratorio,True,,"{'id_university_type_subject': 1, 'type': 'Profesional', 'status': True}","{'id_university_qualification_type': 1, 'description': 'Numerica', 'status': True}","{'id_authorization_program': 20, 'resolution_number': '023', 'status': True, 'created_at': '2023-07-30 14:02:40', 'updated_at': '2023-07-30 14:02:40', 'id_program': 11, 'id_user': 1}","{'id_university_deparment': 2, 'id_faculty': 7, 'description': 'Escuela de Ingeniería de Sistemas y computación', 'status': True}","{'id_program': 11, 'full_name': 'Nutricion y dietetica'}"
405,Legislación Tributaria II,Legislación Tributaria II,802057M,03:00:00,True,True,3,7,1,1,28,2,6,Legislación Tributaria II,True,,"{'id_university_type_subject': 1, 'type': 'Profesional', 'status': True}","{'id_university_qualification_type': 1, 'description': 'Numerica', 'status': True}","{'id_authorization_program': 28, 'resolution_number': '091-DIU', 'status': True, 'created_at': '2023-08-06 23:28:03', 'updated_at': '2023-08-06 23:28:03', 'id_program': 6, 'id_user': 1}","{'id_university_deparment': 2, 'id_faculty': 7, 'description': 'Escuela de Ingeniería de Sistemas y computación', 'status': True}","{'id_program': 6, 'full_name': 'Contaduría Publica'}"
291,Cálculo Monovariable,Cálculo Monovariable,111021C,05:00:00,True,True,3,2,1,1,7,2,3,Cálculo Monovariable,True,,"{'id_university_type_subject': 1, 'type': 'Profesional', 'status': True}","{'id_university_qualification_type': 1, 'description': 'Numerica', 'status': True}","{'id_authorization_program': 7, 'resolution_number': '228', 'status': True, 'created_at': '2023-01-16 14:02:37', 'updated_at': '2023-01-16 14:02:37', 'id_program': 3, 'id_user': 1}","{'id_university_deparment': 2, 'id_faculty': 7, 'description': 'Escuela de Ingeniería de Sistemas y computación', 'status': True}","{'id_program': 3, 'full_name': 'Ingeniería de Alimentos'}"
525,Inglés con fines generales y académicos I,Inglés con fines generales y académicos I,204025C,04:00:00,True,True,3,1,1,1,5,2,4,Inglés con fines generales y académicos I,True,,"{'id_university_type_subject': 1, 'type': 'Profesional', 'status': True}","{'id_university_qualification_type': 1, 'description': 'Numerica', 'status': True}","{'id_authorization_program': 5, 'resolution_number': '128', 'status': True, 'created_at': '2023-01-16 13:56:28', 'updated_at': '2023-01-16 13:56:28', 'id_program': 4, 'id_user': 1}","{'id_university_deparment': 2, 'id_faculty': 7, 'description': 'Escuela de Ingeniería de Sistemas y computación', 'status': True}","{'id_program': 4, 'full_name': 'Construccion'}"
290,DEPORTE Y SALUD,DEPORTE Y SALUD,404002C,03:00:00,False,False,2,2,2,1,7,2,3,DEPORTE Y SALUD,True,,"{'id_university_type_subject': 2, 'type': 'Basica', 'status': True}","{'id_university_qualification_type': 1, 'description': 'Numerica', 'status': True}","{'id_authorization_program': 7, 'resolution_number': '228', 'status': True, 'created_at': '2023-01-16 14:02:37', 'updated_at': '2023-01-16 14:02:37', 'id_program': 3, 'id_user': 1}","{'id_university_deparment': 2, 'id_faculty': 7, 'description': 'Escuela de Ingeniería de Sistemas y computación', 'status': True}","{'id_program': 3, 'full_name': 'Ingeniería de Alimentos'}"
318,Física de la construcción,Física de la construcción,502005C,04:00:00,True,True,3,2,1,1,5,2,4,Física de la construcción,True,,"{'id_university_type_subject': 1, 'type': 'Profesional', 'status': True}","{'id_university_qualification_type': 1, 'description': 'Numerica', 'status': True}","{'id_authorization_program': 5, 'resolution_number': '128', 'status': True, 'created_at': '2023-01-16 13:56:28', 'updated_at': '2023-01-16 13:56:28', 'id_program': 4, 'id_user': 1}","{'id_university_deparment': 2, 'id_faculty': 7, 'description': 'Escuela de Ingeniería de Sistemas y computación', 'status': True}","{'id_program': 4, 'full_name': 'Construccion'}"
320,Construcción de Edificaciones I,Construcción de Edificaciones I,502011C,03:00:00,True,True,3,2,1,1,5,2,4,Construcción de Edificaciones I,True,,"{'id_university_type_subject': 1, 'type': 'Profesional', 'status': True}","{'id_university_qualification_type': 1, 'description': 'Numerica', 'status': True}","{'id_authorization_program': 5, 'resolution_number': '128', 'status': True, 'created_at': '2023-01-16 13:56:28', 'updated_at': '2023-01-16 13:56:28', 'id_program': 4, 'id_user': 1}","{'id_university_deparment': 2, 'id_faculty': 7, 'description': 'Escuela de Ingeniería de Sistemas y computación', 'status': True}","{'id_program': 4, 'full_name': 'Construccion'}"
314,"Seminario de Constitución, legislación, ambiental y ética","Seminario de Constitución, legislación, ambiental y ética",730030C,03:00:00,True,True,3,4,1,1,7,2,3,"Seminario de Constitución, legislación, ambiental y ética",True,,"{'id_university_type_subject': 1, 'type': 'Profesional', 'status': True}","{'id_university_qualification_type': 1, 'description': 'Numerica', 'status': True}","{'id_authorization_program': 7, 'resolution_number': '228', 'status': True, 'created_at': '2023-01-16 14:02:37', 'updated_at': '2023-01-16 14:02:37', 'id_program': 3, 'id_user': 1}","{'id_university_deparment': 2, 'id_faculty': 7, 'description': 'Escuela de Ingeniería de Sistemas y computación', 'status': True}","{'id_program': 3, 'full_name': 'Ingeniería de Alimentos'}"
315,Inglés con fines generales y académicos I,Inglés con fines generales y académicos I,204025C,04:00:00,True,True,3,4,1,1,7,2,3,Inglés con fines generales y académicos I,True,,"{'id_university_type_subject': 1, 'type': 'Profesional', 'status': True}","{'id_university_qualification_type': 1, 'description': 'Numerica', 'status': True}","{'id_authorization_program': 7, 'resolution_number': '228', 'status': True, 'created_at': '2023-01-16 14:02:37', 'updated_at': '2023-01-16 14:02:37', 'id_program': 3, 'id_user': 1}","{'id_university_deparment': 2, 'id_faculty': 7, 'description': 'Escuela de Ingeniería de Sistemas y computación', 'status': True}","{'id_program': 3, 'full_name': 'Ingeniería de Alimentos'}"
529,Taller de Representacion III,Taller de Representacion III,501009C,06:00:00,True,True,3,3,1,1,5,2,4,Taller de Representacion III,True,,"{'id_university_type_subject': 1, 'type': 'Profesional', 'status': True}","{'id_university_qualification_type': 1, 'description': 'Numerica', 'status': True}","{'id_authorization_program': 5, 'resolution_number': '128', 'status': True, 'created_at': '2023-01-16 13:56:28', 'updated_at': '2023-01-16 13:56:28', 'id_program': 4, 'id_user': 1}","{'id_university_deparment': 2, 'id_faculty': 7, 'description': 'Escuela de Ingeniería de Sistemas y computación', 'status': True}","{'id_program': 4, 'full_name': 'Construccion'}"
530,Matemáticas aplicadas a la edificación,Matemáticas aplicadas a la edificación,502001C,03:00:00,True,True,3,1,1,1,5,2,4,Matemáticas aplicadas a la edificación,True,,"{'id_university_type_subject': 1, 'type': 'Profesional', 'status': True}","{'id_university_qualification_type': 1, 'description': 'Numerica', 'status': True}","{'id_authorization_program': 5, 'resolution_number': '128', 'status': True, 'created_at': '2023-01-16 13:56:28', 'updated_at': '2023-01-16 13:56:28', 'id_program': 4, 'id_user': 1}","{'id_university_deparment': 2, 'id_faculty': 7, 'description': 'Escuela de Ingeniería de Sistemas y computación', 'status': True}","{'id_program': 4, 'full_name': 'Construccion'}"
531,Introducción a la  Tecnología,Introducción a la  Tecnología,502002C,03:00:00,True,True,3,1,1,1,5,2,4,Introducción a la  Tecnología,True,,"{'id_university_type_subject': 1, 'type': 'Profesional', 'status': True}","{'id_university_qualification_type': 1, 'description': 'Numerica', 'status': True}","{'id_authorization_program': 5, 'resolution_number': '128', 'status': True, 'created_at': '2023-01-16 13:56:28', 'updated_at': '2023-01-16 13:56:28', 'id_program': 4, 'id_user': 1}","{'id_university_deparment': 2, 'id_faculty': 7, 'description': 'Escuela de Ingeniería de Sistemas y computación', 'status': True}","{'id_program': 4, 'full_name': 'Construccion'}"
532,Equipos y Medios Auxiliares ,Equipos y Medios Auxiliares ,502008C,03:00:00,True,True,3,1,1,1,5,2,4,Equipos y Medios Auxiliares ,True,,"{'id_university_type_subject': 1, 'type': 'Profesional', 'status': True}","{'id_university_qualification_type': 1, 'description': 'Numerica', 'status': True}","{'id_authorization_program': 5, 'resolution_number': '128', 'status': True, 'created_at': '2023-01-16 13:56:28', 'updated_at': '2023-01-16 13:56:28', 'id_program': 4, 'id_user': 1}","{'id_university_deparment': 2, 'id_faculty': 7, 'description': 'Escuela de Ingeniería de Sistemas y computación', 'status': True}","{'id_program': 4, 'full_name': 'Construccion'}"
533,Taller Construcción de edificaciones  II,Taller Construcción de edificaciones  II,502018C,04:00:00,True,True,3,3,1,1,5,2,4,Taller Construcción de edificaciones  II,True,,"{'id_university_type_subject': 1, 'type': 'Profesional', 'status': True}","{'id_university_qualification_type': 1, 'description': 'Numerica', 'status': True}","{'id_authorization_program': 5, 'resolution_number': '128', 'status': True, 'created_at': '2023-01-16 13:56:28', 'updated_at': '2023-01-16 13:56:28', 'id_program': 4, 'id_user': 1}","{'id_university_deparment': 2, 'id_faculty': 7, 'description': 'Escuela de Ingeniería de Sistemas y computación', 'status': True}","{'id_program': 4, 'full_name': 'Construccion'}"
534,Estructuras II,Estructuras II,502019C,03:00:00,True,True,3,3,1,1,5,2,4,Estructuras II,True,,"{'id_university_type_subject': 1, 'type': 'Profesional', 'status': True}","{'id_university_qualification_type': 1, 'description': 'Numerica', 'status': True}","{'id_authorization_program': 5, 'resolution_number': '128', 'status': True, 'created_at': '2023-01-16 13:56:28', 'updated_at': '2023-01-16 13:56:28', 'id_program': 4, 'id_user': 1}","{'id_university_deparment': 2, 'id_faculty': 7, 'description': 'Escuela de Ingeniería de Sistemas y computación', 'status': True}","{'id_program': 4, 'full_name': 'Construccion'}"
535,Materiales de Construcción II ,Materiales de Construcción II ,502021C,03:00:00,True,True,3,3,1,1,5,2,4,Materiales de Construcción II ,True,,"{'id_university_type_subject': 1, 'type': 'Profesional', 'status': True}","{'id_university_qualification_type': 1, 'description': 'Numerica', 'status': True}","{'id_authorization_program': 5, 'resolution_number': '128', 'status': True, 'created_at': '2023-01-16 13:56:28', 'updated_at': '2023-01-16 13:56:28', 'id_program': 4, 'id_user': 1}","{'id_university_deparment': 2, 'id_faculty': 7, 'description': 'Escuela de Ingeniería de Sistemas y computación', 'status': True}","{'id_program': 4, 'full_name': 'Construccion'}"
536,Álgebra lineal y ecuaciones diferenciales.,Álgebra lineal y ecuaciones diferenciales.,502022C,03:00:00,True,True,3,3,1,1,5,2,4,Álgebra lineal y ecuaciones diferenciales.,True,,"{'id_university_type_subject': 1, 'type': 'Profesional', 'status': True}","{'id_university_qualification_type': 1, 'description': 'Numerica', 'status': True}","{'id_authorization_program': 5, 'resolution_number': '128', 'status': True, 'created_at': '2023-01-16 13:56:28', 'updated_at': '2023-01-16 13:56:28', 'id_program': 4, 'id_user': 1}","{'id_university_deparment': 2, 'id_faculty': 7, 'description': 'Escuela de Ingeniería de Sistemas y computación', 'status': True}","{'id_program': 4, 'full_name': 'Construccion'}"
537,Construcción de Edificaciones II,Construcción de Edificaciones II,502023C,03:00:00,True,True,3,3,1,1,5,2,4,Construcción de Edificaciones II,True,,"{'id_university_type_subject': 1, 'type': 'Profesional', 'status': True}","{'id_university_qualification_type': 1, 'description': 'Numerica', 'status': True}","{'id_authorization_program': 5, 'resolution_number': '128', 'status': True, 'created_at': '2023-01-16 13:56:28', 'updated_at': '2023-01-16 13:56:28', 'id_program': 4, 'id_user': 1}","{'id_university_deparment': 2, 'id_faculty': 7, 'description': 'Escuela de Ingeniería de Sistemas y computación', 'status': True}","{'id_program': 4, 'full_name': 'Construccion'}"
316,FORMACIÓN SOCIAL Y CIUDADANA I,FORMACIÓN SOCIAL Y CIUDADANA I,100000C,03:00:00,True,True,3,2,1,1,5,2,4,FORMACIÓN SOCIAL Y CIUDADANA I,True,,"{'id_university_type_subject': 1, 'type': 'Profesional', 'status': True}","{'id_university_qualification_type': 1, 'description': 'Numerica', 'status': True}","{'id_authorization_program': 5, 'resolution_number': '128', 'status': True, 'created_at': '2023-01-16 13:56:28', 'updated_at': '2023-01-16 13:56:28', 'id_program': 4, 'id_user': 1}","{'id_university_deparment': 2, 'id_faculty': 7, 'description': 'Escuela de Ingeniería de Sistemas y computación', 'status': True}","{'id_program': 4, 'full_name': 'Construccion'}"
317,Taller de Representacion II,Taller de Representacion II,501003C,06:00:00,True,True,3,2,1,1,5,2,4,Taller de Representacion II,True,,"{'id_university_type_subject': 1, 'type': 'Profesional', 'status': True}","{'id_university_qualification_type': 1, 'description': 'Numerica', 'status': True}","{'id_authorization_program': 5, 'resolution_number': '128', 'status': True, 'created_at': '2023-01-16 13:56:28', 'updated_at': '2023-01-16 13:56:28', 'id_program': 4, 'id_user': 1}","{'id_university_deparment': 2, 'id_faculty': 7, 'description': 'Escuela de Ingeniería de Sistemas y computación', 'status': True}","{'id_program': 4, 'full_name': 'Construccion'}"
319,Materiales de Construcción   I ,Materiales de Construcción   I ,502012C,03:00:00,True,True,3,2,1,1,5,2,4,Materiales de Construcción   I ,True,,"{'id_university_type_subject': 1, 'type': 'Profesional', 'status': True}","{'id_university_qualification_type': 1, 'description': 'Numerica', 'status': True}","{'id_authorization_program': 5, 'resolution_number': '128', 'status': True, 'created_at': '2023-01-16 13:56:28', 'updated_at': '2023-01-16 13:56:28', 'id_program': 4, 'id_user': 1}","{'id_university_deparment': 2, 'id_faculty': 7, 'description': 'Escuela de Ingeniería de Sistemas y computación', 'status': True}","{'id_program': 4, 'full_name': 'Construccion'}"
321,Taller Construcción de edificaciones  I,Taller Construcción de edificaciones  I,502013C,04:00:00,True,True,3,2,1,1,5,2,4,Taller Construcción de edificaciones  I,True,,"{'id_university_type_subject': 1, 'type': 'Profesional', 'status': True}","{'id_university_qualification_type': 1, 'description': 'Numerica', 'status': True}","{'id_authorization_program': 5, 'resolution_number': '128', 'status': True, 'created_at': '2023-01-16 13:56:28', 'updated_at': '2023-01-16 13:56:28', 'id_program': 4, 'id_user': 1}","{'id_university_deparment': 2, 'id_faculty': 7, 'description': 'Escuela de Ingeniería de Sistemas y computación', 'status': True}","{'id_program': 4, 'full_name': 'Construccion'}"
322,Estructuras I,Estructuras I,502014C,03:00:00,True,True,3,2,1,1,5,2,4,Estructuras I,True,,"{'id_university_type_subject': 1, 'type': 'Profesional', 'status': True}","{'id_university_qualification_type': 1, 'description': 'Numerica', 'status': True}","{'id_authorization_program': 5, 'resolution_number': '128', 'status': True, 'created_at': '2023-01-16 13:56:28', 'updated_at': '2023-01-16 13:56:28', 'id_program': 4, 'id_user': 1}","{'id_university_deparment': 2, 'id_faculty': 7, 'description': 'Escuela de Ingeniería de Sistemas y computación', 'status': True}","{'id_program': 4, 'full_name': 'Construccion'}"
416,Casos Contables Especiales I,Casos Contables Especiales I,802085M,03:00:00,True,True,3,4,1,1,4,2,6,Casos Contables Especiales I,True,,"{'id_university_type_subject': 1, 'type': 'Profesional', 'status': True}","{'id_university_qualification_type': 1, 'description': 'Numerica', 'status': True}","{'id_authorization_program': 4, 'resolution_number': '091-NOC', 'status': True, 'created_at': '2023-01-16 13:05:50', 'updated_at': '2023-01-16 13:05:50', 'id_program': 6, 'id_user': 1}","{'id_university_deparment': 2, 'id_faculty': 7, 'description': 'Escuela de Ingeniería de Sistemas y computación', 'status': True}","{'id_program': 6, 'full_name': 'Contaduría Publica'}"
313,Ecuaciones Diferenciales,Ecuaciones Diferenciales,111026C,05:00:00,True,True,3,4,1,1,7,2,3,Ecuaciones Diferenciales,True,,"{'id_university_type_subject': 1, 'type': 'Profesional', 'status': True}","{'id_university_qualification_type': 1, 'description': 'Numerica', 'status': True}","{'id_authorization_program': 7, 'resolution_number': '228', 'status': True, 'created_at': '2023-01-16 14:02:37', 'updated_at': '2023-01-16 14:02:37', 'id_program': 3, 'id_user': 1}","{'id_university_deparment': 2, 'id_faculty': 7, 'description': 'Escuela de Ingeniería de Sistemas y computación', 'status': True}","{'id_program': 3, 'full_name': 'Ingeniería de Alimentos'}"
414,Legislación  Comercial  I,Legislación  Comercial  I,801073C,03:00:00,True,True,3,2,1,1,26,2,6,Legislación  Comercial  I,True,,"{'id_university_type_subject': 1, 'type': 'Profesional', 'status': True}","{'id_university_qualification_type': 1, 'description': 'Numerica', 'status': True}","{'id_authorization_program': 26, 'resolution_number': '240-NOC', 'status': True, 'created_at': '2023-08-06 23:16:45', 'updated_at': '2023-08-06 23:16:45', 'id_program': 6, 'id_user': 1}","{'id_university_deparment': 2, 'id_faculty': 7, 'description': 'Escuela de Ingeniería de Sistemas y computación', 'status': True}","{'id_program': 6, 'full_name': 'Contaduría Publica'}"
415,Fundamentos de Economía y Comercio ,Fundamentos de Economía y Comercio ,801002C,03:00:00,True,True,3,2,1,1,26,2,6,Fundamentos de Economía y Comercio ,True,,"{'id_university_type_subject': 1, 'type': 'Profesional', 'status': True}","{'id_university_qualification_type': 1, 'description': 'Numerica', 'status': True}","{'id_authorization_program': 26, 'resolution_number': '240-NOC', 'status': True, 'created_at': '2023-08-06 23:16:45', 'updated_at': '2023-08-06 23:16:45', 'id_program': 6, 'id_user': 1}","{'id_university_deparment': 2, 'id_faculty': 7, 'description': 'Escuela de Ingeniería de Sistemas y computación', 'status': True}","{'id_program': 6, 'full_name': 'Contaduría Publica'}"
559,Probabilidad y Estadistica,Probabilidad y Estadistica,761001C,04:00:00,True,True,3,4,1,1,2,2,1,Probabilidad y Estadistica,True,,"{'id_university_type_subject': 1, 'type': 'Profesional', 'status': True}","{'id_university_qualification_type': 1, 'description': 'Numerica', 'status': True}","{'id_authorization_program': 2, 'resolution_number': '047', 'status': True, 'created_at': '2022-12-17 19:03:33', 'updated_at': '2022-12-17 19:03:33', 'id_program': 1, 'id_user': 1}","{'id_university_deparment': 2, 'id_faculty': 7, 'description': 'Escuela de Ingeniería de Sistemas y computación', 'status': True}","{'id_program': 1, 'full_name': 'Ingeniería de Sistemas'}"
294,Informática I,Informática I,750002C,03:00:00,True,True,3,4,1,1,7,2,3,Informática I,False,,"{'id_university_type_subject': 1, 'type': 'Profesional', 'status': True}","{'id_university_qualification_type': 1, 'description': 'Numerica', 'status': True}","{'id_authorization_program': 7, 'resolution_number': '228', 'status': True, 'created_at': '2023-01-16 14:02:37', 'updated_at': '2023-01-16 14:02:37', 'id_program': 3, 'id_user': 1}","{'id_university_deparment': 2, 'id_faculty': 7, 'description': 'Escuela de Ingeniería de Sistemas y computación', 'status': True}","{'id_program': 3, 'full_name': 'Ingeniería de Alimentos'}"
295,Informática I,Informática I,750002C,03:00:00,True,True,3,2,1,1,7,2,3,Informática I,True,,"{'id_university_type_subject': 1, 'type': 'Profesional', 'status': True}","{'id_university_qualification_type': 1, 'description': 'Numerica', 'status': True}","{'id_authorization_program': 7, 'resolution_number': '228', 'status': True, 'created_at': '2023-01-16 14:02:37', 'updated_at': '2023-01-16 14:02:37', 'id_program': 3, 'id_user': 1}","{'id_university_deparment': 2, 'id_faculty': 7, 'description': 'Escuela de Ingeniería de Sistemas y computación', 'status': True}","{'id_program': 3, 'full_name': 'Ingeniería de Alimentos'}"
558,Fundamentos de Programación Funcional y Concurrente,Fundamentos de Programación Funcional y Concurrente,750013C,03:00:00,True,True,3,4,1,1,2,2,1,Fundamentos de Programación Funcional y Concurrente,True,,"{'id_university_type_subject': 1, 'type': 'Profesional', 'status': True}","{'id_university_qualification_type': 1, 'description': 'Numerica', 'status': True}","{'id_authorization_program': 2, 'resolution_number': '047', 'status': True, 'created_at': '2022-12-17 19:03:33', 'updated_at': '2022-12-17 19:03:33', 'id_program': 1, 'id_user': 1}","{'id_university_deparment': 2, 'id_faculty': 7, 'description': 'Escuela de Ingeniería de Sistemas y computación', 'status': True}","{'id_program': 1, 'full_name': 'Ingeniería de Sistemas'}"
293,Fisica + Laboratorio,Fisica + Laboratorio,106012C,07:00:00,False,False,4,2,2,1,7,2,3,Fisica + Laboratorio,True,,"{'id_university_type_subject': 2, 'type': 'Basica', 'status': True}","{'id_university_qualification_type': 1, 'description': 'Numerica', 'status': True}","{'id_authorization_program': 7, 'resolution_number': '228', 'status': True, 'created_at': '2023-01-16 14:02:37', 'updated_at': '2023-01-16 14:02:37', 'id_program': 3, 'id_user': 1}","{'id_university_deparment': 2, 'id_faculty': 7, 'description': 'Escuela de Ingeniería de Sistemas y computación', 'status': True}","{'id_program': 3, 'full_name': 'Ingeniería de Alimentos'}"
557,Inglés con Fines Generales y Académicos IV,Inglés con Fines Generales y Académicos IV,204028C,04:00:00,True,True,3,4,1,1,2,2,1,Inglés con Fines Generales y Académicos IV,True,,"{'id_university_type_subject': 1, 'type': 'Profesional', 'status': True}","{'id_university_qualification_type': 1, 'description': 'Numerica', 'status': True}","{'id_authorization_program': 2, 'resolution_number': '047', 'status': True, 'created_at': '2022-12-17 19:03:33', 'updated_at': '2022-12-17 19:03:33', 'id_program': 1, 'id_user': 1}","{'id_university_deparment': 2, 'id_faculty': 7, 'description': 'Escuela de Ingeniería de Sistemas y computación', 'status': True}","{'id_program': 1, 'full_name': 'Ingeniería de Sistemas'}"
417,Estadistica Descriptiva,Estadistica Descriptiva,801148M,03:00:00,True,True,3,4,1,1,4,2,6,Estadistica Descriptiva,True,,"{'id_university_type_subject': 1, 'type': 'Profesional', 'status': True}","{'id_university_qualification_type': 1, 'description': 'Numerica', 'status': True}","{'id_authorization_program': 4, 'resolution_number': '091-NOC', 'status': True, 'created_at': '2023-01-16 13:05:50', 'updated_at': '2023-01-16 13:05:50', 'id_program': 6, 'id_user': 1}","{'id_university_deparment': 2, 'id_faculty': 7, 'description': 'Escuela de Ingeniería de Sistemas y computación', 'status': True}","{'id_program': 6, 'full_name': 'Contaduría Publica'}"
418,Lectura de Textos Contables en Inglés II,Lectura de Textos Contables en Inglés II,204150M,03:00:00,True,True,3,4,1,1,4,2,6,Lectura de Textos Contables en Inglés II,True,,"{'id_university_type_subject': 1, 'type': 'Profesional', 'status': True}","{'id_university_qualification_type': 1, 'description': 'Numerica', 'status': True}","{'id_authorization_program': 4, 'resolution_number': '091-NOC', 'status': True, 'created_at': '2023-01-16 13:05:50', 'updated_at': '2023-01-16 13:05:50', 'id_program': 6, 'id_user': 1}","{'id_university_deparment': 2, 'id_faculty': 7, 'description': 'Escuela de Ingeniería de Sistemas y computación', 'status': True}","{'id_program': 6, 'full_name': 'Contaduría Publica'}"
419,Introducción a las Ciencias Humanas,Introducción a las Ciencias Humanas,801156M,03:00:00,True,True,3,4,1,1,4,2,6,Introducción a las Ciencias Humanas,True,,"{'id_university_type_subject': 1, 'type': 'Profesional', 'status': True}","{'id_university_qualification_type': 1, 'description': 'Numerica', 'status': True}","{'id_authorization_program': 4, 'resolution_number': '091-NOC', 'status': True, 'created_at': '2023-01-16 13:05:50', 'updated_at': '2023-01-16 13:05:50', 'id_program': 6, 'id_user': 1}","{'id_university_deparment': 2, 'id_faculty': 7, 'description': 'Escuela de Ingeniería de Sistemas y computación', 'status': True}","{'id_program': 6, 'full_name': 'Contaduría Publica'}"
420,Legislación Comercial II,Legislación Comercial II,801018M,03:00:00,True,True,3,4,1,1,4,2,6,Legislación Comercial II,True,,"{'id_university_type_subject': 1, 'type': 'Profesional', 'status': True}","{'id_university_qualification_type': 1, 'description': 'Numerica', 'status': True}","{'id_authorization_program': 4, 'resolution_number': '091-NOC', 'status': True, 'created_at': '2023-01-16 13:05:50', 'updated_at': '2023-01-16 13:05:50', 'id_program': 6, 'id_user': 1}","{'id_university_deparment': 2, 'id_faculty': 7, 'description': 'Escuela de Ingeniería de Sistemas y computación', 'status': True}","{'id_program': 6, 'full_name': 'Contaduría Publica'}"
421,Electiva complementaria IV:  Taller de Lectura e Investigación,Electiva complementaria IV:  Taller de Lectura e Investigación,202009M,03:00:00,True,True,3,4,1,1,4,2,6,Electiva complementaria IV:  Taller de Lectura e Investigación,True,,"{'id_university_type_subject': 1, 'type': 'Profesional', 'status': True}","{'id_university_qualification_type': 1, 'description': 'Numerica', 'status': True}","{'id_authorization_program': 4, 'resolution_number': '091-NOC', 'status': True, 'created_at': '2023-01-16 13:05:50', 'updated_at': '2023-01-16 13:05:50', 'id_program': 6, 'id_user': 1}","{'id_university_deparment': 2, 'id_faculty': 7, 'description': 'Escuela de Ingeniería de Sistemas y computación', 'status': True}","{'id_program': 6, 'full_name': 'Contaduría Publica'}"
422,Legislación Tributaria I,Legislación Tributaria I,802036M,03:00:00,True,True,3,6,1,1,4,2,6,Legislación Tributaria I,True,,"{'id_university_type_subject': 1, 'type': 'Profesional', 'status': True}","{'id_university_qualification_type': 1, 'description': 'Numerica', 'status': True}","{'id_authorization_program': 4, 'resolution_number': '091-NOC', 'status': True, 'created_at': '2023-01-16 13:05:50', 'updated_at': '2023-01-16 13:05:50', 'id_program': 6, 'id_user': 1}","{'id_university_deparment': 2, 'id_faculty': 7, 'description': 'Escuela de Ingeniería de Sistemas y computación', 'status': True}","{'id_program': 6, 'full_name': 'Contaduría Publica'}"
424,Seminario de Teoría Contable,Seminario de Teoría Contable,802016M,03:00:00,True,True,3,6,1,1,4,2,6,Seminario de Teoría Contable,True,,"{'id_university_type_subject': 1, 'type': 'Profesional', 'status': True}","{'id_university_qualification_type': 1, 'description': 'Numerica', 'status': True}","{'id_authorization_program': 4, 'resolution_number': '091-NOC', 'status': True, 'created_at': '2023-01-16 13:05:50', 'updated_at': '2023-01-16 13:05:50', 'id_program': 6, 'id_user': 1}","{'id_university_deparment': 2, 'id_faculty': 7, 'description': 'Escuela de Ingeniería de Sistemas y computación', 'status': True}","{'id_program': 6, 'full_name': 'Contaduría Publica'}"
431,Presupuestos (análisis de costos y presupuestos),Presupuestos (análisis de costos y presupuestos),802038M,03:00:00,True,True,3,10,1,1,4,2,6,Presupuestos (análisis de costos y presupuestos),True,,"{'id_university_type_subject': 1, 'type': 'Profesional', 'status': True}","{'id_university_qualification_type': 1, 'description': 'Numerica', 'status': True}","{'id_authorization_program': 4, 'resolution_number': '091-NOC', 'status': True, 'created_at': '2023-01-16 13:05:50', 'updated_at': '2023-01-16 13:05:50', 'id_program': 6, 'id_user': 1}","{'id_university_deparment': 2, 'id_faculty': 7, 'description': 'Escuela de Ingeniería de Sistemas y computación', 'status': True}","{'id_program': 6, 'full_name': 'Contaduría Publica'}"
429,Procesos de Costos II,Procesos de Costos II,802090M,03:00:00,True,True,3,8,1,1,4,2,6,Procesos de Costos II,True,,"{'id_university_type_subject': 1, 'type': 'Profesional', 'status': True}","{'id_university_qualification_type': 1, 'description': 'Numerica', 'status': True}","{'id_authorization_program': 4, 'resolution_number': '091-NOC', 'status': True, 'created_at': '2023-01-16 13:05:50', 'updated_at': '2023-01-16 13:05:50', 'id_program': 6, 'id_user': 1}","{'id_university_deparment': 2, 'id_faculty': 7, 'description': 'Escuela de Ingeniería de Sistemas y computación', 'status': True}","{'id_program': 6, 'full_name': 'Contaduría Publica'}"
430,Software y Procesos Contables,Software y Procesos Contables,802099M,03:00:00,True,True,3,8,1,1,4,2,6,Software y Procesos Contables,True,,"{'id_university_type_subject': 1, 'type': 'Profesional', 'status': True}","{'id_university_qualification_type': 1, 'description': 'Numerica', 'status': True}","{'id_authorization_program': 4, 'resolution_number': '091-NOC', 'status': True, 'created_at': '2023-01-16 13:05:50', 'updated_at': '2023-01-16 13:05:50', 'id_program': 6, 'id_user': 1}","{'id_university_deparment': 2, 'id_faculty': 7, 'description': 'Escuela de Ingeniería de Sistemas y computación', 'status': True}","{'id_program': 6, 'full_name': 'Contaduría Publica'}"
432,Proceso Administrativo Empresarial,Proceso Administrativo Empresarial,801151M,03:00:00,True,True,3,8,1,1,4,2,6,Proceso Administrativo Empresarial,True,,"{'id_university_type_subject': 1, 'type': 'Profesional', 'status': True}","{'id_university_qualification_type': 1, 'description': 'Numerica', 'status': True}","{'id_authorization_program': 4, 'resolution_number': '091-NOC', 'status': True, 'created_at': '2023-01-16 13:05:50', 'updated_at': '2023-01-16 13:05:50', 'id_program': 6, 'id_user': 1}","{'id_university_deparment': 2, 'id_faculty': 7, 'description': 'Escuela de Ingeniería de Sistemas y computación', 'status': True}","{'id_program': 6, 'full_name': 'Contaduría Publica'}"
433,Electiva Profesional III: Procedimiento Tributario,Electiva Profesional III: Procedimiento Tributario,802097M,03:00:00,True,True,3,8,1,1,4,2,6,Electiva Profesional III: Procedimiento Tributario,True,,"{'id_university_type_subject': 1, 'type': 'Profesional', 'status': True}","{'id_university_qualification_type': 1, 'description': 'Numerica', 'status': True}","{'id_authorization_program': 4, 'resolution_number': '091-NOC', 'status': True, 'created_at': '2023-01-16 13:05:50', 'updated_at': '2023-01-16 13:05:50', 'id_program': 6, 'id_user': 1}","{'id_university_deparment': 2, 'id_faculty': 7, 'description': 'Escuela de Ingeniería de Sistemas y computación', 'status': True}","{'id_program': 6, 'full_name': 'Contaduría Publica'}"
434,Etica Moral y Fe Pública,Etica Moral y Fe Pública,802083M,03:00:00,True,True,3,10,1,1,4,2,6,Etica Moral y Fe Pública,True,,"{'id_university_type_subject': 1, 'type': 'Profesional', 'status': True}","{'id_university_qualification_type': 1, 'description': 'Numerica', 'status': True}","{'id_authorization_program': 4, 'resolution_number': '091-NOC', 'status': True, 'created_at': '2023-01-16 13:05:50', 'updated_at': '2023-01-16 13:05:50', 'id_program': 6, 'id_user': 1}","{'id_university_deparment': 2, 'id_faculty': 7, 'description': 'Escuela de Ingeniería de Sistemas y computación', 'status': True}","{'id_program': 6, 'full_name': 'Contaduría Publica'}"
435,Metodología de Investigación Contable,Metodología de Investigación Contable,802042M,03:00:00,True,True,3,10,1,1,4,2,6,Metodología de Investigación Contable,True,,"{'id_university_type_subject': 1, 'type': 'Profesional', 'status': True}","{'id_university_qualification_type': 1, 'description': 'Numerica', 'status': True}","{'id_authorization_program': 4, 'resolution_number': '091-NOC', 'status': True, 'created_at': '2023-01-16 13:05:50', 'updated_at': '2023-01-16 13:05:50', 'id_program': 6, 'id_user': 1}","{'id_university_deparment': 2, 'id_faculty': 7, 'description': 'Escuela de Ingeniería de Sistemas y computación', 'status': True}","{'id_program': 6, 'full_name': 'Contaduría Publica'}"
437,Revisoría Fiscal,Revisoría Fiscal,802096M,03:00:00,True,True,3,10,1,1,4,2,6,Revisoría Fiscal,True,,"{'id_university_type_subject': 1, 'type': 'Profesional', 'status': True}","{'id_university_qualification_type': 1, 'description': 'Numerica', 'status': True}","{'id_authorization_program': 4, 'resolution_number': '091-NOC', 'status': True, 'created_at': '2023-01-16 13:05:50', 'updated_at': '2023-01-16 13:05:50', 'id_program': 6, 'id_user': 1}","{'id_university_deparment': 2, 'id_faculty': 7, 'description': 'Escuela de Ingeniería de Sistemas y computación', 'status': True}","{'id_program': 6, 'full_name': 'Contaduría Publica'}"
438,Evaluación Financiera de Proyectos,Evaluación Financiera de Proyectos,802010M,03:00:00,True,True,3,10,1,1,4,2,6,Evaluación Financiera de Proyectos,True,,"{'id_university_type_subject': 1, 'type': 'Profesional', 'status': True}","{'id_university_qualification_type': 1, 'description': 'Numerica', 'status': True}","{'id_authorization_program': 4, 'resolution_number': '091-NOC', 'status': True, 'created_at': '2023-01-16 13:05:50', 'updated_at': '2023-01-16 13:05:50', 'id_program': 6, 'id_user': 1}","{'id_university_deparment': 2, 'id_faculty': 7, 'description': 'Escuela de Ingeniería de Sistemas y computación', 'status': True}","{'id_program': 6, 'full_name': 'Contaduría Publica'}"
439,Electiva Profesional IV: Fundamentos de Contabilidad Internacional,Electiva Profesional IV: Fundamentos de Contabilidad Internacional,802111M,03:00:00,True,True,3,10,1,1,4,2,6,Electiva Profesional IV: Fundamentos de Contabilidad Internacional,True,,"{'id_university_type_subject': 1, 'type': 'Profesional', 'status': True}","{'id_university_qualification_type': 1, 'description': 'Numerica', 'status': True}","{'id_authorization_program': 4, 'resolution_number': '091-NOC', 'status': True, 'created_at': '2023-01-16 13:05:50', 'updated_at': '2023-01-16 13:05:50', 'id_program': 6, 'id_user': 1}","{'id_university_deparment': 2, 'id_faculty': 7, 'description': 'Escuela de Ingeniería de Sistemas y computación', 'status': True}","{'id_program': 6, 'full_name': 'Contaduría Publica'}"
444,Fuentes y Amplificadores,Fuentes y Amplificadores,710199M,04:00:00,True,True,3,4,1,1,13,2,9,Fuentes y Amplificadores,True,,"{'id_university_type_subject': 1, 'type': 'Profesional', 'status': True}","{'id_university_qualification_type': 1, 'description': 'Numerica', 'status': True}","{'id_authorization_program': 13, 'resolution_number': '090 Nocturno', 'status': True, 'created_at': '2023-01-30 19:27:53', 'updated_at': '2023-01-30 19:27:53', 'id_program': 9, 'id_user': 1}","{'id_university_deparment': 2, 'id_faculty': 7, 'description': 'Escuela de Ingeniería de Sistemas y computación', 'status': True}","{'id_program': 9, 'full_name': 'Tecnología en Electronica'}"
445,Técnicas Digitales ,Técnicas Digitales ,710200M,04:00:00,True,True,3,4,1,1,13,2,9,Técnicas Digitales ,True,,"{'id_university_type_subject': 1, 'type': 'Profesional', 'status': True}","{'id_university_qualification_type': 1, 'description': 'Numerica', 'status': True}","{'id_authorization_program': 13, 'resolution_number': '090 Nocturno', 'status': True, 'created_at': '2023-01-30 19:27:53', 'updated_at': '2023-01-30 19:27:53', 'id_program': 9, 'id_user': 1}","{'id_university_deparment': 2, 'id_faculty': 7, 'description': 'Escuela de Ingeniería de Sistemas y computación', 'status': True}","{'id_program': 9, 'full_name': 'Tecnología en Electronica'}"
446,Circuitos integrados ,Circuitos integrados ,710198M,04:00:00,True,True,3,4,1,1,13,2,9,Circuitos integrados ,True,,"{'id_university_type_subject': 1, 'type': 'Profesional', 'status': True}","{'id_university_qualification_type': 1, 'description': 'Numerica', 'status': True}","{'id_authorization_program': 13, 'resolution_number': '090 Nocturno', 'status': True, 'created_at': '2023-01-30 19:27:53', 'updated_at': '2023-01-30 19:27:53', 'id_program': 9, 'id_user': 1}","{'id_university_deparment': 2, 'id_faculty': 7, 'description': 'Escuela de Ingeniería de Sistemas y computación', 'status': True}","{'id_program': 9, 'full_name': 'Tecnología en Electronica'}"
447,Matemáticas Especiales para Tecnología en Electrónica,Matemáticas Especiales para Tecnología en Electrónica,111060M,04:00:00,True,True,3,4,1,1,13,2,9,Matemáticas Especiales para Tecnología en Electrónica,True,,"{'id_university_type_subject': 1, 'type': 'Profesional', 'status': True}","{'id_university_qualification_type': 1, 'description': 'Numerica', 'status': True}","{'id_authorization_program': 13, 'resolution_number': '090 Nocturno', 'status': True, 'created_at': '2023-01-30 19:27:53', 'updated_at': '2023-01-30 19:27:53', 'id_program': 9, 'id_user': 1}","{'id_university_deparment': 2, 'id_faculty': 7, 'description': 'Escuela de Ingeniería de Sistemas y computación', 'status': True}","{'id_program': 9, 'full_name': 'Tecnología en Electronica'}"
448,Sistemas de Comunicación,Sistemas de Comunicación,710205M,04:00:00,True,True,3,6,1,1,13,2,9,Sistemas de Comunicación,True,,"{'id_university_type_subject': 1, 'type': 'Profesional', 'status': True}","{'id_university_qualification_type': 1, 'description': 'Numerica', 'status': True}","{'id_authorization_program': 13, 'resolution_number': '090 Nocturno', 'status': True, 'created_at': '2023-01-30 19:27:53', 'updated_at': '2023-01-30 19:27:53', 'id_program': 9, 'id_user': 1}","{'id_university_deparment': 2, 'id_faculty': 7, 'description': 'Escuela de Ingeniería de Sistemas y computación', 'status': True}","{'id_program': 9, 'full_name': 'Tecnología en Electronica'}"
440,Proyecto de Grado,Proyecto de Grado,802062M ,03:00:00,True,True,3,11,1,1,18,2,6,Proyecto de Grado,True,,"{'id_university_type_subject': 1, 'type': 'Profesional', 'status': True}","{'id_university_qualification_type': 1, 'description': 'Numerica', 'status': True}","{'id_authorization_program': 18, 'resolution_number': '240-DIU', 'status': True, 'created_at': '2023-02-15 01:20:45', 'updated_at': '2023-02-15 01:20:45', 'id_program': 6, 'id_user': 1}","{'id_university_deparment': 2, 'id_faculty': 7, 'description': 'Escuela de Ingeniería de Sistemas y computación', 'status': True}","{'id_program': 6, 'full_name': 'Contaduría Publica'}"
561,Redes Neuronales,Redes Neuronales,750039M,03:00:00,True,True,3,9,1,1,3,2,1,Redes Neuronales,True,,"{'id_university_type_subject': 1, 'type': 'Profesional', 'status': True}","{'id_university_qualification_type': 1, 'description': 'Numerica', 'status': True}","{'id_authorization_program': 3, 'resolution_number': '048', 'status': True, 'created_at': '2022-12-17 19:11:05', 'updated_at': '2022-12-17 19:11:05', 'id_program': 1, 'id_user': 1}","{'id_university_deparment': 2, 'id_faculty': 7, 'description': 'Escuela de Ingeniería de Sistemas y computación', 'status': True}","{'id_program': 1, 'full_name': 'Ingeniería de Sistemas'}"
427,Comercio Exterior,Comercio Exterior,801062M,03:00:00,True,True,3,6,2,1,4,2,6,Comercio Exterior,True,,"{'id_university_type_subject': 2, 'type': 'Basica', 'status': True}","{'id_university_qualification_type': 1, 'description': 'Numerica', 'status': True}","{'id_authorization_program': 4, 'resolution_number': '091-NOC', 'status': True, 'created_at': '2023-01-16 13:05:50', 'updated_at': '2023-01-16 13:05:50', 'id_program': 6, 'id_user': 1}","{'id_university_deparment': 2, 'id_faculty': 7, 'description': 'Escuela de Ingeniería de Sistemas y computación', 'status': True}","{'id_program': 6, 'full_name': 'Contaduría Publica'}"
538,Lectura Crítica,Lectura Crítica,204024C,03:00:00,True,True,3,2,1,1,14,2,8,Lectura Crítica,True,,"{'id_university_type_subject': 1, 'type': 'Profesional', 'status': True}","{'id_university_qualification_type': 1, 'description': 'Numerica', 'status': True}","{'id_authorization_program': 14, 'resolution_number': '217-DIU', 'status': True, 'created_at': '2023-01-30 21:30:48', 'updated_at': '2023-01-30 21:30:48', 'id_program': 8, 'id_user': 1}","{'id_university_deparment': 2, 'id_faculty': 7, 'description': 'Escuela de Ingeniería de Sistemas y computación', 'status': True}","{'id_program': 8, 'full_name': 'Tecnología en Desarrollo de Software'}"
428,Control y auditoría,Control y auditoría,802093M,03:00:00,True,True,3,8,1,1,4,2,6,Control y auditoría,True,,"{'id_university_type_subject': 1, 'type': 'Profesional', 'status': True}","{'id_university_qualification_type': 1, 'description': 'Numerica', 'status': True}","{'id_authorization_program': 4, 'resolution_number': '091-NOC', 'status': True, 'created_at': '2023-01-16 13:05:50', 'updated_at': '2023-01-16 13:05:50', 'id_program': 6, 'id_user': 1}","{'id_university_deparment': 2, 'id_faculty': 7, 'description': 'Escuela de Ingeniería de Sistemas y computación', 'status': True}","{'id_program': 6, 'full_name': 'Contaduría Publica'}"
423,Fundamentos de costos,Fundamentos de costos,802091M,03:00:00,True,True,3,8,1,1,4,2,6,Fundamentos de costos,True,,"{'id_university_type_subject': 1, 'type': 'Profesional', 'status': True}","{'id_university_qualification_type': 1, 'description': 'Numerica', 'status': True}","{'id_authorization_program': 4, 'resolution_number': '091-NOC', 'status': True, 'created_at': '2023-01-16 13:05:50', 'updated_at': '2023-01-16 13:05:50', 'id_program': 6, 'id_user': 1}","{'id_university_deparment': 2, 'id_faculty': 7, 'description': 'Escuela de Ingeniería de Sistemas y computación', 'status': True}","{'id_program': 6, 'full_name': 'Contaduría Publica'}"
449,Sistemas automáticos de control,Sistemas automáticos de control,710201M,04:00:00,True,True,3,6,1,1,13,2,9,Sistemas automáticos de control,True,,"{'id_university_type_subject': 1, 'type': 'Profesional', 'status': True}","{'id_university_qualification_type': 1, 'description': 'Numerica', 'status': True}","{'id_authorization_program': 13, 'resolution_number': '090 Nocturno', 'status': True, 'created_at': '2023-01-30 19:27:53', 'updated_at': '2023-01-30 19:27:53', 'id_program': 9, 'id_user': 1}","{'id_university_deparment': 2, 'id_faculty': 7, 'description': 'Escuela de Ingeniería de Sistemas y computación', 'status': True}","{'id_program': 9, 'full_name': 'Tecnología en Electronica'}"
450,Microprocesadores II,Microprocesadores II,710209M,04:00:00,True,True,3,6,1,1,13,2,9,Microprocesadores II,True,,"{'id_university_type_subject': 1, 'type': 'Profesional', 'status': True}","{'id_university_qualification_type': 1, 'description': 'Numerica', 'status': True}","{'id_authorization_program': 13, 'resolution_number': '090 Nocturno', 'status': True, 'created_at': '2023-01-30 19:27:53', 'updated_at': '2023-01-30 19:27:53', 'id_program': 9, 'id_user': 1}","{'id_university_deparment': 2, 'id_faculty': 7, 'description': 'Escuela de Ingeniería de Sistemas y computación', 'status': True}","{'id_program': 9, 'full_name': 'Tecnología en Electronica'}"
453,Fundamentos de Análisis y Diseño de Algoritmos,Fundamentos de Análisis y Diseño de Algoritmos,750094M,04:00:00,True,True,3,5,1,1,21,2,8,Fundamentos de Análisis y Diseño de Algoritmos,True,,"{'id_university_type_subject': 1, 'type': 'Profesional', 'status': True}","{'id_university_qualification_type': 1, 'description': 'Numerica', 'status': True}","{'id_authorization_program': 21, 'resolution_number': '051', 'status': True, 'created_at': '2023-07-31 13:10:27', 'updated_at': '2023-07-31 13:10:27', 'id_program': 8, 'id_user': 1}","{'id_university_deparment': 2, 'id_faculty': 7, 'description': 'Escuela de Ingeniería de Sistemas y computación', 'status': True}","{'id_program': 8, 'full_name': 'Tecnología en Desarrollo de Software'}"
562,Bases de Datos No SQL,Bases de Datos No SQL,750128M,03:00:00,True,True,3,9,1,1,3,2,1,Bases de Datos No SQL,True,,"{'id_university_type_subject': 1, 'type': 'Profesional', 'status': True}","{'id_university_qualification_type': 1, 'description': 'Numerica', 'status': True}","{'id_authorization_program': 3, 'resolution_number': '048', 'status': True, 'created_at': '2022-12-17 19:11:05', 'updated_at': '2022-12-17 19:11:05', 'id_program': 1, 'id_user': 1}","{'id_university_deparment': 2, 'id_faculty': 7, 'description': 'Escuela de Ingeniería de Sistemas y computación', 'status': True}","{'id_program': 1, 'full_name': 'Ingeniería de Sistemas'}"
560,Tecnicas de Prueba de Software,Tecnicas de Prueba de Software,750105M,03:00:00,True,True,3,8,1,1,3,2,1,Tecnicas de Prueba de Software,True,,"{'id_university_type_subject': 1, 'type': 'Profesional', 'status': True}","{'id_university_qualification_type': 1, 'description': 'Numerica', 'status': True}","{'id_authorization_program': 3, 'resolution_number': '048', 'status': True, 'created_at': '2022-12-17 19:11:05', 'updated_at': '2022-12-17 19:11:05', 'id_program': 1, 'id_user': 1}","{'id_university_deparment': 2, 'id_faculty': 7, 'description': 'Escuela de Ingeniería de Sistemas y computación', 'status': True}","{'id_program': 1, 'full_name': 'Ingeniería de Sistemas'}"
463,Fundamentos de programacion orientada a eventos,Fundamentos de programacion orientada a eventos,750014C,03:00:00,True,True,3,3,1,1,14,2,8,Fundamentos de programacion orientada a eventos,True,,"{'id_university_type_subject': 1, 'type': 'Profesional', 'status': True}","{'id_university_qualification_type': 1, 'description': 'Numerica', 'status': True}","{'id_authorization_program': 14, 'resolution_number': '217-DIU', 'status': True, 'created_at': '2023-01-30 21:30:48', 'updated_at': '2023-01-30 21:30:48', 'id_program': 8, 'id_user': 1}","{'id_university_deparment': 2, 'id_faculty': 7, 'description': 'Escuela de Ingeniería de Sistemas y computación', 'status': True}","{'id_program': 8, 'full_name': 'Tecnología en Desarrollo de Software'}"
464,Matematicas discretas II,Matematicas discretas II,750005C,04:00:00,True,True,3,3,1,1,14,2,8,Matematicas discretas II,True,,"{'id_university_type_subject': 1, 'type': 'Profesional', 'status': True}","{'id_university_qualification_type': 1, 'description': 'Numerica', 'status': True}","{'id_authorization_program': 14, 'resolution_number': '217-DIU', 'status': True, 'created_at': '2023-01-30 21:30:48', 'updated_at': '2023-01-30 21:30:48', 'id_program': 8, 'id_user': 1}","{'id_university_deparment': 2, 'id_faculty': 7, 'description': 'Escuela de Ingeniería de Sistemas y computación', 'status': True}","{'id_program': 8, 'full_name': 'Tecnología en Desarrollo de Software'}"
477,Compresión y producción de textos académicos generales,Compresión y producción de textos académicos generales,204402M,03:00:00,False,False,3,4,3,1,7,2,3,Compresión y producción de textos académicos generales,True,,"{'id_university_type_subject': 3, 'type': 'Electiva profesional', 'status': True}","{'id_university_qualification_type': 1, 'description': 'Numerica', 'status': True}","{'id_authorization_program': 7, 'resolution_number': '228', 'status': True, 'created_at': '2023-01-16 14:02:37', 'updated_at': '2023-01-16 14:02:37', 'id_program': 3, 'id_user': 1}","{'id_university_deparment': 2, 'id_faculty': 7, 'description': 'Escuela de Ingeniería de Sistemas y computación', 'status': True}","{'id_program': 3, 'full_name': 'Ingeniería de Alimentos'}"
478,Compresión y producción de textos académicos generales,Compresión y producción de textos académicos generales,204402M,03:00:00,False,False,3,2,3,1,7,2,3,Compresión y producción de textos académicos generales,True,,"{'id_university_type_subject': 3, 'type': 'Electiva profesional', 'status': True}","{'id_university_qualification_type': 1, 'description': 'Numerica', 'status': True}","{'id_authorization_program': 7, 'resolution_number': '228', 'status': True, 'created_at': '2023-01-16 14:02:37', 'updated_at': '2023-01-16 14:02:37', 'id_program': 3, 'id_user': 1}","{'id_university_deparment': 2, 'id_faculty': 7, 'description': 'Escuela de Ingeniería de Sistemas y computación', 'status': True}","{'id_program': 3, 'full_name': 'Ingeniería de Alimentos'}"
296,Mecánica de Fluidos,Mecánica de Fluidos,780066M ,03:00:00,True,True,3,6,1,1,16,2,3,Mecánica de Fluidos,True,,"{'id_university_type_subject': 1, 'type': 'Profesional', 'status': True}","{'id_university_qualification_type': 1, 'description': 'Numerica', 'status': True}","{'id_authorization_program': 16, 'resolution_number': '081', 'status': True, 'created_at': '2023-02-09 14:57:44', 'updated_at': '2023-02-09 14:57:44', 'id_program': 3, 'id_user': 1}","{'id_university_deparment': 2, 'id_faculty': 7, 'description': 'Escuela de Ingeniería de Sistemas y computación', 'status': True}","{'id_program': 3, 'full_name': 'Ingeniería de Alimentos'}"
297,Termodinámica General,Termodinámica General,780070M ,03:00:00,True,True,3,6,1,1,16,2,3,Termodinámica General,True,,"{'id_university_type_subject': 1, 'type': 'Profesional', 'status': True}","{'id_university_qualification_type': 1, 'description': 'Numerica', 'status': True}","{'id_authorization_program': 16, 'resolution_number': '081', 'status': True, 'created_at': '2023-02-09 14:57:44', 'updated_at': '2023-02-09 14:57:44', 'id_program': 3, 'id_user': 1}","{'id_university_deparment': 2, 'id_faculty': 7, 'description': 'Escuela de Ingeniería de Sistemas y computación', 'status': True}","{'id_program': 3, 'full_name': 'Ingeniería de Alimentos'}"
298,Aseguram. de la calidad Ind. de Alimentos,Aseguram. de la calidad Ind. de Alimentos,745035M ,03:00:00,True,True,3,6,1,1,16,2,3,Aseguram. de la calidad Ind. de Alimentos,True,,"{'id_university_type_subject': 1, 'type': 'Profesional', 'status': True}","{'id_university_qualification_type': 1, 'description': 'Numerica', 'status': True}","{'id_authorization_program': 16, 'resolution_number': '081', 'status': True, 'created_at': '2023-02-09 14:57:44', 'updated_at': '2023-02-09 14:57:44', 'id_program': 3, 'id_user': 1}","{'id_university_deparment': 2, 'id_faculty': 7, 'description': 'Escuela de Ingeniería de Sistemas y computación', 'status': True}","{'id_program': 3, 'full_name': 'Ingeniería de Alimentos'}"
454,Diseño de Interfaces de Usuario,Diseño de Interfaces de Usuario,750093M,03:00:00,True,True,3,5,1,1,21,2,8,Diseño de Interfaces de Usuario,True,,"{'id_university_type_subject': 1, 'type': 'Profesional', 'status': True}","{'id_university_qualification_type': 1, 'description': 'Numerica', 'status': True}","{'id_authorization_program': 21, 'resolution_number': '051', 'status': True, 'created_at': '2023-07-31 13:10:27', 'updated_at': '2023-07-31 13:10:27', 'id_program': 8, 'id_user': 1}","{'id_university_deparment': 2, 'id_faculty': 7, 'description': 'Escuela de Ingeniería de Sistemas y computación', 'status': True}","{'id_program': 8, 'full_name': 'Tecnología en Desarrollo de Software'}"
456,Impacto Ambiental de la Tecnología,Impacto Ambiental de la Tecnología,730125M,03:00:00,True,True,3,5,1,1,21,2,8,Impacto Ambiental de la Tecnología,True,,"{'id_university_type_subject': 1, 'type': 'Profesional', 'status': True}","{'id_university_qualification_type': 1, 'description': 'Numerica', 'status': True}","{'id_authorization_program': 21, 'resolution_number': '051', 'status': True, 'created_at': '2023-07-31 13:10:27', 'updated_at': '2023-07-31 13:10:27', 'id_program': 8, 'id_user': 1}","{'id_university_deparment': 2, 'id_faculty': 7, 'description': 'Escuela de Ingeniería de Sistemas y computación', 'status': True}","{'id_program': 8, 'full_name': 'Tecnología en Desarrollo de Software'}"
457,Práctica profesional,Práctica profesional,750057M,01:00:00,True,True,3,5,1,1,21,2,8,Práctica profesional,True,,"{'id_university_type_subject': 1, 'type': 'Profesional', 'status': True}","{'id_university_qualification_type': 1, 'description': 'Numerica', 'status': True}","{'id_authorization_program': 21, 'resolution_number': '051', 'status': True, 'created_at': '2023-07-31 13:10:27', 'updated_at': '2023-07-31 13:10:27', 'id_program': 8, 'id_user': 1}","{'id_university_deparment': 2, 'id_faculty': 7, 'description': 'Escuela de Ingeniería de Sistemas y computación', 'status': True}","{'id_program': 8, 'full_name': 'Tecnología en Desarrollo de Software'}"
455,Desarrollo de Software II,Desarrollo de Software II,750092M,04:00:00,True,True,3,5,1,1,21,2,8,Desarrollo de Software II,True,,"{'id_university_type_subject': 1, 'type': 'Profesional', 'status': True}","{'id_university_qualification_type': 1, 'description': 'Numerica', 'status': True}","{'id_authorization_program': 21, 'resolution_number': '051', 'status': True, 'created_at': '2023-07-31 13:10:27', 'updated_at': '2023-07-31 13:10:27', 'id_program': 8, 'id_user': 1}","{'id_university_deparment': 2, 'id_faculty': 7, 'description': 'Escuela de Ingeniería de Sistemas y computación', 'status': True}","{'id_program': 8, 'full_name': 'Tecnología en Desarrollo de Software'}"
472,Desarrollo de Software I,Desarrollo de Software I,750091M,03:00:00,True,True,3,4,1,1,21,2,8,Desarrollo de Software I,True,,"{'id_university_type_subject': 1, 'type': 'Profesional', 'status': True}","{'id_university_qualification_type': 1, 'description': 'Numerica', 'status': True}","{'id_authorization_program': 21, 'resolution_number': '051', 'status': True, 'created_at': '2023-07-31 13:10:27', 'updated_at': '2023-07-31 13:10:27', 'id_program': 8, 'id_user': 1}","{'id_university_deparment': 2, 'id_faculty': 7, 'description': 'Escuela de Ingeniería de Sistemas y computación', 'status': True}","{'id_program': 8, 'full_name': 'Tecnología en Desarrollo de Software'}"
466,Bases de datos,Bases de datos,750006C,04:00:00,True,True,3,3,1,1,14,2,8,Bases de datos,True,,"{'id_university_type_subject': 1, 'type': 'Profesional', 'status': True}","{'id_university_qualification_type': 1, 'description': 'Numerica', 'status': True}","{'id_authorization_program': 14, 'resolution_number': '217-DIU', 'status': True, 'created_at': '2023-01-30 21:30:48', 'updated_at': '2023-01-30 21:30:48', 'id_program': 8, 'id_user': 1}","{'id_university_deparment': 2, 'id_faculty': 7, 'description': 'Escuela de Ingeniería de Sistemas y computación', 'status': True}","{'id_program': 8, 'full_name': 'Tecnología en Desarrollo de Software'}"
473,Bases de Datos I,Bases de Datos I,750030M,04:00:00,True,True,3,4,1,1,21,2,8,Bases de Datos I,True,,"{'id_university_type_subject': 1, 'type': 'Profesional', 'status': True}","{'id_university_qualification_type': 1, 'description': 'Numerica', 'status': True}","{'id_authorization_program': 21, 'resolution_number': '051', 'status': True, 'created_at': '2023-07-31 13:10:27', 'updated_at': '2023-07-31 13:10:27', 'id_program': 8, 'id_user': 1}","{'id_university_deparment': 2, 'id_faculty': 7, 'description': 'Escuela de Ingeniería de Sistemas y computación', 'status': True}","{'id_program': 8, 'full_name': 'Tecnología en Desarrollo de Software'}"
475,Arquitectura de Computadores II,Arquitectura de Computadores II,710193M,03:00:00,True,True,3,4,1,1,21,2,8,Arquitectura de Computadores II,True,,"{'id_university_type_subject': 1, 'type': 'Profesional', 'status': True}","{'id_university_qualification_type': 1, 'description': 'Numerica', 'status': True}","{'id_authorization_program': 21, 'resolution_number': '051', 'status': True, 'created_at': '2023-07-31 13:10:27', 'updated_at': '2023-07-31 13:10:27', 'id_program': 8, 'id_user': 1}","{'id_university_deparment': 2, 'id_faculty': 7, 'description': 'Escuela de Ingeniería de Sistemas y computación', 'status': True}","{'id_program': 8, 'full_name': 'Tecnología en Desarrollo de Software'}"
476,Teoria General de Sistemas,Teoria General de Sistemas,760081M,03:00:00,True,True,3,4,1,1,21,2,8,Teoria General de Sistemas,True,,"{'id_university_type_subject': 1, 'type': 'Profesional', 'status': True}","{'id_university_qualification_type': 1, 'description': 'Numerica', 'status': True}","{'id_authorization_program': 21, 'resolution_number': '051', 'status': True, 'created_at': '2023-07-31 13:10:27', 'updated_at': '2023-07-31 13:10:27', 'id_program': 8, 'id_user': 1}","{'id_university_deparment': 2, 'id_faculty': 7, 'description': 'Escuela de Ingeniería de Sistemas y computación', 'status': True}","{'id_program': 8, 'full_name': 'Tecnología en Desarrollo de Software'}"
474,Sistemas Operativos,Sistemas Operativos,750008M,03:00:00,True,True,3,4,1,1,21,2,8,Sistemas Operativos,True,,"{'id_university_type_subject': 1, 'type': 'Profesional', 'status': True}","{'id_university_qualification_type': 1, 'description': 'Numerica', 'status': True}","{'id_authorization_program': 21, 'resolution_number': '051', 'status': True, 'created_at': '2023-07-31 13:10:27', 'updated_at': '2023-07-31 13:10:27', 'id_program': 8, 'id_user': 1}","{'id_university_deparment': 2, 'id_faculty': 7, 'description': 'Escuela de Ingeniería de Sistemas y computación', 'status': True}","{'id_program': 8, 'full_name': 'Tecnología en Desarrollo de Software'}"
465,Sistemas operativos,Sistemas operativos,750001C,03:00:00,True,True,3,3,1,1,14,2,8,Sistemas operativos,True,,"{'id_university_type_subject': 1, 'type': 'Profesional', 'status': True}","{'id_university_qualification_type': 1, 'description': 'Numerica', 'status': True}","{'id_authorization_program': 14, 'resolution_number': '217-DIU', 'status': True, 'created_at': '2023-01-30 21:30:48', 'updated_at': '2023-01-30 21:30:48', 'id_program': 8, 'id_user': 1}","{'id_university_deparment': 2, 'id_faculty': 7, 'description': 'Escuela de Ingeniería de Sistemas y computación', 'status': True}","{'id_program': 8, 'full_name': 'Tecnología en Desarrollo de Software'}"
460,Taller Tecnológico I,Taller Tecnológico I,701006C,03:00:00,True,True,3,1,1,1,14,2,8,Taller Tecnológico I,True,,"{'id_university_type_subject': 1, 'type': 'Profesional', 'status': True}","{'id_university_qualification_type': 1, 'description': 'Numerica', 'status': True}","{'id_authorization_program': 14, 'resolution_number': '217-DIU', 'status': True, 'created_at': '2023-01-30 21:30:48', 'updated_at': '2023-01-30 21:30:48', 'id_program': 8, 'id_user': 1}","{'id_university_deparment': 2, 'id_faculty': 7, 'description': 'Escuela de Ingeniería de Sistemas y computación', 'status': True}","{'id_program': 8, 'full_name': 'Tecnología en Desarrollo de Software'}"
468,Álgebra Lineal,Álgebra Lineal,111015C,05:00:00,True,True,3,2,1,1,29,2,8,Álgebra Lineal,True,,"{'id_university_type_subject': 1, 'type': 'Profesional', 'status': True}","{'id_university_qualification_type': 1, 'description': 'Numerica', 'status': True}","{'id_authorization_program': 29, 'resolution_number': '217-NOC', 'status': True, 'created_at': '2023-08-09 14:20:51', 'updated_at': '2023-08-09 14:20:51', 'id_program': 8, 'id_user': 1}","{'id_university_deparment': 2, 'id_faculty': 7, 'description': 'Escuela de Ingeniería de Sistemas y computación', 'status': True}","{'id_program': 8, 'full_name': 'Tecnología en Desarrollo de Software'}"
470,Matemáticas Discretas I,Matemáticas Discretas I,750004C,04:00:00,True,True,3,2,1,1,29,2,8,Matemáticas Discretas I,True,,"{'id_university_type_subject': 1, 'type': 'Profesional', 'status': True}","{'id_university_qualification_type': 1, 'description': 'Numerica', 'status': True}","{'id_authorization_program': 29, 'resolution_number': '217-NOC', 'status': True, 'created_at': '2023-08-09 14:20:51', 'updated_at': '2023-08-09 14:20:51', 'id_program': 8, 'id_user': 1}","{'id_university_deparment': 2, 'id_faculty': 7, 'description': 'Escuela de Ingeniería de Sistemas y computación', 'status': True}","{'id_program': 8, 'full_name': 'Tecnología en Desarrollo de Software'}"
471,DEPORTE Y SALUD,DEPORTE Y SALUD,404002C,03:00:00,False,False,2,2,2,1,29,2,8,DEPORTE Y SALUD,True,,"{'id_university_type_subject': 2, 'type': 'Basica', 'status': True}","{'id_university_qualification_type': 1, 'description': 'Numerica', 'status': True}","{'id_authorization_program': 29, 'resolution_number': '217-NOC', 'status': True, 'created_at': '2023-08-09 14:20:51', 'updated_at': '2023-08-09 14:20:51', 'id_program': 8, 'id_user': 1}","{'id_university_deparment': 2, 'id_faculty': 7, 'description': 'Escuela de Ingeniería de Sistemas y computación', 'status': True}","{'id_program': 8, 'full_name': 'Tecnología en Desarrollo de Software'}"
461,Inserción a la Vida Universitaria,Inserción a la Vida Universitaria,701001C,02:00:00,True,True,3,1,1,1,14,2,8,Inserción a la Vida Universitaria,True,,"{'id_university_type_subject': 1, 'type': 'Profesional', 'status': True}","{'id_university_qualification_type': 1, 'description': 'Numerica', 'status': True}","{'id_authorization_program': 14, 'resolution_number': '217-DIU', 'status': True, 'created_at': '2023-01-30 21:30:48', 'updated_at': '2023-01-30 21:30:48', 'id_program': 8, 'id_user': 1}","{'id_university_deparment': 2, 'id_faculty': 7, 'description': 'Escuela de Ingeniería de Sistemas y computación', 'status': True}","{'id_program': 8, 'full_name': 'Tecnología en Desarrollo de Software'}"
467,Cálculo Monovariable,Cálculo Monovariable,111021C,05:00:00,True,True,3,2,1,1,29,2,8,Cálculo Monovariable,True,,"{'id_university_type_subject': 1, 'type': 'Profesional', 'status': True}","{'id_university_qualification_type': 1, 'description': 'Numerica', 'status': True}","{'id_authorization_program': 29, 'resolution_number': '217-NOC', 'status': True, 'created_at': '2023-08-09 14:20:51', 'updated_at': '2023-08-09 14:20:51', 'id_program': 8, 'id_user': 1}","{'id_university_deparment': 2, 'id_faculty': 7, 'description': 'Escuela de Ingeniería de Sistemas y computación', 'status': True}","{'id_program': 8, 'full_name': 'Tecnología en Desarrollo de Software'}"
451,Control Electrónico de Potencia,Control Electrónico de Potencia,710104M,04:00:00,True,True,3,6,1,1,13,2,9,Control Electrónico de Potencia,True,,"{'id_university_type_subject': 1, 'type': 'Profesional', 'status': True}","{'id_university_qualification_type': 1, 'description': 'Numerica', 'status': True}","{'id_authorization_program': 13, 'resolution_number': '090 Nocturno', 'status': True, 'created_at': '2023-01-30 19:27:53', 'updated_at': '2023-01-30 19:27:53', 'id_program': 9, 'id_user': 1}","{'id_university_deparment': 2, 'id_faculty': 7, 'description': 'Escuela de Ingeniería de Sistemas y computación', 'status': True}","{'id_program': 9, 'full_name': 'Tecnología en Electronica'}"
458,Inglés con fines generales y académicos I,Inglés con fines generales y académicos I,204025C,04:00:00,True,True,3,1,1,1,14,2,8,Inglés con fines generales y académicos I,True,,"{'id_university_type_subject': 1, 'type': 'Profesional', 'status': True}","{'id_university_qualification_type': 1, 'description': 'Numerica', 'status': True}","{'id_authorization_program': 14, 'resolution_number': '217-DIU', 'status': True, 'created_at': '2023-01-30 21:30:48', 'updated_at': '2023-01-30 21:30:48', 'id_program': 8, 'id_user': 1}","{'id_university_deparment': 2, 'id_faculty': 7, 'description': 'Escuela de Ingeniería de Sistemas y computación', 'status': True}","{'id_program': 8, 'full_name': 'Tecnología en Desarrollo de Software'}"
459,Matemáticas Básicas,Matemáticas Básicas,111023C,05:00:00,True,True,3,1,1,1,14,2,8,Matemáticas Básicas,True,,"{'id_university_type_subject': 1, 'type': 'Profesional', 'status': True}","{'id_university_qualification_type': 1, 'description': 'Numerica', 'status': True}","{'id_authorization_program': 14, 'resolution_number': '217-DIU', 'status': True, 'created_at': '2023-01-30 21:30:48', 'updated_at': '2023-01-30 21:30:48', 'id_program': 8, 'id_user': 1}","{'id_university_deparment': 2, 'id_faculty': 7, 'description': 'Escuela de Ingeniería de Sistemas y computación', 'status': True}","{'id_program': 8, 'full_name': 'Tecnología en Desarrollo de Software'}"
299,Talleres y laborat. Ingen. Alim. IV,Talleres y laborat. Ingen. Alim. IV,745051M ,04:00:00,True,True,3,6,1,1,16,2,3,Talleres y laborat. Ingen. Alim. IV,True,,"{'id_university_type_subject': 1, 'type': 'Profesional', 'status': True}","{'id_university_qualification_type': 1, 'description': 'Numerica', 'status': True}","{'id_authorization_program': 16, 'resolution_number': '081', 'status': True, 'created_at': '2023-02-09 14:57:44', 'updated_at': '2023-02-09 14:57:44', 'id_program': 3, 'id_user': 1}","{'id_university_deparment': 2, 'id_faculty': 7, 'description': 'Escuela de Ingeniería de Sistemas y computación', 'status': True}","{'id_program': 3, 'full_name': 'Ingeniería de Alimentos'}"
300,Talleres y laborat. Ingen. Alim. IV,Talleres y laborat. Ingen. Alim. IV,745051M ,04:00:00,True,True,3,6,1,1,16,2,3,Talleres y laborat. Ingen. Alim. IV,True,,"{'id_university_type_subject': 1, 'type': 'Profesional', 'status': True}","{'id_university_qualification_type': 1, 'description': 'Numerica', 'status': True}","{'id_authorization_program': 16, 'resolution_number': '081', 'status': True, 'created_at': '2023-02-09 14:57:44', 'updated_at': '2023-02-09 14:57:44', 'id_program': 3, 'id_user': 1}","{'id_university_deparment': 2, 'id_faculty': 7, 'description': 'Escuela de Ingeniería de Sistemas y computación', 'status': True}","{'id_program': 3, 'full_name': 'Ingeniería de Alimentos'}"
302,Deporte formativo,Deporte formativo,404001M,02:00:00,True,True,3,6,1,1,16,2,3,Deporte formativo,True,,"{'id_university_type_subject': 1, 'type': 'Profesional', 'status': True}","{'id_university_qualification_type': 1, 'description': 'Numerica', 'status': True}","{'id_authorization_program': 16, 'resolution_number': '081', 'status': True, 'created_at': '2023-02-09 14:57:44', 'updated_at': '2023-02-09 14:57:44', 'id_program': 3, 'id_user': 1}","{'id_university_deparment': 2, 'id_faculty': 7, 'description': 'Escuela de Ingeniería de Sistemas y computación', 'status': True}","{'id_program': 3, 'full_name': 'Ingeniería de Alimentos'}"
304,Lectura de Textos Académicos en Íngles II,Lectura de Textos Académicos en Íngles II,204104M,05:00:00,True,True,3,6,1,1,16,2,3,Lectura de Textos Académicos en Íngles II,True,,"{'id_university_type_subject': 1, 'type': 'Profesional', 'status': True}","{'id_university_qualification_type': 1, 'description': 'Numerica', 'status': True}","{'id_authorization_program': 16, 'resolution_number': '081', 'status': True, 'created_at': '2023-02-09 14:57:44', 'updated_at': '2023-02-09 14:57:44', 'id_program': 3, 'id_user': 1}","{'id_university_deparment': 2, 'id_faculty': 7, 'description': 'Escuela de Ingeniería de Sistemas y computación', 'status': True}","{'id_program': 3, 'full_name': 'Ingeniería de Alimentos'}"
306,Procesos de Fermentación de Alimentos,Procesos de Fermentación de Alimentos,745062M,05:00:00,True,True,3,8,1,1,16,2,3,Procesos de Fermentación de Alimentos,True,,"{'id_university_type_subject': 1, 'type': 'Profesional', 'status': True}","{'id_university_qualification_type': 1, 'description': 'Numerica', 'status': True}","{'id_authorization_program': 16, 'resolution_number': '081', 'status': True, 'created_at': '2023-02-09 14:57:44', 'updated_at': '2023-02-09 14:57:44', 'id_program': 3, 'id_user': 1}","{'id_university_deparment': 2, 'id_faculty': 7, 'description': 'Escuela de Ingeniería de Sistemas y computación', 'status': True}","{'id_program': 3, 'full_name': 'Ingeniería de Alimentos'}"
307,Empaques Para el Manejo de Alimentos,Empaques Para el Manejo de Alimentos,745068M,03:00:00,True,True,3,8,1,1,16,2,3,Empaques Para el Manejo de Alimentos,True,,"{'id_university_type_subject': 1, 'type': 'Profesional', 'status': True}","{'id_university_qualification_type': 1, 'description': 'Numerica', 'status': True}","{'id_authorization_program': 16, 'resolution_number': '081', 'status': True, 'created_at': '2023-02-09 14:57:44', 'updated_at': '2023-02-09 14:57:44', 'id_program': 3, 'id_user': 1}","{'id_university_deparment': 2, 'id_faculty': 7, 'description': 'Escuela de Ingeniería de Sistemas y computación', 'status': True}","{'id_program': 3, 'full_name': 'Ingeniería de Alimentos'}"
308,Transf. de masa en el proc. de Alimentos,Transf. de masa en el proc. de Alimentos,745063M ,03:00:00,True,True,3,8,1,1,16,2,3,Transf. de masa en el proc. de Alimentos,True,,"{'id_university_type_subject': 1, 'type': 'Profesional', 'status': True}","{'id_university_qualification_type': 1, 'description': 'Numerica', 'status': True}","{'id_authorization_program': 16, 'resolution_number': '081', 'status': True, 'created_at': '2023-02-09 14:57:44', 'updated_at': '2023-02-09 14:57:44', 'id_program': 3, 'id_user': 1}","{'id_university_deparment': 2, 'id_faculty': 7, 'description': 'Escuela de Ingeniería de Sistemas y computación', 'status': True}","{'id_program': 3, 'full_name': 'Ingeniería de Alimentos'}"
309,Control e instrum. en la Indust Alimentos,Control e instrum. en la Indust Alimentos,710230M ,04:00:00,True,True,3,8,1,1,16,2,3,Control e instrum. en la Indust Alimentos,True,,"{'id_university_type_subject': 1, 'type': 'Profesional', 'status': True}","{'id_university_qualification_type': 1, 'description': 'Numerica', 'status': True}","{'id_authorization_program': 16, 'resolution_number': '081', 'status': True, 'created_at': '2023-02-09 14:57:44', 'updated_at': '2023-02-09 14:57:44', 'id_program': 3, 'id_user': 1}","{'id_university_deparment': 2, 'id_faculty': 7, 'description': 'Escuela de Ingeniería de Sistemas y computación', 'status': True}","{'id_program': 3, 'full_name': 'Ingeniería de Alimentos'}"
311,Fundamentos de gestión tecnológica,Fundamentos de gestión tecnológica,760076M ,03:00:00,True,True,3,8,1,1,16,2,3,Fundamentos de gestión tecnológica,True,,"{'id_university_type_subject': 1, 'type': 'Profesional', 'status': True}","{'id_university_qualification_type': 1, 'description': 'Numerica', 'status': True}","{'id_authorization_program': 16, 'resolution_number': '081', 'status': True, 'created_at': '2023-02-09 14:57:44', 'updated_at': '2023-02-09 14:57:44', 'id_program': 3, 'id_user': 1}","{'id_university_deparment': 2, 'id_faculty': 7, 'description': 'Escuela de Ingeniería de Sistemas y computación', 'status': True}","{'id_program': 3, 'full_name': 'Ingeniería de Alimentos'}"
312,Metodología de la Investigación,Metodología de la Investigación,745066M ,02:00:00,True,True,3,8,1,1,16,2,3,Metodología de la Investigación,True,,"{'id_university_type_subject': 1, 'type': 'Profesional', 'status': True}","{'id_university_qualification_type': 1, 'description': 'Numerica', 'status': True}","{'id_authorization_program': 16, 'resolution_number': '081', 'status': True, 'created_at': '2023-02-09 14:57:44', 'updated_at': '2023-02-09 14:57:44', 'id_program': 3, 'id_user': 1}","{'id_university_deparment': 2, 'id_faculty': 7, 'description': 'Escuela de Ingeniería de Sistemas y computación', 'status': True}","{'id_program': 3, 'full_name': 'Ingeniería de Alimentos'}"
303,Sexualidad Humana,Sexualidad Humana,801042M,03:00:00,True,True,3,6,1,1,16,2,3,Sexualidad Humana,True,,"{'id_university_type_subject': 1, 'type': 'Profesional', 'status': True}","{'id_university_qualification_type': 1, 'description': 'Numerica', 'status': True}","{'id_authorization_program': 16, 'resolution_number': '081', 'status': True, 'created_at': '2023-02-09 14:57:44', 'updated_at': '2023-02-09 14:57:44', 'id_program': 3, 'id_user': 1}","{'id_university_deparment': 2, 'id_faculty': 7, 'description': 'Escuela de Ingeniería de Sistemas y computación', 'status': True}","{'id_program': 3, 'full_name': 'Ingeniería de Alimentos'}"
479,Práctica Tecnológica,Práctica Tecnológica,745034M,03:00:00,True,True,3,6,1,1,17,2,10,Práctica Tecnológica,True,,"{'id_university_type_subject': 1, 'type': 'Profesional', 'status': True}","{'id_university_qualification_type': 1, 'description': 'Numerica', 'status': True}","{'id_authorization_program': 17, 'resolution_number': '153', 'status': True, 'created_at': '2023-02-09 19:29:35', 'updated_at': '2023-02-09 19:29:35', 'id_program': 10, 'id_user': 1}","{'id_university_deparment': 2, 'id_faculty': 7, 'description': 'Escuela de Ingeniería de Sistemas y computación', 'status': True}","{'id_program': 10, 'full_name': 'Tecnología en Alimentos'}"
480,Tecnología de Leches y Productos Lácteos,Tecnología de Leches y Productos Lácteos,745119M,03:00:00,True,True,3,5,1,1,17,2,10,Tecnología de Leches y Productos Lácteos,True,,"{'id_university_type_subject': 1, 'type': 'Profesional', 'status': True}","{'id_university_qualification_type': 1, 'description': 'Numerica', 'status': True}","{'id_authorization_program': 17, 'resolution_number': '153', 'status': True, 'created_at': '2023-02-09 19:29:35', 'updated_at': '2023-02-09 19:29:35', 'id_program': 10, 'id_user': 1}","{'id_university_deparment': 2, 'id_faculty': 7, 'description': 'Escuela de Ingeniería de Sistemas y computación', 'status': True}","{'id_program': 10, 'full_name': 'Tecnología en Alimentos'}"
481,Laboratorio de Tecnología de Leches y Productos Lácteos,Laboratorio de Tecnología de Leches y Productos Lácteos,745119M_01,02:00:00,True,True,3,5,1,1,17,2,10,Laboratorio de Tecnología de Leches y Productos Lácteos,True,,"{'id_university_type_subject': 1, 'type': 'Profesional', 'status': True}","{'id_university_qualification_type': 1, 'description': 'Numerica', 'status': True}","{'id_authorization_program': 17, 'resolution_number': '153', 'status': True, 'created_at': '2023-02-09 19:29:35', 'updated_at': '2023-02-09 19:29:35', 'id_program': 10, 'id_user': 1}","{'id_university_deparment': 2, 'id_faculty': 7, 'description': 'Escuela de Ingeniería de Sistemas y computación', 'status': True}","{'id_program': 10, 'full_name': 'Tecnología en Alimentos'}"
482,Tratamientos Térmicos,Tratamientos Térmicos,745512M,03:00:00,True,True,3,5,1,1,17,2,10,Tratamientos Térmicos,True,,"{'id_university_type_subject': 1, 'type': 'Profesional', 'status': True}","{'id_university_qualification_type': 1, 'description': 'Numerica', 'status': True}","{'id_authorization_program': 17, 'resolution_number': '153', 'status': True, 'created_at': '2023-02-09 19:29:35', 'updated_at': '2023-02-09 19:29:35', 'id_program': 10, 'id_user': 1}","{'id_university_deparment': 2, 'id_faculty': 7, 'description': 'Escuela de Ingeniería de Sistemas y computación', 'status': True}","{'id_program': 10, 'full_name': 'Tecnología en Alimentos'}"
246,Comprensión y Producción de Textos Académicos,Comprensión y Producción de Textos Académicos,204161M,03:00:00,True,True,3,1,1,1,6,2,5,Comprensión y Producción de Textos Académicos,False,,"{'id_university_type_subject': 1, 'type': 'Profesional', 'status': True}","{'id_university_qualification_type': 1, 'description': 'Numerica', 'status': True}","{'id_authorization_program': 6, 'resolution_number': '011', 'status': True, 'created_at': '2023-01-16 13:57:22', 'updated_at': '2023-01-16 13:57:22', 'id_program': 5, 'id_user': 1}","{'id_university_deparment': 2, 'id_faculty': 7, 'description': 'Escuela de Ingeniería de Sistemas y computación', 'status': True}","{'id_program': 5, 'full_name': 'Trabajo social'}"
261,Administración Social,Administración Social,207019M,04:00:00,True,True,3,5,1,1,6,2,5,Administración Social,False,,"{'id_university_type_subject': 1, 'type': 'Profesional', 'status': True}","{'id_university_qualification_type': 1, 'description': 'Numerica', 'status': True}","{'id_authorization_program': 6, 'resolution_number': '011', 'status': True, 'created_at': '2023-01-16 13:57:22', 'updated_at': '2023-01-16 13:57:22', 'id_program': 5, 'id_user': 1}","{'id_university_deparment': 2, 'id_faculty': 7, 'description': 'Escuela de Ingeniería de Sistemas y computación', 'status': True}","{'id_program': 5, 'full_name': 'Trabajo social'}"
107,Ecuaciones Diferenciales,Ecuaciones Diferenciales,111049M,04:00:00,True,True,3,4,1,1,3,2,1,Ecuaciones Diferenciales,True,,"{'id_university_type_subject': 1, 'type': 'Profesional', 'status': True}","{'id_university_qualification_type': 1, 'description': 'Numerica', 'status': True}","{'id_authorization_program': 3, 'resolution_number': '048', 'status': True, 'created_at': '2022-12-17 19:11:05', 'updated_at': '2022-12-17 19:11:05', 'id_program': 1, 'id_user': 1}","{'id_university_deparment': 2, 'id_faculty': 7, 'description': 'Escuela de Ingeniería de Sistemas y computación', 'status': True}","{'id_program': 1, 'full_name': 'Ingeniería de Sistemas'}"
108,Fundamentos de Lenguajes de Programación,Fundamentos de Lenguajes de Programación,750095M,04:00:00,True,True,3,4,1,1,3,2,1,Fundamentos de Lenguajes de Programación,True,,"{'id_university_type_subject': 1, 'type': 'Profesional', 'status': True}","{'id_university_qualification_type': 1, 'description': 'Numerica', 'status': True}","{'id_authorization_program': 3, 'resolution_number': '048', 'status': True, 'created_at': '2022-12-17 19:11:05', 'updated_at': '2022-12-17 19:11:05', 'id_program': 1, 'id_user': 1}","{'id_university_deparment': 2, 'id_faculty': 7, 'description': 'Escuela de Ingeniería de Sistemas y computación', 'status': True}","{'id_program': 1, 'full_name': 'Ingeniería de Sistemas'}"
109,Fisica II,Fisica II,106015M,04:00:00,True,True,3,4,1,1,3,2,1,Fisica II,True,,"{'id_university_type_subject': 1, 'type': 'Profesional', 'status': True}","{'id_university_qualification_type': 1, 'description': 'Numerica', 'status': True}","{'id_authorization_program': 3, 'resolution_number': '048', 'status': True, 'created_at': '2022-12-17 19:11:05', 'updated_at': '2022-12-17 19:11:05', 'id_program': 1, 'id_user': 1}","{'id_university_deparment': 2, 'id_faculty': 7, 'description': 'Escuela de Ingeniería de Sistemas y computación', 'status': True}","{'id_program': 1, 'full_name': 'Ingeniería de Sistemas'}"
110,Fisica II,Fisica II,106015M,04:00:00,True,True,3,4,1,1,3,2,1,Fisica II,True,,"{'id_university_type_subject': 1, 'type': 'Profesional', 'status': True}","{'id_university_qualification_type': 1, 'description': 'Numerica', 'status': True}","{'id_authorization_program': 3, 'resolution_number': '048', 'status': True, 'created_at': '2022-12-17 19:11:05', 'updated_at': '2022-12-17 19:11:05', 'id_program': 1, 'id_user': 1}","{'id_university_deparment': 2, 'id_faculty': 7, 'description': 'Escuela de Ingeniería de Sistemas y computación', 'status': True}","{'id_program': 1, 'full_name': 'Ingeniería de Sistemas'}"
113,Arquitectura de Computadores I,Arquitectura de Computadores I,710192M,03:00:00,True,True,3,4,1,1,3,2,1,Arquitectura de Computadores I,True,,"{'id_university_type_subject': 1, 'type': 'Profesional', 'status': True}","{'id_university_qualification_type': 1, 'description': 'Numerica', 'status': True}","{'id_authorization_program': 3, 'resolution_number': '048', 'status': True, 'created_at': '2022-12-17 19:11:05', 'updated_at': '2022-12-17 19:11:05', 'id_program': 1, 'id_user': 1}","{'id_university_deparment': 2, 'id_faculty': 7, 'description': 'Escuela de Ingeniería de Sistemas y computación', 'status': True}","{'id_program': 1, 'full_name': 'Ingeniería de Sistemas'}"
114,Comprensión y Producción de Textos Académicos,Comprensión y Producción de Textos Académicos,204161M,03:00:00,True,True,3,4,1,1,3,2,1,Comprensión y Producción de Textos Académicos,True,,"{'id_university_type_subject': 1, 'type': 'Profesional', 'status': True}","{'id_university_qualification_type': 1, 'description': 'Numerica', 'status': True}","{'id_authorization_program': 3, 'resolution_number': '048', 'status': True, 'created_at': '2022-12-17 19:11:05', 'updated_at': '2022-12-17 19:11:05', 'id_program': 1, 'id_user': 1}","{'id_university_deparment': 2, 'id_faculty': 7, 'description': 'Escuela de Ingeniería de Sistemas y computación', 'status': True}","{'id_program': 1, 'full_name': 'Ingeniería de Sistemas'}"
115,Lectura de Textos Académicos en Inglés IV,Lectura de Textos Académicos en Inglés IV,204141M,05:00:00,True,True,3,4,1,1,3,2,1,Lectura de Textos Académicos en Inglés IV,True,,"{'id_university_type_subject': 1, 'type': 'Profesional', 'status': True}","{'id_university_qualification_type': 1, 'description': 'Numerica', 'status': True}","{'id_authorization_program': 3, 'resolution_number': '048', 'status': True, 'created_at': '2022-12-17 19:11:05', 'updated_at': '2022-12-17 19:11:05', 'id_program': 1, 'id_user': 1}","{'id_university_deparment': 2, 'id_faculty': 7, 'description': 'Escuela de Ingeniería de Sistemas y computación', 'status': True}","{'id_program': 1, 'full_name': 'Ingeniería de Sistemas'}"
117,Arquitectura de Computadores II,Arquitectura de Computadores II,710193M,04:00:00,True,True,3,5,1,1,3,2,1,Arquitectura de Computadores II,True,,"{'id_university_type_subject': 1, 'type': 'Profesional', 'status': True}","{'id_university_qualification_type': 1, 'description': 'Numerica', 'status': True}","{'id_authorization_program': 3, 'resolution_number': '048', 'status': True, 'created_at': '2022-12-17 19:11:05', 'updated_at': '2022-12-17 19:11:05', 'id_program': 1, 'id_user': 1}","{'id_university_deparment': 2, 'id_faculty': 7, 'description': 'Escuela de Ingeniería de Sistemas y computación', 'status': True}","{'id_program': 1, 'full_name': 'Ingeniería de Sistemas'}"
118,Análisis y Métodos Numéricos,Análisis y Métodos Numéricos,750086M,04:00:00,True,True,3,5,1,1,3,2,1,Análisis y Métodos Numéricos,True,,"{'id_university_type_subject': 1, 'type': 'Profesional', 'status': True}","{'id_university_qualification_type': 1, 'description': 'Numerica', 'status': True}","{'id_authorization_program': 3, 'resolution_number': '048', 'status': True, 'created_at': '2022-12-17 19:11:05', 'updated_at': '2022-12-17 19:11:05', 'id_program': 1, 'id_user': 1}","{'id_university_deparment': 2, 'id_faculty': 7, 'description': 'Escuela de Ingeniería de Sistemas y computación', 'status': True}","{'id_program': 1, 'full_name': 'Ingeniería de Sistemas'}"
111,Experimentación Fisica I,Experimentación Fisica I,106070M,02:00:00,True,True,3,4,1,1,3,2,1,Experimentación Fisica I,False,,"{'id_university_type_subject': 1, 'type': 'Profesional', 'status': True}","{'id_university_qualification_type': 1, 'description': 'Numerica', 'status': True}","{'id_authorization_program': 3, 'resolution_number': '048', 'status': True, 'created_at': '2022-12-17 19:11:05', 'updated_at': '2022-12-17 19:11:05', 'id_program': 1, 'id_user': 1}","{'id_university_deparment': 2, 'id_faculty': 7, 'description': 'Escuela de Ingeniería de Sistemas y computación', 'status': True}","{'id_program': 1, 'full_name': 'Ingeniería de Sistemas'}"
119,Experimentación Fisica II,Experimentación Fisica II,106071M,03:00:00,True,True,3,5,1,1,3,2,1,Experimentación Fisica II,True,,"{'id_university_type_subject': 1, 'type': 'Profesional', 'status': True}","{'id_university_qualification_type': 1, 'description': 'Numerica', 'status': True}","{'id_authorization_program': 3, 'resolution_number': '048', 'status': True, 'created_at': '2022-12-17 19:11:05', 'updated_at': '2022-12-17 19:11:05', 'id_program': 1, 'id_user': 1}","{'id_university_deparment': 2, 'id_faculty': 7, 'description': 'Escuela de Ingeniería de Sistemas y computación', 'status': True}","{'id_program': 1, 'full_name': 'Ingeniería de Sistemas'}"
539,Ecuaciones Diferenciales,Ecuaciones Diferenciales,111026C,05:00:00,True,True,3,4,1,1,2,2,1,Ecuaciones Diferenciales,True,,"{'id_university_type_subject': 1, 'type': 'Profesional', 'status': True}","{'id_university_qualification_type': 1, 'description': 'Numerica', 'status': True}","{'id_authorization_program': 2, 'resolution_number': '047', 'status': True, 'created_at': '2022-12-17 19:03:33', 'updated_at': '2022-12-17 19:03:33', 'id_program': 1, 'id_user': 1}","{'id_university_deparment': 2, 'id_faculty': 7, 'description': 'Escuela de Ingeniería de Sistemas y computación', 'status': True}","{'id_program': 1, 'full_name': 'Ingeniería de Sistemas'}"
301,Métodos Numéricos,Métodos Numéricos,750017M,03:00:00,True,True,3,9,1,1,16,2,3,Métodos Numéricos,True,,"{'id_university_type_subject': 1, 'type': 'Profesional', 'status': True}","{'id_university_qualification_type': 1, 'description': 'Numerica', 'status': True}","{'id_authorization_program': 16, 'resolution_number': '081', 'status': True, 'created_at': '2023-02-09 14:57:44', 'updated_at': '2023-02-09 14:57:44', 'id_program': 3, 'id_user': 1}","{'id_university_deparment': 2, 'id_faculty': 7, 'description': 'Escuela de Ingeniería de Sistemas y computación', 'status': True}","{'id_program': 3, 'full_name': 'Ingeniería de Alimentos'}"
310,Talleres y laborat. Ingenieri Alimentos VI,Talleres y laborat. Ingenieri Alimentos VI,745054M,06:00:00,True,True,3,8,1,1,16,2,3,Talleres y laborat. Ingenieri Alimentos VI,True,,"{'id_university_type_subject': 1, 'type': 'Profesional', 'status': True}","{'id_university_qualification_type': 1, 'description': 'Numerica', 'status': True}","{'id_authorization_program': 16, 'resolution_number': '081', 'status': True, 'created_at': '2023-02-09 14:57:44', 'updated_at': '2023-02-09 14:57:44', 'id_program': 3, 'id_user': 1}","{'id_university_deparment': 2, 'id_faculty': 7, 'description': 'Escuela de Ingeniería de Sistemas y computación', 'status': True}","{'id_program': 3, 'full_name': 'Ingeniería de Alimentos'}"
121,Fundamentos de Análisis y Diseño de Algoritmos,Fundamentos de Análisis y Diseño de Algoritmos,750094M,04:00:00,True,True,3,5,1,1,3,2,1,Fundamentos de Análisis y Diseño de Algoritmos,True,,"{'id_university_type_subject': 1, 'type': 'Profesional', 'status': True}","{'id_university_qualification_type': 1, 'description': 'Numerica', 'status': True}","{'id_authorization_program': 3, 'resolution_number': '048', 'status': True, 'created_at': '2022-12-17 19:11:05', 'updated_at': '2022-12-17 19:11:05', 'id_program': 1, 'id_user': 1}","{'id_university_deparment': 2, 'id_faculty': 7, 'description': 'Escuela de Ingeniería de Sistemas y computación', 'status': True}","{'id_program': 1, 'full_name': 'Ingeniería de Sistemas'}"
122,Introducción a la Gestión Ambiental,Introducción a la Gestión Ambiental,730107M,03:00:00,True,True,3,6,1,1,3,2,1,Introducción a la Gestión Ambiental,True,,"{'id_university_type_subject': 1, 'type': 'Profesional', 'status': True}","{'id_university_qualification_type': 1, 'description': 'Numerica', 'status': True}","{'id_authorization_program': 3, 'resolution_number': '048', 'status': True, 'created_at': '2022-12-17 19:11:05', 'updated_at': '2022-12-17 19:11:05', 'id_program': 1, 'id_user': 1}","{'id_university_deparment': 2, 'id_faculty': 7, 'description': 'Escuela de Ingeniería de Sistemas y computación', 'status': True}","{'id_program': 1, 'full_name': 'Ingeniería de Sistemas'}"
125,Desarrollo de Software I,Desarrollo de Software I,750091M,03:00:00,True,True,3,6,1,1,3,2,1,Desarrollo de Software I,True,,"{'id_university_type_subject': 1, 'type': 'Profesional', 'status': True}","{'id_university_qualification_type': 1, 'description': 'Numerica', 'status': True}","{'id_authorization_program': 3, 'resolution_number': '048', 'status': True, 'created_at': '2022-12-17 19:11:05', 'updated_at': '2022-12-17 19:11:05', 'id_program': 1, 'id_user': 1}","{'id_university_deparment': 2, 'id_faculty': 7, 'description': 'Escuela de Ingeniería de Sistemas y computación', 'status': True}","{'id_program': 1, 'full_name': 'Ingeniería de Sistemas'}"
126,Probabilidad y Estadística,Probabilidad y Estadística,761130M,03:00:00,True,True,3,6,1,1,3,2,1,Probabilidad y Estadística,True,,"{'id_university_type_subject': 1, 'type': 'Profesional', 'status': True}","{'id_university_qualification_type': 1, 'description': 'Numerica', 'status': True}","{'id_authorization_program': 3, 'resolution_number': '048', 'status': True, 'created_at': '2022-12-17 19:11:05', 'updated_at': '2022-12-17 19:11:05', 'id_program': 1, 'id_user': 1}","{'id_university_deparment': 2, 'id_faculty': 7, 'description': 'Escuela de Ingeniería de Sistemas y computación', 'status': True}","{'id_program': 1, 'full_name': 'Ingeniería de Sistemas'}"
127,Computación Gráfica,Computación Gráfica,750006M,03:00:00,True,True,3,7,1,1,3,2,1,Computación Gráfica,True,,"{'id_university_type_subject': 1, 'type': 'Profesional', 'status': True}","{'id_university_qualification_type': 1, 'description': 'Numerica', 'status': True}","{'id_authorization_program': 3, 'resolution_number': '048', 'status': True, 'created_at': '2022-12-17 19:11:05', 'updated_at': '2022-12-17 19:11:05', 'id_program': 1, 'id_user': 1}","{'id_university_deparment': 2, 'id_faculty': 7, 'description': 'Escuela de Ingeniería de Sistemas y computación', 'status': True}","{'id_program': 1, 'full_name': 'Ingeniería de Sistemas'}"
128,Simulación Computacional,Simulación Computacional,750098M,03:00:00,True,True,3,7,1,1,3,2,1,Simulación Computacional,True,,"{'id_university_type_subject': 1, 'type': 'Profesional', 'status': True}","{'id_university_qualification_type': 1, 'description': 'Numerica', 'status': True}","{'id_authorization_program': 3, 'resolution_number': '048', 'status': True, 'created_at': '2022-12-17 19:11:05', 'updated_at': '2022-12-17 19:11:05', 'id_program': 1, 'id_user': 1}","{'id_university_deparment': 2, 'id_faculty': 7, 'description': 'Escuela de Ingeniería de Sistemas y computación', 'status': True}","{'id_program': 1, 'full_name': 'Ingeniería de Sistemas'}"
130,Desarrollo de Software II,Desarrollo de Software II,750092M,04:00:00,True,True,3,7,1,1,3,2,1,Desarrollo de Software II,True,,"{'id_university_type_subject': 1, 'type': 'Profesional', 'status': True}","{'id_university_qualification_type': 1, 'description': 'Numerica', 'status': True}","{'id_authorization_program': 3, 'resolution_number': '048', 'status': True, 'created_at': '2022-12-17 19:11:05', 'updated_at': '2022-12-17 19:11:05', 'id_program': 1, 'id_user': 1}","{'id_university_deparment': 2, 'id_faculty': 7, 'description': 'Escuela de Ingeniería de Sistemas y computación', 'status': True}","{'id_program': 1, 'full_name': 'Ingeniería de Sistemas'}"
131,Teoría General de Sistemas,Teoría General de Sistemas,760081M,03:00:00,True,True,3,7,1,1,3,2,1,Teoría General de Sistemas,True,,"{'id_university_type_subject': 1, 'type': 'Profesional', 'status': True}","{'id_university_qualification_type': 1, 'description': 'Numerica', 'status': True}","{'id_authorization_program': 3, 'resolution_number': '048', 'status': True, 'created_at': '2022-12-17 19:11:05', 'updated_at': '2022-12-17 19:11:05', 'id_program': 1, 'id_user': 1}","{'id_university_deparment': 2, 'id_faculty': 7, 'description': 'Escuela de Ingeniería de Sistemas y computación', 'status': True}","{'id_program': 1, 'full_name': 'Ingeniería de Sistemas'}"
133,Aplicaciones en el Web y Redes Inalámbricas,Aplicaciones en el Web y Redes Inalámbricas,750087M,03:00:00,True,True,3,8,1,1,3,2,1,Aplicaciones en el Web y Redes Inalámbricas,True,,"{'id_university_type_subject': 1, 'type': 'Profesional', 'status': True}","{'id_university_qualification_type': 1, 'description': 'Numerica', 'status': True}","{'id_authorization_program': 3, 'resolution_number': '048', 'status': True, 'created_at': '2022-12-17 19:11:05', 'updated_at': '2022-12-17 19:11:05', 'id_program': 1, 'id_user': 1}","{'id_university_deparment': 2, 'id_faculty': 7, 'description': 'Escuela de Ingeniería de Sistemas y computación', 'status': True}","{'id_program': 1, 'full_name': 'Ingeniería de Sistemas'}"
134,Seminario de Proyecto de Grado,Seminario de Proyecto de Grado,750097M,01:00:00,True,True,3,8,1,1,3,2,1,Seminario de Proyecto de Grado,True,,"{'id_university_type_subject': 1, 'type': 'Profesional', 'status': True}","{'id_university_qualification_type': 1, 'description': 'Numerica', 'status': True}","{'id_authorization_program': 3, 'resolution_number': '048', 'status': True, 'created_at': '2022-12-17 19:11:05', 'updated_at': '2022-12-17 19:11:05', 'id_program': 1, 'id_user': 1}","{'id_university_deparment': 2, 'id_faculty': 7, 'description': 'Escuela de Ingeniería de Sistemas y computación', 'status': True}","{'id_program': 1, 'full_name': 'Ingeniería de Sistemas'}"
136,Fundamentos de Gestión Tecnológica,Fundamentos de Gestión Tecnológica,760076M,03:00:00,True,True,3,8,1,1,3,2,1,Fundamentos de Gestión Tecnológica,True,,"{'id_university_type_subject': 1, 'type': 'Profesional', 'status': True}","{'id_university_qualification_type': 1, 'description': 'Numerica', 'status': True}","{'id_authorization_program': 3, 'resolution_number': '048', 'status': True, 'created_at': '2022-12-17 19:11:05', 'updated_at': '2022-12-17 19:11:05', 'id_program': 1, 'id_user': 1}","{'id_university_deparment': 2, 'id_faculty': 7, 'description': 'Escuela de Ingeniería de Sistemas y computación', 'status': True}","{'id_program': 1, 'full_name': 'Ingeniería de Sistemas'}"
138,Complejidad y Optimización,Complejidad y Optimización,750090M,02:00:00,True,True,3,9,1,1,3,2,1,Complejidad y Optimización,True,,"{'id_university_type_subject': 1, 'type': 'Profesional', 'status': True}","{'id_university_qualification_type': 1, 'description': 'Numerica', 'status': True}","{'id_authorization_program': 3, 'resolution_number': '048', 'status': True, 'created_at': '2022-12-17 19:11:05', 'updated_at': '2022-12-17 19:11:05', 'id_program': 1, 'id_user': 1}","{'id_university_deparment': 2, 'id_faculty': 7, 'description': 'Escuela de Ingeniería de Sistemas y computación', 'status': True}","{'id_program': 1, 'full_name': 'Ingeniería de Sistemas'}"
139,Análisis Económico de Inversiones,Análisis Económico de Inversiones,760102M,03:00:00,True,True,3,9,1,1,3,2,1,Análisis Económico de Inversiones,True,,"{'id_university_type_subject': 1, 'type': 'Profesional', 'status': True}","{'id_university_qualification_type': 1, 'description': 'Numerica', 'status': True}","{'id_authorization_program': 3, 'resolution_number': '048', 'status': True, 'created_at': '2022-12-17 19:11:05', 'updated_at': '2022-12-17 19:11:05', 'id_program': 1, 'id_user': 1}","{'id_university_deparment': 2, 'id_faculty': 7, 'description': 'Escuela de Ingeniería de Sistemas y computación', 'status': True}","{'id_program': 1, 'full_name': 'Ingeniería de Sistemas'}"
140,Vida Artificial,Vida Artificial,750115M,03:00:00,True,True,3,9,1,1,3,2,1,Vida Artificial,True,,"{'id_university_type_subject': 1, 'type': 'Profesional', 'status': True}","{'id_university_qualification_type': 1, 'description': 'Numerica', 'status': True}","{'id_authorization_program': 3, 'resolution_number': '048', 'status': True, 'created_at': '2022-12-17 19:11:05', 'updated_at': '2022-12-17 19:11:05', 'id_program': 1, 'id_user': 1}","{'id_university_deparment': 2, 'id_faculty': 7, 'description': 'Escuela de Ingeniería de Sistemas y computación', 'status': True}","{'id_program': 1, 'full_name': 'Ingeniería de Sistemas'}"
142,Practica Investigativa I,Practica Investigativa I,750058M,01:00:00,True,True,3,9,1,1,3,2,1,Practica Investigativa I,True,,"{'id_university_type_subject': 1, 'type': 'Profesional', 'status': True}","{'id_university_qualification_type': 1, 'description': 'Numerica', 'status': True}","{'id_authorization_program': 3, 'resolution_number': '048', 'status': True, 'created_at': '2022-12-17 19:11:05', 'updated_at': '2022-12-17 19:11:05', 'id_program': 1, 'id_user': 1}","{'id_university_deparment': 2, 'id_faculty': 7, 'description': 'Escuela de Ingeniería de Sistemas y computación', 'status': True}","{'id_program': 1, 'full_name': 'Ingeniería de Sistemas'}"
143,Práctica profesional,Práctica profesional,750057M,01:00:00,True,True,3,9,1,1,3,2,1,Práctica profesional,True,,"{'id_university_type_subject': 1, 'type': 'Profesional', 'status': True}","{'id_university_qualification_type': 1, 'description': 'Numerica', 'status': True}","{'id_authorization_program': 3, 'resolution_number': '048', 'status': True, 'created_at': '2022-12-17 19:11:05', 'updated_at': '2022-12-17 19:11:05', 'id_program': 1, 'id_user': 1}","{'id_university_deparment': 2, 'id_faculty': 7, 'description': 'Escuela de Ingeniería de Sistemas y computación', 'status': True}","{'id_program': 1, 'full_name': 'Ingeniería de Sistemas'}"
144,Trabajo de Grado I,Trabajo de Grado I,750101M,01:00:00,True,True,3,9,1,1,3,2,1,Trabajo de Grado I,True,,"{'id_university_type_subject': 1, 'type': 'Profesional', 'status': True}","{'id_university_qualification_type': 1, 'description': 'Numerica', 'status': True}","{'id_authorization_program': 3, 'resolution_number': '048', 'status': True, 'created_at': '2022-12-17 19:11:05', 'updated_at': '2022-12-17 19:11:05', 'id_program': 1, 'id_user': 1}","{'id_university_deparment': 2, 'id_faculty': 7, 'description': 'Escuela de Ingeniería de Sistemas y computación', 'status': True}","{'id_program': 1, 'full_name': 'Ingeniería de Sistemas'}"
145,Trabajo de Grado II,Trabajo de Grado II,750102M,01:00:00,True,True,3,10,1,1,3,2,1,Trabajo de Grado II,True,,"{'id_university_type_subject': 1, 'type': 'Profesional', 'status': True}","{'id_university_qualification_type': 1, 'description': 'Numerica', 'status': True}","{'id_authorization_program': 3, 'resolution_number': '048', 'status': True, 'created_at': '2022-12-17 19:11:05', 'updated_at': '2022-12-17 19:11:05', 'id_program': 1, 'id_user': 1}","{'id_university_deparment': 2, 'id_faculty': 7, 'description': 'Escuela de Ingeniería de Sistemas y computación', 'status': True}","{'id_program': 1, 'full_name': 'Ingeniería de Sistemas'}"
147,Practica Investigativa II,Practica Investigativa II,750059M,01:00:00,True,True,3,10,1,1,3,2,1,Practica Investigativa II,True,,"{'id_university_type_subject': 1, 'type': 'Profesional', 'status': True}","{'id_university_qualification_type': 1, 'description': 'Numerica', 'status': True}","{'id_authorization_program': 3, 'resolution_number': '048', 'status': True, 'created_at': '2022-12-17 19:11:05', 'updated_at': '2022-12-17 19:11:05', 'id_program': 1, 'id_user': 1}","{'id_university_deparment': 2, 'id_faculty': 7, 'description': 'Escuela de Ingeniería de Sistemas y computación', 'status': True}","{'id_program': 1, 'full_name': 'Ingeniería de Sistemas'}"
148,Continuación trabajo de grado ,Continuación trabajo de grado ,990001M,01:00:00,True,True,3,10,1,1,3,2,1,Continuación trabajo de grado ,True,,"{'id_university_type_subject': 1, 'type': 'Profesional', 'status': True}","{'id_university_qualification_type': 1, 'description': 'Numerica', 'status': True}","{'id_authorization_program': 3, 'resolution_number': '048', 'status': True, 'created_at': '2022-12-17 19:11:05', 'updated_at': '2022-12-17 19:11:05', 'id_program': 1, 'id_user': 1}","{'id_university_deparment': 2, 'id_faculty': 7, 'description': 'Escuela de Ingeniería de Sistemas y computación', 'status': True}","{'id_program': 1, 'full_name': 'Ingeniería de Sistemas'}"
112,Experimentación Fisica I,Experimentación Fisica I,106070M,02:00:00,True,True,3,4,1,1,3,2,1,Experimentación Fisica I,False,,"{'id_university_type_subject': 1, 'type': 'Profesional', 'status': True}","{'id_university_qualification_type': 1, 'description': 'Numerica', 'status': True}","{'id_authorization_program': 3, 'resolution_number': '048', 'status': True, 'created_at': '2022-12-17 19:11:05', 'updated_at': '2022-12-17 19:11:05', 'id_program': 1, 'id_user': 1}","{'id_university_deparment': 2, 'id_faculty': 7, 'description': 'Escuela de Ingeniería de Sistemas y computación', 'status': True}","{'id_program': 1, 'full_name': 'Ingeniería de Sistemas'}"
120,Experimentación Fisica II,Experimentación Fisica II,106071M,03:00:00,True,True,3,5,1,1,3,2,1,Experimentación Fisica II,True,,"{'id_university_type_subject': 1, 'type': 'Profesional', 'status': True}","{'id_university_qualification_type': 1, 'description': 'Numerica', 'status': True}","{'id_authorization_program': 3, 'resolution_number': '048', 'status': True, 'created_at': '2022-12-17 19:11:05', 'updated_at': '2022-12-17 19:11:05', 'id_program': 1, 'id_user': 1}","{'id_university_deparment': 2, 'id_faculty': 7, 'description': 'Escuela de Ingeniería de Sistemas y computación', 'status': True}","{'id_program': 1, 'full_name': 'Ingeniería de Sistemas'}"
484,Introducción al Derecho y Constitucion política,Introducción al Derecho y Constitucion política,801042C,03:00:00,False,False,3,2,3,1,5,2,4,Introducción al Derecho y Constitucion política,True,,"{'id_university_type_subject': 3, 'type': 'Electiva profesional', 'status': True}","{'id_university_qualification_type': 1, 'description': 'Numerica', 'status': True}","{'id_authorization_program': 5, 'resolution_number': '128', 'status': True, 'created_at': '2023-01-16 13:56:28', 'updated_at': '2023-01-16 13:56:28', 'id_program': 4, 'id_user': 1}","{'id_university_deparment': 2, 'id_faculty': 7, 'description': 'Escuela de Ingeniería de Sistemas y computación', 'status': True}","{'id_program': 4, 'full_name': 'Construccion'}"
485,Introducción a las Tecnologias,Introducción a las Tecnologias,701005C,02:00:00,True,True,2,1,1,1,14,2,8,Introducción a las Tecnologias,True,,"{'id_university_type_subject': 1, 'type': 'Profesional', 'status': True}","{'id_university_qualification_type': 1, 'description': 'Numerica', 'status': True}","{'id_authorization_program': 14, 'resolution_number': '217-DIU', 'status': True, 'created_at': '2023-01-30 21:30:48', 'updated_at': '2023-01-30 21:30:48', 'id_program': 8, 'id_user': 1}","{'id_university_deparment': 2, 'id_faculty': 7, 'description': 'Escuela de Ingeniería de Sistemas y computación', 'status': True}","{'id_program': 8, 'full_name': 'Tecnología en Desarrollo de Software'}"
129,Introducción a la Inteligencia Artificial,Introducción a la Inteligencia Artificial,750033M,04:00:00,True,True,3,7,1,1,3,2,1,Introducción a la Inteligencia Artificial,True,,"{'id_university_type_subject': 1, 'type': 'Profesional', 'status': True}","{'id_university_qualification_type': 1, 'description': 'Numerica', 'status': True}","{'id_authorization_program': 3, 'resolution_number': '048', 'status': True, 'created_at': '2022-12-17 19:11:05', 'updated_at': '2022-12-17 19:11:05', 'id_program': 1, 'id_user': 1}","{'id_university_deparment': 2, 'id_faculty': 7, 'description': 'Escuela de Ingeniería de Sistemas y computación', 'status': True}","{'id_program': 1, 'full_name': 'Ingeniería de Sistemas'}"
141,Ciberseguridad,Ciberseguridad,750024C,03:00:00,False,False,3,10,1,1,3,2,1,Ciberseguridad,True,,"{'id_university_type_subject': 1, 'type': 'Profesional', 'status': True}","{'id_university_qualification_type': 1, 'description': 'Numerica', 'status': True}","{'id_authorization_program': 3, 'resolution_number': '048', 'status': True, 'created_at': '2022-12-17 19:11:05', 'updated_at': '2022-12-17 19:11:05', 'id_program': 1, 'id_user': 1}","{'id_university_deparment': 2, 'id_faculty': 7, 'description': 'Escuela de Ingeniería de Sistemas y computación', 'status': True}","{'id_program': 1, 'full_name': 'Ingeniería de Sistemas'}"
486,Desarrollo de Software II,Desarrollo de Software II,750092M,04:00:00,True,True,4,5,1,1,15,2,7,Desarrollo de Software II,True,,"{'id_university_type_subject': 1, 'type': 'Profesional', 'status': True}","{'id_university_qualification_type': 1, 'description': 'Numerica', 'status': True}","{'id_authorization_program': 15, 'resolution_number': '051', 'status': True, 'created_at': '2023-01-30 21:30:56', 'updated_at': '2023-01-30 21:30:56', 'id_program': 7, 'id_user': 1}","{'id_university_deparment': 2, 'id_faculty': 7, 'description': 'Escuela de Ingeniería de Sistemas y computación', 'status': True}","{'id_program': 7, 'full_name': 'Tecnología en sistemas de Información'}"
452,Teoría General de Sistemas,Teoría General de Sistemas,760081M,03:00:00,True,True,3,5,1,1,21,2,8,Teoría General de Sistemas,True,,"{'id_university_type_subject': 1, 'type': 'Profesional', 'status': True}","{'id_university_qualification_type': 1, 'description': 'Numerica', 'status': True}","{'id_authorization_program': 21, 'resolution_number': '051', 'status': True, 'created_at': '2023-07-31 13:10:27', 'updated_at': '2023-07-31 13:10:27', 'id_program': 8, 'id_user': 1}","{'id_university_deparment': 2, 'id_faculty': 7, 'description': 'Escuela de Ingeniería de Sistemas y computación', 'status': True}","{'id_program': 8, 'full_name': 'Tecnología en Desarrollo de Software'}"
116,Sistemas Operativos,Sistemas Operativos,750008M,03:00:00,True,True,3,5,1,1,3,2,1,Sistemas Operativos,True,,"{'id_university_type_subject': 1, 'type': 'Profesional', 'status': True}","{'id_university_qualification_type': 1, 'description': 'Numerica', 'status': True}","{'id_authorization_program': 3, 'resolution_number': '048', 'status': True, 'created_at': '2022-12-17 19:11:05', 'updated_at': '2022-12-17 19:11:05', 'id_program': 1, 'id_user': 1}","{'id_university_deparment': 2, 'id_faculty': 7, 'description': 'Escuela de Ingeniería de Sistemas y computación', 'status': True}","{'id_program': 1, 'full_name': 'Ingeniería de Sistemas'}"
124,Fundamentos de Redes,Fundamentos de Redes,750096M,03:00:00,True,True,3,6,2,1,3,2,1,Fundamentos de Redes,True,,"{'id_university_type_subject': 2, 'type': 'Basica', 'status': True}","{'id_university_qualification_type': 1, 'description': 'Numerica', 'status': True}","{'id_authorization_program': 3, 'resolution_number': '048', 'status': True, 'created_at': '2022-12-17 19:11:05', 'updated_at': '2022-12-17 19:11:05', 'id_program': 1, 'id_user': 1}","{'id_university_deparment': 2, 'id_faculty': 7, 'description': 'Escuela de Ingeniería de Sistemas y computación', 'status': True}","{'id_program': 1, 'full_name': 'Ingeniería de Sistemas'}"
132,INTELIGENCIA ARTIFICIAL,INTELIGENCIA ARTIFICIAL,750022C,04:00:00,True,True,3,8,1,1,3,2,1,INTELIGENCIA ARTIFICIAL,True,,"{'id_university_type_subject': 1, 'type': 'Profesional', 'status': True}","{'id_university_qualification_type': 1, 'description': 'Numerica', 'status': True}","{'id_authorization_program': 3, 'resolution_number': '048', 'status': True, 'created_at': '2022-12-17 19:11:05', 'updated_at': '2022-12-17 19:11:05', 'id_program': 1, 'id_user': 1}","{'id_university_deparment': 2, 'id_faculty': 7, 'description': 'Escuela de Ingeniería de Sistemas y computación', 'status': True}","{'id_program': 1, 'full_name': 'Ingeniería de Sistemas'}"
483,Fisica + Laboratorio,Fisica + Laboratorio,106012C,07:00:00,False,False,4,3,2,1,2,2,1,Fisica + Laboratorio,True,,"{'id_university_type_subject': 2, 'type': 'Basica', 'status': True}","{'id_university_qualification_type': 1, 'description': 'Numerica', 'status': True}","{'id_authorization_program': 2, 'resolution_number': '047', 'status': True, 'created_at': '2022-12-17 19:03:33', 'updated_at': '2022-12-17 19:03:33', 'id_program': 1, 'id_user': 1}","{'id_university_deparment': 2, 'id_faculty': 7, 'description': 'Escuela de Ingeniería de Sistemas y computación', 'status': True}","{'id_program': 1, 'full_name': 'Ingeniería de Sistemas'}"
146,Programación con Restricciones,Programación con Restricciones,750067M,03:00:00,True,True,3,9,1,1,3,2,1,Programación con Restricciones,True,,"{'id_university_type_subject': 1, 'type': 'Profesional', 'status': True}","{'id_university_qualification_type': 1, 'description': 'Numerica', 'status': True}","{'id_authorization_program': 3, 'resolution_number': '048', 'status': True, 'created_at': '2022-12-17 19:11:05', 'updated_at': '2022-12-17 19:11:05', 'id_program': 1, 'id_user': 1}","{'id_university_deparment': 2, 'id_faculty': 7, 'description': 'Escuela de Ingeniería de Sistemas y computación', 'status': True}","{'id_program': 1, 'full_name': 'Ingeniería de Sistemas'}"
123,Bases de Datos I,Bases de Datos I,750030M,04:00:00,True,True,3,9,1,1,3,2,1,Bases de Datos I,True,,"{'id_university_type_subject': 1, 'type': 'Profesional', 'status': True}","{'id_university_qualification_type': 1, 'description': 'Numerica', 'status': True}","{'id_authorization_program': 3, 'resolution_number': '048', 'status': True, 'created_at': '2022-12-17 19:11:05', 'updated_at': '2022-12-17 19:11:05', 'id_program': 1, 'id_user': 1}","{'id_university_deparment': 2, 'id_faculty': 7, 'description': 'Escuela de Ingeniería de Sistemas y computación', 'status': True}","{'id_program': 1, 'full_name': 'Ingeniería de Sistemas'}"
487,Descubrimiento del Conocimiento en Bases de Datos,Descubrimiento del Conocimiento en Bases de Datos,750061M,03:00:00,False,False,3,9,3,1,3,2,1,Descubrimiento del Conocimiento en Bases de Datos,True,,"{'id_university_type_subject': 3, 'type': 'Electiva profesional', 'status': True}","{'id_university_qualification_type': 1, 'description': 'Numerica', 'status': True}","{'id_authorization_program': 3, 'resolution_number': '048', 'status': True, 'created_at': '2022-12-17 19:11:05', 'updated_at': '2022-12-17 19:11:05', 'id_program': 1, 'id_user': 1}","{'id_university_deparment': 2, 'id_faculty': 7, 'description': 'Escuela de Ingeniería de Sistemas y computación', 'status': True}","{'id_program': 1, 'full_name': 'Ingeniería de Sistemas'}"
383,Introducción a la contaduría pública ,Introducción a la contaduría pública ,802008C,03:00:00,True,True,3,1,1,1,18,2,6,Introducción a la contaduría pública ,True,,"{'id_university_type_subject': 1, 'type': 'Profesional', 'status': True}","{'id_university_qualification_type': 1, 'description': 'Numerica', 'status': True}","{'id_authorization_program': 18, 'resolution_number': '240-DIU', 'status': True, 'created_at': '2023-02-15 01:20:45', 'updated_at': '2023-02-15 01:20:45', 'id_program': 6, 'id_user': 1}","{'id_university_deparment': 2, 'id_faculty': 7, 'description': 'Escuela de Ingeniería de Sistemas y computación', 'status': True}","{'id_program': 6, 'full_name': 'Contaduría Publica'}"
384,Fundamentos de contabilidad ,Fundamentos de contabilidad ,802004C,03:00:00,True,True,3,1,1,1,18,2,6,Fundamentos de contabilidad ,True,,"{'id_university_type_subject': 1, 'type': 'Profesional', 'status': True}","{'id_university_qualification_type': 1, 'description': 'Numerica', 'status': True}","{'id_authorization_program': 18, 'resolution_number': '240-DIU', 'status': True, 'created_at': '2023-02-15 01:20:45', 'updated_at': '2023-02-15 01:20:45', 'id_program': 6, 'id_user': 1}","{'id_university_deparment': 2, 'id_faculty': 7, 'description': 'Escuela de Ingeniería de Sistemas y computación', 'status': True}","{'id_program': 6, 'full_name': 'Contaduría Publica'}"
385,Taller de habilidades informáticas para la gestión (Científico tecnológico),Taller de habilidades informáticas para la gestión (Científico tecnológico),801044C,03:00:00,True,True,3,1,1,1,18,2,6,Taller de habilidades informáticas para la gestión (Científico tecnológico),True,,"{'id_university_type_subject': 1, 'type': 'Profesional', 'status': True}","{'id_university_qualification_type': 1, 'description': 'Numerica', 'status': True}","{'id_authorization_program': 18, 'resolution_number': '240-DIU', 'status': True, 'created_at': '2023-02-15 01:20:45', 'updated_at': '2023-02-15 01:20:45', 'id_program': 6, 'id_user': 1}","{'id_university_deparment': 2, 'id_faculty': 7, 'description': 'Escuela de Ingeniería de Sistemas y computación', 'status': True}","{'id_program': 6, 'full_name': 'Contaduría Publica'}"
387,Introducción al derecho y constitución política ,Introducción al derecho y constitución política ,801042C,03:00:00,True,True,3,1,1,1,18,2,6,Introducción al derecho y constitución política ,True,,"{'id_university_type_subject': 1, 'type': 'Profesional', 'status': True}","{'id_university_qualification_type': 1, 'description': 'Numerica', 'status': True}","{'id_authorization_program': 18, 'resolution_number': '240-DIU', 'status': True, 'created_at': '2023-02-15 01:20:45', 'updated_at': '2023-02-15 01:20:45', 'id_program': 6, 'id_user': 1}","{'id_university_deparment': 2, 'id_faculty': 7, 'description': 'Escuela de Ingeniería de Sistemas y computación', 'status': True}","{'id_program': 6, 'full_name': 'Contaduría Publica'}"
389,Estadística I para las ciencias de la administración,Estadística I para las ciencias de la administración,801083C,03:00:00,True,True,3,3,1,1,18,2,6,Estadística I para las ciencias de la administración,True,,"{'id_university_type_subject': 1, 'type': 'Profesional', 'status': True}","{'id_university_qualification_type': 1, 'description': 'Numerica', 'status': True}","{'id_authorization_program': 18, 'resolution_number': '240-DIU', 'status': True, 'created_at': '2023-02-15 01:20:45', 'updated_at': '2023-02-15 01:20:45', 'id_program': 6, 'id_user': 1}","{'id_university_deparment': 2, 'id_faculty': 7, 'description': 'Escuela de Ingeniería de Sistemas y computación', 'status': True}","{'id_program': 6, 'full_name': 'Contaduría Publica'}"
390,Proceso administrativo,Proceso administrativo,801043C,03:00:00,True,True,3,3,1,1,18,2,6,Proceso administrativo,True,,"{'id_university_type_subject': 1, 'type': 'Profesional', 'status': True}","{'id_university_qualification_type': 1, 'description': 'Numerica', 'status': True}","{'id_authorization_program': 18, 'resolution_number': '240-DIU', 'status': True, 'created_at': '2023-02-15 01:20:45', 'updated_at': '2023-02-15 01:20:45', 'id_program': 6, 'id_user': 1}","{'id_university_deparment': 2, 'id_faculty': 7, 'description': 'Escuela de Ingeniería de Sistemas y computación', 'status': True}","{'id_program': 6, 'full_name': 'Contaduría Publica'}"
391,Contabilidad de los recursos y obligaciones de largo plazo y patrimonio,Contabilidad de los recursos y obligaciones de largo plazo y patrimonio,802015C,03:00:00,True,True,3,3,1,1,18,2,6,Contabilidad de los recursos y obligaciones de largo plazo y patrimonio,True,,"{'id_university_type_subject': 1, 'type': 'Profesional', 'status': True}","{'id_university_qualification_type': 1, 'description': 'Numerica', 'status': True}","{'id_authorization_program': 18, 'resolution_number': '240-DIU', 'status': True, 'created_at': '2023-02-15 01:20:45', 'updated_at': '2023-02-15 01:20:45', 'id_program': 6, 'id_user': 1}","{'id_university_deparment': 2, 'id_faculty': 7, 'description': 'Escuela de Ingeniería de Sistemas y computación', 'status': True}","{'id_program': 6, 'full_name': 'Contaduría Publica'}"
392,Legislación laboral,Legislación laboral,801099C,03:00:00,True,True,3,3,1,1,18,2,6,Legislación laboral,True,,"{'id_university_type_subject': 1, 'type': 'Profesional', 'status': True}","{'id_university_qualification_type': 1, 'description': 'Numerica', 'status': True}","{'id_authorization_program': 18, 'resolution_number': '240-DIU', 'status': True, 'created_at': '2023-02-15 01:20:45', 'updated_at': '2023-02-15 01:20:45', 'id_program': 6, 'id_user': 1}","{'id_university_deparment': 2, 'id_faculty': 7, 'description': 'Escuela de Ingeniería de Sistemas y computación', 'status': True}","{'id_program': 6, 'full_name': 'Contaduría Publica'}"
393,Legislación comercial II,Legislación comercial II,801074C,03:00:00,True,True,3,3,1,1,18,2,6,Legislación comercial II,True,,"{'id_university_type_subject': 1, 'type': 'Profesional', 'status': True}","{'id_university_qualification_type': 1, 'description': 'Numerica', 'status': True}","{'id_authorization_program': 18, 'resolution_number': '240-DIU', 'status': True, 'created_at': '2023-02-15 01:20:45', 'updated_at': '2023-02-15 01:20:45', 'id_program': 6, 'id_user': 1}","{'id_university_deparment': 2, 'id_faculty': 7, 'description': 'Escuela de Ingeniería de Sistemas y computación', 'status': True}","{'id_program': 6, 'full_name': 'Contaduría Publica'}"
394,Macroeconomía y coyuntura,Macroeconomía y coyuntura,801069C,03:00:00,True,True,3,3,1,1,18,2,6,Macroeconomía y coyuntura,True,,"{'id_university_type_subject': 1, 'type': 'Profesional', 'status': True}","{'id_university_qualification_type': 1, 'description': 'Numerica', 'status': True}","{'id_authorization_program': 18, 'resolution_number': '240-DIU', 'status': True, 'created_at': '2023-02-15 01:20:45', 'updated_at': '2023-02-15 01:20:45', 'id_program': 6, 'id_user': 1}","{'id_university_deparment': 2, 'id_faculty': 7, 'description': 'Escuela de Ingeniería de Sistemas y computación', 'status': True}","{'id_program': 6, 'full_name': 'Contaduría Publica'}"
441,Práctica Empresarial Contable,Práctica Empresarial Contable,802067M ,01:00:00,True,True,3,11,1,1,18,2,6,Práctica Empresarial Contable,True,,"{'id_university_type_subject': 1, 'type': 'Profesional', 'status': True}","{'id_university_qualification_type': 1, 'description': 'Numerica', 'status': True}","{'id_authorization_program': 18, 'resolution_number': '240-DIU', 'status': True, 'created_at': '2023-02-15 01:20:45', 'updated_at': '2023-02-15 01:20:45', 'id_program': 6, 'id_user': 1}","{'id_university_deparment': 2, 'id_faculty': 7, 'description': 'Escuela de Ingeniería de Sistemas y computación', 'status': True}","{'id_program': 6, 'full_name': 'Contaduría Publica'}"
540,Sistemas Operativos,Sistemas Operativos,750008M,03:00:00,True,True,3,4,1,1,2,2,1,Sistemas Operativos,True,,"{'id_university_type_subject': 1, 'type': 'Profesional', 'status': True}","{'id_university_qualification_type': 1, 'description': 'Numerica', 'status': True}","{'id_authorization_program': 2, 'resolution_number': '047', 'status': True, 'created_at': '2022-12-17 19:03:33', 'updated_at': '2022-12-17 19:03:33', 'id_program': 1, 'id_user': 1}","{'id_university_deparment': 2, 'id_faculty': 7, 'description': 'Escuela de Ingeniería de Sistemas y computación', 'status': True}","{'id_program': 1, 'full_name': 'Ingeniería de Sistemas'}"
396,Casos Contables Especiales II,Casos Contables Especiales II,802086M,03:00:00,True,True,3,5,1,1,28,2,6,Casos Contables Especiales II,True,,"{'id_university_type_subject': 1, 'type': 'Profesional', 'status': True}","{'id_university_qualification_type': 1, 'description': 'Numerica', 'status': True}","{'id_authorization_program': 28, 'resolution_number': '091-DIU', 'status': True, 'created_at': '2023-08-06 23:28:03', 'updated_at': '2023-08-06 23:28:03', 'id_program': 6, 'id_user': 1}","{'id_university_deparment': 2, 'id_faculty': 7, 'description': 'Escuela de Ingeniería de Sistemas y computación', 'status': True}","{'id_program': 6, 'full_name': 'Contaduría Publica'}"
397,Inferencia estadística,Inferencia estadística,801150M,03:00:00,True,True,3,5,1,1,28,2,6,Inferencia estadística,True,,"{'id_university_type_subject': 1, 'type': 'Profesional', 'status': True}","{'id_university_qualification_type': 1, 'description': 'Numerica', 'status': True}","{'id_authorization_program': 28, 'resolution_number': '091-DIU', 'status': True, 'created_at': '2023-08-06 23:28:03', 'updated_at': '2023-08-06 23:28:03', 'id_program': 6, 'id_user': 1}","{'id_university_deparment': 2, 'id_faculty': 7, 'description': 'Escuela de Ingeniería de Sistemas y computación', 'status': True}","{'id_program': 6, 'full_name': 'Contaduría Publica'}"
400,Lectura de textos contables inglés III,Lectura de textos contables inglés III,204151M,03:00:00,True,True,3,5,1,1,28,2,6,Lectura de textos contables inglés III,True,,"{'id_university_type_subject': 1, 'type': 'Profesional', 'status': True}","{'id_university_qualification_type': 1, 'description': 'Numerica', 'status': True}","{'id_authorization_program': 28, 'resolution_number': '091-DIU', 'status': True, 'created_at': '2023-08-06 23:28:03', 'updated_at': '2023-08-06 23:28:03', 'id_program': 6, 'id_user': 1}","{'id_university_deparment': 2, 'id_faculty': 7, 'description': 'Escuela de Ingeniería de Sistemas y computación', 'status': True}","{'id_program': 6, 'full_name': 'Contaduría Publica'}"
398,Fundamentos de costos,Fundamentos de costos,802091M,03:00:00,True,True,3,5,1,1,28,2,6,Fundamentos de costos,True,,"{'id_university_type_subject': 1, 'type': 'Profesional', 'status': True}","{'id_university_qualification_type': 1, 'description': 'Numerica', 'status': True}","{'id_authorization_program': 28, 'resolution_number': '091-DIU', 'status': True, 'created_at': '2023-08-06 23:28:03', 'updated_at': '2023-08-06 23:28:03', 'id_program': 6, 'id_user': 1}","{'id_university_deparment': 2, 'id_faculty': 7, 'description': 'Escuela de Ingeniería de Sistemas y computación', 'status': True}","{'id_program': 6, 'full_name': 'Contaduría Publica'}"
402,Comercio Exterior,Comercio Exterior,801062M,03:00:00,True,True,3,5,2,1,28,2,6,Comercio Exterior,True,,"{'id_university_type_subject': 2, 'type': 'Basica', 'status': True}","{'id_university_qualification_type': 1, 'description': 'Numerica', 'status': True}","{'id_authorization_program': 28, 'resolution_number': '091-DIU', 'status': True, 'created_at': '2023-08-06 23:28:03', 'updated_at': '2023-08-06 23:28:03', 'id_program': 6, 'id_user': 1}","{'id_university_deparment': 2, 'id_faculty': 7, 'description': 'Escuela de Ingeniería de Sistemas y computación', 'status': True}","{'id_program': 6, 'full_name': 'Contaduría Publica'}"
404,Control y auditoría,Control y auditoría,802093M,03:00:00,True,True,3,7,1,1,28,2,6,Control y auditoría,True,,"{'id_university_type_subject': 1, 'type': 'Profesional', 'status': True}","{'id_university_qualification_type': 1, 'description': 'Numerica', 'status': True}","{'id_authorization_program': 28, 'resolution_number': '091-DIU', 'status': True, 'created_at': '2023-08-06 23:28:03', 'updated_at': '2023-08-06 23:28:03', 'id_program': 6, 'id_user': 1}","{'id_university_deparment': 2, 'id_faculty': 7, 'description': 'Escuela de Ingeniería de Sistemas y computación', 'status': True}","{'id_program': 6, 'full_name': 'Contaduría Publica'}"
403,Procesos de costos 2,Procesos de costos 2,802090M,03:00:00,True,True,3,7,1,1,28,2,6,Procesos de costos 2,True,,"{'id_university_type_subject': 1, 'type': 'Profesional', 'status': True}","{'id_university_qualification_type': 1, 'description': 'Numerica', 'status': True}","{'id_authorization_program': 28, 'resolution_number': '091-DIU', 'status': True, 'created_at': '2023-08-06 23:28:03', 'updated_at': '2023-08-06 23:28:03', 'id_program': 6, 'id_user': 1}","{'id_university_deparment': 2, 'id_faculty': 7, 'description': 'Escuela de Ingeniería de Sistemas y computación', 'status': True}","{'id_program': 6, 'full_name': 'Contaduría Publica'}"
196,Inglés con fines generales y académicos I,Inglés con fines generales y académicos I,204025C,04:00:00,True,True,3,3,1,1,19,2,2,Inglés con fines generales y académicos I,True,,"{'id_university_type_subject': 1, 'type': 'Profesional', 'status': True}","{'id_university_qualification_type': 1, 'description': 'Numerica', 'status': True}","{'id_authorization_program': 19, 'resolution_number': '246-DIU', 'status': True, 'created_at': '2023-02-15 02:05:28', 'updated_at': '2023-02-15 02:05:28', 'id_program': 2, 'id_user': 1}","{'id_university_deparment': 2, 'id_faculty': 7, 'description': 'Escuela de Ingeniería de Sistemas y computación', 'status': True}","{'id_program': 2, 'full_name': 'Administracion de empresas'}"
406,Software y procesos contables,Software y procesos contables,802099M,03:00:00,True,True,3,7,1,1,28,2,6,Software y procesos contables,True,,"{'id_university_type_subject': 1, 'type': 'Profesional', 'status': True}","{'id_university_qualification_type': 1, 'description': 'Numerica', 'status': True}","{'id_authorization_program': 28, 'resolution_number': '091-DIU', 'status': True, 'created_at': '2023-08-06 23:28:03', 'updated_at': '2023-08-06 23:28:03', 'id_program': 6, 'id_user': 1}","{'id_university_deparment': 2, 'id_faculty': 7, 'description': 'Escuela de Ingeniería de Sistemas y computación', 'status': True}","{'id_program': 6, 'full_name': 'Contaduría Publica'}"
407,Proceso administrativo empresarial,Proceso administrativo empresarial,801151M,03:00:00,True,True,3,7,1,1,28,2,6,Proceso administrativo empresarial,True,,"{'id_university_type_subject': 1, 'type': 'Profesional', 'status': True}","{'id_university_qualification_type': 1, 'description': 'Numerica', 'status': True}","{'id_authorization_program': 28, 'resolution_number': '091-DIU', 'status': True, 'created_at': '2023-08-06 23:28:03', 'updated_at': '2023-08-06 23:28:03', 'id_program': 6, 'id_user': 1}","{'id_university_deparment': 2, 'id_faculty': 7, 'description': 'Escuela de Ingeniería de Sistemas y computación', 'status': True}","{'id_program': 6, 'full_name': 'Contaduría Publica'}"
408,Dirección y organización contable,Dirección y organización contable,802092M,03:00:00,True,True,3,7,1,1,28,2,6,Dirección y organización contable,True,,"{'id_university_type_subject': 1, 'type': 'Profesional', 'status': True}","{'id_university_qualification_type': 1, 'description': 'Numerica', 'status': True}","{'id_authorization_program': 28, 'resolution_number': '091-DIU', 'status': True, 'created_at': '2023-08-06 23:28:03', 'updated_at': '2023-08-06 23:28:03', 'id_program': 6, 'id_user': 1}","{'id_university_deparment': 2, 'id_faculty': 7, 'description': 'Escuela de Ingeniería de Sistemas y computación', 'status': True}","{'id_program': 6, 'full_name': 'Contaduría Publica'}"
409,Electiva Profesional IV: Fundamentos de Contabilidad Internacional,Electiva Profesional IV: Fundamentos de Contabilidad Internacional,802111M,03:00:00,True,True,3,7,1,1,28,2,6,Electiva Profesional IV: Fundamentos de Contabilidad Internacional,True,,"{'id_university_type_subject': 1, 'type': 'Profesional', 'status': True}","{'id_university_qualification_type': 1, 'description': 'Numerica', 'status': True}","{'id_authorization_program': 28, 'resolution_number': '091-DIU', 'status': True, 'created_at': '2023-08-06 23:28:03', 'updated_at': '2023-08-06 23:28:03', 'id_program': 6, 'id_user': 1}","{'id_university_deparment': 2, 'id_faculty': 7, 'description': 'Escuela de Ingeniería de Sistemas y computación', 'status': True}","{'id_program': 6, 'full_name': 'Contaduría Publica'}"
426,Matemática financiera,Matemática financiera,802078M,03:00:00,True,True,3,6,1,1,4,2,6,Matemática financiera,True,,"{'id_university_type_subject': 1, 'type': 'Profesional', 'status': True}","{'id_university_qualification_type': 1, 'description': 'Numerica', 'status': True}","{'id_authorization_program': 4, 'resolution_number': '091-NOC', 'status': True, 'created_at': '2023-01-16 13:05:50', 'updated_at': '2023-01-16 13:05:50', 'id_program': 6, 'id_user': 1}","{'id_university_deparment': 2, 'id_faculty': 7, 'description': 'Escuela de Ingeniería de Sistemas y computación', 'status': True}","{'id_program': 6, 'full_name': 'Contaduría Publica'}"
399,Matemática financiera,Matemática financiera,802078M,03:00:00,True,True,3,5,1,1,28,2,6,Matemática financiera,True,,"{'id_university_type_subject': 1, 'type': 'Profesional', 'status': True}","{'id_university_qualification_type': 1, 'description': 'Numerica', 'status': True}","{'id_authorization_program': 28, 'resolution_number': '091-DIU', 'status': True, 'created_at': '2023-08-06 23:28:03', 'updated_at': '2023-08-06 23:28:03', 'id_program': 6, 'id_user': 1}","{'id_university_deparment': 2, 'id_faculty': 7, 'description': 'Escuela de Ingeniería de Sistemas y computación', 'status': True}","{'id_program': 6, 'full_name': 'Contaduría Publica'}"
395,Inglés con fines generales y académicos I,Inglés con fines generales y académicos I,204025C,04:00:00,True,True,3,3,1,1,18,2,6,Inglés con fines generales y académicos I,True,,"{'id_university_type_subject': 1, 'type': 'Profesional', 'status': True}","{'id_university_qualification_type': 1, 'description': 'Numerica', 'status': True}","{'id_authorization_program': 18, 'resolution_number': '240-DIU', 'status': True, 'created_at': '2023-02-15 01:20:45', 'updated_at': '2023-02-15 01:20:45', 'id_program': 6, 'id_user': 1}","{'id_university_deparment': 2, 'id_faculty': 7, 'description': 'Escuela de Ingeniería de Sistemas y computación', 'status': True}","{'id_program': 6, 'full_name': 'Contaduría Publica'}"
442,Continuación Práctica Empresarial Contable,Continuación Práctica Empresarial Contable,802094M ,01:00:00,True,True,3,11,1,1,18,2,6,Continuación Práctica Empresarial Contable,True,,"{'id_university_type_subject': 1, 'type': 'Profesional', 'status': True}","{'id_university_qualification_type': 1, 'description': 'Numerica', 'status': True}","{'id_authorization_program': 18, 'resolution_number': '240-DIU', 'status': True, 'created_at': '2023-02-15 01:20:45', 'updated_at': '2023-02-15 01:20:45', 'id_program': 6, 'id_user': 1}","{'id_university_deparment': 2, 'id_faculty': 7, 'description': 'Escuela de Ingeniería de Sistemas y computación', 'status': True}","{'id_program': 6, 'full_name': 'Contaduría Publica'}"
443,Continuación de Trabajo de Grado,Continuación de Trabajo de Grado,990001M,01:00:00,True,True,3,11,1,1,18,2,6,Continuación de Trabajo de Grado,True,,"{'id_university_type_subject': 1, 'type': 'Profesional', 'status': True}","{'id_university_qualification_type': 1, 'description': 'Numerica', 'status': True}","{'id_authorization_program': 18, 'resolution_number': '240-DIU', 'status': True, 'created_at': '2023-02-15 01:20:45', 'updated_at': '2023-02-15 01:20:45', 'id_program': 6, 'id_user': 1}","{'id_university_deparment': 2, 'id_faculty': 7, 'description': 'Escuela de Ingeniería de Sistemas y computación', 'status': True}","{'id_program': 6, 'full_name': 'Contaduría Publica'}"
177,Taller Habilidades y herramientas informáticas para la gestión ,Taller Habilidades y herramientas informáticas para la gestión ,801044C,03:00:00,True,True,3,1,1,1,19,2,2,Taller Habilidades y herramientas informáticas para la gestión ,True,,"{'id_university_type_subject': 1, 'type': 'Profesional', 'status': True}","{'id_university_qualification_type': 1, 'description': 'Numerica', 'status': True}","{'id_authorization_program': 19, 'resolution_number': '246-DIU', 'status': True, 'created_at': '2023-02-15 02:05:28', 'updated_at': '2023-02-15 02:05:28', 'id_program': 2, 'id_user': 1}","{'id_university_deparment': 2, 'id_faculty': 7, 'description': 'Escuela de Ingeniería de Sistemas y computación', 'status': True}","{'id_program': 2, 'full_name': 'Administracion de empresas'}"
179,Proceso administrativo ,Proceso administrativo ,801043C,03:00:00,True,True,3,1,1,1,19,2,2,Proceso administrativo ,True,,"{'id_university_type_subject': 1, 'type': 'Profesional', 'status': True}","{'id_university_qualification_type': 1, 'description': 'Numerica', 'status': True}","{'id_authorization_program': 19, 'resolution_number': '246-DIU', 'status': True, 'created_at': '2023-02-15 02:05:28', 'updated_at': '2023-02-15 02:05:28', 'id_program': 2, 'id_user': 1}","{'id_university_deparment': 2, 'id_faculty': 7, 'description': 'Escuela de Ingeniería de Sistemas y computación', 'status': True}","{'id_program': 2, 'full_name': 'Administracion de empresas'}"
180,Introducción al derecho y constitución política ,Introducción al derecho y constitución política ,801042C,03:00:00,True,True,3,1,1,1,19,2,2,Introducción al derecho y constitución política ,True,,"{'id_university_type_subject': 1, 'type': 'Profesional', 'status': True}","{'id_university_qualification_type': 1, 'description': 'Numerica', 'status': True}","{'id_authorization_program': 19, 'resolution_number': '246-DIU', 'status': True, 'created_at': '2023-02-15 02:05:28', 'updated_at': '2023-02-15 02:05:28', 'id_program': 2, 'id_user': 1}","{'id_university_deparment': 2, 'id_faculty': 7, 'description': 'Escuela de Ingeniería de Sistemas y computación', 'status': True}","{'id_program': 2, 'full_name': 'Administracion de empresas'}"
181,Fundamentos de contabilidad ,Fundamentos de contabilidad ,802004C,03:00:00,True,True,3,1,1,1,19,2,2,Fundamentos de contabilidad ,True,,"{'id_university_type_subject': 1, 'type': 'Profesional', 'status': True}","{'id_university_qualification_type': 1, 'description': 'Numerica', 'status': True}","{'id_authorization_program': 19, 'resolution_number': '246-DIU', 'status': True, 'created_at': '2023-02-15 02:05:28', 'updated_at': '2023-02-15 02:05:28', 'id_program': 2, 'id_user': 1}","{'id_university_deparment': 2, 'id_faculty': 7, 'description': 'Escuela de Ingeniería de Sistemas y computación', 'status': True}","{'id_program': 2, 'full_name': 'Administracion de empresas'}"
182,Fundamentos de Economía y Comercio ,Fundamentos de Economía y Comercio ,801002C,03:00:00,True,True,3,1,1,1,19,2,2,Fundamentos de Economía y Comercio ,True,,"{'id_university_type_subject': 1, 'type': 'Profesional', 'status': True}","{'id_university_qualification_type': 1, 'description': 'Numerica', 'status': True}","{'id_authorization_program': 19, 'resolution_number': '246-DIU', 'status': True, 'created_at': '2023-02-15 02:05:28', 'updated_at': '2023-02-15 02:05:28', 'id_program': 2, 'id_user': 1}","{'id_university_deparment': 2, 'id_faculty': 7, 'description': 'Escuela de Ingeniería de Sistemas y computación', 'status': True}","{'id_program': 2, 'full_name': 'Administracion de empresas'}"
190,Estadística I para las ciencias de la administración,Estadística I para las ciencias de la administración,801083C,03:00:00,True,True,3,3,1,1,19,2,2,Estadística I para las ciencias de la administración,True,,"{'id_university_type_subject': 1, 'type': 'Profesional', 'status': True}","{'id_university_qualification_type': 1, 'description': 'Numerica', 'status': True}","{'id_authorization_program': 19, 'resolution_number': '246-DIU', 'status': True, 'created_at': '2023-02-15 02:05:28', 'updated_at': '2023-02-15 02:05:28', 'id_program': 2, 'id_user': 1}","{'id_university_deparment': 2, 'id_faculty': 7, 'description': 'Escuela de Ingeniería de Sistemas y computación', 'status': True}","{'id_program': 2, 'full_name': 'Administracion de empresas'}"
191,Pensamiento Contemporáneo de la Administración y las Organizaciones,Pensamiento Contemporáneo de la Administración y las Organizaciones,801091C,03:00:00,True,True,3,3,1,1,19,2,2,Pensamiento Contemporáneo de la Administración y las Organizaciones,True,,"{'id_university_type_subject': 1, 'type': 'Profesional', 'status': True}","{'id_university_qualification_type': 1, 'description': 'Numerica', 'status': True}","{'id_authorization_program': 19, 'resolution_number': '246-DIU', 'status': True, 'created_at': '2023-02-15 02:05:28', 'updated_at': '2023-02-15 02:05:28', 'id_program': 2, 'id_user': 1}","{'id_university_deparment': 2, 'id_faculty': 7, 'description': 'Escuela de Ingeniería de Sistemas y computación', 'status': True}","{'id_program': 2, 'full_name': 'Administracion de empresas'}"
193,Legislación comercial I,Legislación comercial I,801073C,03:00:00,True,True,3,3,1,1,19,2,2,Legislación comercial I,True,,"{'id_university_type_subject': 1, 'type': 'Profesional', 'status': True}","{'id_university_qualification_type': 1, 'description': 'Numerica', 'status': True}","{'id_authorization_program': 19, 'resolution_number': '246-DIU', 'status': True, 'created_at': '2023-02-15 02:05:28', 'updated_at': '2023-02-15 02:05:28', 'id_program': 2, 'id_user': 1}","{'id_university_deparment': 2, 'id_faculty': 7, 'description': 'Escuela de Ingeniería de Sistemas y computación', 'status': True}","{'id_program': 2, 'full_name': 'Administracion de empresas'}"
194,Matemática para finanzas,Matemática para finanzas,802013C,03:00:00,True,True,3,3,1,1,19,2,2,Matemática para finanzas,True,,"{'id_university_type_subject': 1, 'type': 'Profesional', 'status': True}","{'id_university_qualification_type': 1, 'description': 'Numerica', 'status': True}","{'id_authorization_program': 19, 'resolution_number': '246-DIU', 'status': True, 'created_at': '2023-02-15 02:05:28', 'updated_at': '2023-02-15 02:05:28', 'id_program': 2, 'id_user': 1}","{'id_university_deparment': 2, 'id_faculty': 7, 'description': 'Escuela de Ingeniería de Sistemas y computación', 'status': True}","{'id_program': 2, 'full_name': 'Administracion de empresas'}"
195,Economía de Empresa,Economía de Empresa,801088C,03:00:00,True,True,3,3,1,1,19,2,2,Economía de Empresa,True,,"{'id_university_type_subject': 1, 'type': 'Profesional', 'status': True}","{'id_university_qualification_type': 1, 'description': 'Numerica', 'status': True}","{'id_authorization_program': 19, 'resolution_number': '246-DIU', 'status': True, 'created_at': '2023-02-15 02:05:28', 'updated_at': '2023-02-15 02:05:28', 'id_program': 2, 'id_user': 1}","{'id_university_deparment': 2, 'id_faculty': 7, 'description': 'Escuela de Ingeniería de Sistemas y computación', 'status': True}","{'id_program': 2, 'full_name': 'Administracion de empresas'}"
229,Publicidad ,Publicidad ,801055M,03:00:00,True,True,3,9,1,1,19,2,2,Publicidad ,True,,"{'id_university_type_subject': 1, 'type': 'Profesional', 'status': True}","{'id_university_qualification_type': 1, 'description': 'Numerica', 'status': True}","{'id_authorization_program': 19, 'resolution_number': '246-DIU', 'status': True, 'created_at': '2023-02-15 02:05:28', 'updated_at': '2023-02-15 02:05:28', 'id_program': 2, 'id_user': 1}","{'id_university_deparment': 2, 'id_faculty': 7, 'description': 'Escuela de Ingeniería de Sistemas y computación', 'status': True}","{'id_program': 2, 'full_name': 'Administracion de empresas'}"
230,Trabajo de Grado ,Trabajo de Grado ,801108M,03:00:00,True,True,3,9,1,1,19,2,2,Trabajo de Grado ,True,,"{'id_university_type_subject': 1, 'type': 'Profesional', 'status': True}","{'id_university_qualification_type': 1, 'description': 'Numerica', 'status': True}","{'id_authorization_program': 19, 'resolution_number': '246-DIU', 'status': True, 'created_at': '2023-02-15 02:05:28', 'updated_at': '2023-02-15 02:05:28', 'id_program': 2, 'id_user': 1}","{'id_university_deparment': 2, 'id_faculty': 7, 'description': 'Escuela de Ingeniería de Sistemas y computación', 'status': True}","{'id_program': 2, 'full_name': 'Administracion de empresas'}"
235,Continuación de Trabajo de Grado ,Continuación de Trabajo de Grado ,990001M,03:00:00,True,True,3,11,1,1,19,2,2,Continuación de Trabajo de Grado ,True,,"{'id_university_type_subject': 1, 'type': 'Profesional', 'status': True}","{'id_university_qualification_type': 1, 'description': 'Numerica', 'status': True}","{'id_authorization_program': 19, 'resolution_number': '246-DIU', 'status': True, 'created_at': '2023-02-15 02:05:28', 'updated_at': '2023-02-15 02:05:28', 'id_program': 2, 'id_user': 1}","{'id_university_deparment': 2, 'id_faculty': 7, 'description': 'Escuela de Ingeniería de Sistemas y computación', 'status': True}","{'id_program': 2, 'full_name': 'Administracion de empresas'}"
192,Organización y Sociedad,Organización y Sociedad,801092C,03:00:00,True,True,3,3,1,1,19,2,2,Organización y Sociedad,True,,"{'id_university_type_subject': 1, 'type': 'Profesional', 'status': True}","{'id_university_qualification_type': 1, 'description': 'Numerica', 'status': True}","{'id_authorization_program': 19, 'resolution_number': '246-DIU', 'status': True, 'created_at': '2023-02-15 02:05:28', 'updated_at': '2023-02-15 02:05:28', 'id_program': 2, 'id_user': 1}","{'id_university_deparment': 2, 'id_faculty': 7, 'description': 'Escuela de Ingeniería de Sistemas y computación', 'status': True}","{'id_program': 2, 'full_name': 'Administracion de empresas'}"
541,Bases de datos,Bases de datos,750006C,04:00:00,True,True,3,4,1,1,2,2,1,Bases de datos,True,,"{'id_university_type_subject': 1, 'type': 'Profesional', 'status': True}","{'id_university_qualification_type': 1, 'description': 'Numerica', 'status': True}","{'id_authorization_program': 2, 'resolution_number': '047', 'status': True, 'created_at': '2022-12-17 19:03:33', 'updated_at': '2022-12-17 19:03:33', 'id_program': 1, 'id_user': 1}","{'id_university_deparment': 2, 'id_faculty': 7, 'description': 'Escuela de Ingeniería de Sistemas y computación', 'status': True}","{'id_program': 1, 'full_name': 'Ingeniería de Sistemas'}"
206,Investigación de Operaciones,Investigación de Operaciones,801054M,03:00:00,True,True,3,5,1,1,25,2,2,Investigación de Operaciones,True,,"{'id_university_type_subject': 1, 'type': 'Profesional', 'status': True}","{'id_university_qualification_type': 1, 'description': 'Numerica', 'status': True}","{'id_authorization_program': 25, 'resolution_number': '038-DIU', 'status': True, 'created_at': '2023-08-05 03:13:15', 'updated_at': '2023-08-05 03:13:15', 'id_program': 2, 'id_user': 1}","{'id_university_deparment': 2, 'id_faculty': 7, 'description': 'Escuela de Ingeniería de Sistemas y computación', 'status': True}","{'id_program': 2, 'full_name': 'Administracion de empresas'}"
204,Legislación Laboral,Legislación Laboral,801030M,03:00:00,True,True,3,5,1,1,25,2,2,Legislación Laboral,True,,"{'id_university_type_subject': 1, 'type': 'Profesional', 'status': True}","{'id_university_qualification_type': 1, 'description': 'Numerica', 'status': True}","{'id_authorization_program': 25, 'resolution_number': '038-DIU', 'status': True, 'created_at': '2023-08-05 03:13:15', 'updated_at': '2023-08-05 03:13:15', 'id_program': 2, 'id_user': 1}","{'id_university_deparment': 2, 'id_faculty': 7, 'description': 'Escuela de Ingeniería de Sistemas y computación', 'status': True}","{'id_program': 2, 'full_name': 'Administracion de empresas'}"
222,Toma de Decisiones y Negociación,Toma de Decisiones y Negociación,801218M,03:00:00,True,True,3,7,1,1,25,2,2,Toma de Decisiones y Negociación,True,,"{'id_university_type_subject': 1, 'type': 'Profesional', 'status': True}","{'id_university_qualification_type': 1, 'description': 'Numerica', 'status': True}","{'id_authorization_program': 25, 'resolution_number': '038-DIU', 'status': True, 'created_at': '2023-08-05 03:13:15', 'updated_at': '2023-08-05 03:13:15', 'id_program': 2, 'id_user': 1}","{'id_university_deparment': 2, 'id_faculty': 7, 'description': 'Escuela de Ingeniería de Sistemas y computación', 'status': True}","{'id_program': 2, 'full_name': 'Administracion de empresas'}"
221,Comercio Exterior,Comercio Exterior,801062M,03:00:00,True,True,3,7,2,1,25,2,2,Comercio Exterior,True,,"{'id_university_type_subject': 2, 'type': 'Basica', 'status': True}","{'id_university_qualification_type': 1, 'description': 'Numerica', 'status': True}","{'id_authorization_program': 25, 'resolution_number': '038-DIU', 'status': True, 'created_at': '2023-08-05 03:13:15', 'updated_at': '2023-08-05 03:13:15', 'id_program': 2, 'id_user': 1}","{'id_university_deparment': 2, 'id_faculty': 7, 'description': 'Escuela de Ingeniería de Sistemas y computación', 'status': True}","{'id_program': 2, 'full_name': 'Administracion de empresas'}"
425,Sistemas de Producción,Sistemas de Producción,801063M,03:00:00,True,True,3,5,1,1,28,2,6,Sistemas de Producción,True,,"{'id_university_type_subject': 1, 'type': 'Profesional', 'status': True}","{'id_university_qualification_type': 1, 'description': 'Numerica', 'status': True}","{'id_authorization_program': 28, 'resolution_number': '091-DIU', 'status': True, 'created_at': '2023-08-06 23:28:03', 'updated_at': '2023-08-06 23:28:03', 'id_program': 6, 'id_user': 1}","{'id_university_deparment': 2, 'id_faculty': 7, 'description': 'Escuela de Ingeniería de Sistemas y computación', 'status': True}","{'id_program': 6, 'full_name': 'Contaduría Publica'}"
203,Estrategia y Planeación,Estrategia y Planeación,801173M,03:00:00,True,True,3,5,1,1,25,2,2,Estrategia y Planeación,True,,"{'id_university_type_subject': 1, 'type': 'Profesional', 'status': True}","{'id_university_qualification_type': 1, 'description': 'Numerica', 'status': True}","{'id_authorization_program': 25, 'resolution_number': '038-DIU', 'status': True, 'created_at': '2023-08-05 03:13:15', 'updated_at': '2023-08-05 03:13:15', 'id_program': 2, 'id_user': 1}","{'id_university_deparment': 2, 'id_faculty': 7, 'description': 'Escuela de Ingeniería de Sistemas y computación', 'status': True}","{'id_program': 2, 'full_name': 'Administracion de empresas'}"
205,Fundamentos de Mercadeo,Fundamentos de Mercadeo,801175M,03:00:00,True,True,3,5,1,1,25,2,2,Fundamentos de Mercadeo,True,,"{'id_university_type_subject': 1, 'type': 'Profesional', 'status': True}","{'id_university_qualification_type': 1, 'description': 'Numerica', 'status': True}","{'id_authorization_program': 25, 'resolution_number': '038-DIU', 'status': True, 'created_at': '2023-08-05 03:13:15', 'updated_at': '2023-08-05 03:13:15', 'id_program': 2, 'id_user': 1}","{'id_university_deparment': 2, 'id_faculty': 7, 'description': 'Escuela de Ingeniería de Sistemas y computación', 'status': True}","{'id_program': 2, 'full_name': 'Administracion de empresas'}"
220,Evaluación Financiera de Proyectos para Administración,Evaluación Financiera de Proyectos para Administración,802116M,03:00:00,True,True,3,7,1,1,25,2,2,Evaluación Financiera de Proyectos para Administración,True,,"{'id_university_type_subject': 1, 'type': 'Profesional', 'status': True}","{'id_university_qualification_type': 1, 'description': 'Numerica', 'status': True}","{'id_authorization_program': 25, 'resolution_number': '038-DIU', 'status': True, 'created_at': '2023-08-05 03:13:15', 'updated_at': '2023-08-05 03:13:15', 'id_program': 2, 'id_user': 1}","{'id_university_deparment': 2, 'id_faculty': 7, 'description': 'Escuela de Ingeniería de Sistemas y computación', 'status': True}","{'id_program': 2, 'full_name': 'Administracion de empresas'}"
614,Cálculo Multivariable,Cálculo Multivariable,111022C,05:00:00,True,True,3,3,1,1,7,2,3,Cálculo Multivariable,True,,"{'id_university_type_subject': 1, 'type': 'Profesional', 'status': True}","{'id_university_qualification_type': 1, 'description': 'Numerica', 'status': True}","{'id_authorization_program': 7, 'resolution_number': '228', 'status': True, 'created_at': '2023-01-16 14:02:37', 'updated_at': '2023-01-16 14:02:37', 'id_program': 3, 'id_user': 1}","{'id_university_deparment': 2, 'id_faculty': 7, 'description': 'Escuela de Ingeniería de Sistemas y computación', 'status': True}","{'id_program': 3, 'full_name': 'Ingeniería de Alimentos'}"
621,Taller de Ingeniería I,Taller de Ingeniería I,701002C,03:00:00,True,True,3,1,1,1,7,2,3,Taller de Ingeniería I,True,,"{'id_university_type_subject': 1, 'type': 'Profesional', 'status': True}","{'id_university_qualification_type': 1, 'description': 'Numerica', 'status': True}","{'id_authorization_program': 7, 'resolution_number': '228', 'status': True, 'created_at': '2023-01-16 14:02:37', 'updated_at': '2023-01-16 14:02:37', 'id_program': 3, 'id_user': 1}","{'id_university_deparment': 2, 'id_faculty': 7, 'description': 'Escuela de Ingeniería de Sistemas y computación', 'status': True}","{'id_program': 3, 'full_name': 'Ingeniería de Alimentos'}"
622,Introducción a la Ingeniería,Introducción a la Ingeniería,701003C,02:00:00,True,True,3,1,1,1,7,2,3,Introducción a la Ingeniería,True,,"{'id_university_type_subject': 1, 'type': 'Profesional', 'status': True}","{'id_university_qualification_type': 1, 'description': 'Numerica', 'status': True}","{'id_authorization_program': 7, 'resolution_number': '228', 'status': True, 'created_at': '2023-01-16 14:02:37', 'updated_at': '2023-01-16 14:02:37', 'id_program': 3, 'id_user': 1}","{'id_university_deparment': 2, 'id_faculty': 7, 'description': 'Escuela de Ingeniería de Sistemas y computación', 'status': True}","{'id_program': 3, 'full_name': 'Ingeniería de Alimentos'}"
623,Control e instrumentación  en la Industría de Alimentos ,Control e instrumentación  en la Industría de Alimentos ,710230M ,03:00:00,True,True,3,5,1,1,7,2,3,Control e instrumentación  en la Industría de Alimentos ,True,,"{'id_university_type_subject': 1, 'type': 'Profesional', 'status': True}","{'id_university_qualification_type': 1, 'description': 'Numerica', 'status': True}","{'id_authorization_program': 7, 'resolution_number': '228', 'status': True, 'created_at': '2023-01-16 14:02:37', 'updated_at': '2023-01-16 14:02:37', 'id_program': 3, 'id_user': 1}","{'id_university_deparment': 2, 'id_faculty': 7, 'description': 'Escuela de Ingeniería de Sistemas y computación', 'status': True}","{'id_program': 3, 'full_name': 'Ingeniería de Alimentos'}"
625,Química de Alimentos I,Química de Alimentos I,745017C,03:00:00,True,True,3,3,1,1,7,2,3,Química de Alimentos I,True,,"{'id_university_type_subject': 1, 'type': 'Profesional', 'status': True}","{'id_university_qualification_type': 1, 'description': 'Numerica', 'status': True}","{'id_authorization_program': 7, 'resolution_number': '228', 'status': True, 'created_at': '2023-01-16 14:02:37', 'updated_at': '2023-01-16 14:02:37', 'id_program': 3, 'id_user': 1}","{'id_university_deparment': 2, 'id_faculty': 7, 'description': 'Escuela de Ingeniería de Sistemas y computación', 'status': True}","{'id_program': 3, 'full_name': 'Ingeniería de Alimentos'}"
626,Tallerer de Ingeniería de Alimentos IV,Tallerer de Ingeniería de Alimentos IV,745023C,03:00:00,True,True,3,5,1,1,7,2,3,Tallerer de Ingeniería de Alimentos IV,True,,"{'id_university_type_subject': 1, 'type': 'Profesional', 'status': True}","{'id_university_qualification_type': 1, 'description': 'Numerica', 'status': True}","{'id_authorization_program': 7, 'resolution_number': '228', 'status': True, 'created_at': '2023-01-16 14:02:37', 'updated_at': '2023-01-16 14:02:37', 'id_program': 3, 'id_user': 1}","{'id_university_deparment': 2, 'id_faculty': 7, 'description': 'Escuela de Ingeniería de Sistemas y computación', 'status': True}","{'id_program': 3, 'full_name': 'Ingeniería de Alimentos'}"
628,Balances de Masa y Energía ,Balances de Masa y Energía ,745005C,04:00:00,True,True,3,5,1,1,7,2,3,Balances de Masa y Energía ,True,,"{'id_university_type_subject': 1, 'type': 'Profesional', 'status': True}","{'id_university_qualification_type': 1, 'description': 'Numerica', 'status': True}","{'id_authorization_program': 7, 'resolution_number': '228', 'status': True, 'created_at': '2023-01-16 14:02:37', 'updated_at': '2023-01-16 14:02:37', 'id_program': 3, 'id_user': 1}","{'id_university_deparment': 2, 'id_faculty': 7, 'description': 'Escuela de Ingeniería de Sistemas y computación', 'status': True}","{'id_program': 3, 'full_name': 'Ingeniería de Alimentos'}"
619,Electiva Complementaria II: Taller de Apreciación teatral ,Electiva Complementaria II: Taller de Apreciación teatral ,504037C,03:00:00,True,True,3,3,1,1,7,2,3,Electiva Complementaria II: Taller de Apreciación teatral ,True,,"{'id_university_type_subject': 1, 'type': 'Profesional', 'status': True}","{'id_university_qualification_type': 1, 'description': 'Numerica', 'status': True}","{'id_authorization_program': 7, 'resolution_number': '228', 'status': True, 'created_at': '2023-01-16 14:02:37', 'updated_at': '2023-01-16 14:02:37', 'id_program': 3, 'id_user': 1}","{'id_university_deparment': 2, 'id_faculty': 7, 'description': 'Escuela de Ingeniería de Sistemas y computación', 'status': True}","{'id_program': 3, 'full_name': 'Ingeniería de Alimentos'}"
620,Inserción a la Vida Universitaria,Inserción a la Vida Universitaria,701001C,02:00:00,True,True,3,1,1,1,7,2,3,Inserción a la Vida Universitaria,True,,"{'id_university_type_subject': 1, 'type': 'Profesional', 'status': True}","{'id_university_qualification_type': 1, 'description': 'Numerica', 'status': True}","{'id_authorization_program': 7, 'resolution_number': '228', 'status': True, 'created_at': '2023-01-16 14:02:37', 'updated_at': '2023-01-16 14:02:37', 'id_program': 3, 'id_user': 1}","{'id_university_deparment': 2, 'id_faculty': 7, 'description': 'Escuela de Ingeniería de Sistemas y computación', 'status': True}","{'id_program': 3, 'full_name': 'Ingeniería de Alimentos'}"
629,Probabilidad y Estadistica,Probabilidad y Estadistica,761001C,04:00:00,True,True,3,5,1,1,7,2,3,Probabilidad y Estadistica,True,,"{'id_university_type_subject': 1, 'type': 'Profesional', 'status': True}","{'id_university_qualification_type': 1, 'description': 'Numerica', 'status': True}","{'id_authorization_program': 7, 'resolution_number': '228', 'status': True, 'created_at': '2023-01-16 14:02:37', 'updated_at': '2023-01-16 14:02:37', 'id_program': 3, 'id_user': 1}","{'id_university_deparment': 2, 'id_faculty': 7, 'description': 'Escuela de Ingeniería de Sistemas y computación', 'status': True}","{'id_program': 3, 'full_name': 'Ingeniería de Alimentos'}"
607,Física II + Laboratorio,Física II + Laboratorio,106009C,06:00:00,True,True,3,3,1,1,7,2,3,Física II + Laboratorio,True,,"{'id_university_type_subject': 1, 'type': 'Profesional', 'status': True}","{'id_university_qualification_type': 1, 'description': 'Numerica', 'status': True}","{'id_authorization_program': 7, 'resolution_number': '228', 'status': True, 'created_at': '2023-01-16 14:02:37', 'updated_at': '2023-01-16 14:02:37', 'id_program': 3, 'id_user': 1}","{'id_university_deparment': 2, 'id_faculty': 7, 'description': 'Escuela de Ingeniería de Sistemas y computación', 'status': True}","{'id_program': 3, 'full_name': 'Ingeniería de Alimentos'}"
630,Estrategias para el aprendizaje autónomo,Estrategias para el aprendizaje autónomo,417016C,03:30:00,True,True,3,3,1,1,7,2,3,Estrategias para el aprendizaje autónomo,True,,"{'id_university_type_subject': 1, 'type': 'Profesional', 'status': True}","{'id_university_qualification_type': 1, 'description': 'Numerica', 'status': True}","{'id_authorization_program': 7, 'resolution_number': '228', 'status': True, 'created_at': '2023-01-16 14:02:37', 'updated_at': '2023-01-16 14:02:37', 'id_program': 3, 'id_user': 1}","{'id_university_deparment': 2, 'id_faculty': 7, 'description': 'Escuela de Ingeniería de Sistemas y computación', 'status': True}","{'id_program': 3, 'full_name': 'Ingeniería de Alimentos'}"
615,Matemáticas Básicas,Matemáticas Básicas,111023C,05:00:00,True,True,3,1,1,1,7,2,3,Matemáticas Básicas,True,,"{'id_university_type_subject': 1, 'type': 'Profesional', 'status': True}","{'id_university_qualification_type': 1, 'description': 'Numerica', 'status': True}","{'id_authorization_program': 7, 'resolution_number': '228', 'status': True, 'created_at': '2023-01-16 14:02:37', 'updated_at': '2023-01-16 14:02:37', 'id_program': 3, 'id_user': 1}","{'id_university_deparment': 2, 'id_faculty': 7, 'description': 'Escuela de Ingeniería de Sistemas y computación', 'status': True}","{'id_program': 3, 'full_name': 'Ingeniería de Alimentos'}"
624,Microbiología + Laboratorio,Microbiología + Laboratorio,745011C,06:00:00,True,True,3,5,1,1,7,2,3,Microbiología + Laboratorio,True,,"{'id_university_type_subject': 1, 'type': 'Profesional', 'status': True}","{'id_university_qualification_type': 1, 'description': 'Numerica', 'status': True}","{'id_authorization_program': 7, 'resolution_number': '228', 'status': True, 'created_at': '2023-01-16 14:02:37', 'updated_at': '2023-01-16 14:02:37', 'id_program': 3, 'id_user': 1}","{'id_university_deparment': 2, 'id_faculty': 7, 'description': 'Escuela de Ingeniería de Sistemas y computación', 'status': True}","{'id_program': 3, 'full_name': 'Ingeniería de Alimentos'}"
627,Análisis de Alimentos,Análisis de Alimentos,745004C,04:00:00,True,True,3,5,1,1,7,2,3,Análisis de Alimentos,True,,"{'id_university_type_subject': 1, 'type': 'Profesional', 'status': True}","{'id_university_qualification_type': 1, 'description': 'Numerica', 'status': True}","{'id_authorization_program': 7, 'resolution_number': '228', 'status': True, 'created_at': '2023-01-16 14:02:37', 'updated_at': '2023-01-16 14:02:37', 'id_program': 3, 'id_user': 1}","{'id_university_deparment': 2, 'id_faculty': 7, 'description': 'Escuela de Ingeniería de Sistemas y computación', 'status': True}","{'id_program': 3, 'full_name': 'Ingeniería de Alimentos'}"
617,Inglés con fines generales y académicos I,Inglés con fines generales y académicos I,204025C,04:00:00,True,True,3,3,1,1,7,2,3,Inglés con fines generales y académicos I,True,,"{'id_university_type_subject': 1, 'type': 'Profesional', 'status': True}","{'id_university_qualification_type': 1, 'description': 'Numerica', 'status': True}","{'id_authorization_program': 7, 'resolution_number': '228', 'status': True, 'created_at': '2023-01-16 14:02:37', 'updated_at': '2023-01-16 14:02:37', 'id_program': 3, 'id_user': 1}","{'id_university_deparment': 2, 'id_faculty': 7, 'description': 'Escuela de Ingeniería de Sistemas y computación', 'status': True}","{'id_program': 3, 'full_name': 'Ingeniería de Alimentos'}"
616,QuÍmica general + Laboratorio,QuÍmica general + Laboratorio,116017C,07:30:00,True,True,3,1,1,1,7,2,3,QuÍmica general + Laboratorio,True,,"{'id_university_type_subject': 1, 'type': 'Profesional', 'status': True}","{'id_university_qualification_type': 1, 'description': 'Numerica', 'status': True}","{'id_authorization_program': 7, 'resolution_number': '228', 'status': True, 'created_at': '2023-01-16 14:02:37', 'updated_at': '2023-01-16 14:02:37', 'id_program': 3, 'id_user': 1}","{'id_university_deparment': 2, 'id_faculty': 7, 'description': 'Escuela de Ingeniería de Sistemas y computación', 'status': True}","{'id_program': 3, 'full_name': 'Ingeniería de Alimentos'}"
609,Biologia + Laboratorio,Biologia + Laboratorio,102094C,04:00:00,True,True,3,1,1,1,7,2,3,Biologia + Laboratorio,True,,"{'id_university_type_subject': 1, 'type': 'Profesional', 'status': True}","{'id_university_qualification_type': 1, 'description': 'Numerica', 'status': True}","{'id_authorization_program': 7, 'resolution_number': '228', 'status': True, 'created_at': '2023-01-16 14:02:37', 'updated_at': '2023-01-16 14:02:37', 'id_program': 3, 'id_user': 1}","{'id_university_deparment': 2, 'id_faculty': 7, 'description': 'Escuela de Ingeniería de Sistemas y computación', 'status': True}","{'id_program': 3, 'full_name': 'Ingeniería de Alimentos'}"
648,Lectura de Textos académicos en Inglés II,Lectura de Textos académicos en Inglés II,204104M,05:00:00,True,True,3,7,1,1,16,2,3,Lectura de Textos académicos en Inglés II,True,,"{'id_university_type_subject': 1, 'type': 'Profesional', 'status': True}","{'id_university_qualification_type': 1, 'description': 'Numerica', 'status': True}","{'id_authorization_program': 16, 'resolution_number': '081', 'status': True, 'created_at': '2023-02-09 14:57:44', 'updated_at': '2023-02-09 14:57:44', 'id_program': 3, 'id_user': 1}","{'id_university_deparment': 2, 'id_faculty': 7, 'description': 'Escuela de Ingeniería de Sistemas y computación', 'status': True}","{'id_program': 3, 'full_name': 'Ingeniería de Alimentos'}"
649,Introducción a la Gestión Ambiental,Introducción a la Gestión Ambiental,730107M,03:00:00,True,True,3,7,1,1,16,2,3,Introducción a la Gestión Ambiental,True,,"{'id_university_type_subject': 1, 'type': 'Profesional', 'status': True}","{'id_university_qualification_type': 1, 'description': 'Numerica', 'status': True}","{'id_authorization_program': 16, 'resolution_number': '081', 'status': True, 'created_at': '2023-02-09 14:57:44', 'updated_at': '2023-02-09 14:57:44', 'id_program': 3, 'id_user': 1}","{'id_university_deparment': 2, 'id_faculty': 7, 'description': 'Escuela de Ingeniería de Sistemas y computación', 'status': True}","{'id_program': 3, 'full_name': 'Ingeniería de Alimentos'}"
650,Transferencia de Calor y Tratamientos Térmicos,Transferencia de Calor y Tratamientos Térmicos,745052M,04:00:00,True,True,3,7,1,1,16,2,3,Transferencia de Calor y Tratamientos Térmicos,True,,"{'id_university_type_subject': 1, 'type': 'Profesional', 'status': True}","{'id_university_qualification_type': 1, 'description': 'Numerica', 'status': True}","{'id_authorization_program': 16, 'resolution_number': '081', 'status': True, 'created_at': '2023-02-09 14:57:44', 'updated_at': '2023-02-09 14:57:44', 'id_program': 3, 'id_user': 1}","{'id_university_deparment': 2, 'id_faculty': 7, 'description': 'Escuela de Ingeniería de Sistemas y computación', 'status': True}","{'id_program': 3, 'full_name': 'Ingeniería de Alimentos'}"
651,Talleres y Laboratorios de Ingeniería de Alimentos V ,Talleres y Laboratorios de Ingeniería de Alimentos V ,745053M,04:00:00,True,True,3,7,1,1,16,2,3,Talleres y Laboratorios de Ingeniería de Alimentos V ,True,,"{'id_university_type_subject': 1, 'type': 'Profesional', 'status': True}","{'id_university_qualification_type': 1, 'description': 'Numerica', 'status': True}","{'id_authorization_program': 16, 'resolution_number': '081', 'status': True, 'created_at': '2023-02-09 14:57:44', 'updated_at': '2023-02-09 14:57:44', 'id_program': 3, 'id_user': 1}","{'id_university_deparment': 2, 'id_faculty': 7, 'description': 'Escuela de Ingeniería de Sistemas y computación', 'status': True}","{'id_program': 3, 'full_name': 'Ingeniería de Alimentos'}"
652,Diseño de procesos en la industria de alimentos  ,Diseño de procesos en la industria de alimentos  ,745055M ,03:00:00,True,True,3,9,1,1,16,2,3,Diseño de procesos en la industria de alimentos  ,True,,"{'id_university_type_subject': 1, 'type': 'Profesional', 'status': True}","{'id_university_qualification_type': 1, 'description': 'Numerica', 'status': True}","{'id_authorization_program': 16, 'resolution_number': '081', 'status': True, 'created_at': '2023-02-09 14:57:44', 'updated_at': '2023-02-09 14:57:44', 'id_program': 3, 'id_user': 1}","{'id_university_deparment': 2, 'id_faculty': 7, 'description': 'Escuela de Ingeniería de Sistemas y computación', 'status': True}","{'id_program': 3, 'full_name': 'Ingeniería de Alimentos'}"
653,Ingeniería de plantas de productos alimenticios ,Ingeniería de plantas de productos alimenticios ,745056M ,04:00:00,True,True,3,9,1,1,16,2,3,Ingeniería de plantas de productos alimenticios ,True,,"{'id_university_type_subject': 1, 'type': 'Profesional', 'status': True}","{'id_university_qualification_type': 1, 'description': 'Numerica', 'status': True}","{'id_authorization_program': 16, 'resolution_number': '081', 'status': True, 'created_at': '2023-02-09 14:57:44', 'updated_at': '2023-02-09 14:57:44', 'id_program': 3, 'id_user': 1}","{'id_university_deparment': 2, 'id_faculty': 7, 'description': 'Escuela de Ingeniería de Sistemas y computación', 'status': True}","{'id_program': 3, 'full_name': 'Ingeniería de Alimentos'}"
654,Talleres y laboratatorios de Ingeniería de Alimentos VII,Talleres y laboratatorios de Ingeniería de Alimentos VII,745057M ,06:00:00,True,True,3,9,1,1,16,2,3,Talleres y laboratatorios de Ingeniería de Alimentos VII,True,,"{'id_university_type_subject': 1, 'type': 'Profesional', 'status': True}","{'id_university_qualification_type': 1, 'description': 'Numerica', 'status': True}","{'id_authorization_program': 16, 'resolution_number': '081', 'status': True, 'created_at': '2023-02-09 14:57:44', 'updated_at': '2023-02-09 14:57:44', 'id_program': 3, 'id_user': 1}","{'id_university_deparment': 2, 'id_faculty': 7, 'description': 'Escuela de Ingeniería de Sistemas y computación', 'status': True}","{'id_program': 3, 'full_name': 'Ingeniería de Alimentos'}"
655,Conservación y Vida Útil de los Alimentos,Conservación y Vida Útil de los Alimentos,745061M,03:00:00,True,True,3,7,1,1,16,2,3,Conservación y Vida Útil de los Alimentos,True,,"{'id_university_type_subject': 1, 'type': 'Profesional', 'status': True}","{'id_university_qualification_type': 1, 'description': 'Numerica', 'status': True}","{'id_authorization_program': 16, 'resolution_number': '081', 'status': True, 'created_at': '2023-02-09 14:57:44', 'updated_at': '2023-02-09 14:57:44', 'id_program': 3, 'id_user': 1}","{'id_university_deparment': 2, 'id_faculty': 7, 'description': 'Escuela de Ingeniería de Sistemas y computación', 'status': True}","{'id_program': 3, 'full_name': 'Ingeniería de Alimentos'}"
656,Matemáticas Especiales para Ingeniería de Alimentos,Matemáticas Especiales para Ingeniería de Alimentos,745064M,04:00:00,True,True,3,7,1,1,16,2,3,Matemáticas Especiales para Ingeniería de Alimentos,True,,"{'id_university_type_subject': 1, 'type': 'Profesional', 'status': True}","{'id_university_qualification_type': 1, 'description': 'Numerica', 'status': True}","{'id_authorization_program': 16, 'resolution_number': '081', 'status': True, 'created_at': '2023-02-09 14:57:44', 'updated_at': '2023-02-09 14:57:44', 'id_program': 3, 'id_user': 1}","{'id_university_deparment': 2, 'id_faculty': 7, 'description': 'Escuela de Ingeniería de Sistemas y computación', 'status': True}","{'id_program': 3, 'full_name': 'Ingeniería de Alimentos'}"
657,Trabajo de grado I,Trabajo de grado I,745067M ,01:00:00,True,True,3,9,1,1,16,2,3,Trabajo de grado I,True,,"{'id_university_type_subject': 1, 'type': 'Profesional', 'status': True}","{'id_university_qualification_type': 1, 'description': 'Numerica', 'status': True}","{'id_authorization_program': 16, 'resolution_number': '081', 'status': True, 'created_at': '2023-02-09 14:57:44', 'updated_at': '2023-02-09 14:57:44', 'id_program': 3, 'id_user': 1}","{'id_university_deparment': 2, 'id_faculty': 7, 'description': 'Escuela de Ingeniería de Sistemas y computación', 'status': True}","{'id_program': 3, 'full_name': 'Ingeniería de Alimentos'}"
658,AEP IV - Análisis Sensorial de Alimentos,AEP IV - Análisis Sensorial de Alimentos,745073M,04:00:00,True,True,3,9,1,1,16,2,3,AEP IV - Análisis Sensorial de Alimentos,True,,"{'id_university_type_subject': 1, 'type': 'Profesional', 'status': True}","{'id_university_qualification_type': 1, 'description': 'Numerica', 'status': True}","{'id_authorization_program': 16, 'resolution_number': '081', 'status': True, 'created_at': '2023-02-09 14:57:44', 'updated_at': '2023-02-09 14:57:44', 'id_program': 3, 'id_user': 1}","{'id_university_deparment': 2, 'id_faculty': 7, 'description': 'Escuela de Ingeniería de Sistemas y computación', 'status': True}","{'id_program': 3, 'full_name': 'Ingeniería de Alimentos'}"
659,AEP V Gestión de la Inocuidad,AEP V Gestión de la Inocuidad,745075M,03:00:00,True,True,3,9,1,1,16,2,3,AEP V Gestión de la Inocuidad,True,,"{'id_university_type_subject': 1, 'type': 'Profesional', 'status': True}","{'id_university_qualification_type': 1, 'description': 'Numerica', 'status': True}","{'id_authorization_program': 16, 'resolution_number': '081', 'status': True, 'created_at': '2023-02-09 14:57:44', 'updated_at': '2023-02-09 14:57:44', 'id_program': 3, 'id_user': 1}","{'id_university_deparment': 2, 'id_faculty': 7, 'description': 'Escuela de Ingeniería de Sistemas y computación', 'status': True}","{'id_program': 3, 'full_name': 'Ingeniería de Alimentos'}"
660,Análisis Económico de Inversiones ,Análisis Económico de Inversiones ,760102M,03:00:00,True,True,3,7,1,1,16,2,3,Análisis Económico de Inversiones ,True,,"{'id_university_type_subject': 1, 'type': 'Profesional', 'status': True}","{'id_university_qualification_type': 1, 'description': 'Numerica', 'status': True}","{'id_authorization_program': 16, 'resolution_number': '081', 'status': True, 'created_at': '2023-02-09 14:57:44', 'updated_at': '2023-02-09 14:57:44', 'id_program': 3, 'id_user': 1}","{'id_university_deparment': 2, 'id_faculty': 7, 'description': 'Escuela de Ingeniería de Sistemas y computación', 'status': True}","{'id_program': 3, 'full_name': 'Ingeniería de Alimentos'}"
661,Evaluación y Administración de proyectos ,Evaluación y Administración de proyectos ,760105M ,03:00:00,True,True,3,9,1,1,16,2,3,Evaluación y Administración de proyectos ,True,,"{'id_university_type_subject': 1, 'type': 'Profesional', 'status': True}","{'id_university_qualification_type': 1, 'description': 'Numerica', 'status': True}","{'id_authorization_program': 16, 'resolution_number': '081', 'status': True, 'created_at': '2023-02-09 14:57:44', 'updated_at': '2023-02-09 14:57:44', 'id_program': 3, 'id_user': 1}","{'id_university_deparment': 2, 'id_faculty': 7, 'description': 'Escuela de Ingeniería de Sistemas y computación', 'status': True}","{'id_program': 3, 'full_name': 'Ingeniería de Alimentos'}"
662,Diseño de experimentos para Ingeniería,Diseño de experimentos para Ingeniería,761087M,03:00:00,True,True,3,7,1,1,16,2,3,Diseño de experimentos para Ingeniería,True,,"{'id_university_type_subject': 1, 'type': 'Profesional', 'status': True}","{'id_university_qualification_type': 1, 'description': 'Numerica', 'status': True}","{'id_authorization_program': 16, 'resolution_number': '081', 'status': True, 'created_at': '2023-02-09 14:57:44', 'updated_at': '2023-02-09 14:57:44', 'id_program': 3, 'id_user': 1}","{'id_university_deparment': 2, 'id_faculty': 7, 'description': 'Escuela de Ingeniería de Sistemas y computación', 'status': True}","{'id_program': 3, 'full_name': 'Ingeniería de Alimentos'}"
663,Taller de Ingeniería de Alimentos II,Taller de Ingeniería de Alimentos II,745021C,04:00:00,True,True,3,3,1,1,7,2,3,Taller de Ingeniería de Alimentos II,True,,"{'id_university_type_subject': 1, 'type': 'Profesional', 'status': True}","{'id_university_qualification_type': 1, 'description': 'Numerica', 'status': True}","{'id_authorization_program': 7, 'resolution_number': '228', 'status': True, 'created_at': '2023-01-16 14:02:37', 'updated_at': '2023-01-16 14:02:37', 'id_program': 3, 'id_user': 1}","{'id_university_deparment': 2, 'id_faculty': 7, 'description': 'Escuela de Ingeniería de Sistemas y computación', 'status': True}","{'id_program': 3, 'full_name': 'Ingeniería de Alimentos'}"
216,Trabajo en Equipo,Trabajo en Equipo,801181M,03:00:00,True,True,3,7,1,1,25,2,2,Trabajo en Equipo,True,,"{'id_university_type_subject': 1, 'type': 'Profesional', 'status': True}","{'id_university_qualification_type': 1, 'description': 'Numerica', 'status': True}","{'id_authorization_program': 25, 'resolution_number': '038-DIU', 'status': True, 'created_at': '2023-08-05 03:13:15', 'updated_at': '2023-08-05 03:13:15', 'id_program': 2, 'id_user': 1}","{'id_university_deparment': 2, 'id_faculty': 7, 'description': 'Escuela de Ingeniería de Sistemas y computación', 'status': True}","{'id_program': 2, 'full_name': 'Administracion de empresas'}"
664,Investigación de Mercados,Investigación de Mercados,801052M,03:00:00,True,True,3,6,1,1,25,2,2,Investigación de Mercados,True,,"{'id_university_type_subject': 1, 'type': 'Profesional', 'status': True}","{'id_university_qualification_type': 1, 'description': 'Numerica', 'status': True}","{'id_authorization_program': 25, 'resolution_number': '038-DIU', 'status': True, 'created_at': '2023-08-05 03:13:15', 'updated_at': '2023-08-05 03:13:15', 'id_program': 2, 'id_user': 1}","{'id_university_deparment': 2, 'id_faculty': 7, 'description': 'Escuela de Ingeniería de Sistemas y computación', 'status': True}","{'id_program': 2, 'full_name': 'Administracion de empresas'}"
665,Negocios Internacionales,Negocios Internacionales,801109M,03:00:00,True,True,3,6,1,1,25,2,2,Negocios Internacionales,True,,"{'id_university_type_subject': 1, 'type': 'Profesional', 'status': True}","{'id_university_qualification_type': 1, 'description': 'Numerica', 'status': True}","{'id_authorization_program': 25, 'resolution_number': '038-DIU', 'status': True, 'created_at': '2023-08-05 03:13:15', 'updated_at': '2023-08-05 03:13:15', 'id_program': 2, 'id_user': 1}","{'id_university_deparment': 2, 'id_faculty': 7, 'description': 'Escuela de Ingeniería de Sistemas y computación', 'status': True}","{'id_program': 2, 'full_name': 'Administracion de empresas'}"
666,Gestión del Talento Humano,Gestión del Talento Humano,801177M,03:00:00,True,True,3,6,1,1,25,2,2,Gestión del Talento Humano,True,,"{'id_university_type_subject': 1, 'type': 'Profesional', 'status': True}","{'id_university_qualification_type': 1, 'description': 'Numerica', 'status': True}","{'id_authorization_program': 25, 'resolution_number': '038-DIU', 'status': True, 'created_at': '2023-08-05 03:13:15', 'updated_at': '2023-08-05 03:13:15', 'id_program': 2, 'id_user': 1}","{'id_university_deparment': 2, 'id_faculty': 7, 'description': 'Escuela de Ingeniería de Sistemas y computación', 'status': True}","{'id_program': 2, 'full_name': 'Administracion de empresas'}"
667,Creación de Nuevos Productos,Creación de Nuevos Productos,801178M,03:00:00,True,True,3,6,1,1,25,2,2,Creación de Nuevos Productos,True,,"{'id_university_type_subject': 1, 'type': 'Profesional', 'status': True}","{'id_university_qualification_type': 1, 'description': 'Numerica', 'status': True}","{'id_authorization_program': 25, 'resolution_number': '038-DIU', 'status': True, 'created_at': '2023-08-05 03:13:15', 'updated_at': '2023-08-05 03:13:15', 'id_program': 2, 'id_user': 1}","{'id_university_deparment': 2, 'id_faculty': 7, 'description': 'Escuela de Ingeniería de Sistemas y computación', 'status': True}","{'id_program': 2, 'full_name': 'Administracion de empresas'}"
668,Gestión de la Producción de Bienes y Servicios,Gestión de la Producción de Bienes y Servicios,801179M,03:00:00,True,True,3,6,1,1,25,2,2,Gestión de la Producción de Bienes y Servicios,True,,"{'id_university_type_subject': 1, 'type': 'Profesional', 'status': True}","{'id_university_qualification_type': 1, 'description': 'Numerica', 'status': True}","{'id_authorization_program': 25, 'resolution_number': '038-DIU', 'status': True, 'created_at': '2023-08-05 03:13:15', 'updated_at': '2023-08-05 03:13:15', 'id_program': 2, 'id_user': 1}","{'id_university_deparment': 2, 'id_faculty': 7, 'description': 'Escuela de Ingeniería de Sistemas y computación', 'status': True}","{'id_program': 2, 'full_name': 'Administracion de empresas'}"
669,Análisis de Sistemas de Información y Base de Datos,Análisis de Sistemas de Información y Base de Datos,801180M,03:00:00,True,True,3,6,1,1,25,2,2,Análisis de Sistemas de Información y Base de Datos,True,,"{'id_university_type_subject': 1, 'type': 'Profesional', 'status': True}","{'id_university_qualification_type': 1, 'description': 'Numerica', 'status': True}","{'id_authorization_program': 25, 'resolution_number': '038-DIU', 'status': True, 'created_at': '2023-08-05 03:13:15', 'updated_at': '2023-08-05 03:13:15', 'id_program': 2, 'id_user': 1}","{'id_university_deparment': 2, 'id_faculty': 7, 'description': 'Escuela de Ingeniería de Sistemas y computación', 'status': True}","{'id_program': 2, 'full_name': 'Administracion de empresas'}"
670,Gestión Financiera y Presupuestos,Gestión Financiera y Presupuestos,802100M,03:00:00,True,True,3,6,1,1,25,2,2,Gestión Financiera y Presupuestos,True,,"{'id_university_type_subject': 1, 'type': 'Profesional', 'status': True}","{'id_university_qualification_type': 1, 'description': 'Numerica', 'status': True}","{'id_authorization_program': 25, 'resolution_number': '038-DIU', 'status': True, 'created_at': '2023-08-05 03:13:15', 'updated_at': '2023-08-05 03:13:15', 'id_program': 2, 'id_user': 1}","{'id_university_deparment': 2, 'id_faculty': 7, 'description': 'Escuela de Ingeniería de Sistemas y computación', 'status': True}","{'id_program': 2, 'full_name': 'Administracion de empresas'}"
671,Electiva area profundización II: Metodología de la Investigación ,Electiva area profundización II: Metodología de la Investigación ,801051M,03:00:00,True,True,3,8,1,1,25,2,2,Electiva area profundización II: Metodología de la Investigación ,True,,"{'id_university_type_subject': 1, 'type': 'Profesional', 'status': True}","{'id_university_qualification_type': 1, 'description': 'Numerica', 'status': True}","{'id_authorization_program': 25, 'resolution_number': '038-DIU', 'status': True, 'created_at': '2023-08-05 03:13:15', 'updated_at': '2023-08-05 03:13:15', 'id_program': 2, 'id_user': 1}","{'id_university_deparment': 2, 'id_faculty': 7, 'description': 'Escuela de Ingeniería de Sistemas y computación', 'status': True}","{'id_program': 2, 'full_name': 'Administracion de empresas'}"
672,Administración para el Cambio,Administración para el Cambio,801184M,03:00:00,True,True,3,8,1,1,25,2,2,Administración para el Cambio,True,,"{'id_university_type_subject': 1, 'type': 'Profesional', 'status': True}","{'id_university_qualification_type': 1, 'description': 'Numerica', 'status': True}","{'id_authorization_program': 25, 'resolution_number': '038-DIU', 'status': True, 'created_at': '2023-08-05 03:13:15', 'updated_at': '2023-08-05 03:13:15', 'id_program': 2, 'id_user': 1}","{'id_university_deparment': 2, 'id_faculty': 7, 'description': 'Escuela de Ingeniería de Sistemas y computación', 'status': True}","{'id_program': 2, 'full_name': 'Administracion de empresas'}"
673,Gerencia de la Calidad,Gerencia de la Calidad,801185M,03:00:00,True,True,3,8,1,1,25,2,2,Gerencia de la Calidad,True,,"{'id_university_type_subject': 1, 'type': 'Profesional', 'status': True}","{'id_university_qualification_type': 1, 'description': 'Numerica', 'status': True}","{'id_authorization_program': 25, 'resolution_number': '038-DIU', 'status': True, 'created_at': '2023-08-05 03:13:15', 'updated_at': '2023-08-05 03:13:15', 'id_program': 2, 'id_user': 1}","{'id_university_deparment': 2, 'id_faculty': 7, 'description': 'Escuela de Ingeniería de Sistemas y computación', 'status': True}","{'id_program': 2, 'full_name': 'Administracion de empresas'}"
674,Gestión de Proyectos,Gestión de Proyectos,801215M,03:00:00,True,True,3,8,1,1,25,2,2,Gestión de Proyectos,True,,"{'id_university_type_subject': 1, 'type': 'Profesional', 'status': True}","{'id_university_qualification_type': 1, 'description': 'Numerica', 'status': True}","{'id_authorization_program': 25, 'resolution_number': '038-DIU', 'status': True, 'created_at': '2023-08-05 03:13:15', 'updated_at': '2023-08-05 03:13:15', 'id_program': 2, 'id_user': 1}","{'id_university_deparment': 2, 'id_faculty': 7, 'description': 'Escuela de Ingeniería de Sistemas y computación', 'status': True}","{'id_program': 2, 'full_name': 'Administracion de empresas'}"
675,Gestión de los Sistemas de Información,Gestión de los Sistemas de Información,801219M,03:00:00,True,True,3,8,1,1,25,2,2,Gestión de los Sistemas de Información,True,,"{'id_university_type_subject': 1, 'type': 'Profesional', 'status': True}","{'id_university_qualification_type': 1, 'description': 'Numerica', 'status': True}","{'id_authorization_program': 25, 'resolution_number': '038-DIU', 'status': True, 'created_at': '2023-08-05 03:13:15', 'updated_at': '2023-08-05 03:13:15', 'id_program': 2, 'id_user': 1}","{'id_university_deparment': 2, 'id_faculty': 7, 'description': 'Escuela de Ingeniería de Sistemas y computación', 'status': True}","{'id_program': 2, 'full_name': 'Administracion de empresas'}"
679,Macroeconomía,Macroeconomía,801020M,03:00:00,True,True,3,5,1,1,1,2,2,Macroeconomía,True,,"{'id_university_type_subject': 1, 'type': 'Profesional', 'status': True}","{'id_university_qualification_type': 1, 'description': 'Numerica', 'status': True}","{'id_authorization_program': 1, 'resolution_number': '038-NOC', 'status': True, 'created_at': '2023-01-16 13:32:45', 'updated_at': '2023-01-16 13:32:45', 'id_program': 2, 'id_user': 1}","{'id_university_deparment': 2, 'id_faculty': 7, 'description': 'Escuela de Ingeniería de Sistemas y computación', 'status': True}","{'id_program': 2, 'full_name': 'Administracion de empresas'}"
676,"Electiva en área de profundización I: Selección, Admisión, e Inducción de personal","Electiva en área de profundización I: Selección, Admisión, e Inducción de personal",801240M,03:00:00,True,True,3,8,1,1,25,2,2,"Electiva en área de profundización I: Selección, Admisión, e Inducción de personal",True,,"{'id_university_type_subject': 1, 'type': 'Profesional', 'status': True}","{'id_university_qualification_type': 1, 'description': 'Numerica', 'status': True}","{'id_authorization_program': 25, 'resolution_number': '038-DIU', 'status': True, 'created_at': '2023-08-05 03:13:15', 'updated_at': '2023-08-05 03:13:15', 'id_program': 2, 'id_user': 1}","{'id_university_deparment': 2, 'id_faculty': 7, 'description': 'Escuela de Ingeniería de Sistemas y computación', 'status': True}","{'id_program': 2, 'full_name': 'Administracion de empresas'}"
678,Trabajo de Grado,Trabajo de Grado,801108M,03:00:00,True,True,3,10,1,1,25,2,2,Trabajo de Grado,True,,"{'id_university_type_subject': 1, 'type': 'Profesional', 'status': True}","{'id_university_qualification_type': 1, 'description': 'Numerica', 'status': True}","{'id_authorization_program': 25, 'resolution_number': '038-DIU', 'status': True, 'created_at': '2023-08-05 03:13:15', 'updated_at': '2023-08-05 03:13:15', 'id_program': 2, 'id_user': 1}","{'id_university_deparment': 2, 'id_faculty': 7, 'description': 'Escuela de Ingeniería de Sistemas y computación', 'status': True}","{'id_program': 2, 'full_name': 'Administracion de empresas'}"
677,Electiva de Profundización III: Fundamentos de Responsabilidad social,Electiva de Profundización III: Fundamentos de Responsabilidad social,801283M,03:00:00,True,True,3,8,1,1,25,2,2,Electiva de Profundización III: Fundamentos de Responsabilidad social,True,,"{'id_university_type_subject': 1, 'type': 'Profesional', 'status': True}","{'id_university_qualification_type': 1, 'description': 'Numerica', 'status': True}","{'id_authorization_program': 25, 'resolution_number': '038-DIU', 'status': True, 'created_at': '2023-08-05 03:13:15', 'updated_at': '2023-08-05 03:13:15', 'id_program': 2, 'id_user': 1}","{'id_university_deparment': 2, 'id_faculty': 7, 'description': 'Escuela de Ingeniería de Sistemas y computación', 'status': True}","{'id_program': 2, 'full_name': 'Administracion de empresas'}"
680,Investigación de Operaciones,Investigación de Operaciones,801054M,03:00:00,True,True,3,5,1,1,1,2,2,Investigación de Operaciones,True,,"{'id_university_type_subject': 1, 'type': 'Profesional', 'status': True}","{'id_university_qualification_type': 1, 'description': 'Numerica', 'status': True}","{'id_authorization_program': 1, 'resolution_number': '038-NOC', 'status': True, 'created_at': '2023-01-16 13:32:45', 'updated_at': '2023-01-16 13:32:45', 'id_program': 2, 'id_user': 1}","{'id_university_deparment': 2, 'id_faculty': 7, 'description': 'Escuela de Ingeniería de Sistemas y computación', 'status': True}","{'id_program': 2, 'full_name': 'Administracion de empresas'}"
681,Creatividad e Innovación Empresarial,Creatividad e Innovación Empresarial,801130M,03:00:00,True,True,3,5,1,1,1,2,2,Creatividad e Innovación Empresarial,True,,"{'id_university_type_subject': 1, 'type': 'Profesional', 'status': True}","{'id_university_qualification_type': 1, 'description': 'Numerica', 'status': True}","{'id_authorization_program': 1, 'resolution_number': '038-NOC', 'status': True, 'created_at': '2023-01-16 13:32:45', 'updated_at': '2023-01-16 13:32:45', 'id_program': 2, 'id_user': 1}","{'id_university_deparment': 2, 'id_faculty': 7, 'description': 'Escuela de Ingeniería de Sistemas y computación', 'status': True}","{'id_program': 2, 'full_name': 'Administracion de empresas'}"
682,Legislación Empresarial,Legislación Empresarial,801171M,03:00:00,True,True,3,5,1,1,1,2,2,Legislación Empresarial,True,,"{'id_university_type_subject': 1, 'type': 'Profesional', 'status': True}","{'id_university_qualification_type': 1, 'description': 'Numerica', 'status': True}","{'id_authorization_program': 1, 'resolution_number': '038-NOC', 'status': True, 'created_at': '2023-01-16 13:32:45', 'updated_at': '2023-01-16 13:32:45', 'id_program': 2, 'id_user': 1}","{'id_university_deparment': 2, 'id_faculty': 7, 'description': 'Escuela de Ingeniería de Sistemas y computación', 'status': True}","{'id_program': 2, 'full_name': 'Administracion de empresas'}"
683,Diseño y Evaluación Organizacional,Diseño y Evaluación Organizacional,801174M,03:00:00,True,True,3,5,1,1,1,2,2,Diseño y Evaluación Organizacional,True,,"{'id_university_type_subject': 1, 'type': 'Profesional', 'status': True}","{'id_university_qualification_type': 1, 'description': 'Numerica', 'status': True}","{'id_authorization_program': 1, 'resolution_number': '038-NOC', 'status': True, 'created_at': '2023-01-16 13:32:45', 'updated_at': '2023-01-16 13:32:45', 'id_program': 2, 'id_user': 1}","{'id_university_deparment': 2, 'id_faculty': 7, 'description': 'Escuela de Ingeniería de Sistemas y computación', 'status': True}","{'id_program': 2, 'full_name': 'Administracion de empresas'}"
684,Matemática Financiera para Administración,Matemática Financiera para Administración,802117M,03:00:00,True,True,3,5,1,1,1,2,2,Matemática Financiera para Administración,True,,"{'id_university_type_subject': 1, 'type': 'Profesional', 'status': True}","{'id_university_qualification_type': 1, 'description': 'Numerica', 'status': True}","{'id_authorization_program': 1, 'resolution_number': '038-NOC', 'status': True, 'created_at': '2023-01-16 13:32:45', 'updated_at': '2023-01-16 13:32:45', 'id_program': 2, 'id_user': 1}","{'id_university_deparment': 2, 'id_faculty': 7, 'description': 'Escuela de Ingeniería de Sistemas y computación', 'status': True}","{'id_program': 2, 'full_name': 'Administracion de empresas'}"
685,Negocios Internacionales,Negocios Internacionales,801109M,03:00:00,True,True,3,7,1,1,1,2,2,Negocios Internacionales,True,,"{'id_university_type_subject': 1, 'type': 'Profesional', 'status': True}","{'id_university_qualification_type': 1, 'description': 'Numerica', 'status': True}","{'id_authorization_program': 1, 'resolution_number': '038-NOC', 'status': True, 'created_at': '2023-01-16 13:32:45', 'updated_at': '2023-01-16 13:32:45', 'id_program': 2, 'id_user': 1}","{'id_university_deparment': 2, 'id_faculty': 7, 'description': 'Escuela de Ingeniería de Sistemas y computación', 'status': True}","{'id_program': 2, 'full_name': 'Administracion de empresas'}"
686,Fundamentos de Mercadeo,Fundamentos de Mercadeo,801175M,03:00:00,True,True,3,7,1,1,1,2,2,Fundamentos de Mercadeo,True,,"{'id_university_type_subject': 1, 'type': 'Profesional', 'status': True}","{'id_university_qualification_type': 1, 'description': 'Numerica', 'status': True}","{'id_authorization_program': 1, 'resolution_number': '038-NOC', 'status': True, 'created_at': '2023-01-16 13:32:45', 'updated_at': '2023-01-16 13:32:45', 'id_program': 2, 'id_user': 1}","{'id_university_deparment': 2, 'id_faculty': 7, 'description': 'Escuela de Ingeniería de Sistemas y computación', 'status': True}","{'id_program': 2, 'full_name': 'Administracion de empresas'}"
687,Programación e Internet,Programación e Internet,801176M,03:00:00,True,True,3,7,1,1,1,2,2,Programación e Internet,True,,"{'id_university_type_subject': 1, 'type': 'Profesional', 'status': True}","{'id_university_qualification_type': 1, 'description': 'Numerica', 'status': True}","{'id_authorization_program': 1, 'resolution_number': '038-NOC', 'status': True, 'created_at': '2023-01-16 13:32:45', 'updated_at': '2023-01-16 13:32:45', 'id_program': 2, 'id_user': 1}","{'id_university_deparment': 2, 'id_faculty': 7, 'description': 'Escuela de Ingeniería de Sistemas y computación', 'status': True}","{'id_program': 2, 'full_name': 'Administracion de empresas'}"
688,Creación de Nuevos Productos,Creación de Nuevos Productos,801178M,03:00:00,True,True,3,7,1,1,1,2,2,Creación de Nuevos Productos,True,,"{'id_university_type_subject': 1, 'type': 'Profesional', 'status': True}","{'id_university_qualification_type': 1, 'description': 'Numerica', 'status': True}","{'id_authorization_program': 1, 'resolution_number': '038-NOC', 'status': True, 'created_at': '2023-01-16 13:32:45', 'updated_at': '2023-01-16 13:32:45', 'id_program': 2, 'id_user': 1}","{'id_university_deparment': 2, 'id_faculty': 7, 'description': 'Escuela de Ingeniería de Sistemas y computación', 'status': True}","{'id_program': 2, 'full_name': 'Administracion de empresas'}"
689,Procesos de Fabricación de Bienes y Servicios,Procesos de Fabricación de Bienes y Servicios,801183M,03:00:00,True,True,3,7,1,1,1,2,2,Procesos de Fabricación de Bienes y Servicios,True,,"{'id_university_type_subject': 1, 'type': 'Profesional', 'status': True}","{'id_university_qualification_type': 1, 'description': 'Numerica', 'status': True}","{'id_authorization_program': 1, 'resolution_number': '038-NOC', 'status': True, 'created_at': '2023-01-16 13:32:45', 'updated_at': '2023-01-16 13:32:45', 'id_program': 2, 'id_user': 1}","{'id_university_deparment': 2, 'id_faculty': 7, 'description': 'Escuela de Ingeniería de Sistemas y computación', 'status': True}","{'id_program': 2, 'full_name': 'Administracion de empresas'}"
690,Evaluación Financiera de proyectos para Administración,Evaluación Financiera de proyectos para Administración,802116M,03:00:00,True,True,3,7,1,1,1,2,2,Evaluación Financiera de proyectos para Administración,True,,"{'id_university_type_subject': 1, 'type': 'Profesional', 'status': True}","{'id_university_qualification_type': 1, 'description': 'Numerica', 'status': True}","{'id_authorization_program': 1, 'resolution_number': '038-NOC', 'status': True, 'created_at': '2023-01-16 13:32:45', 'updated_at': '2023-01-16 13:32:45', 'id_program': 2, 'id_user': 1}","{'id_university_deparment': 2, 'id_faculty': 7, 'description': 'Escuela de Ingeniería de Sistemas y computación', 'status': True}","{'id_program': 2, 'full_name': 'Administracion de empresas'}"
691,Electiva area profundización II: Metodología de la Investigación,Electiva area profundización II: Metodología de la Investigación,801051M,03:00:00,True,True,3,9,1,1,1,2,2,Electiva area profundización II: Metodología de la Investigación,True,,"{'id_university_type_subject': 1, 'type': 'Profesional', 'status': True}","{'id_university_qualification_type': 1, 'description': 'Numerica', 'status': True}","{'id_authorization_program': 1, 'resolution_number': '038-NOC', 'status': True, 'created_at': '2023-01-16 13:32:45', 'updated_at': '2023-01-16 13:32:45', 'id_program': 2, 'id_user': 1}","{'id_university_deparment': 2, 'id_faculty': 7, 'description': 'Escuela de Ingeniería de Sistemas y computación', 'status': True}","{'id_program': 2, 'full_name': 'Administracion de empresas'}"
692,Gerencia de Ventas,Gerencia de Ventas,801073M,03:00:00,True,True,3,9,1,1,1,2,2,Gerencia de Ventas,True,,"{'id_university_type_subject': 1, 'type': 'Profesional', 'status': True}","{'id_university_qualification_type': 1, 'description': 'Numerica', 'status': True}","{'id_authorization_program': 1, 'resolution_number': '038-NOC', 'status': True, 'created_at': '2023-01-16 13:32:45', 'updated_at': '2023-01-16 13:32:45', 'id_program': 2, 'id_user': 1}","{'id_university_deparment': 2, 'id_faculty': 7, 'description': 'Escuela de Ingeniería de Sistemas y computación', 'status': True}","{'id_program': 2, 'full_name': 'Administracion de empresas'}"
693,Análisis de Sistemas de Información y Base de Datos,Análisis de Sistemas de Información y Base de Datos,801180M,03:00:00,True,True,3,9,1,1,1,2,2,Análisis de Sistemas de Información y Base de Datos,True,,"{'id_university_type_subject': 1, 'type': 'Profesional', 'status': True}","{'id_university_qualification_type': 1, 'description': 'Numerica', 'status': True}","{'id_authorization_program': 1, 'resolution_number': '038-NOC', 'status': True, 'created_at': '2023-01-16 13:32:45', 'updated_at': '2023-01-16 13:32:45', 'id_program': 2, 'id_user': 1}","{'id_university_deparment': 2, 'id_faculty': 7, 'description': 'Escuela de Ingeniería de Sistemas y computación', 'status': True}","{'id_program': 2, 'full_name': 'Administracion de empresas'}"
694,Administración para el Cambio,Administración para el Cambio,801184M,03:00:00,True,True,3,9,1,1,1,2,2,Administración para el Cambio,True,,"{'id_university_type_subject': 1, 'type': 'Profesional', 'status': True}","{'id_university_qualification_type': 1, 'description': 'Numerica', 'status': True}","{'id_authorization_program': 1, 'resolution_number': '038-NOC', 'status': True, 'created_at': '2023-01-16 13:32:45', 'updated_at': '2023-01-16 13:32:45', 'id_program': 2, 'id_user': 1}","{'id_university_deparment': 2, 'id_faculty': 7, 'description': 'Escuela de Ingeniería de Sistemas y computación', 'status': True}","{'id_program': 2, 'full_name': 'Administracion de empresas'}"
695,Gerencia de la Calidad,Gerencia de la Calidad,801185M,03:00:00,True,True,3,9,1,1,1,2,2,Gerencia de la Calidad,True,,"{'id_university_type_subject': 1, 'type': 'Profesional', 'status': True}","{'id_university_qualification_type': 1, 'description': 'Numerica', 'status': True}","{'id_authorization_program': 1, 'resolution_number': '038-NOC', 'status': True, 'created_at': '2023-01-16 13:32:45', 'updated_at': '2023-01-16 13:32:45', 'id_program': 2, 'id_user': 1}","{'id_university_deparment': 2, 'id_faculty': 7, 'description': 'Escuela de Ingeniería de Sistemas y computación', 'status': True}","{'id_program': 2, 'full_name': 'Administracion de empresas'}"
696,Toma de Decisiones y Negociación,Toma de Decisiones y Negociación,801218M,03:00:00,True,True,3,9,1,1,1,2,2,Toma de Decisiones y Negociación,True,,"{'id_university_type_subject': 1, 'type': 'Profesional', 'status': True}","{'id_university_qualification_type': 1, 'description': 'Numerica', 'status': True}","{'id_authorization_program': 1, 'resolution_number': '038-NOC', 'status': True, 'created_at': '2023-01-16 13:32:45', 'updated_at': '2023-01-16 13:32:45', 'id_program': 2, 'id_user': 1}","{'id_university_deparment': 2, 'id_faculty': 7, 'description': 'Escuela de Ingeniería de Sistemas y computación', 'status': True}","{'id_program': 2, 'full_name': 'Administracion de empresas'}"
697,Comprensión y Producción de Textos Académicos Generales,Comprensión y Producción de Textos Académicos Generales,204402M,03:00:00,True,True,3,2,1,1,19,2,2,Comprensión y Producción de Textos Académicos Generales,True,,"{'id_university_type_subject': 1, 'type': 'Profesional', 'status': True}","{'id_university_qualification_type': 1, 'description': 'Numerica', 'status': True}","{'id_authorization_program': 19, 'resolution_number': '246-DIU', 'status': True, 'created_at': '2023-02-15 02:05:28', 'updated_at': '2023-02-15 02:05:28', 'id_program': 2, 'id_user': 1}","{'id_university_deparment': 2, 'id_faculty': 7, 'description': 'Escuela de Ingeniería de Sistemas y computación', 'status': True}","{'id_program': 2, 'full_name': 'Administracion de empresas'}"
698,Álgebra lineal ,Álgebra lineal ,801017C,03:00:00,True,True,3,2,1,1,19,2,2,Álgebra lineal ,True,,"{'id_university_type_subject': 1, 'type': 'Profesional', 'status': True}","{'id_university_qualification_type': 1, 'description': 'Numerica', 'status': True}","{'id_authorization_program': 19, 'resolution_number': '246-DIU', 'status': True, 'created_at': '2023-02-15 02:05:28', 'updated_at': '2023-02-15 02:05:28', 'id_program': 2, 'id_user': 1}","{'id_university_deparment': 2, 'id_faculty': 7, 'description': 'Escuela de Ingeniería de Sistemas y computación', 'status': True}","{'id_program': 2, 'full_name': 'Administracion de empresas'}"
699,Macroeconomía y Coyuntura ,Macroeconomía y Coyuntura ,801069C,03:00:00,True,True,3,2,1,1,19,2,2,Macroeconomía y Coyuntura ,True,,"{'id_university_type_subject': 1, 'type': 'Profesional', 'status': True}","{'id_university_qualification_type': 1, 'description': 'Numerica', 'status': True}","{'id_authorization_program': 19, 'resolution_number': '246-DIU', 'status': True, 'created_at': '2023-02-15 02:05:28', 'updated_at': '2023-02-15 02:05:28', 'id_program': 2, 'id_user': 1}","{'id_university_deparment': 2, 'id_faculty': 7, 'description': 'Escuela de Ingeniería de Sistemas y computación', 'status': True}","{'id_program': 2, 'full_name': 'Administracion de empresas'}"
701,Diseño Organizacional ,Diseño Organizacional ,801079C,03:00:00,True,True,3,2,1,1,19,2,2,Diseño Organizacional ,True,,"{'id_university_type_subject': 1, 'type': 'Profesional', 'status': True}","{'id_university_qualification_type': 1, 'description': 'Numerica', 'status': True}","{'id_authorization_program': 19, 'resolution_number': '246-DIU', 'status': True, 'created_at': '2023-02-15 02:05:28', 'updated_at': '2023-02-15 02:05:28', 'id_program': 2, 'id_user': 1}","{'id_university_deparment': 2, 'id_faculty': 7, 'description': 'Escuela de Ingeniería de Sistemas y computación', 'status': True}","{'id_program': 2, 'full_name': 'Administracion de empresas'}"
702,Pensamiento Clásico de la Administración y las Organizaciones ,Pensamiento Clásico de la Administración y las Organizaciones ,801082C,03:00:00,True,True,3,2,1,1,19,2,2,Pensamiento Clásico de la Administración y las Organizaciones ,True,,"{'id_university_type_subject': 1, 'type': 'Profesional', 'status': True}","{'id_university_qualification_type': 1, 'description': 'Numerica', 'status': True}","{'id_authorization_program': 19, 'resolution_number': '246-DIU', 'status': True, 'created_at': '2023-02-15 02:05:28', 'updated_at': '2023-02-15 02:05:28', 'id_program': 2, 'id_user': 1}","{'id_university_deparment': 2, 'id_faculty': 7, 'description': 'Escuela de Ingeniería de Sistemas y computación', 'status': True}","{'id_program': 2, 'full_name': 'Administracion de empresas'}"
706,Legislación Laboral,Legislación Laboral,801099C,03:00:00,True,True,3,4,1,1,19,2,2,Legislación Laboral,True,,"{'id_university_type_subject': 1, 'type': 'Profesional', 'status': True}","{'id_university_qualification_type': 1, 'description': 'Numerica', 'status': True}","{'id_authorization_program': 19, 'resolution_number': '246-DIU', 'status': True, 'created_at': '2023-02-15 02:05:28', 'updated_at': '2023-02-15 02:05:28', 'id_program': 2, 'id_user': 1}","{'id_university_deparment': 2, 'id_faculty': 7, 'description': 'Escuela de Ingeniería de Sistemas y computación', 'status': True}","{'id_program': 2, 'full_name': 'Administracion de empresas'}"
707,Estadística II para las Ciencias de la Administración,Estadística II para las Ciencias de la Administración,801104C,03:00:00,True,True,3,4,1,1,19,2,2,Estadística II para las Ciencias de la Administración,True,,"{'id_university_type_subject': 1, 'type': 'Profesional', 'status': True}","{'id_university_qualification_type': 1, 'description': 'Numerica', 'status': True}","{'id_authorization_program': 19, 'resolution_number': '246-DIU', 'status': True, 'created_at': '2023-02-15 02:05:28', 'updated_at': '2023-02-15 02:05:28', 'id_program': 2, 'id_user': 1}","{'id_university_deparment': 2, 'id_faculty': 7, 'description': 'Escuela de Ingeniería de Sistemas y computación', 'status': True}","{'id_program': 2, 'full_name': 'Administracion de empresas'}"
708,Modelos y Simulación de datos para las organizaciones,Modelos y Simulación de datos para las organizaciones,801105C,03:00:00,True,True,3,4,1,1,19,2,2,Modelos y Simulación de datos para las organizaciones,True,,"{'id_university_type_subject': 1, 'type': 'Profesional', 'status': True}","{'id_university_qualification_type': 1, 'description': 'Numerica', 'status': True}","{'id_authorization_program': 19, 'resolution_number': '246-DIU', 'status': True, 'created_at': '2023-02-15 02:05:28', 'updated_at': '2023-02-15 02:05:28', 'id_program': 2, 'id_user': 1}","{'id_university_deparment': 2, 'id_faculty': 7, 'description': 'Escuela de Ingeniería de Sistemas y computación', 'status': True}","{'id_program': 2, 'full_name': 'Administracion de empresas'}"
709,Mercadeo,Mercadeo,801111C,03:00:00,True,True,3,4,1,1,19,2,2,Mercadeo,True,,"{'id_university_type_subject': 1, 'type': 'Profesional', 'status': True}","{'id_university_qualification_type': 1, 'description': 'Numerica', 'status': True}","{'id_authorization_program': 19, 'resolution_number': '246-DIU', 'status': True, 'created_at': '2023-02-15 02:05:28', 'updated_at': '2023-02-15 02:05:28', 'id_program': 2, 'id_user': 1}","{'id_university_deparment': 2, 'id_faculty': 7, 'description': 'Escuela de Ingeniería de Sistemas y computación', 'status': True}","{'id_program': 2, 'full_name': 'Administracion de empresas'}"
710,Costos y Presupuestos Gerenciales,Costos y Presupuestos Gerenciales,802028C,03:00:00,True,True,3,4,1,1,19,2,2,Costos y Presupuestos Gerenciales,True,,"{'id_university_type_subject': 1, 'type': 'Profesional', 'status': True}","{'id_university_qualification_type': 1, 'description': 'Numerica', 'status': True}","{'id_authorization_program': 19, 'resolution_number': '246-DIU', 'status': True, 'created_at': '2023-02-15 02:05:28', 'updated_at': '2023-02-15 02:05:28', 'id_program': 2, 'id_user': 1}","{'id_university_deparment': 2, 'id_faculty': 7, 'description': 'Escuela de Ingeniería de Sistemas y computación', 'status': True}","{'id_program': 2, 'full_name': 'Administracion de empresas'}"
704,Lectura Crítica,Lectura Crítica,204024C,03:00:00,True,True,3,4,1,1,19,2,2,Lectura Crítica,True,,"{'id_university_type_subject': 1, 'type': 'Profesional', 'status': True}","{'id_university_qualification_type': 1, 'description': 'Numerica', 'status': True}","{'id_authorization_program': 19, 'resolution_number': '246-DIU', 'status': True, 'created_at': '2023-02-15 02:05:28', 'updated_at': '2023-02-15 02:05:28', 'id_program': 2, 'id_user': 1}","{'id_university_deparment': 2, 'id_faculty': 7, 'description': 'Escuela de Ingeniería de Sistemas y computación', 'status': True}","{'id_program': 2, 'full_name': 'Administracion de empresas'}"
700,Ciencias humanas,Ciencias humanas,801078C,03:00:00,True,True,3,2,1,1,19,2,2,Ciencias humanas,True,,"{'id_university_type_subject': 1, 'type': 'Profesional', 'status': True}","{'id_university_qualification_type': 1, 'description': 'Numerica', 'status': True}","{'id_authorization_program': 19, 'resolution_number': '246-DIU', 'status': True, 'created_at': '2023-02-15 02:05:28', 'updated_at': '2023-02-15 02:05:28', 'id_program': 2, 'id_user': 1}","{'id_university_deparment': 2, 'id_faculty': 7, 'description': 'Escuela de Ingeniería de Sistemas y computación', 'status': True}","{'id_program': 2, 'full_name': 'Administracion de empresas'}"
711,Fundamentos de Economía y Comercio ,Fundamentos de Economía y Comercio ,801002C,03:00:00,True,True,3,1,1,1,23,2,2,Fundamentos de Economía y Comercio ,True,,"{'id_university_type_subject': 1, 'type': 'Profesional', 'status': True}","{'id_university_qualification_type': 1, 'description': 'Numerica', 'status': True}","{'id_authorization_program': 23, 'resolution_number': '246-NOC', 'status': True, 'created_at': '2023-08-05 01:03:25', 'updated_at': '2023-08-05 01:03:25', 'id_program': 2, 'id_user': 1}","{'id_university_deparment': 2, 'id_faculty': 7, 'description': 'Escuela de Ingeniería de Sistemas y computación', 'status': True}","{'id_program': 2, 'full_name': 'Administracion de empresas'}"
712,Cálculo ,Cálculo ,801003C,03:00:00,True,True,3,1,1,1,23,2,2,Cálculo ,True,,"{'id_university_type_subject': 1, 'type': 'Profesional', 'status': True}","{'id_university_qualification_type': 1, 'description': 'Numerica', 'status': True}","{'id_authorization_program': 23, 'resolution_number': '246-NOC', 'status': True, 'created_at': '2023-08-05 01:03:25', 'updated_at': '2023-08-05 01:03:25', 'id_program': 2, 'id_user': 1}","{'id_university_deparment': 2, 'id_faculty': 7, 'description': 'Escuela de Ingeniería de Sistemas y computación', 'status': True}","{'id_program': 2, 'full_name': 'Administracion de empresas'}"
713,"Introducción al Derecho y Constitución Política 
(Formación social y ciudadana) ","Introducción al Derecho y Constitución Política 
(Formación social y ciudadana) ",801042C,03:00:00,True,True,3,1,1,1,23,2,2,"Introducción al Derecho y Constitución Política 
(Formación social y ciudadana) ",True,,"{'id_university_type_subject': 1, 'type': 'Profesional', 'status': True}","{'id_university_qualification_type': 1, 'description': 'Numerica', 'status': True}","{'id_authorization_program': 23, 'resolution_number': '246-NOC', 'status': True, 'created_at': '2023-08-05 01:03:25', 'updated_at': '2023-08-05 01:03:25', 'id_program': 2, 'id_user': 1}","{'id_university_deparment': 2, 'id_faculty': 7, 'description': 'Escuela de Ingeniería de Sistemas y computación', 'status': True}","{'id_program': 2, 'full_name': 'Administracion de empresas'}"
714,Proceso Administrativo ,Proceso Administrativo ,801043C,03:00:00,True,True,3,1,1,1,23,2,2,Proceso Administrativo ,True,,"{'id_university_type_subject': 1, 'type': 'Profesional', 'status': True}","{'id_university_qualification_type': 1, 'description': 'Numerica', 'status': True}","{'id_authorization_program': 23, 'resolution_number': '246-NOC', 'status': True, 'created_at': '2023-08-05 01:03:25', 'updated_at': '2023-08-05 01:03:25', 'id_program': 2, 'id_user': 1}","{'id_university_deparment': 2, 'id_faculty': 7, 'description': 'Escuela de Ingeniería de Sistemas y computación', 'status': True}","{'id_program': 2, 'full_name': 'Administracion de empresas'}"
717,Fundamentos de Contabilidad ,Fundamentos de Contabilidad ,802004C,03:00:00,True,True,3,1,1,1,23,2,2,Fundamentos de Contabilidad ,True,,"{'id_university_type_subject': 1, 'type': 'Profesional', 'status': True}","{'id_university_qualification_type': 1, 'description': 'Numerica', 'status': True}","{'id_authorization_program': 23, 'resolution_number': '246-NOC', 'status': True, 'created_at': '2023-08-05 01:03:25', 'updated_at': '2023-08-05 01:03:25', 'id_program': 2, 'id_user': 1}","{'id_university_deparment': 2, 'id_faculty': 7, 'description': 'Escuela de Ingeniería de Sistemas y computación', 'status': True}","{'id_program': 2, 'full_name': 'Administracion de empresas'}"
719,Legislación Comercial,Legislación Comercial,801073C,03:00:00,True,True,3,3,1,1,23,2,2,Legislación Comercial,True,,"{'id_university_type_subject': 1, 'type': 'Profesional', 'status': True}","{'id_university_qualification_type': 1, 'description': 'Numerica', 'status': True}","{'id_authorization_program': 23, 'resolution_number': '246-NOC', 'status': True, 'created_at': '2023-08-05 01:03:25', 'updated_at': '2023-08-05 01:03:25', 'id_program': 2, 'id_user': 1}","{'id_university_deparment': 2, 'id_faculty': 7, 'description': 'Escuela de Ingeniería de Sistemas y computación', 'status': True}","{'id_program': 2, 'full_name': 'Administracion de empresas'}"
720,Estadística I para las Ciencias de la Administración,Estadística I para las Ciencias de la Administración,801083C,03:00:00,True,True,3,3,1,1,23,2,2,Estadística I para las Ciencias de la Administración,True,,"{'id_university_type_subject': 1, 'type': 'Profesional', 'status': True}","{'id_university_qualification_type': 1, 'description': 'Numerica', 'status': True}","{'id_authorization_program': 23, 'resolution_number': '246-NOC', 'status': True, 'created_at': '2023-08-05 01:03:25', 'updated_at': '2023-08-05 01:03:25', 'id_program': 2, 'id_user': 1}","{'id_university_deparment': 2, 'id_faculty': 7, 'description': 'Escuela de Ingeniería de Sistemas y computación', 'status': True}","{'id_program': 2, 'full_name': 'Administracion de empresas'}"
721,Economía de Empresa,Economía de Empresa,801088C,03:00:00,True,True,3,3,1,1,23,2,2,Economía de Empresa,True,,"{'id_university_type_subject': 1, 'type': 'Profesional', 'status': True}","{'id_university_qualification_type': 1, 'description': 'Numerica', 'status': True}","{'id_authorization_program': 23, 'resolution_number': '246-NOC', 'status': True, 'created_at': '2023-08-05 01:03:25', 'updated_at': '2023-08-05 01:03:25', 'id_program': 2, 'id_user': 1}","{'id_university_deparment': 2, 'id_faculty': 7, 'description': 'Escuela de Ingeniería de Sistemas y computación', 'status': True}","{'id_program': 2, 'full_name': 'Administracion de empresas'}"
722,Pensamiento Contemporáneo de la Administración y las Organizaciones,Pensamiento Contemporáneo de la Administración y las Organizaciones,801091C,03:00:00,True,True,3,3,1,1,23,2,2,Pensamiento Contemporáneo de la Administración y las Organizaciones,True,,"{'id_university_type_subject': 1, 'type': 'Profesional', 'status': True}","{'id_university_qualification_type': 1, 'description': 'Numerica', 'status': True}","{'id_authorization_program': 23, 'resolution_number': '246-NOC', 'status': True, 'created_at': '2023-08-05 01:03:25', 'updated_at': '2023-08-05 01:03:25', 'id_program': 2, 'id_user': 1}","{'id_university_deparment': 2, 'id_faculty': 7, 'description': 'Escuela de Ingeniería de Sistemas y computación', 'status': True}","{'id_program': 2, 'full_name': 'Administracion de empresas'}"
723,Organización y Sociedad,Organización y Sociedad,801092C,03:00:00,True,True,3,3,1,1,23,2,2,Organización y Sociedad,True,,"{'id_university_type_subject': 1, 'type': 'Profesional', 'status': True}","{'id_university_qualification_type': 1, 'description': 'Numerica', 'status': True}","{'id_authorization_program': 23, 'resolution_number': '246-NOC', 'status': True, 'created_at': '2023-08-05 01:03:25', 'updated_at': '2023-08-05 01:03:25', 'id_program': 2, 'id_user': 1}","{'id_university_deparment': 2, 'id_faculty': 7, 'description': 'Escuela de Ingeniería de Sistemas y computación', 'status': True}","{'id_program': 2, 'full_name': 'Administracion de empresas'}"
724,Matemática para Finanzas,Matemática para Finanzas,802013C,03:00:00,True,True,3,3,1,1,23,2,2,Matemática para Finanzas,True,,"{'id_university_type_subject': 1, 'type': 'Profesional', 'status': True}","{'id_university_qualification_type': 1, 'description': 'Numerica', 'status': True}","{'id_authorization_program': 23, 'resolution_number': '246-NOC', 'status': True, 'created_at': '2023-08-05 01:03:25', 'updated_at': '2023-08-05 01:03:25', 'id_program': 2, 'id_user': 1}","{'id_university_deparment': 2, 'id_faculty': 7, 'description': 'Escuela de Ingeniería de Sistemas y computación', 'status': True}","{'id_program': 2, 'full_name': 'Administracion de empresas'}"
726,Cálculo,Cálculo,801003C,03:00:00,True,True,3,1,1,1,26,2,6,Cálculo,True,,"{'id_university_type_subject': 1, 'type': 'Profesional', 'status': True}","{'id_university_qualification_type': 1, 'description': 'Numerica', 'status': True}","{'id_authorization_program': 26, 'resolution_number': '240-NOC', 'status': True, 'created_at': '2023-08-06 23:16:45', 'updated_at': '2023-08-06 23:16:45', 'id_program': 6, 'id_user': 1}","{'id_university_deparment': 2, 'id_faculty': 7, 'description': 'Escuela de Ingeniería de Sistemas y computación', 'status': True}","{'id_program': 6, 'full_name': 'Contaduría Publica'}"
727,"Introducción al derecho y constitución política 
 (Formación social y ciudadana)","Introducción al derecho y constitución política 
 (Formación social y ciudadana)",801042C,03:00:00,True,True,3,1,1,1,26,2,6,"Introducción al derecho y constitución política 
 (Formación social y ciudadana)",True,,"{'id_university_type_subject': 1, 'type': 'Profesional', 'status': True}","{'id_university_qualification_type': 1, 'description': 'Numerica', 'status': True}","{'id_authorization_program': 26, 'resolution_number': '240-NOC', 'status': True, 'created_at': '2023-08-06 23:16:45', 'updated_at': '2023-08-06 23:16:45', 'id_program': 6, 'id_user': 1}","{'id_university_deparment': 2, 'id_faculty': 7, 'description': 'Escuela de Ingeniería de Sistemas y computación', 'status': True}","{'id_program': 6, 'full_name': 'Contaduría Publica'}"
728,Proceso administrativo,Proceso administrativo,801043C,03:00:00,True,True,3,3,1,1,26,2,6,Proceso administrativo,True,,"{'id_university_type_subject': 1, 'type': 'Profesional', 'status': True}","{'id_university_qualification_type': 1, 'description': 'Numerica', 'status': True}","{'id_authorization_program': 26, 'resolution_number': '240-NOC', 'status': True, 'created_at': '2023-08-06 23:16:45', 'updated_at': '2023-08-06 23:16:45', 'id_program': 6, 'id_user': 1}","{'id_university_deparment': 2, 'id_faculty': 7, 'description': 'Escuela de Ingeniería de Sistemas y computación', 'status': True}","{'id_program': 6, 'full_name': 'Contaduría Publica'}"
730,Taller de habilidades informáticas para la gestión (Científico tecnológico),Taller de habilidades informáticas para la gestión (Científico tecnológico),801044C,03:00:00,True,True,3,1,1,1,26,2,6,Taller de habilidades informáticas para la gestión (Científico tecnológico),True,,"{'id_university_type_subject': 1, 'type': 'Profesional', 'status': True}","{'id_university_qualification_type': 1, 'description': 'Numerica', 'status': True}","{'id_authorization_program': 26, 'resolution_number': '240-NOC', 'status': True, 'created_at': '2023-08-06 23:16:45', 'updated_at': '2023-08-06 23:16:45', 'id_program': 6, 'id_user': 1}","{'id_university_deparment': 2, 'id_faculty': 7, 'description': 'Escuela de Ingeniería de Sistemas y computación', 'status': True}","{'id_program': 6, 'full_name': 'Contaduría Publica'}"
731,Macroeconomía y coyuntura,Macroeconomía y coyuntura,801069C,03:00:00,True,True,3,3,1,1,26,2,6,Macroeconomía y coyuntura,True,,"{'id_university_type_subject': 1, 'type': 'Profesional', 'status': True}","{'id_university_qualification_type': 1, 'description': 'Numerica', 'status': True}","{'id_authorization_program': 26, 'resolution_number': '240-NOC', 'status': True, 'created_at': '2023-08-06 23:16:45', 'updated_at': '2023-08-06 23:16:45', 'id_program': 6, 'id_user': 1}","{'id_university_deparment': 2, 'id_faculty': 7, 'description': 'Escuela de Ingeniería de Sistemas y computación', 'status': True}","{'id_program': 6, 'full_name': 'Contaduría Publica'}"
732,Legislación comercial II,Legislación comercial II,801074C,03:00:00,True,True,3,3,1,1,26,2,6,Legislación comercial II,True,,"{'id_university_type_subject': 1, 'type': 'Profesional', 'status': True}","{'id_university_qualification_type': 1, 'description': 'Numerica', 'status': True}","{'id_authorization_program': 26, 'resolution_number': '240-NOC', 'status': True, 'created_at': '2023-08-06 23:16:45', 'updated_at': '2023-08-06 23:16:45', 'id_program': 6, 'id_user': 1}","{'id_university_deparment': 2, 'id_faculty': 7, 'description': 'Escuela de Ingeniería de Sistemas y computación', 'status': True}","{'id_program': 6, 'full_name': 'Contaduría Publica'}"
733,Estadística I para las ciencias de la administración,Estadística I para las ciencias de la administración,801083C,03:00:00,True,True,3,3,1,1,26,2,6,Estadística I para las ciencias de la administración,True,,"{'id_university_type_subject': 1, 'type': 'Profesional', 'status': True}","{'id_university_qualification_type': 1, 'description': 'Numerica', 'status': True}","{'id_authorization_program': 26, 'resolution_number': '240-NOC', 'status': True, 'created_at': '2023-08-06 23:16:45', 'updated_at': '2023-08-06 23:16:45', 'id_program': 6, 'id_user': 1}","{'id_university_deparment': 2, 'id_faculty': 7, 'description': 'Escuela de Ingeniería de Sistemas y computación', 'status': True}","{'id_program': 6, 'full_name': 'Contaduría Publica'}"
734,Legislación Laboral,Legislación Laboral,801099C,03:00:00,True,True,3,3,1,1,26,2,6,Legislación Laboral,True,,"{'id_university_type_subject': 1, 'type': 'Profesional', 'status': True}","{'id_university_qualification_type': 1, 'description': 'Numerica', 'status': True}","{'id_authorization_program': 26, 'resolution_number': '240-NOC', 'status': True, 'created_at': '2023-08-06 23:16:45', 'updated_at': '2023-08-06 23:16:45', 'id_program': 6, 'id_user': 1}","{'id_university_deparment': 2, 'id_faculty': 7, 'description': 'Escuela de Ingeniería de Sistemas y computación', 'status': True}","{'id_program': 6, 'full_name': 'Contaduría Publica'}"
735,Fundamentos de contabilidad,Fundamentos de contabilidad,802004C,03:00:00,True,True,3,1,1,1,26,2,6,Fundamentos de contabilidad,True,,"{'id_university_type_subject': 1, 'type': 'Profesional', 'status': True}","{'id_university_qualification_type': 1, 'description': 'Numerica', 'status': True}","{'id_authorization_program': 26, 'resolution_number': '240-NOC', 'status': True, 'created_at': '2023-08-06 23:16:45', 'updated_at': '2023-08-06 23:16:45', 'id_program': 6, 'id_user': 1}","{'id_university_deparment': 2, 'id_faculty': 7, 'description': 'Escuela de Ingeniería de Sistemas y computación', 'status': True}","{'id_program': 6, 'full_name': 'Contaduría Publica'}"
736,Introducción a la contaduría pública,Introducción a la contaduría pública,802008C,03:00:00,True,True,3,1,1,1,26,2,6,Introducción a la contaduría pública,True,,"{'id_university_type_subject': 1, 'type': 'Profesional', 'status': True}","{'id_university_qualification_type': 1, 'description': 'Numerica', 'status': True}","{'id_authorization_program': 26, 'resolution_number': '240-NOC', 'status': True, 'created_at': '2023-08-06 23:16:45', 'updated_at': '2023-08-06 23:16:45', 'id_program': 6, 'id_user': 1}","{'id_university_deparment': 2, 'id_faculty': 7, 'description': 'Escuela de Ingeniería de Sistemas y computación', 'status': True}","{'id_program': 6, 'full_name': 'Contaduría Publica'}"
737,Contabilidad de los recursos y obligaciones de largo plazo y patrimonio,Contabilidad de los recursos y obligaciones de largo plazo y patrimonio,802015C,03:00:00,True,True,3,3,1,1,26,2,6,Contabilidad de los recursos y obligaciones de largo plazo y patrimonio,True,,"{'id_university_type_subject': 1, 'type': 'Profesional', 'status': True}","{'id_university_qualification_type': 1, 'description': 'Numerica', 'status': True}","{'id_authorization_program': 26, 'resolution_number': '240-NOC', 'status': True, 'created_at': '2023-08-06 23:16:45', 'updated_at': '2023-08-06 23:16:45', 'id_program': 6, 'id_user': 1}","{'id_university_deparment': 2, 'id_faculty': 7, 'description': 'Escuela de Ingeniería de Sistemas y computación', 'status': True}","{'id_program': 6, 'full_name': 'Contaduría Publica'}"
769,Resolución de Problemas y Toma de Decisiones,Resolución de Problemas y Toma de Decisiones,801154M,03:00:00,True,True,3,9,1,1,4,2,6,Resolución de Problemas y Toma de Decisiones,True,,"{'id_university_type_subject': 1, 'type': 'Profesional', 'status': True}","{'id_university_qualification_type': 1, 'description': 'Numerica', 'status': True}","{'id_authorization_program': 4, 'resolution_number': '091-NOC', 'status': True, 'created_at': '2023-01-16 13:05:50', 'updated_at': '2023-01-16 13:05:50', 'id_program': 6, 'id_user': 1}","{'id_university_deparment': 2, 'id_faculty': 7, 'description': 'Escuela de Ingeniería de Sistemas y computación', 'status': True}","{'id_program': 6, 'full_name': 'Contaduría Publica'}"
725,Inglés con fines generales y académicos I,Inglés con fines generales y académicos I,204025C,04:00:00,True,True,3,3,1,1,26,2,6,Inglés con fines generales y académicos I,True,,"{'id_university_type_subject': 1, 'type': 'Profesional', 'status': True}","{'id_university_qualification_type': 1, 'description': 'Numerica', 'status': True}","{'id_authorization_program': 26, 'resolution_number': '240-NOC', 'status': True, 'created_at': '2023-08-06 23:16:45', 'updated_at': '2023-08-06 23:16:45', 'id_program': 6, 'id_user': 1}","{'id_university_deparment': 2, 'id_faculty': 7, 'description': 'Escuela de Ingeniería de Sistemas y computación', 'status': True}","{'id_program': 6, 'full_name': 'Contaduría Publica'}"
729,Taller de habilidades informáticas para la gestión (Científico tecnológico),Taller de habilidades informáticas para la gestión (Científico tecnológico),801044C,03:00:00,True,True,3,1,1,1,26,2,6,Taller de habilidades informáticas para la gestión (Científico tecnológico),False,,"{'id_university_type_subject': 1, 'type': 'Profesional', 'status': True}","{'id_university_qualification_type': 1, 'description': 'Numerica', 'status': True}","{'id_authorization_program': 26, 'resolution_number': '240-NOC', 'status': True, 'created_at': '2023-08-06 23:16:45', 'updated_at': '2023-08-06 23:16:45', 'id_program': 6, 'id_user': 1}","{'id_university_deparment': 2, 'id_faculty': 7, 'description': 'Escuela de Ingeniería de Sistemas y computación', 'status': True}","{'id_program': 6, 'full_name': 'Contaduría Publica'}"
716,Taller Habilidades y herramientas informáticas para la gestión (Científico tecnológico) - grupo dividido ,Taller Habilidades y herramientas informáticas para la gestión (Científico tecnológico) - grupo dividido ,801044C,03:00:00,True,True,3,1,1,1,23,2,2,Taller Habilidades y herramientas informáticas para la gestión (Científico tecnológico) - grupo dividido ,True,,"{'id_university_type_subject': 1, 'type': 'Profesional', 'status': True}","{'id_university_qualification_type': 1, 'description': 'Numerica', 'status': True}","{'id_authorization_program': 23, 'resolution_number': '246-NOC', 'status': True, 'created_at': '2023-08-05 01:03:25', 'updated_at': '2023-08-05 01:03:25', 'id_program': 2, 'id_user': 1}","{'id_university_deparment': 2, 'id_faculty': 7, 'description': 'Escuela de Ingeniería de Sistemas y computación', 'status': True}","{'id_program': 2, 'full_name': 'Administracion de empresas'}"
740,Comprensión y producción de textos académicos generales,Comprensión y producción de textos académicos generales,204402M,03:00:00,True,True,3,2,1,1,18,2,6,Comprensión y producción de textos académicos generales,True,,"{'id_university_type_subject': 1, 'type': 'Profesional', 'status': True}","{'id_university_qualification_type': 1, 'description': 'Numerica', 'status': True}","{'id_authorization_program': 18, 'resolution_number': '240-DIU', 'status': True, 'created_at': '2023-02-15 01:20:45', 'updated_at': '2023-02-15 01:20:45', 'id_program': 6, 'id_user': 1}","{'id_university_deparment': 2, 'id_faculty': 7, 'description': 'Escuela de Ingeniería de Sistemas y computación', 'status': True}","{'id_program': 6, 'full_name': 'Contaduría Publica'}"
741,Fundamentos de Economía y Comercio,Fundamentos de Economía y Comercio,801002C,03:00:00,True,True,3,2,1,1,18,2,6,Fundamentos de Economía y Comercio,True,,"{'id_university_type_subject': 1, 'type': 'Profesional', 'status': True}","{'id_university_qualification_type': 1, 'description': 'Numerica', 'status': True}","{'id_authorization_program': 18, 'resolution_number': '240-DIU', 'status': True, 'created_at': '2023-02-15 01:20:45', 'updated_at': '2023-02-15 01:20:45', 'id_program': 6, 'id_user': 1}","{'id_university_deparment': 2, 'id_faculty': 7, 'description': 'Escuela de Ingeniería de Sistemas y computación', 'status': True}","{'id_program': 6, 'full_name': 'Contaduría Publica'}"
742,Álgebra lineal,Álgebra lineal,801017C,03:00:00,True,True,3,2,1,1,18,2,6,Álgebra lineal,True,,"{'id_university_type_subject': 1, 'type': 'Profesional', 'status': True}","{'id_university_qualification_type': 1, 'description': 'Numerica', 'status': True}","{'id_authorization_program': 18, 'resolution_number': '240-DIU', 'status': True, 'created_at': '2023-02-15 01:20:45', 'updated_at': '2023-02-15 01:20:45', 'id_program': 6, 'id_user': 1}","{'id_university_deparment': 2, 'id_faculty': 7, 'description': 'Escuela de Ingeniería de Sistemas y computación', 'status': True}","{'id_program': 6, 'full_name': 'Contaduría Publica'}"
743,Legislación Comercial I,Legislación Comercial I,801073C,03:00:00,True,True,3,2,1,1,18,2,6,Legislación Comercial I,True,,"{'id_university_type_subject': 1, 'type': 'Profesional', 'status': True}","{'id_university_qualification_type': 1, 'description': 'Numerica', 'status': True}","{'id_authorization_program': 18, 'resolution_number': '240-DIU', 'status': True, 'created_at': '2023-02-15 01:20:45', 'updated_at': '2023-02-15 01:20:45', 'id_program': 6, 'id_user': 1}","{'id_university_deparment': 2, 'id_faculty': 7, 'description': 'Escuela de Ingeniería de Sistemas y computación', 'status': True}","{'id_program': 6, 'full_name': 'Contaduría Publica'}"
744,Economía de empresa,Economía de empresa,801088C,03:00:00,True,True,3,4,1,1,18,2,6,Economía de empresa,True,,"{'id_university_type_subject': 1, 'type': 'Profesional', 'status': True}","{'id_university_qualification_type': 1, 'description': 'Numerica', 'status': True}","{'id_authorization_program': 18, 'resolution_number': '240-DIU', 'status': True, 'created_at': '2023-02-15 01:20:45', 'updated_at': '2023-02-15 01:20:45', 'id_program': 6, 'id_user': 1}","{'id_university_deparment': 2, 'id_faculty': 7, 'description': 'Escuela de Ingeniería de Sistemas y computación', 'status': True}","{'id_program': 6, 'full_name': 'Contaduría Publica'}"
746,Estadística II para las ciencias de la administración,Estadística II para las ciencias de la administración,801104C,03:00:00,True,True,3,4,1,1,18,2,6,Estadística II para las ciencias de la administración,True,,"{'id_university_type_subject': 1, 'type': 'Profesional', 'status': True}","{'id_university_qualification_type': 1, 'description': 'Numerica', 'status': True}","{'id_authorization_program': 18, 'resolution_number': '240-DIU', 'status': True, 'created_at': '2023-02-15 01:20:45', 'updated_at': '2023-02-15 01:20:45', 'id_program': 6, 'id_user': 1}","{'id_university_deparment': 2, 'id_faculty': 7, 'description': 'Escuela de Ingeniería de Sistemas y computación', 'status': True}","{'id_program': 6, 'full_name': 'Contaduría Publica'}"
747,Matemática para finanzas,Matemática para finanzas,802013C,03:00:00,True,True,3,2,1,1,18,2,6,Matemática para finanzas,True,,"{'id_university_type_subject': 1, 'type': 'Profesional', 'status': True}","{'id_university_qualification_type': 1, 'description': 'Numerica', 'status': True}","{'id_authorization_program': 18, 'resolution_number': '240-DIU', 'status': True, 'created_at': '2023-02-15 01:20:45', 'updated_at': '2023-02-15 01:20:45', 'id_program': 6, 'id_user': 1}","{'id_university_deparment': 2, 'id_faculty': 7, 'description': 'Escuela de Ingeniería de Sistemas y computación', 'status': True}","{'id_program': 6, 'full_name': 'Contaduría Publica'}"
748,Contabilidad de los recursos y obligaciones de corto plazo,Contabilidad de los recursos y obligaciones de corto plazo,802014C,03:00:00,True,True,3,2,1,1,18,2,6,Contabilidad de los recursos y obligaciones de corto plazo,True,,"{'id_university_type_subject': 1, 'type': 'Profesional', 'status': True}","{'id_university_qualification_type': 1, 'description': 'Numerica', 'status': True}","{'id_authorization_program': 18, 'resolution_number': '240-DIU', 'status': True, 'created_at': '2023-02-15 01:20:45', 'updated_at': '2023-02-15 01:20:45', 'id_program': 6, 'id_user': 1}","{'id_university_deparment': 2, 'id_faculty': 7, 'description': 'Escuela de Ingeniería de Sistemas y computación', 'status': True}","{'id_program': 6, 'full_name': 'Contaduría Publica'}"
749,Informes financieros,Informes financieros,802020C,03:00:00,True,True,3,4,1,1,18,2,6,Informes financieros,True,,"{'id_university_type_subject': 1, 'type': 'Profesional', 'status': True}","{'id_university_qualification_type': 1, 'description': 'Numerica', 'status': True}","{'id_authorization_program': 18, 'resolution_number': '240-DIU', 'status': True, 'created_at': '2023-02-15 01:20:45', 'updated_at': '2023-02-15 01:20:45', 'id_program': 6, 'id_user': 1}","{'id_university_deparment': 2, 'id_faculty': 7, 'description': 'Escuela de Ingeniería de Sistemas y computación', 'status': True}","{'id_program': 6, 'full_name': 'Contaduría Publica'}"
750,Hacienda pública,Hacienda pública,802022C,03:00:00,True,True,3,4,1,1,18,2,6,Hacienda pública,True,,"{'id_university_type_subject': 1, 'type': 'Profesional', 'status': True}","{'id_university_qualification_type': 1, 'description': 'Numerica', 'status': True}","{'id_authorization_program': 18, 'resolution_number': '240-DIU', 'status': True, 'created_at': '2023-02-15 01:20:45', 'updated_at': '2023-02-15 01:20:45', 'id_program': 6, 'id_user': 1}","{'id_university_deparment': 2, 'id_faculty': 7, 'description': 'Escuela de Ingeniería de Sistemas y computación', 'status': True}","{'id_program': 6, 'full_name': 'Contaduría Publica'}"
751,"Género, Pluralidad y Diversidad","Género, Pluralidad y Diversidad",207001C,03:00:00,True,True,3,4,1,1,18,2,6,"Género, Pluralidad y Diversidad",True,,"{'id_university_type_subject': 1, 'type': 'Profesional', 'status': True}","{'id_university_qualification_type': 1, 'description': 'Numerica', 'status': True}","{'id_authorization_program': 18, 'resolution_number': '240-DIU', 'status': True, 'created_at': '2023-02-15 01:20:45', 'updated_at': '2023-02-15 01:20:45', 'id_program': 6, 'id_user': 1}","{'id_university_deparment': 2, 'id_faculty': 7, 'description': 'Escuela de Ingeniería de Sistemas y computación', 'status': True}","{'id_program': 6, 'full_name': 'Contaduría Publica'}"
752,Teorías de la Organización,Teorías de la Organización,801155M,03:00:00,True,True,3,6,1,1,28,2,6,Teorías de la Organización,True,,"{'id_university_type_subject': 1, 'type': 'Profesional', 'status': True}","{'id_university_qualification_type': 1, 'description': 'Numerica', 'status': True}","{'id_authorization_program': 28, 'resolution_number': '091-DIU', 'status': True, 'created_at': '2023-08-06 23:28:03', 'updated_at': '2023-08-06 23:28:03', 'id_program': 6, 'id_user': 1}","{'id_university_deparment': 2, 'id_faculty': 7, 'description': 'Escuela de Ingeniería de Sistemas y computación', 'status': True}","{'id_program': 6, 'full_name': 'Contaduría Publica'}"
753,Seminario de teoría contable,Seminario de teoría contable,802016M,03:00:00,True,True,3,6,1,1,28,2,6,Seminario de teoría contable,True,,"{'id_university_type_subject': 1, 'type': 'Profesional', 'status': True}","{'id_university_qualification_type': 1, 'description': 'Numerica', 'status': True}","{'id_authorization_program': 28, 'resolution_number': '091-DIU', 'status': True, 'created_at': '2023-08-06 23:28:03', 'updated_at': '2023-08-06 23:28:03', 'id_program': 6, 'id_user': 1}","{'id_university_deparment': 2, 'id_faculty': 7, 'description': 'Escuela de Ingeniería de Sistemas y computación', 'status': True}","{'id_program': 6, 'full_name': 'Contaduría Publica'}"
754,Laboratorio contable financiero,Laboratorio contable financiero,802025M,03:00:00,True,True,3,8,1,1,28,2,6,Laboratorio contable financiero,True,,"{'id_university_type_subject': 1, 'type': 'Profesional', 'status': True}","{'id_university_qualification_type': 1, 'description': 'Numerica', 'status': True}","{'id_authorization_program': 28, 'resolution_number': '091-DIU', 'status': True, 'created_at': '2023-08-06 23:28:03', 'updated_at': '2023-08-06 23:28:03', 'id_program': 6, 'id_user': 1}","{'id_university_deparment': 2, 'id_faculty': 7, 'description': 'Escuela de Ingeniería de Sistemas y computación', 'status': True}","{'id_program': 6, 'full_name': 'Contaduría Publica'}"
755,Contabilidad pública,Contabilidad pública,802026M,03:00:00,True,True,3,8,1,1,28,2,6,Contabilidad pública,True,,"{'id_university_type_subject': 1, 'type': 'Profesional', 'status': True}","{'id_university_qualification_type': 1, 'description': 'Numerica', 'status': True}","{'id_authorization_program': 28, 'resolution_number': '091-DIU', 'status': True, 'created_at': '2023-08-06 23:28:03', 'updated_at': '2023-08-06 23:28:03', 'id_program': 6, 'id_user': 1}","{'id_university_deparment': 2, 'id_faculty': 7, 'description': 'Escuela de Ingeniería de Sistemas y computación', 'status': True}","{'id_program': 6, 'full_name': 'Contaduría Publica'}"
756,Legislación tributaria I,Legislación tributaria I,802036M,03:00:00,True,True,3,6,1,1,28,2,6,Legislación tributaria I,True,,"{'id_university_type_subject': 1, 'type': 'Profesional', 'status': True}","{'id_university_qualification_type': 1, 'description': 'Numerica', 'status': True}","{'id_authorization_program': 28, 'resolution_number': '091-DIU', 'status': True, 'created_at': '2023-08-06 23:28:03', 'updated_at': '2023-08-06 23:28:03', 'id_program': 6, 'id_user': 1}","{'id_university_deparment': 2, 'id_faculty': 7, 'description': 'Escuela de Ingeniería de Sistemas y computación', 'status': True}","{'id_program': 6, 'full_name': 'Contaduría Publica'}"
758,Control de gestión,Control de gestión,802046M,03:00:00,True,True,3,8,1,1,28,2,6,Control de gestión,True,,"{'id_university_type_subject': 1, 'type': 'Profesional', 'status': True}","{'id_university_qualification_type': 1, 'description': 'Numerica', 'status': True}","{'id_authorization_program': 28, 'resolution_number': '091-DIU', 'status': True, 'created_at': '2023-08-06 23:28:03', 'updated_at': '2023-08-06 23:28:03', 'id_program': 6, 'id_user': 1}","{'id_university_deparment': 2, 'id_faculty': 7, 'description': 'Escuela de Ingeniería de Sistemas y computación', 'status': True}","{'id_program': 6, 'full_name': 'Contaduría Publica'}"
759,Administración financiera,Administración financiera,802068M,03:00:00,True,True,3,8,1,1,28,2,6,Administración financiera,True,,"{'id_university_type_subject': 1, 'type': 'Profesional', 'status': True}","{'id_university_qualification_type': 1, 'description': 'Numerica', 'status': True}","{'id_authorization_program': 28, 'resolution_number': '091-DIU', 'status': True, 'created_at': '2023-08-06 23:28:03', 'updated_at': '2023-08-06 23:28:03', 'id_program': 6, 'id_user': 1}","{'id_university_deparment': 2, 'id_faculty': 7, 'description': 'Escuela de Ingeniería de Sistemas y computación', 'status': True}","{'id_program': 6, 'full_name': 'Contaduría Publica'}"
760,Procesos de Costos I,Procesos de Costos I,802084M,03:00:00,True,True,3,6,1,1,28,2,6,Procesos de Costos I,True,,"{'id_university_type_subject': 1, 'type': 'Profesional', 'status': True}","{'id_university_qualification_type': 1, 'description': 'Numerica', 'status': True}","{'id_authorization_program': 28, 'resolution_number': '091-DIU', 'status': True, 'created_at': '2023-08-06 23:28:03', 'updated_at': '2023-08-06 23:28:03', 'id_program': 6, 'id_user': 1}","{'id_university_deparment': 2, 'id_faculty': 7, 'description': 'Escuela de Ingeniería de Sistemas y computación', 'status': True}","{'id_program': 6, 'full_name': 'Contaduría Publica'}"
762,Electiva Profesional II: Legislación y Contabilidad del Sector economía Solidario,Electiva Profesional II: Legislación y Contabilidad del Sector economía Solidario,802110M,03:00:00,True,True,3,6,1,1,28,2,6,Electiva Profesional II: Legislación y Contabilidad del Sector economía Solidario,True,,"{'id_university_type_subject': 1, 'type': 'Profesional', 'status': True}","{'id_university_qualification_type': 1, 'description': 'Numerica', 'status': True}","{'id_authorization_program': 28, 'resolution_number': '091-DIU', 'status': True, 'created_at': '2023-08-06 23:28:03', 'updated_at': '2023-08-06 23:28:03', 'id_program': 6, 'id_user': 1}","{'id_university_deparment': 2, 'id_faculty': 7, 'description': 'Escuela de Ingeniería de Sistemas y computación', 'status': True}","{'id_program': 6, 'full_name': 'Contaduría Publica'}"
763,Electiva Profesional IV: Procedimiento Tributario,Electiva Profesional IV: Procedimiento Tributario,802097M,03:00:00,True,True,3,8,1,1,28,2,6,Electiva Profesional IV: Procedimiento Tributario,True,,"{'id_university_type_subject': 1, 'type': 'Profesional', 'status': True}","{'id_university_qualification_type': 1, 'description': 'Numerica', 'status': True}","{'id_authorization_program': 28, 'resolution_number': '091-DIU', 'status': True, 'created_at': '2023-08-06 23:28:03', 'updated_at': '2023-08-06 23:28:03', 'id_program': 6, 'id_user': 1}","{'id_university_deparment': 2, 'id_faculty': 7, 'description': 'Escuela de Ingeniería de Sistemas y computación', 'status': True}","{'id_program': 6, 'full_name': 'Contaduría Publica'}"
764,Lectura Textos Contables Inglés III,Lectura Textos Contables Inglés III,204151M,03:00:00,True,True,3,5,1,1,4,2,6,Lectura Textos Contables Inglés III,True,,"{'id_university_type_subject': 1, 'type': 'Profesional', 'status': True}","{'id_university_qualification_type': 1, 'description': 'Numerica', 'status': True}","{'id_authorization_program': 4, 'resolution_number': '091-NOC', 'status': True, 'created_at': '2023-01-16 13:05:50', 'updated_at': '2023-01-16 13:05:50', 'id_program': 6, 'id_user': 1}","{'id_university_deparment': 2, 'id_faculty': 7, 'description': 'Escuela de Ingeniería de Sistemas y computación', 'status': True}","{'id_program': 6, 'full_name': 'Contaduría Publica'}"
765,Macroeconomía,Macroeconomía,801020M,03:00:00,True,True,3,5,1,1,4,2,6,Macroeconomía,True,,"{'id_university_type_subject': 1, 'type': 'Profesional', 'status': True}","{'id_university_qualification_type': 1, 'description': 'Numerica', 'status': True}","{'id_authorization_program': 4, 'resolution_number': '091-NOC', 'status': True, 'created_at': '2023-01-16 13:05:50', 'updated_at': '2023-01-16 13:05:50', 'id_program': 6, 'id_user': 1}","{'id_university_deparment': 2, 'id_faculty': 7, 'description': 'Escuela de Ingeniería de Sistemas y computación', 'status': True}","{'id_program': 6, 'full_name': 'Contaduría Publica'}"
766,Legislación Laboral,Legislación Laboral,801030M,03:00:00,True,True,3,5,1,1,4,2,6,Legislación Laboral,True,,"{'id_university_type_subject': 1, 'type': 'Profesional', 'status': True}","{'id_university_qualification_type': 1, 'description': 'Numerica', 'status': True}","{'id_authorization_program': 4, 'resolution_number': '091-NOC', 'status': True, 'created_at': '2023-01-16 13:05:50', 'updated_at': '2023-01-16 13:05:50', 'id_program': 6, 'id_user': 1}","{'id_university_deparment': 2, 'id_faculty': 7, 'description': 'Escuela de Ingeniería de Sistemas y computación', 'status': True}","{'id_program': 6, 'full_name': 'Contaduría Publica'}"
767,Inferencia Estadística,Inferencia Estadística,801150M,03:00:00,True,True,3,5,1,1,4,2,6,Inferencia Estadística,True,,"{'id_university_type_subject': 1, 'type': 'Profesional', 'status': True}","{'id_university_qualification_type': 1, 'description': 'Numerica', 'status': True}","{'id_authorization_program': 4, 'resolution_number': '091-NOC', 'status': True, 'created_at': '2023-01-16 13:05:50', 'updated_at': '2023-01-16 13:05:50', 'id_program': 6, 'id_user': 1}","{'id_university_deparment': 2, 'id_faculty': 7, 'description': 'Escuela de Ingeniería de Sistemas y computación', 'status': True}","{'id_program': 6, 'full_name': 'Contaduría Publica'}"
757,Presupuestos (análisis de costos y presupuestos),Presupuestos (análisis de costos y presupuestos),802038M,03:00:00,True,True,3,8,1,1,28,2,6,Presupuestos (análisis de costos y presupuestos),True,,"{'id_university_type_subject': 1, 'type': 'Profesional', 'status': True}","{'id_university_qualification_type': 1, 'description': 'Numerica', 'status': True}","{'id_authorization_program': 28, 'resolution_number': '091-DIU', 'status': True, 'created_at': '2023-08-06 23:28:03', 'updated_at': '2023-08-06 23:28:03', 'id_program': 6, 'id_user': 1}","{'id_university_deparment': 2, 'id_faculty': 7, 'description': 'Escuela de Ingeniería de Sistemas y computación', 'status': True}","{'id_program': 6, 'full_name': 'Contaduría Publica'}"
745,Investigación y Gestión de Operaciones,Investigación y Gestión de Operaciones,801095C,03:00:00,True,True,3,4,1,1,18,2,6,Investigación y Gestión de Operaciones,True,,"{'id_university_type_subject': 1, 'type': 'Profesional', 'status': True}","{'id_university_qualification_type': 1, 'description': 'Numerica', 'status': True}","{'id_authorization_program': 18, 'resolution_number': '240-DIU', 'status': True, 'created_at': '2023-02-15 01:20:45', 'updated_at': '2023-02-15 01:20:45', 'id_program': 6, 'id_user': 1}","{'id_university_deparment': 2, 'id_faculty': 7, 'description': 'Escuela de Ingeniería de Sistemas y computación', 'status': True}","{'id_program': 6, 'full_name': 'Contaduría Publica'}"
768,Seminario de Epistemología de las Ciencias,Seminario de Epistemología de las Ciencias,801152M,03:00:00,True,True,3,7,1,1,4,2,6,Seminario de Epistemología de las Ciencias,True,,"{'id_university_type_subject': 1, 'type': 'Profesional', 'status': True}","{'id_university_qualification_type': 1, 'description': 'Numerica', 'status': True}","{'id_authorization_program': 4, 'resolution_number': '091-NOC', 'status': True, 'created_at': '2023-01-16 13:05:50', 'updated_at': '2023-01-16 13:05:50', 'id_program': 6, 'id_user': 1}","{'id_university_deparment': 2, 'id_faculty': 7, 'description': 'Escuela de Ingeniería de Sistemas y computación', 'status': True}","{'id_program': 6, 'full_name': 'Contaduría Publica'}"
761,Fundamentos de Control y Auditoria,Fundamentos de Control y Auditoria,802089M,03:00:00,True,True,3,6,1,1,28,2,6,Fundamentos de Control y Auditoria,True,,"{'id_university_type_subject': 1, 'type': 'Profesional', 'status': True}","{'id_university_qualification_type': 1, 'description': 'Numerica', 'status': True}","{'id_authorization_program': 28, 'resolution_number': '091-DIU', 'status': True, 'created_at': '2023-08-06 23:28:03', 'updated_at': '2023-08-06 23:28:03', 'id_program': 6, 'id_user': 1}","{'id_university_deparment': 2, 'id_faculty': 7, 'description': 'Escuela de Ingeniería de Sistemas y computación', 'status': True}","{'id_program': 6, 'full_name': 'Contaduría Publica'}"
770,Teorías de la Organización,Teorías de la Organización,801155M,03:00:00,True,True,3,7,1,1,4,2,6,Teorías de la Organización,True,,"{'id_university_type_subject': 1, 'type': 'Profesional', 'status': True}","{'id_university_qualification_type': 1, 'description': 'Numerica', 'status': True}","{'id_authorization_program': 4, 'resolution_number': '091-NOC', 'status': True, 'created_at': '2023-01-16 13:05:50', 'updated_at': '2023-01-16 13:05:50', 'id_program': 6, 'id_user': 1}","{'id_university_deparment': 2, 'id_faculty': 7, 'description': 'Escuela de Ingeniería de Sistemas y computación', 'status': True}","{'id_program': 6, 'full_name': 'Contaduría Publica'}"
771,Laboratorio Contable Financiero Sistematizado,Laboratorio Contable Financiero Sistematizado,802025M,03:00:00,True,True,3,9,1,1,4,2,6,Laboratorio Contable Financiero Sistematizado,True,,"{'id_university_type_subject': 1, 'type': 'Profesional', 'status': True}","{'id_university_qualification_type': 1, 'description': 'Numerica', 'status': True}","{'id_authorization_program': 4, 'resolution_number': '091-NOC', 'status': True, 'created_at': '2023-01-16 13:05:50', 'updated_at': '2023-01-16 13:05:50', 'id_program': 6, 'id_user': 1}","{'id_university_deparment': 2, 'id_faculty': 7, 'description': 'Escuela de Ingeniería de Sistemas y computación', 'status': True}","{'id_program': 6, 'full_name': 'Contaduría Publica'}"
772,Laboratorio Contable Financiero Sistematizado,Laboratorio Contable Financiero Sistematizado,802025M,03:00:00,True,True,3,9,1,1,4,2,6,Laboratorio Contable Financiero Sistematizado,True,,"{'id_university_type_subject': 1, 'type': 'Profesional', 'status': True}","{'id_university_qualification_type': 1, 'description': 'Numerica', 'status': True}","{'id_authorization_program': 4, 'resolution_number': '091-NOC', 'status': True, 'created_at': '2023-01-16 13:05:50', 'updated_at': '2023-01-16 13:05:50', 'id_program': 6, 'id_user': 1}","{'id_university_deparment': 2, 'id_faculty': 7, 'description': 'Escuela de Ingeniería de Sistemas y computación', 'status': True}","{'id_program': 6, 'full_name': 'Contaduría Publica'}"
773,Contabilidad Pública,Contabilidad Pública,802026M,03:00:00,True,True,3,9,1,1,4,2,6,Contabilidad Pública,True,,"{'id_university_type_subject': 1, 'type': 'Profesional', 'status': True}","{'id_university_qualification_type': 1, 'description': 'Numerica', 'status': True}","{'id_authorization_program': 4, 'resolution_number': '091-NOC', 'status': True, 'created_at': '2023-01-16 13:05:50', 'updated_at': '2023-01-16 13:05:50', 'id_program': 6, 'id_user': 1}","{'id_university_deparment': 2, 'id_faculty': 7, 'description': 'Escuela de Ingeniería de Sistemas y computación', 'status': True}","{'id_program': 6, 'full_name': 'Contaduría Publica'}"
774,Control de Gestión,Control de Gestión,802046M,03:00:00,True,True,3,9,1,1,4,2,6,Control de Gestión,True,,"{'id_university_type_subject': 1, 'type': 'Profesional', 'status': True}","{'id_university_qualification_type': 1, 'description': 'Numerica', 'status': True}","{'id_authorization_program': 4, 'resolution_number': '091-NOC', 'status': True, 'created_at': '2023-01-16 13:05:50', 'updated_at': '2023-01-16 13:05:50', 'id_program': 6, 'id_user': 1}","{'id_university_deparment': 2, 'id_faculty': 7, 'description': 'Escuela de Ingeniería de Sistemas y computación', 'status': True}","{'id_program': 6, 'full_name': 'Contaduría Publica'}"
776,Proyecto de Grado,Proyecto de Grado,802062M,03:00:00,True,True,3,11,1,1,4,2,6,Proyecto de Grado,True,,"{'id_university_type_subject': 1, 'type': 'Profesional', 'status': True}","{'id_university_qualification_type': 1, 'description': 'Numerica', 'status': True}","{'id_authorization_program': 4, 'resolution_number': '091-NOC', 'status': True, 'created_at': '2023-01-16 13:05:50', 'updated_at': '2023-01-16 13:05:50', 'id_program': 6, 'id_user': 1}","{'id_university_deparment': 2, 'id_faculty': 7, 'description': 'Escuela de Ingeniería de Sistemas y computación', 'status': True}","{'id_program': 6, 'full_name': 'Contaduría Publica'}"
777,Práctica Empresarial Contable,Práctica Empresarial Contable,802067M,01:00:00,True,True,3,11,1,1,4,2,6,Práctica Empresarial Contable,True,,"{'id_university_type_subject': 1, 'type': 'Profesional', 'status': True}","{'id_university_qualification_type': 1, 'description': 'Numerica', 'status': True}","{'id_authorization_program': 4, 'resolution_number': '091-NOC', 'status': True, 'created_at': '2023-01-16 13:05:50', 'updated_at': '2023-01-16 13:05:50', 'id_program': 6, 'id_user': 1}","{'id_university_deparment': 2, 'id_faculty': 7, 'description': 'Escuela de Ingeniería de Sistemas y computación', 'status': True}","{'id_program': 6, 'full_name': 'Contaduría Publica'}"
778,Administración Financiera,Administración Financiera,802068M,03:00:00,True,True,3,9,1,1,4,2,6,Administración Financiera,True,,"{'id_university_type_subject': 1, 'type': 'Profesional', 'status': True}","{'id_university_qualification_type': 1, 'description': 'Numerica', 'status': True}","{'id_authorization_program': 4, 'resolution_number': '091-NOC', 'status': True, 'created_at': '2023-01-16 13:05:50', 'updated_at': '2023-01-16 13:05:50', 'id_program': 6, 'id_user': 1}","{'id_university_deparment': 2, 'id_faculty': 7, 'description': 'Escuela de Ingeniería de Sistemas y computación', 'status': True}","{'id_program': 6, 'full_name': 'Contaduría Publica'}"
779,Procesos de Costos I,Procesos de Costos I,802084M,03:00:00,True,True,3,7,1,1,4,2,6,Procesos de Costos I,True,,"{'id_university_type_subject': 1, 'type': 'Profesional', 'status': True}","{'id_university_qualification_type': 1, 'description': 'Numerica', 'status': True}","{'id_authorization_program': 4, 'resolution_number': '091-NOC', 'status': True, 'created_at': '2023-01-16 13:05:50', 'updated_at': '2023-01-16 13:05:50', 'id_program': 6, 'id_user': 1}","{'id_university_deparment': 2, 'id_faculty': 7, 'description': 'Escuela de Ingeniería de Sistemas y computación', 'status': True}","{'id_program': 6, 'full_name': 'Contaduría Publica'}"
782,Dirección y Organización Contable,Dirección y Organización Contable,802092M,03:00:00,True,True,3,9,1,1,4,2,6,Dirección y Organización Contable,True,,"{'id_university_type_subject': 1, 'type': 'Profesional', 'status': True}","{'id_university_qualification_type': 1, 'description': 'Numerica', 'status': True}","{'id_authorization_program': 4, 'resolution_number': '091-NOC', 'status': True, 'created_at': '2023-01-16 13:05:50', 'updated_at': '2023-01-16 13:05:50', 'id_program': 6, 'id_user': 1}","{'id_university_deparment': 2, 'id_faculty': 7, 'description': 'Escuela de Ingeniería de Sistemas y computación', 'status': True}","{'id_program': 6, 'full_name': 'Contaduría Publica'}"
783,Continuación Práctica Empresarial Contable,Continuación Práctica Empresarial Contable,802094M,01:00:00,True,True,3,11,1,1,4,2,6,Continuación Práctica Empresarial Contable,True,,"{'id_university_type_subject': 1, 'type': 'Profesional', 'status': True}","{'id_university_qualification_type': 1, 'description': 'Numerica', 'status': True}","{'id_authorization_program': 4, 'resolution_number': '091-NOC', 'status': True, 'created_at': '2023-01-16 13:05:50', 'updated_at': '2023-01-16 13:05:50', 'id_program': 6, 'id_user': 1}","{'id_university_deparment': 2, 'id_faculty': 7, 'description': 'Escuela de Ingeniería de Sistemas y computación', 'status': True}","{'id_program': 6, 'full_name': 'Contaduría Publica'}"
784,Electiva Profesional II: Legislación y Contabilidad del Sector economía Solidario,Electiva Profesional II: Legislación y Contabilidad del Sector economía Solidario,802110M,03:00:00,True,True,3,7,1,1,4,2,6,Electiva Profesional II: Legislación y Contabilidad del Sector economía Solidario,True,,"{'id_university_type_subject': 1, 'type': 'Profesional', 'status': True}","{'id_university_qualification_type': 1, 'description': 'Numerica', 'status': True}","{'id_authorization_program': 4, 'resolution_number': '091-NOC', 'status': True, 'created_at': '2023-01-16 13:05:50', 'updated_at': '2023-01-16 13:05:50', 'id_program': 6, 'id_user': 1}","{'id_university_deparment': 2, 'id_faculty': 7, 'description': 'Escuela de Ingeniería de Sistemas y computación', 'status': True}","{'id_program': 6, 'full_name': 'Contaduría Publica'}"
785,Continuación de Trabajo de Grado,Continuación de Trabajo de Grado,990001M,01:00:00,True,True,3,11,1,1,4,2,6,Continuación de Trabajo de Grado,True,,"{'id_university_type_subject': 1, 'type': 'Profesional', 'status': True}","{'id_university_qualification_type': 1, 'description': 'Numerica', 'status': True}","{'id_authorization_program': 4, 'resolution_number': '091-NOC', 'status': True, 'created_at': '2023-01-16 13:05:50', 'updated_at': '2023-01-16 13:05:50', 'id_program': 6, 'id_user': 1}","{'id_university_deparment': 2, 'id_faculty': 7, 'description': 'Escuela de Ingeniería de Sistemas y computación', 'status': True}","{'id_program': 6, 'full_name': 'Contaduría Publica'}"
787,Sistemas operativos,Sistemas operativos,750001C,03:00:00,True,True,3,4,1,1,2,2,1,Sistemas operativos,True,,"{'id_university_type_subject': 1, 'type': 'Profesional', 'status': True}","{'id_university_qualification_type': 1, 'description': 'Numerica', 'status': True}","{'id_authorization_program': 2, 'resolution_number': '047', 'status': True, 'created_at': '2022-12-17 19:03:33', 'updated_at': '2022-12-17 19:03:33', 'id_program': 1, 'id_user': 1}","{'id_university_deparment': 2, 'id_faculty': 7, 'description': 'Escuela de Ingeniería de Sistemas y computación', 'status': True}","{'id_program': 1, 'full_name': 'Ingeniería de Sistemas'}"
788,Redes Neuronales,Redes Neuronales,750039M,03:00:00,True,True,3,9,1,1,2,2,1,Redes Neuronales,True,,"{'id_university_type_subject': 1, 'type': 'Profesional', 'status': True}","{'id_university_qualification_type': 1, 'description': 'Numerica', 'status': True}","{'id_authorization_program': 2, 'resolution_number': '047', 'status': True, 'created_at': '2022-12-17 19:03:33', 'updated_at': '2022-12-17 19:03:33', 'id_program': 1, 'id_user': 1}","{'id_university_deparment': 2, 'id_faculty': 7, 'description': 'Escuela de Ingeniería de Sistemas y computación', 'status': True}","{'id_program': 1, 'full_name': 'Ingeniería de Sistemas'}"
469,Fundamentos de Programacion OO (Taller Tecnologico II),Fundamentos de Programacion OO (Taller Tecnologico II),750015C,03:00:00,True,True,3,2,1,1,29,2,8,Fundamentos de Programacion OO (Taller Tecnologico II),True,,"{'id_university_type_subject': 1, 'type': 'Profesional', 'status': True}","{'id_university_qualification_type': 1, 'description': 'Numerica', 'status': True}","{'id_authorization_program': 29, 'resolution_number': '217-NOC', 'status': True, 'created_at': '2023-08-09 14:20:51', 'updated_at': '2023-08-09 14:20:51', 'id_program': 8, 'id_user': 1}","{'id_university_deparment': 2, 'id_faculty': 7, 'description': 'Escuela de Ingeniería de Sistemas y computación', 'status': True}","{'id_program': 8, 'full_name': 'Tecnología en Desarrollo de Software'}"
791,Sistemas Operativos,Sistemas Operativos,750001C,03:00:00,True,True,3,3,1,1,29,2,8,Sistemas Operativos,True,,"{'id_university_type_subject': 1, 'type': 'Profesional', 'status': True}","{'id_university_qualification_type': 1, 'description': 'Numerica', 'status': True}","{'id_authorization_program': 29, 'resolution_number': '217-NOC', 'status': True, 'created_at': '2023-08-09 14:20:51', 'updated_at': '2023-08-09 14:20:51', 'id_program': 8, 'id_user': 1}","{'id_university_deparment': 2, 'id_faculty': 7, 'description': 'Escuela de Ingeniería de Sistemas y computación', 'status': True}","{'id_program': 8, 'full_name': 'Tecnología en Desarrollo de Software'}"
792,Matemáticas Discretas II,Matemáticas Discretas II,750005C,04:00:00,True,True,3,3,1,1,29,2,8,Matemáticas Discretas II,True,,"{'id_university_type_subject': 1, 'type': 'Profesional', 'status': True}","{'id_university_qualification_type': 1, 'description': 'Numerica', 'status': True}","{'id_authorization_program': 29, 'resolution_number': '217-NOC', 'status': True, 'created_at': '2023-08-09 14:20:51', 'updated_at': '2023-08-09 14:20:51', 'id_program': 8, 'id_user': 1}","{'id_university_deparment': 2, 'id_faculty': 7, 'description': 'Escuela de Ingeniería de Sistemas y computación', 'status': True}","{'id_program': 8, 'full_name': 'Tecnología en Desarrollo de Software'}"
793,Fundamentos de Programación Orientada a Eventos,Fundamentos de Programación Orientada a Eventos,750014C,03:00:00,True,True,3,3,1,1,29,2,8,Fundamentos de Programación Orientada a Eventos,True,,"{'id_university_type_subject': 1, 'type': 'Profesional', 'status': True}","{'id_university_qualification_type': 1, 'description': 'Numerica', 'status': True}","{'id_authorization_program': 29, 'resolution_number': '217-NOC', 'status': True, 'created_at': '2023-08-09 14:20:51', 'updated_at': '2023-08-09 14:20:51', 'id_program': 8, 'id_user': 1}","{'id_university_deparment': 2, 'id_faculty': 7, 'description': 'Escuela de Ingeniería de Sistemas y computación', 'status': True}","{'id_program': 8, 'full_name': 'Tecnología en Desarrollo de Software'}"
796,Introducción a las Tecnologías,Introducción a las Tecnologías,701005C,02:00:00,True,True,3,1,1,1,29,2,8,Introducción a las Tecnologías,True,,"{'id_university_type_subject': 1, 'type': 'Profesional', 'status': True}","{'id_university_qualification_type': 1, 'description': 'Numerica', 'status': True}","{'id_authorization_program': 29, 'resolution_number': '217-NOC', 'status': True, 'created_at': '2023-08-09 14:20:51', 'updated_at': '2023-08-09 14:20:51', 'id_program': 8, 'id_user': 1}","{'id_university_deparment': 2, 'id_faculty': 7, 'description': 'Escuela de Ingeniería de Sistemas y computación', 'status': True}","{'id_program': 8, 'full_name': 'Tecnología en Desarrollo de Software'}"
819,Publicidad,Publicidad,801055M,03:00:00,True,True,3,9,1,1,25,2,8,Publicidad,True,,"{'id_university_type_subject': 1, 'type': 'Profesional', 'status': True}","{'id_university_qualification_type': 1, 'description': 'Numerica', 'status': True}","{'id_authorization_program': 25, 'resolution_number': '038-DIU', 'status': True, 'created_at': '2023-08-05 03:13:15', 'updated_at': '2023-08-05 03:13:15', 'id_program': 2, 'id_user': 1}","{'id_university_deparment': 2, 'id_faculty': 7, 'description': 'Escuela de Ingeniería de Sistemas y computación', 'status': True}","{'id_program': 8, 'full_name': 'Tecnología en Desarrollo de Software'}"
794,Matemáticas Básicas,Matemáticas Básicas,111023C,05:00:00,True,True,3,1,1,1,29,2,8,Matemáticas Básicas,True,,"{'id_university_type_subject': 1, 'type': 'Profesional', 'status': True}","{'id_university_qualification_type': 1, 'description': 'Numerica', 'status': True}","{'id_authorization_program': 29, 'resolution_number': '217-NOC', 'status': True, 'created_at': '2023-08-09 14:20:51', 'updated_at': '2023-08-09 14:20:51', 'id_program': 8, 'id_user': 1}","{'id_university_deparment': 2, 'id_faculty': 7, 'description': 'Escuela de Ingeniería de Sistemas y computación', 'status': True}","{'id_program': 8, 'full_name': 'Tecnología en Desarrollo de Software'}"
801,Matematicas Discretas I ,Matematicas Discretas I ,750004C,04:00:00,True,True,3,2,1,1,14,2,8,Matematicas Discretas I ,True,,"{'id_university_type_subject': 1, 'type': 'Profesional', 'status': True}","{'id_university_qualification_type': 1, 'description': 'Numerica', 'status': True}","{'id_authorization_program': 14, 'resolution_number': '217-DIU', 'status': True, 'created_at': '2023-01-30 21:30:48', 'updated_at': '2023-01-30 21:30:48', 'id_program': 8, 'id_user': 1}","{'id_university_deparment': 2, 'id_faculty': 7, 'description': 'Escuela de Ingeniería de Sistemas y computación', 'status': True}","{'id_program': 8, 'full_name': 'Tecnología en Desarrollo de Software'}"
802,Fundamentos de  Programación Orientada a Objetos,Fundamentos de  Programación Orientada a Objetos,750015C,03:00:00,True,True,3,2,1,1,14,2,8,Fundamentos de  Programación Orientada a Objetos,True,,"{'id_university_type_subject': 1, 'type': 'Profesional', 'status': True}","{'id_university_qualification_type': 1, 'description': 'Numerica', 'status': True}","{'id_authorization_program': 14, 'resolution_number': '217-DIU', 'status': True, 'created_at': '2023-01-30 21:30:48', 'updated_at': '2023-01-30 21:30:48', 'id_program': 8, 'id_user': 1}","{'id_university_deparment': 2, 'id_faculty': 7, 'description': 'Escuela de Ingeniería de Sistemas y computación', 'status': True}","{'id_program': 8, 'full_name': 'Tecnología en Desarrollo de Software'}"
820,Trabajo de Grado ,Trabajo de Grado ,801108M,01:00:00,True,True,3,9,1,1,25,2,8,Trabajo de Grado ,True,,"{'id_university_type_subject': 1, 'type': 'Profesional', 'status': True}","{'id_university_qualification_type': 1, 'description': 'Numerica', 'status': True}","{'id_authorization_program': 25, 'resolution_number': '038-DIU', 'status': True, 'created_at': '2023-08-05 03:13:15', 'updated_at': '2023-08-05 03:13:15', 'id_program': 2, 'id_user': 1}","{'id_university_deparment': 2, 'id_faculty': 7, 'description': 'Escuela de Ingeniería de Sistemas y computación', 'status': True}","{'id_program': 8, 'full_name': 'Tecnología en Desarrollo de Software'}"
797,Taller Tecnológico I,Taller Tecnológico I,701006C,03:00:00,True,True,3,1,1,1,29,2,8,Taller Tecnológico I,True,,"{'id_university_type_subject': 1, 'type': 'Profesional', 'status': True}","{'id_university_qualification_type': 1, 'description': 'Numerica', 'status': True}","{'id_authorization_program': 29, 'resolution_number': '217-NOC', 'status': True, 'created_at': '2023-08-09 14:20:51', 'updated_at': '2023-08-09 14:20:51', 'id_program': 8, 'id_user': 1}","{'id_university_deparment': 2, 'id_faculty': 7, 'description': 'Escuela de Ingeniería de Sistemas y computación', 'status': True}","{'id_program': 8, 'full_name': 'Tecnología en Desarrollo de Software'}"
790,Lectura Crítica,Lectura Crítica,204024C,03:00:00,True,True,3,3,1,1,29,2,8,Lectura Crítica,True,,"{'id_university_type_subject': 1, 'type': 'Profesional', 'status': True}","{'id_university_qualification_type': 1, 'description': 'Numerica', 'status': True}","{'id_authorization_program': 29, 'resolution_number': '217-NOC', 'status': True, 'created_at': '2023-08-09 14:20:51', 'updated_at': '2023-08-09 14:20:51', 'id_program': 8, 'id_user': 1}","{'id_university_deparment': 2, 'id_faculty': 7, 'description': 'Escuela de Ingeniería de Sistemas y computación', 'status': True}","{'id_program': 8, 'full_name': 'Tecnología en Desarrollo de Software'}"
781,Fundamentos de Control y Auditoria,Fundamentos de Control y Auditoria,802089M,03:00:00,True,True,3,7,1,1,4,2,6,Fundamentos de Control y Auditoria,True,,"{'id_university_type_subject': 1, 'type': 'Profesional', 'status': True}","{'id_university_qualification_type': 1, 'description': 'Numerica', 'status': True}","{'id_authorization_program': 4, 'resolution_number': '091-NOC', 'status': True, 'created_at': '2023-01-16 13:05:50', 'updated_at': '2023-01-16 13:05:50', 'id_program': 6, 'id_user': 1}","{'id_university_deparment': 2, 'id_faculty': 7, 'description': 'Escuela de Ingeniería de Sistemas y computación', 'status': True}","{'id_program': 6, 'full_name': 'Contaduría Publica'}"
775,Legislación Tributaria II,Legislación Tributaria II,802057M,03:00:00,True,True,3,7,1,1,4,2,6,Legislación Tributaria II,True,,"{'id_university_type_subject': 1, 'type': 'Profesional', 'status': True}","{'id_university_qualification_type': 1, 'description': 'Numerica', 'status': True}","{'id_authorization_program': 4, 'resolution_number': '091-NOC', 'status': True, 'created_at': '2023-01-16 13:05:50', 'updated_at': '2023-01-16 13:05:50', 'id_program': 6, 'id_user': 1}","{'id_university_deparment': 2, 'id_faculty': 7, 'description': 'Escuela de Ingeniería de Sistemas y computación', 'status': True}","{'id_program': 6, 'full_name': 'Contaduría Publica'}"
780,Casos Contables Especiales II,Casos Contables Especiales II,802086M,03:00:00,True,True,3,5,1,1,4,2,6,Casos Contables Especiales II,True,,"{'id_university_type_subject': 1, 'type': 'Profesional', 'status': True}","{'id_university_qualification_type': 1, 'description': 'Numerica', 'status': True}","{'id_authorization_program': 4, 'resolution_number': '091-NOC', 'status': True, 'created_at': '2023-01-16 13:05:50', 'updated_at': '2023-01-16 13:05:50', 'id_program': 6, 'id_user': 1}","{'id_university_deparment': 2, 'id_faculty': 7, 'description': 'Escuela de Ingeniería de Sistemas y computación', 'status': True}","{'id_program': 6, 'full_name': 'Contaduría Publica'}"
715,"Taller Habilidades y herramientas informáticas para la gestión 
(Científico tecnológico) - grupo dividido ","Taller Habilidades y herramientas informáticas para la gestión 
(Científico tecnológico) - grupo dividido ",801044C,03:00:00,True,True,3,1,1,1,23,2,2,"Taller Habilidades y herramientas informáticas para la gestión 
(Científico tecnológico) - grupo dividido ",True,,"{'id_university_type_subject': 1, 'type': 'Profesional', 'status': True}","{'id_university_qualification_type': 1, 'description': 'Numerica', 'status': True}","{'id_authorization_program': 23, 'resolution_number': '246-NOC', 'status': True, 'created_at': '2023-08-05 01:03:25', 'updated_at': '2023-08-05 01:03:25', 'id_program': 2, 'id_user': 1}","{'id_university_deparment': 2, 'id_faculty': 7, 'description': 'Escuela de Ingeniería de Sistemas y computación', 'status': True}","{'id_program': 2, 'full_name': 'Administracion de empresas'}"
795,Inserción a la Vida Universitaria,Inserción a la Vida Universitaria,701001C,02:00:00,True,True,3,1,1,1,29,2,8,Inserción a la Vida Universitaria,True,,"{'id_university_type_subject': 1, 'type': 'Profesional', 'status': True}","{'id_university_qualification_type': 1, 'description': 'Numerica', 'status': True}","{'id_authorization_program': 29, 'resolution_number': '217-NOC', 'status': True, 'created_at': '2023-08-09 14:20:51', 'updated_at': '2023-08-09 14:20:51', 'id_program': 8, 'id_user': 1}","{'id_university_deparment': 2, 'id_faculty': 7, 'description': 'Escuela de Ingeniería de Sistemas y computación', 'status': True}","{'id_program': 8, 'full_name': 'Tecnología en Desarrollo de Software'}"
803,Inserción a la Vida Universitaria,Inserción a la Vida Universitaria,701001C,02:00:00,False,False,3,5,4,1,7,2,3,Inserción a la Vida Universitaria,True,,"{'id_university_type_subject': 4, 'type': 'Electiva Complementaria', 'status': True}","{'id_university_qualification_type': 1, 'description': 'Numerica', 'status': True}","{'id_authorization_program': 7, 'resolution_number': '228', 'status': True, 'created_at': '2023-01-16 14:02:37', 'updated_at': '2023-01-16 14:02:37', 'id_program': 3, 'id_user': 1}","{'id_university_deparment': 2, 'id_faculty': 7, 'description': 'Escuela de Ingeniería de Sistemas y computación', 'status': True}","{'id_program': 3, 'full_name': 'Ingeniería de Alimentos'}"
825,Trabajo de Grado,Trabajo de Grado,801108M,01:00:00,True,True,3,10,1,1,1,2,8,Trabajo de Grado,True,,"{'id_university_type_subject': 1, 'type': 'Profesional', 'status': True}","{'id_university_qualification_type': 1, 'description': 'Numerica', 'status': True}","{'id_authorization_program': 1, 'resolution_number': '038-NOC', 'status': True, 'created_at': '2023-01-16 13:32:45', 'updated_at': '2023-01-16 13:32:45', 'id_program': 2, 'id_user': 1}","{'id_university_deparment': 2, 'id_faculty': 7, 'description': 'Escuela de Ingeniería de Sistemas y computación', 'status': True}","{'id_program': 8, 'full_name': 'Tecnología en Desarrollo de Software'}"
832,Hacienda pública,Hacienda pública,802022C,03:00:00,True,True,3,4,1,1,26,2,6,Hacienda pública,True,,"{'id_university_type_subject': 1, 'type': 'Profesional', 'status': True}","{'id_university_qualification_type': 1, 'description': 'Numerica', 'status': True}","{'id_authorization_program': 26, 'resolution_number': '240-NOC', 'status': True, 'created_at': '2023-08-06 23:16:45', 'updated_at': '2023-08-06 23:16:45', 'id_program': 6, 'id_user': 1}","{'id_university_deparment': 2, 'id_faculty': 7, 'description': 'Escuela de Ingeniería de Sistemas y computación', 'status': True}","{'id_program': 6, 'full_name': 'Contaduría Publica'}"
808,Inglés con fines generales y académicos III,Inglés con fines generales y académicos III,204027C,04:00:00,True,True,3,5,1,1,19,2,2,Inglés con fines generales y académicos III,True,,"{'id_university_type_subject': 1, 'type': 'Profesional', 'status': True}","{'id_university_qualification_type': 1, 'description': 'Numerica', 'status': True}","{'id_authorization_program': 19, 'resolution_number': '246-DIU', 'status': True, 'created_at': '2023-02-15 02:05:28', 'updated_at': '2023-02-15 02:05:28', 'id_program': 2, 'id_user': 1}","{'id_university_deparment': 2, 'id_faculty': 7, 'description': 'Escuela de Ingeniería de Sistemas y computación', 'status': True}","{'id_program': 2, 'full_name': 'Administracion de empresas'}"
814,Modelos y Simulación de datos para las organizaciones,Modelos y Simulación de datos para las organizaciones,801105C,04:00:00,True,True,3,4,1,1,23,2,2,Modelos y Simulación de datos para las organizaciones,True,,"{'id_university_type_subject': 1, 'type': 'Profesional', 'status': True}","{'id_university_qualification_type': 1, 'description': 'Numerica', 'status': True}","{'id_authorization_program': 23, 'resolution_number': '246-NOC', 'status': True, 'created_at': '2023-08-05 01:03:25', 'updated_at': '2023-08-05 01:03:25', 'id_program': 2, 'id_user': 1}","{'id_university_deparment': 2, 'id_faculty': 7, 'description': 'Escuela de Ingeniería de Sistemas y computación', 'status': True}","{'id_program': 2, 'full_name': 'Administracion de empresas'}"
813,Mercadeo,Mercadeo,801111C,03:00:00,True,True,3,4,1,1,23,2,2,Mercadeo,True,,"{'id_university_type_subject': 1, 'type': 'Profesional', 'status': True}","{'id_university_qualification_type': 1, 'description': 'Numerica', 'status': True}","{'id_authorization_program': 23, 'resolution_number': '246-NOC', 'status': True, 'created_at': '2023-08-05 01:03:25', 'updated_at': '2023-08-05 01:03:25', 'id_program': 2, 'id_user': 1}","{'id_university_deparment': 2, 'id_faculty': 7, 'description': 'Escuela de Ingeniería de Sistemas y computación', 'status': True}","{'id_program': 2, 'full_name': 'Administracion de empresas'}"
812,Lectura Crítica,Lectura Crítica,204024C,03:00:00,True,True,3,4,1,1,23,2,2,Lectura Crítica,True,,"{'id_university_type_subject': 1, 'type': 'Profesional', 'status': True}","{'id_university_qualification_type': 1, 'description': 'Numerica', 'status': True}","{'id_authorization_program': 23, 'resolution_number': '246-NOC', 'status': True, 'created_at': '2023-08-05 01:03:25', 'updated_at': '2023-08-05 01:03:25', 'id_program': 2, 'id_user': 1}","{'id_university_deparment': 2, 'id_faculty': 7, 'description': 'Escuela de Ingeniería de Sistemas y computación', 'status': True}","{'id_program': 2, 'full_name': 'Administracion de empresas'}"
804,Investigación de Mercados,Investigación de Mercados,801115C,03:00:00,True,True,3,5,1,1,19,2,2,Investigación de Mercados,True,,"{'id_university_type_subject': 1, 'type': 'Profesional', 'status': True}","{'id_university_qualification_type': 1, 'description': 'Numerica', 'status': True}","{'id_authorization_program': 19, 'resolution_number': '246-DIU', 'status': True, 'created_at': '2023-02-15 02:05:28', 'updated_at': '2023-02-15 02:05:28', 'id_program': 2, 'id_user': 1}","{'id_university_deparment': 2, 'id_faculty': 7, 'description': 'Escuela de Ingeniería de Sistemas y computación', 'status': True}","{'id_program': 2, 'full_name': 'Administracion de empresas'}"
805,Análisis integrado del entorno,Análisis integrado del entorno,801113C,03:00:00,True,True,3,5,1,1,19,2,2,Análisis integrado del entorno,True,,"{'id_university_type_subject': 1, 'type': 'Profesional', 'status': True}","{'id_university_qualification_type': 1, 'description': 'Numerica', 'status': True}","{'id_authorization_program': 19, 'resolution_number': '246-DIU', 'status': True, 'created_at': '2023-02-15 02:05:28', 'updated_at': '2023-02-15 02:05:28', 'id_program': 2, 'id_user': 1}","{'id_university_deparment': 2, 'id_faculty': 7, 'description': 'Escuela de Ingeniería de Sistemas y computación', 'status': True}","{'id_program': 2, 'full_name': 'Administracion de empresas'}"
809,Gestión del Conocimiento e Innovación,Gestión del Conocimiento e Innovación,801114C,03:00:00,True,True,3,5,1,1,19,2,2,Gestión del Conocimiento e Innovación,True,,"{'id_university_type_subject': 1, 'type': 'Profesional', 'status': True}","{'id_university_qualification_type': 1, 'description': 'Numerica', 'status': True}","{'id_authorization_program': 19, 'resolution_number': '246-DIU', 'status': True, 'created_at': '2023-02-15 02:05:28', 'updated_at': '2023-02-15 02:05:28', 'id_program': 2, 'id_user': 1}","{'id_university_deparment': 2, 'id_faculty': 7, 'description': 'Escuela de Ingeniería de Sistemas y computación', 'status': True}","{'id_program': 2, 'full_name': 'Administracion de empresas'}"
831,Género Pluralidad y Diversidad,Género Pluralidad y Diversidad,207001C,03:00:00,True,True,3,4,1,1,26,2,6,Género Pluralidad y Diversidad,True,,"{'id_university_type_subject': 1, 'type': 'Profesional', 'status': True}","{'id_university_qualification_type': 1, 'description': 'Numerica', 'status': True}","{'id_authorization_program': 26, 'resolution_number': '240-NOC', 'status': True, 'created_at': '2023-08-06 23:16:45', 'updated_at': '2023-08-06 23:16:45', 'id_program': 6, 'id_user': 1}","{'id_university_deparment': 2, 'id_faculty': 7, 'description': 'Escuela de Ingeniería de Sistemas y computación', 'status': True}","{'id_program': 6, 'full_name': 'Contaduría Publica'}"
816,Estadística II para las ciencias de la administración,Estadística II para las ciencias de la administración,801104C,03:00:00,True,True,3,4,1,1,23,2,2,Estadística II para las ciencias de la administración,True,,"{'id_university_type_subject': 1, 'type': 'Profesional', 'status': True}","{'id_university_qualification_type': 1, 'description': 'Numerica', 'status': True}","{'id_authorization_program': 23, 'resolution_number': '246-NOC', 'status': True, 'created_at': '2023-08-05 01:03:25', 'updated_at': '2023-08-05 01:03:25', 'id_program': 2, 'id_user': 1}","{'id_university_deparment': 2, 'id_faculty': 7, 'description': 'Escuela de Ingeniería de Sistemas y computación', 'status': True}","{'id_program': 2, 'full_name': 'Administracion de empresas'}"
829,Estadística II para las ciencias de la administración,Estadística II para las ciencias de la administración,801104C,03:00:00,True,True,3,4,1,1,26,2,6,Estadística II para las ciencias de la administración,True,,"{'id_university_type_subject': 1, 'type': 'Profesional', 'status': True}","{'id_university_qualification_type': 1, 'description': 'Numerica', 'status': True}","{'id_authorization_program': 26, 'resolution_number': '240-NOC', 'status': True, 'created_at': '2023-08-06 23:16:45', 'updated_at': '2023-08-06 23:16:45', 'id_program': 6, 'id_user': 1}","{'id_university_deparment': 2, 'id_faculty': 7, 'description': 'Escuela de Ingeniería de Sistemas y computación', 'status': True}","{'id_program': 6, 'full_name': 'Contaduría Publica'}"
827,Economía de empresa,Economía de empresa,801088C,03:00:00,True,True,3,4,1,1,26,2,6,Economía de empresa,True,,"{'id_university_type_subject': 1, 'type': 'Profesional', 'status': True}","{'id_university_qualification_type': 1, 'description': 'Numerica', 'status': True}","{'id_authorization_program': 26, 'resolution_number': '240-NOC', 'status': True, 'created_at': '2023-08-06 23:16:45', 'updated_at': '2023-08-06 23:16:45', 'id_program': 6, 'id_user': 1}","{'id_university_deparment': 2, 'id_faculty': 7, 'description': 'Escuela de Ingeniería de Sistemas y computación', 'status': True}","{'id_program': 6, 'full_name': 'Contaduría Publica'}"
815,Costos y Presupuestos Gerenciales,Costos y Presupuestos Gerenciales,802028C,03:00:00,True,True,3,4,1,1,23,2,2,Costos y Presupuestos Gerenciales,True,,"{'id_university_type_subject': 1, 'type': 'Profesional', 'status': True}","{'id_university_qualification_type': 1, 'description': 'Numerica', 'status': True}","{'id_authorization_program': 23, 'resolution_number': '246-NOC', 'status': True, 'created_at': '2023-08-05 01:03:25', 'updated_at': '2023-08-05 01:03:25', 'id_program': 2, 'id_user': 1}","{'id_university_deparment': 2, 'id_faculty': 7, 'description': 'Escuela de Ingeniería de Sistemas y computación', 'status': True}","{'id_program': 2, 'full_name': 'Administracion de empresas'}"
807,Responsabilidad Social Empresarial y Sostenibilidad,Responsabilidad Social Empresarial y Sostenibilidad,801116C,03:00:00,True,True,3,5,1,1,19,2,2,Responsabilidad Social Empresarial y Sostenibilidad,True,,"{'id_university_type_subject': 1, 'type': 'Profesional', 'status': True}","{'id_university_qualification_type': 1, 'description': 'Numerica', 'status': True}","{'id_authorization_program': 19, 'resolution_number': '246-DIU', 'status': True, 'created_at': '2023-02-15 02:05:28', 'updated_at': '2023-02-15 02:05:28', 'id_program': 2, 'id_user': 1}","{'id_university_deparment': 2, 'id_faculty': 7, 'description': 'Escuela de Ingeniería de Sistemas y computación', 'status': True}","{'id_program': 2, 'full_name': 'Administracion de empresas'}"
826,Informes financieros,Informes financieros,802020C,03:00:00,True,True,3,4,1,1,26,2,6,Informes financieros,True,,"{'id_university_type_subject': 1, 'type': 'Profesional', 'status': True}","{'id_university_qualification_type': 1, 'description': 'Numerica', 'status': True}","{'id_authorization_program': 26, 'resolution_number': '240-NOC', 'status': True, 'created_at': '2023-08-06 23:16:45', 'updated_at': '2023-08-06 23:16:45', 'id_program': 6, 'id_user': 1}","{'id_university_deparment': 2, 'id_faculty': 7, 'description': 'Escuela de Ingeniería de Sistemas y computación', 'status': True}","{'id_program': 6, 'full_name': 'Contaduría Publica'}"
806,Investigación y Gestión de Operaciones,Investigación y Gestión de Operaciones,801095C,03:00:00,True,True,3,5,1,1,19,2,2,Investigación y Gestión de Operaciones,True,,"{'id_university_type_subject': 1, 'type': 'Profesional', 'status': True}","{'id_university_qualification_type': 1, 'description': 'Numerica', 'status': True}","{'id_authorization_program': 19, 'resolution_number': '246-DIU', 'status': True, 'created_at': '2023-02-15 02:05:28', 'updated_at': '2023-02-15 02:05:28', 'id_program': 2, 'id_user': 1}","{'id_university_deparment': 2, 'id_faculty': 7, 'description': 'Escuela de Ingeniería de Sistemas y computación', 'status': True}","{'id_program': 2, 'full_name': 'Administracion de empresas'}"
818,Legislación laboral,Legislación laboral,801099C,03:00:00,True,True,3,4,1,1,23,2,2,Legislación laboral,True,,"{'id_university_type_subject': 1, 'type': 'Profesional', 'status': True}","{'id_university_qualification_type': 1, 'description': 'Numerica', 'status': True}","{'id_authorization_program': 23, 'resolution_number': '246-NOC', 'status': True, 'created_at': '2023-08-05 01:03:25', 'updated_at': '2023-08-05 01:03:25', 'id_program': 2, 'id_user': 1}","{'id_university_deparment': 2, 'id_faculty': 7, 'description': 'Escuela de Ingeniería de Sistemas y computación', 'status': True}","{'id_program': 2, 'full_name': 'Administracion de empresas'}"
810,"Humanismo, pensamiento administrativo y organizaciones","Humanismo, pensamiento administrativo y organizaciones",801126C,03:00:00,True,True,3,5,2,1,19,2,2,"Humanismo, pensamiento administrativo y organizaciones",True,,"{'id_university_type_subject': 2, 'type': 'Basica', 'status': True}","{'id_university_qualification_type': 1, 'description': 'Numerica', 'status': True}","{'id_authorization_program': 19, 'resolution_number': '246-DIU', 'status': True, 'created_at': '2023-02-15 02:05:28', 'updated_at': '2023-02-15 02:05:28', 'id_program': 2, 'id_user': 1}","{'id_university_deparment': 2, 'id_faculty': 7, 'description': 'Escuela de Ingeniería de Sistemas y computación', 'status': True}","{'id_program': 2, 'full_name': 'Administracion de empresas'}"
830,Investigación y Gestión de Operaciones,Investigación y Gestión de Operaciones,801095C,03:00:00,True,True,3,4,1,1,26,2,6,Investigación y Gestión de Operaciones,True,,"{'id_university_type_subject': 1, 'type': 'Profesional', 'status': True}","{'id_university_qualification_type': 1, 'description': 'Numerica', 'status': True}","{'id_authorization_program': 26, 'resolution_number': '240-NOC', 'status': True, 'created_at': '2023-08-06 23:16:45', 'updated_at': '2023-08-06 23:16:45', 'id_program': 6, 'id_user': 1}","{'id_university_deparment': 2, 'id_faculty': 7, 'description': 'Escuela de Ingeniería de Sistemas y computación', 'status': True}","{'id_program': 6, 'full_name': 'Contaduría Publica'}"
833,Desarrollo de software I,Desarrollo de software I,750009C,03:00:00,True,True,3,5,1,1,14,2,8,Desarrollo de software I,True,,"{'id_university_type_subject': 1, 'type': 'Profesional', 'status': True}","{'id_university_qualification_type': 1, 'description': 'Numerica', 'status': True}","{'id_authorization_program': 14, 'resolution_number': '217-DIU', 'status': True, 'created_at': '2023-01-30 21:30:48', 'updated_at': '2023-01-30 21:30:48', 'id_program': 8, 'id_user': 1}","{'id_university_deparment': 2, 'id_faculty': 7, 'description': 'Escuela de Ingeniería de Sistemas y computación', 'status': True}","{'id_program': 8, 'full_name': 'Tecnología en Desarrollo de Software'}"
840,Fundamentos de  Programación Orientada a Objetos,Fundamentos de  Programación Orientada a Objetos,750015C,03:00:00,True,True,3,2,1,1,29,2,8,Fundamentos de  Programación Orientada a Objetos,True,,"{'id_university_type_subject': 1, 'type': 'Profesional', 'status': True}","{'id_university_qualification_type': 1, 'description': 'Numerica', 'status': True}","{'id_authorization_program': 29, 'resolution_number': '217-NOC', 'status': True, 'created_at': '2023-08-09 14:20:51', 'updated_at': '2023-08-09 14:20:51', 'id_program': 8, 'id_user': 1}","{'id_university_deparment': 2, 'id_faculty': 7, 'description': 'Escuela de Ingeniería de Sistemas y computación', 'status': True}","{'id_program': 8, 'full_name': 'Tecnología en Desarrollo de Software'}"
841,Fundamentos de redes,Fundamentos de redes,750010C,03:00:00,True,True,3,4,1,1,29,2,8,Fundamentos de redes,True,,"{'id_university_type_subject': 1, 'type': 'Profesional', 'status': True}","{'id_university_qualification_type': 1, 'description': 'Numerica', 'status': True}","{'id_authorization_program': 29, 'resolution_number': '217-NOC', 'status': True, 'created_at': '2023-08-09 14:20:51', 'updated_at': '2023-08-09 14:20:51', 'id_program': 8, 'id_user': 1}","{'id_university_deparment': 2, 'id_faculty': 7, 'description': 'Escuela de Ingeniería de Sistemas y computación', 'status': True}","{'id_program': 8, 'full_name': 'Tecnología en Desarrollo de Software'}"
844,Análilsis y Diseño de Algoritmos I,Análilsis y Diseño de Algoritmos I,750008C,04:00:00,True,True,3,4,1,1,29,2,8,Análilsis y Diseño de Algoritmos I,True,,"{'id_university_type_subject': 1, 'type': 'Profesional', 'status': True}","{'id_university_qualification_type': 1, 'description': 'Numerica', 'status': True}","{'id_authorization_program': 29, 'resolution_number': '217-NOC', 'status': True, 'created_at': '2023-08-09 14:20:51', 'updated_at': '2023-08-09 14:20:51', 'id_program': 8, 'id_user': 1}","{'id_university_deparment': 2, 'id_faculty': 7, 'description': 'Escuela de Ingeniería de Sistemas y computación', 'status': True}","{'id_program': 8, 'full_name': 'Tecnología en Desarrollo de Software'}"
845,Bases de Datos ,Bases de Datos ,750006C,04:00:00,True,True,3,4,1,1,29,2,8,Bases de Datos ,True,,"{'id_university_type_subject': 1, 'type': 'Profesional', 'status': True}","{'id_university_qualification_type': 1, 'description': 'Numerica', 'status': True}","{'id_authorization_program': 29, 'resolution_number': '217-NOC', 'status': True, 'created_at': '2023-08-09 14:20:51', 'updated_at': '2023-08-09 14:20:51', 'id_program': 8, 'id_user': 1}","{'id_university_deparment': 2, 'id_faculty': 7, 'description': 'Escuela de Ingeniería de Sistemas y computación', 'status': True}","{'id_program': 8, 'full_name': 'Tecnología en Desarrollo de Software'}"
861,Taller de Representación IV - Gestión multimodal del dibujo ,Taller de Representación IV - Gestión multimodal del dibujo ,501013C,06:00:00,True,True,3,4,1,1,5,2,4,Taller de Representación IV - Gestión multimodal del dibujo ,True,,"{'id_university_type_subject': 1, 'type': 'Profesional', 'status': True}","{'id_university_qualification_type': 1, 'description': 'Numerica', 'status': True}","{'id_authorization_program': 5, 'resolution_number': '128', 'status': True, 'created_at': '2023-01-16 13:56:28', 'updated_at': '2023-01-16 13:56:28', 'id_program': 4, 'id_user': 1}","{'id_university_deparment': 2, 'id_faculty': 7, 'description': 'Escuela de Ingeniería de Sistemas y computación', 'status': True}","{'id_program': 4, 'full_name': 'Construccion'}"
850,Introducción a la Practica,Introducción a la Practica,207025M,04:00:00,True,True,3,7,1,1,6,2,5,Introducción a la Practica,True,,"{'id_university_type_subject': 1, 'type': 'Profesional', 'status': True}","{'id_university_qualification_type': 1, 'description': 'Numerica', 'status': True}","{'id_authorization_program': 6, 'resolution_number': '011', 'status': True, 'created_at': '2023-01-16 13:57:22', 'updated_at': '2023-01-16 13:57:22', 'id_program': 5, 'id_user': 1}","{'id_university_deparment': 2, 'id_faculty': 7, 'description': 'Escuela de Ingeniería de Sistemas y computación', 'status': True}","{'id_program': 5, 'full_name': 'Trabajo social'}"
835,Impactos ambientales,Impactos ambientales,701004C,05:00:00,True,True,3,5,1,1,14,2,8,Impactos ambientales,True,,"{'id_university_type_subject': 1, 'type': 'Profesional', 'status': True}","{'id_university_qualification_type': 1, 'description': 'Numerica', 'status': True}","{'id_authorization_program': 14, 'resolution_number': '217-DIU', 'status': True, 'created_at': '2023-01-30 21:30:48', 'updated_at': '2023-01-30 21:30:48', 'id_program': 8, 'id_user': 1}","{'id_university_deparment': 2, 'id_faculty': 7, 'description': 'Escuela de Ingeniería de Sistemas y computación', 'status': True}","{'id_program': 8, 'full_name': 'Tecnología en Desarrollo de Software'}"
836,Desarrollo de Aplicaciones para Dispositivos Móviles,Desarrollo de Aplicaciones para Dispositivos Móviles,750026C,03:00:00,False,False,3,6,1,1,14,2,8,Desarrollo de Aplicaciones para Dispositivos Móviles,True,,"{'id_university_type_subject': 1, 'type': 'Profesional', 'status': True}","{'id_university_qualification_type': 1, 'description': 'Numerica', 'status': True}","{'id_authorization_program': 14, 'resolution_number': '217-DIU', 'status': True, 'created_at': '2023-01-30 21:30:48', 'updated_at': '2023-01-30 21:30:48', 'id_program': 8, 'id_user': 1}","{'id_university_deparment': 2, 'id_faculty': 7, 'description': 'Escuela de Ingeniería de Sistemas y computación', 'status': True}","{'id_program': 8, 'full_name': 'Tecnología en Desarrollo de Software'}"
705,Inglés con fines generales y académicos II,Inglés con fines generales y académicos II,204026C,04:00:00,True,True,3,4,1,1,19,2,2,Inglés con fines generales y académicos II,True,,"{'id_university_type_subject': 1, 'type': 'Profesional', 'status': True}","{'id_university_qualification_type': 1, 'description': 'Numerica', 'status': True}","{'id_authorization_program': 19, 'resolution_number': '246-DIU', 'status': True, 'created_at': '2023-02-15 02:05:28', 'updated_at': '2023-02-15 02:05:28', 'id_program': 2, 'id_user': 1}","{'id_university_deparment': 2, 'id_faculty': 7, 'description': 'Escuela de Ingeniería de Sistemas y computación', 'status': True}","{'id_program': 2, 'full_name': 'Administracion de empresas'}"
860,Taller de Representación II - Representar las ideas,Taller de Representación II - Representar las ideas,501003C,06:00:00,True,True,3,2,1,1,5,2,4,Taller de Representación II - Representar las ideas,True,,"{'id_university_type_subject': 1, 'type': 'Profesional', 'status': True}","{'id_university_qualification_type': 1, 'description': 'Numerica', 'status': True}","{'id_authorization_program': 5, 'resolution_number': '128', 'status': True, 'created_at': '2023-01-16 13:56:28', 'updated_at': '2023-01-16 13:56:28', 'id_program': 4, 'id_user': 1}","{'id_university_deparment': 2, 'id_faculty': 7, 'description': 'Escuela de Ingeniería de Sistemas y computación', 'status': True}","{'id_program': 4, 'full_name': 'Construccion'}"
865,Taller Construcción de edificaciones  III,Taller Construcción de edificaciones  III,502026C,04:00:00,True,True,3,4,1,1,5,2,4,Taller Construcción de edificaciones  III,True,,"{'id_university_type_subject': 1, 'type': 'Profesional', 'status': True}","{'id_university_qualification_type': 1, 'description': 'Numerica', 'status': True}","{'id_authorization_program': 5, 'resolution_number': '128', 'status': True, 'created_at': '2023-01-16 13:56:28', 'updated_at': '2023-01-16 13:56:28', 'id_program': 4, 'id_user': 1}","{'id_university_deparment': 2, 'id_faculty': 7, 'description': 'Escuela de Ingeniería de Sistemas y computación', 'status': True}","{'id_program': 4, 'full_name': 'Construccion'}"
849,Sistematización de Experiencias ,Sistematización de Experiencias ,207089M,03:00:00,True,True,3,7,1,1,6,2,5,Sistematización de Experiencias ,True,,"{'id_university_type_subject': 1, 'type': 'Profesional', 'status': True}","{'id_university_qualification_type': 1, 'description': 'Numerica', 'status': True}","{'id_authorization_program': 6, 'resolution_number': '011', 'status': True, 'created_at': '2023-01-16 13:57:22', 'updated_at': '2023-01-16 13:57:22', 'id_program': 5, 'id_user': 1}","{'id_university_deparment': 2, 'id_faculty': 7, 'description': 'Escuela de Ingeniería de Sistemas y computación', 'status': True}","{'id_program': 5, 'full_name': 'Trabajo social'}"
847,DEPORTE Y SALUD,DEPORTE Y SALUD,404002C,03:00:00,False,False,2,1,2,1,6,2,8,DEPORTE Y SALUD,True,,"{'id_university_type_subject': 2, 'type': 'Basica', 'status': True}","{'id_university_qualification_type': 1, 'description': 'Numerica', 'status': True}","{'id_authorization_program': 6, 'resolution_number': '011', 'status': True, 'created_at': '2023-01-16 13:57:22', 'updated_at': '2023-01-16 13:57:22', 'id_program': 5, 'id_user': 1}","{'id_university_deparment': 2, 'id_faculty': 7, 'description': 'Escuela de Ingeniería de Sistemas y computación', 'status': True}","{'id_program': 8, 'full_name': 'Tecnología en Desarrollo de Software'}"
848,Herramientas para hablar en público,Herramientas para hablar en público,405126M,03:00:00,True,True,3,3,1,1,6,2,5,Herramientas para hablar en público,True,,"{'id_university_type_subject': 1, 'type': 'Profesional', 'status': True}","{'id_university_qualification_type': 1, 'description': 'Numerica', 'status': True}","{'id_authorization_program': 6, 'resolution_number': '011', 'status': True, 'created_at': '2023-01-16 13:57:22', 'updated_at': '2023-01-16 13:57:22', 'id_program': 5, 'id_user': 1}","{'id_university_deparment': 2, 'id_faculty': 7, 'description': 'Escuela de Ingeniería de Sistemas y computación', 'status': True}","{'id_program': 5, 'full_name': 'Trabajo social'}"
859,Fundamentos de Programación ,Fundamentos de Programación ,750011C,03:00:00,True,True,3,1,1,1,30,2,12,Fundamentos de Programación ,True,,"{'id_university_type_subject': 1, 'type': 'Profesional', 'status': True}","{'id_university_qualification_type': 1, 'description': 'Numerica', 'status': True}","{'id_authorization_program': 30, 'resolution_number': '241-Noc', 'status': True, 'created_at': '2024-01-16 21:41:23', 'updated_at': '2024-01-16 21:41:23', 'id_program': 12, 'id_user': 1}","{'id_university_deparment': 2, 'id_faculty': 7, 'description': 'Escuela de Ingeniería de Sistemas y computación', 'status': True}","{'id_program': 12, 'full_name': 'Tecnologia en Electronica Industrial'}"
862,Estructuras III,Estructuras III,502020C,03:00:00,True,True,3,4,1,1,5,2,4,Estructuras III,True,,"{'id_university_type_subject': 1, 'type': 'Profesional', 'status': True}","{'id_university_qualification_type': 1, 'description': 'Numerica', 'status': True}","{'id_authorization_program': 5, 'resolution_number': '128', 'status': True, 'created_at': '2023-01-16 13:56:28', 'updated_at': '2023-01-16 13:56:28', 'id_program': 4, 'id_user': 1}","{'id_university_deparment': 2, 'id_faculty': 7, 'description': 'Escuela de Ingeniería de Sistemas y computación', 'status': True}","{'id_program': 4, 'full_name': 'Construccion'}"
853,Diseño y sondeo,Diseño y sondeo,207034M,04:00:00,True,True,3,7,1,1,6,2,5,Diseño y sondeo,True,,"{'id_university_type_subject': 1, 'type': 'Profesional', 'status': True}","{'id_university_qualification_type': 1, 'description': 'Numerica', 'status': True}","{'id_authorization_program': 6, 'resolution_number': '011', 'status': True, 'created_at': '2023-01-16 13:57:22', 'updated_at': '2023-01-16 13:57:22', 'id_program': 5, 'id_user': 1}","{'id_university_deparment': 2, 'id_faculty': 7, 'description': 'Escuela de Ingeniería de Sistemas y computación', 'status': True}","{'id_program': 5, 'full_name': 'Trabajo social'}"
863,Construcción de Edificaciones III,Construcción de Edificaciones III,502024C,03:00:00,True,True,3,4,1,1,5,2,4,Construcción de Edificaciones III,True,,"{'id_university_type_subject': 1, 'type': 'Profesional', 'status': True}","{'id_university_qualification_type': 1, 'description': 'Numerica', 'status': True}","{'id_authorization_program': 5, 'resolution_number': '128', 'status': True, 'created_at': '2023-01-16 13:56:28', 'updated_at': '2023-01-16 13:56:28', 'id_program': 4, 'id_user': 1}","{'id_university_deparment': 2, 'id_faculty': 7, 'description': 'Escuela de Ingeniería de Sistemas y computación', 'status': True}","{'id_program': 4, 'full_name': 'Construccion'}"
864,Arte y Ciudad,Arte y Ciudad,503067M,04:00:00,True,True,3,4,1,1,5,2,4,Arte y Ciudad,True,,"{'id_university_type_subject': 1, 'type': 'Profesional', 'status': True}","{'id_university_qualification_type': 1, 'description': 'Numerica', 'status': True}","{'id_authorization_program': 5, 'resolution_number': '128', 'status': True, 'created_at': '2023-01-16 13:56:28', 'updated_at': '2023-01-16 13:56:28', 'id_program': 4, 'id_user': 1}","{'id_university_deparment': 2, 'id_faculty': 7, 'description': 'Escuela de Ingeniería de Sistemas y computación', 'status': True}","{'id_program': 4, 'full_name': 'Construccion'}"
852,Orientación  Familiar,Orientación  Familiar,207036M,03:00:00,True,True,3,7,1,1,6,2,5,Orientación  Familiar,True,,"{'id_university_type_subject': 1, 'type': 'Profesional', 'status': True}","{'id_university_qualification_type': 1, 'description': 'Numerica', 'status': True}","{'id_authorization_program': 6, 'resolution_number': '011', 'status': True, 'created_at': '2023-01-16 13:57:22', 'updated_at': '2023-01-16 13:57:22', 'id_program': 5, 'id_user': 1}","{'id_university_deparment': 2, 'id_faculty': 7, 'description': 'Escuela de Ingeniería de Sistemas y computación', 'status': True}","{'id_program': 5, 'full_name': 'Trabajo social'}"
855,Inserción a la Vida Universitaria,Inserción a la Vida Universitaria,701001C,02:00:00,True,True,3,1,1,1,30,2,12,Inserción a la Vida Universitaria,True,,"{'id_university_type_subject': 1, 'type': 'Profesional', 'status': True}","{'id_university_qualification_type': 1, 'description': 'Numerica', 'status': True}","{'id_authorization_program': 30, 'resolution_number': '241-Noc', 'status': True, 'created_at': '2024-01-16 21:41:23', 'updated_at': '2024-01-16 21:41:23', 'id_program': 12, 'id_user': 1}","{'id_university_deparment': 2, 'id_faculty': 7, 'description': 'Escuela de Ingeniería de Sistemas y computación', 'status': True}","{'id_program': 12, 'full_name': 'Tecnologia en Electronica Industrial'}"
858,Matemáticas Básicas,Matemáticas Básicas,111023C,05:00:00,True,True,3,1,1,1,30,2,12,Matemáticas Básicas,True,,"{'id_university_type_subject': 1, 'type': 'Profesional', 'status': True}","{'id_university_qualification_type': 1, 'description': 'Numerica', 'status': True}","{'id_authorization_program': 30, 'resolution_number': '241-Noc', 'status': True, 'created_at': '2024-01-16 21:41:23', 'updated_at': '2024-01-16 21:41:23', 'id_program': 12, 'id_user': 1}","{'id_university_deparment': 2, 'id_faculty': 7, 'description': 'Escuela de Ingeniería de Sistemas y computación', 'status': True}","{'id_program': 12, 'full_name': 'Tecnologia en Electronica Industrial'}"
857,Introducción a las Tecnologías,Introducción a las Tecnologías,701005C,02:00:00,True,True,3,1,1,1,30,2,12,Introducción a las Tecnologías,True,,"{'id_university_type_subject': 1, 'type': 'Profesional', 'status': True}","{'id_university_qualification_type': 1, 'description': 'Numerica', 'status': True}","{'id_authorization_program': 30, 'resolution_number': '241-Noc', 'status': True, 'created_at': '2024-01-16 21:41:23', 'updated_at': '2024-01-16 21:41:23', 'id_program': 12, 'id_user': 1}","{'id_university_deparment': 2, 'id_faculty': 7, 'description': 'Escuela de Ingeniería de Sistemas y computación', 'status': True}","{'id_program': 12, 'full_name': 'Tecnologia en Electronica Industrial'}"
851,Educación Popular y trabajo Social,Educación Popular y trabajo Social,207092M,03:00:00,True,True,3,7,1,1,6,2,5,Educación Popular y trabajo Social,True,,"{'id_university_type_subject': 1, 'type': 'Profesional', 'status': True}","{'id_university_qualification_type': 1, 'description': 'Numerica', 'status': True}","{'id_authorization_program': 6, 'resolution_number': '011', 'status': True, 'created_at': '2023-01-16 13:57:22', 'updated_at': '2023-01-16 13:57:22', 'id_program': 5, 'id_user': 1}","{'id_university_deparment': 2, 'id_faculty': 7, 'description': 'Escuela de Ingeniería de Sistemas y computación', 'status': True}","{'id_program': 5, 'full_name': 'Trabajo social'}"
854,Niñez y Trabajo Social,Niñez y Trabajo Social,207111M,03:00:00,True,True,3,7,1,1,6,2,5,Niñez y Trabajo Social,True,,"{'id_university_type_subject': 1, 'type': 'Profesional', 'status': True}","{'id_university_qualification_type': 1, 'description': 'Numerica', 'status': True}","{'id_authorization_program': 6, 'resolution_number': '011', 'status': True, 'created_at': '2023-01-16 13:57:22', 'updated_at': '2023-01-16 13:57:22', 'id_program': 5, 'id_user': 1}","{'id_university_deparment': 2, 'id_faculty': 7, 'description': 'Escuela de Ingeniería de Sistemas y computación', 'status': True}","{'id_program': 5, 'full_name': 'Trabajo social'}"
838,Inglés con fines generales y académicos I,Inglés con fines generales y académicos I,204025C,04:00:00,True,True,3,3,1,1,14,2,8,Inglés con fines generales y académicos I,True,,"{'id_university_type_subject': 1, 'type': 'Profesional', 'status': True}","{'id_university_qualification_type': 1, 'description': 'Numerica', 'status': True}","{'id_authorization_program': 14, 'resolution_number': '217-DIU', 'status': True, 'created_at': '2023-01-30 21:30:48', 'updated_at': '2023-01-30 21:30:48', 'id_program': 8, 'id_user': 1}","{'id_university_deparment': 2, 'id_faculty': 7, 'description': 'Escuela de Ingeniería de Sistemas y computación', 'status': True}","{'id_program': 8, 'full_name': 'Tecnología en Desarrollo de Software'}"
856,Lectura Crítica,Lectura Crítica,204024C,03:00:00,True,True,3,1,1,1,30,2,12,Lectura Crítica,True,,"{'id_university_type_subject': 1, 'type': 'Profesional', 'status': True}","{'id_university_qualification_type': 1, 'description': 'Numerica', 'status': True}","{'id_authorization_program': 30, 'resolution_number': '241-Noc', 'status': True, 'created_at': '2024-01-16 21:41:23', 'updated_at': '2024-01-16 21:41:23', 'id_program': 12, 'id_user': 1}","{'id_university_deparment': 2, 'id_faculty': 7, 'description': 'Escuela de Ingeniería de Sistemas y computación', 'status': True}","{'id_program': 12, 'full_name': 'Tecnologia en Electronica Industrial'}"
842,Probabilidad y Estadistica,Probabilidad y Estadistica,761001C,04:00:00,True,True,3,4,1,1,29,2,8,Probabilidad y Estadistica,True,,"{'id_university_type_subject': 1, 'type': 'Profesional', 'status': True}","{'id_university_qualification_type': 1, 'description': 'Numerica', 'status': True}","{'id_authorization_program': 29, 'resolution_number': '217-NOC', 'status': True, 'created_at': '2023-08-09 14:20:51', 'updated_at': '2023-08-09 14:20:51', 'id_program': 8, 'id_user': 1}","{'id_university_deparment': 2, 'id_faculty': 7, 'description': 'Escuela de Ingeniería de Sistemas y computación', 'status': True}","{'id_program': 8, 'full_name': 'Tecnología en Desarrollo de Software'}"
839,DEPORTE Y SALUD,DEPORTE Y SALUD,404002C,03:00:00,False,False,2,1,2,1,14,2,8,DEPORTE Y SALUD,True,,"{'id_university_type_subject': 2, 'type': 'Basica', 'status': True}","{'id_university_qualification_type': 1, 'description': 'Numerica', 'status': True}","{'id_authorization_program': 14, 'resolution_number': '217-DIU', 'status': True, 'created_at': '2023-01-30 21:30:48', 'updated_at': '2023-01-30 21:30:48', 'id_program': 8, 'id_user': 1}","{'id_university_deparment': 2, 'id_faculty': 7, 'description': 'Escuela de Ingeniería de Sistemas y computación', 'status': True}","{'id_program': 8, 'full_name': 'Tecnología en Desarrollo de Software'}"
837,Proyecto Integrador I (Proyecto Tecnológico),Proyecto Integrador I (Proyecto Tecnológico),750018C,04:00:00,True,True,3,5,1,1,14,2,8,Proyecto Integrador I (Proyecto Tecnológico),True,,"{'id_university_type_subject': 1, 'type': 'Profesional', 'status': True}","{'id_university_qualification_type': 1, 'description': 'Numerica', 'status': True}","{'id_authorization_program': 14, 'resolution_number': '217-DIU', 'status': True, 'created_at': '2023-01-30 21:30:48', 'updated_at': '2023-01-30 21:30:48', 'id_program': 8, 'id_user': 1}","{'id_university_deparment': 2, 'id_faculty': 7, 'description': 'Escuela de Ingeniería de Sistemas y computación', 'status': True}","{'id_program': 8, 'full_name': 'Tecnología en Desarrollo de Software'}"
876,Desarrollo de aplicaciones para Dispositivos Móviles,Desarrollo de aplicaciones para Dispositivos Móviles,750124M,03:00:00,True,True,3,9,1,1,3,2,8,Desarrollo de aplicaciones para Dispositivos Móviles,True,,"{'id_university_type_subject': 1, 'type': 'Profesional', 'status': True}","{'id_university_qualification_type': 1, 'description': 'Numerica', 'status': True}","{'id_authorization_program': 3, 'resolution_number': '048', 'status': True, 'created_at': '2022-12-17 19:11:05', 'updated_at': '2022-12-17 19:11:05', 'id_program': 1, 'id_user': 1}","{'id_university_deparment': 2, 'id_faculty': 7, 'description': 'Escuela de Ingeniería de Sistemas y computación', 'status': True}","{'id_program': 8, 'full_name': 'Tecnología en Desarrollo de Software'}"
878,Fundamentos de Interpretación y Compilación de LP,Fundamentos de Interpretación y Compilación de LP,750017C,04:00:00,True,True,3,5,1,1,2,2,8,Fundamentos de Interpretación y Compilación de LP,True,,"{'id_university_type_subject': 1, 'type': 'Profesional', 'status': True}","{'id_university_qualification_type': 1, 'description': 'Numerica', 'status': True}","{'id_authorization_program': 2, 'resolution_number': '047', 'status': True, 'created_at': '2022-12-17 19:03:33', 'updated_at': '2022-12-17 19:03:33', 'id_program': 1, 'id_user': 1}","{'id_university_deparment': 2, 'id_faculty': 7, 'description': 'Escuela de Ingeniería de Sistemas y computación', 'status': True}","{'id_program': 8, 'full_name': 'Tecnología en Desarrollo de Software'}"
879,Fundamentos de redes,Fundamentos de redes,750010C,03:00:00,True,True,3,5,1,1,2,2,8,Fundamentos de redes,True,,"{'id_university_type_subject': 1, 'type': 'Profesional', 'status': True}","{'id_university_qualification_type': 1, 'description': 'Numerica', 'status': True}","{'id_authorization_program': 2, 'resolution_number': '047', 'status': True, 'created_at': '2022-12-17 19:03:33', 'updated_at': '2022-12-17 19:03:33', 'id_program': 1, 'id_user': 1}","{'id_university_deparment': 2, 'id_faculty': 7, 'description': 'Escuela de Ingeniería de Sistemas y computación', 'status': True}","{'id_program': 8, 'full_name': 'Tecnología en Desarrollo de Software'}"
883,Análilsis y Diseño de Algoritmos I,Análilsis y Diseño de Algoritmos I,750008C,04:00:00,True,True,3,5,1,1,2,2,8,Análilsis y Diseño de Algoritmos I,True,,"{'id_university_type_subject': 1, 'type': 'Profesional', 'status': True}","{'id_university_qualification_type': 1, 'description': 'Numerica', 'status': True}","{'id_authorization_program': 2, 'resolution_number': '047', 'status': True, 'created_at': '2022-12-17 19:03:33', 'updated_at': '2022-12-17 19:03:33', 'id_program': 1, 'id_user': 1}","{'id_university_deparment': 2, 'id_faculty': 7, 'description': 'Escuela de Ingeniería de Sistemas y computación', 'status': True}","{'id_program': 8, 'full_name': 'Tecnología en Desarrollo de Software'}"
870,Biología Celular,Biología Celular,605014C,04:00:00,True,True,3,2,1,1,20,2,11,Biología Celular,True,,"{'id_university_type_subject': 1, 'type': 'Profesional', 'status': True}","{'id_university_qualification_type': 1, 'description': 'Numerica', 'status': True}","{'id_authorization_program': 20, 'resolution_number': '023', 'status': True, 'created_at': '2023-07-30 14:02:40', 'updated_at': '2023-07-30 14:02:40', 'id_program': 11, 'id_user': 1}","{'id_university_deparment': 2, 'id_faculty': 7, 'description': 'Escuela de Ingeniería de Sistemas y computación', 'status': True}","{'id_program': 11, 'full_name': 'Nutricion y dietetica'}"
874,Anatomía,Anatomía,604007C,03:00:00,True,True,3,2,1,1,20,2,11,Anatomía,True,,"{'id_university_type_subject': 1, 'type': 'Profesional', 'status': True}","{'id_university_qualification_type': 1, 'description': 'Numerica', 'status': True}","{'id_authorization_program': 20, 'resolution_number': '023', 'status': True, 'created_at': '2023-07-30 14:02:40', 'updated_at': '2023-07-30 14:02:40', 'id_program': 11, 'id_user': 1}","{'id_university_deparment': 2, 'id_faculty': 7, 'description': 'Escuela de Ingeniería de Sistemas y computación', 'status': True}","{'id_program': 11, 'full_name': 'Nutricion y dietetica'}"
891,Taller de Ingeniería V,Taller de Ingeniería V,745024C,03:00:00,True,True,3,6,1,1,7,2,3,Taller de Ingeniería V,True,,"{'id_university_type_subject': 1, 'type': 'Profesional', 'status': True}","{'id_university_qualification_type': 1, 'description': 'Numerica', 'status': True}","{'id_authorization_program': 7, 'resolution_number': '228', 'status': True, 'created_at': '2023-01-16 14:02:37', 'updated_at': '2023-01-16 14:02:37', 'id_program': 3, 'id_user': 1}","{'id_university_deparment': 2, 'id_faculty': 7, 'description': 'Escuela de Ingeniería de Sistemas y computación', 'status': True}","{'id_program': 3, 'full_name': 'Ingeniería de Alimentos'}"
893,Termodinámica,Termodinámica,780047C,03:00:00,True,True,3,6,1,1,7,2,3,Termodinámica,True,,"{'id_university_type_subject': 1, 'type': 'Profesional', 'status': True}","{'id_university_qualification_type': 1, 'description': 'Numerica', 'status': True}","{'id_authorization_program': 7, 'resolution_number': '228', 'status': True, 'created_at': '2023-01-16 14:02:37', 'updated_at': '2023-01-16 14:02:37', 'id_program': 3, 'id_user': 1}","{'id_university_deparment': 2, 'id_faculty': 7, 'description': 'Escuela de Ingeniería de Sistemas y computación', 'status': True}","{'id_program': 3, 'full_name': 'Ingeniería de Alimentos'}"
866,Taller de Representación IV - Gestión multimodal del dibujo ,Taller de Representación IV - Gestión multimodal del dibujo ,501013C,06:00:00,True,True,3,4,1,1,5,2,4,Taller de Representación IV - Gestión multimodal del dibujo ,True,,"{'id_university_type_subject': 1, 'type': 'Profesional', 'status': True}","{'id_university_qualification_type': 1, 'description': 'Numerica', 'status': True}","{'id_authorization_program': 5, 'resolution_number': '128', 'status': True, 'created_at': '2023-01-16 13:56:28', 'updated_at': '2023-01-16 13:56:28', 'id_program': 4, 'id_user': 1}","{'id_university_deparment': 2, 'id_faculty': 7, 'description': 'Escuela de Ingeniería de Sistemas y computación', 'status': True}","{'id_program': 4, 'full_name': 'Construccion'}"
868,Taller Construcción de edificaciones  III,Taller Construcción de edificaciones  III,502026C,04:00:00,True,True,3,4,1,1,5,2,4,Taller Construcción de edificaciones  III,True,,"{'id_university_type_subject': 1, 'type': 'Profesional', 'status': True}","{'id_university_qualification_type': 1, 'description': 'Numerica', 'status': True}","{'id_authorization_program': 5, 'resolution_number': '128', 'status': True, 'created_at': '2023-01-16 13:56:28', 'updated_at': '2023-01-16 13:56:28', 'id_program': 4, 'id_user': 1}","{'id_university_deparment': 2, 'id_faculty': 7, 'description': 'Escuela de Ingeniería de Sistemas y computación', 'status': True}","{'id_program': 4, 'full_name': 'Construccion'}"
867,Sistemas integrados de gestión,Sistemas integrados de gestión,502025C,03:00:00,True,True,3,4,1,1,5,2,4,Sistemas integrados de gestión,True,,"{'id_university_type_subject': 1, 'type': 'Profesional', 'status': True}","{'id_university_qualification_type': 1, 'description': 'Numerica', 'status': True}","{'id_authorization_program': 5, 'resolution_number': '128', 'status': True, 'created_at': '2023-01-16 13:56:28', 'updated_at': '2023-01-16 13:56:28', 'id_program': 4, 'id_user': 1}","{'id_university_deparment': 2, 'id_faculty': 7, 'description': 'Escuela de Ingeniería de Sistemas y computación', 'status': True}","{'id_program': 4, 'full_name': 'Construccion'}"
872,Química de los alimentos,Química de los alimentos,605013C,06:00:00,True,True,3,2,1,1,20,2,11,Química de los alimentos,True,,"{'id_university_type_subject': 1, 'type': 'Profesional', 'status': True}","{'id_university_qualification_type': 1, 'description': 'Numerica', 'status': True}","{'id_authorization_program': 20, 'resolution_number': '023', 'status': True, 'created_at': '2023-07-30 14:02:40', 'updated_at': '2023-07-30 14:02:40', 'id_program': 11, 'id_user': 1}","{'id_university_deparment': 2, 'id_faculty': 7, 'description': 'Escuela de Ingeniería de Sistemas y computación', 'status': True}","{'id_program': 11, 'full_name': 'Nutricion y dietetica'}"
887,Química de Alimentos II,Química de Alimentos II,745018C,03:00:00,True,True,3,4,1,1,7,2,3,Química de Alimentos II,True,,"{'id_university_type_subject': 1, 'type': 'Profesional', 'status': True}","{'id_university_qualification_type': 1, 'description': 'Numerica', 'status': True}","{'id_authorization_program': 7, 'resolution_number': '228', 'status': True, 'created_at': '2023-01-16 14:02:37', 'updated_at': '2023-01-16 14:02:37', 'id_program': 3, 'id_user': 1}","{'id_university_deparment': 2, 'id_faculty': 7, 'description': 'Escuela de Ingeniería de Sistemas y computación', 'status': True}","{'id_program': 3, 'full_name': 'Ingeniería de Alimentos'}"
884,Propiedades físicas de los alimentos,Propiedades físicas de los alimentos,745014C,03:00:00,True,True,3,4,1,1,7,2,3,Propiedades físicas de los alimentos,True,,"{'id_university_type_subject': 1, 'type': 'Profesional', 'status': True}","{'id_university_qualification_type': 1, 'description': 'Numerica', 'status': True}","{'id_authorization_program': 7, 'resolution_number': '228', 'status': True, 'created_at': '2023-01-16 14:02:37', 'updated_at': '2023-01-16 14:02:37', 'id_program': 3, 'id_user': 1}","{'id_university_deparment': 2, 'id_faculty': 7, 'description': 'Escuela de Ingeniería de Sistemas y computación', 'status': True}","{'id_program': 3, 'full_name': 'Ingeniería de Alimentos'}"
888,Operaciones con sólidos,Operaciones con sólidos,745013C,03:00:00,True,True,3,4,1,1,7,2,3,Operaciones con sólidos,True,,"{'id_university_type_subject': 1, 'type': 'Profesional', 'status': True}","{'id_university_qualification_type': 1, 'description': 'Numerica', 'status': True}","{'id_authorization_program': 7, 'resolution_number': '228', 'status': True, 'created_at': '2023-01-16 14:02:37', 'updated_at': '2023-01-16 14:02:37', 'id_program': 3, 'id_user': 1}","{'id_university_deparment': 2, 'id_faculty': 7, 'description': 'Escuela de Ingeniería de Sistemas y computación', 'status': True}","{'id_program': 3, 'full_name': 'Ingeniería de Alimentos'}"
895,Nutrición y toxicología,Nutrición y toxicología,745012C,03:00:00,True,True,3,6,1,1,7,2,3,Nutrición y toxicología,True,,"{'id_university_type_subject': 1, 'type': 'Profesional', 'status': True}","{'id_university_qualification_type': 1, 'description': 'Numerica', 'status': True}","{'id_authorization_program': 7, 'resolution_number': '228', 'status': True, 'created_at': '2023-01-16 14:02:37', 'updated_at': '2023-01-16 14:02:37', 'id_program': 3, 'id_user': 1}","{'id_university_deparment': 2, 'id_faculty': 7, 'description': 'Escuela de Ingeniería de Sistemas y computación', 'status': True}","{'id_program': 3, 'full_name': 'Ingeniería de Alimentos'}"
871,"Nucleo II Vida, salud, enfermedad, acción social","Nucleo II Vida, salud, enfermedad, acción social",607002C,03:00:00,True,True,3,2,1,1,20,2,11,"Nucleo II Vida, salud, enfermedad, acción social",True,,"{'id_university_type_subject': 1, 'type': 'Profesional', 'status': True}","{'id_university_qualification_type': 1, 'description': 'Numerica', 'status': True}","{'id_authorization_program': 20, 'resolution_number': '023', 'status': True, 'created_at': '2023-07-30 14:02:40', 'updated_at': '2023-07-30 14:02:40', 'id_program': 11, 'id_user': 1}","{'id_university_deparment': 2, 'id_faculty': 7, 'description': 'Escuela de Ingeniería de Sistemas y computación', 'status': True}","{'id_program': 11, 'full_name': 'Nutricion y dietetica'}"
894,Mecánica de fluidos,Mecánica de fluidos,780046C,03:00:00,True,True,3,6,1,1,7,2,3,Mecánica de fluidos,True,,"{'id_university_type_subject': 1, 'type': 'Profesional', 'status': True}","{'id_university_qualification_type': 1, 'description': 'Numerica', 'status': True}","{'id_authorization_program': 7, 'resolution_number': '228', 'status': True, 'created_at': '2023-01-16 14:02:37', 'updated_at': '2023-01-16 14:02:37', 'id_program': 3, 'id_user': 1}","{'id_university_deparment': 2, 'id_faculty': 7, 'description': 'Escuela de Ingeniería de Sistemas y computación', 'status': True}","{'id_program': 3, 'full_name': 'Ingeniería de Alimentos'}"
890,Inglés con fines generales y académicos III,Inglés con fines generales y académicos III,204027C,04:00:00,True,True,3,5,1,1,7,2,3,Inglés con fines generales y académicos III,True,,"{'id_university_type_subject': 1, 'type': 'Profesional', 'status': True}","{'id_university_qualification_type': 1, 'description': 'Numerica', 'status': True}","{'id_authorization_program': 7, 'resolution_number': '228', 'status': True, 'created_at': '2023-01-16 14:02:37', 'updated_at': '2023-01-16 14:02:37', 'id_program': 3, 'id_user': 1}","{'id_university_deparment': 2, 'id_faculty': 7, 'description': 'Escuela de Ingeniería de Sistemas y computación', 'status': True}","{'id_program': 3, 'full_name': 'Ingeniería de Alimentos'}"
892,Ingeniería económica,Ingeniería económica,760016C,03:00:00,True,True,3,6,1,1,7,2,3,Ingeniería económica,True,,"{'id_university_type_subject': 1, 'type': 'Profesional', 'status': True}","{'id_university_qualification_type': 1, 'description': 'Numerica', 'status': True}","{'id_authorization_program': 7, 'resolution_number': '228', 'status': True, 'created_at': '2023-01-16 14:02:37', 'updated_at': '2023-01-16 14:02:37', 'id_program': 3, 'id_user': 1}","{'id_university_deparment': 2, 'id_faculty': 7, 'description': 'Escuela de Ingeniería de Sistemas y computación', 'status': True}","{'id_program': 3, 'full_name': 'Ingeniería de Alimentos'}"
877,Ciberseguridad,Ciberseguridad,750024C,03:00:00,False,False,3,10,1,1,3,2,8,Ciberseguridad,True,,"{'id_university_type_subject': 1, 'type': 'Profesional', 'status': True}","{'id_university_qualification_type': 1, 'description': 'Numerica', 'status': True}","{'id_authorization_program': 3, 'resolution_number': '048', 'status': True, 'created_at': '2022-12-17 19:11:05', 'updated_at': '2022-12-17 19:11:05', 'id_program': 1, 'id_user': 1}","{'id_university_deparment': 2, 'id_faculty': 7, 'description': 'Escuela de Ingeniería de Sistemas y computación', 'status': True}","{'id_program': 8, 'full_name': 'Tecnología en Desarrollo de Software'}"
875,Experimentación Física I,Experimentación Física I,106070M,03:00:00,True,True,3,6,1,1,3,2,1,Experimentación Física I,True,,"{'id_university_type_subject': 1, 'type': 'Profesional', 'status': True}","{'id_university_qualification_type': 1, 'description': 'Numerica', 'status': True}","{'id_authorization_program': 3, 'resolution_number': '048', 'status': True, 'created_at': '2022-12-17 19:11:05', 'updated_at': '2022-12-17 19:11:05', 'id_program': 1, 'id_user': 1}","{'id_university_deparment': 2, 'id_faculty': 7, 'description': 'Escuela de Ingeniería de Sistemas y computación', 'status': True}","{'id_program': 1, 'full_name': 'Ingeniería de Sistemas'}"
897,Evaluación financiera de proyectos,Evaluación financiera de proyectos,802010,03:00:00,True,True,3,9,1,1,28,2,6,Evaluación financiera de proyectos,True,,"{'id_university_type_subject': 1, 'type': 'Profesional', 'status': True}","{'id_university_qualification_type': 1, 'description': 'Numerica', 'status': True}","{'id_authorization_program': 28, 'resolution_number': '091-DIU', 'status': True, 'created_at': '2023-08-06 23:28:03', 'updated_at': '2023-08-06 23:28:03', 'id_program': 6, 'id_user': 1}","{'id_university_deparment': 2, 'id_faculty': 7, 'description': 'Escuela de Ingeniería de Sistemas y computación', 'status': True}","{'id_program': 6, 'full_name': 'Contaduría Publica'}"
873,Bioestadística descriptiva y analítica,Bioestadística descriptiva y analítica,607006C,02:00:00,True,True,3,2,1,1,20,2,11,Bioestadística descriptiva y analítica,True,,"{'id_university_type_subject': 1, 'type': 'Profesional', 'status': True}","{'id_university_qualification_type': 1, 'description': 'Numerica', 'status': True}","{'id_authorization_program': 20, 'resolution_number': '023', 'status': True, 'created_at': '2023-07-30 14:02:40', 'updated_at': '2023-07-30 14:02:40', 'id_program': 11, 'id_user': 1}","{'id_university_deparment': 2, 'id_faculty': 7, 'description': 'Escuela de Ingeniería de Sistemas y computación', 'status': True}","{'id_program': 11, 'full_name': 'Nutricion y dietetica'}"
889,Gestión de la calidad e inocuidad de los alimentos,Gestión de la calidad e inocuidad de los alimentos,745008C,03:00:00,True,True,3,6,1,1,7,2,3,Gestión de la calidad e inocuidad de los alimentos,True,,"{'id_university_type_subject': 1, 'type': 'Profesional', 'status': True}","{'id_university_qualification_type': 1, 'description': 'Numerica', 'status': True}","{'id_authorization_program': 7, 'resolution_number': '228', 'status': True, 'created_at': '2023-01-16 14:02:37', 'updated_at': '2023-01-16 14:02:37', 'id_program': 3, 'id_user': 1}","{'id_university_deparment': 2, 'id_faculty': 7, 'description': 'Escuela de Ingeniería de Sistemas y computación', 'status': True}","{'id_program': 3, 'full_name': 'Ingeniería de Alimentos'}"
885,Taller de Ingeniería de Alimentos III,Taller de Ingeniería de Alimentos III,745022C,03:00:00,True,True,3,4,2,1,7,2,3,Taller de Ingeniería de Alimentos III,False,,"{'id_university_type_subject': 2, 'type': 'Basica', 'status': True}","{'id_university_qualification_type': 1, 'description': 'Numerica', 'status': True}","{'id_authorization_program': 7, 'resolution_number': '228', 'status': True, 'created_at': '2023-01-16 14:02:37', 'updated_at': '2023-01-16 14:02:37', 'id_program': 3, 'id_user': 1}","{'id_university_deparment': 2, 'id_faculty': 7, 'description': 'Escuela de Ingeniería de Sistemas y computación', 'status': True}","{'id_program': 3, 'full_name': 'Ingeniería de Alimentos'}"
896,Electiva Profesional Práctica Industrial,Electiva Profesional Práctica Industrial,745058M,18:00:00,True,True,3,10,1,1,16,2,3,Electiva Profesional Práctica Industrial,True,,"{'id_university_type_subject': 1, 'type': 'Profesional', 'status': True}","{'id_university_qualification_type': 1, 'description': 'Numerica', 'status': True}","{'id_authorization_program': 16, 'resolution_number': '081', 'status': True, 'created_at': '2023-02-09 14:57:44', 'updated_at': '2023-02-09 14:57:44', 'id_program': 3, 'id_user': 1}","{'id_university_deparment': 2, 'id_faculty': 7, 'description': 'Escuela de Ingeniería de Sistemas y computación', 'status': True}","{'id_program': 3, 'full_name': 'Ingeniería de Alimentos'}"
881,Ingeniería económica,Ingeniería económica,760016C,03:00:00,True,True,3,5,1,1,2,2,1,Ingeniería económica,True,,"{'id_university_type_subject': 1, 'type': 'Profesional', 'status': True}","{'id_university_qualification_type': 1, 'description': 'Numerica', 'status': True}","{'id_authorization_program': 2, 'resolution_number': '047', 'status': True, 'created_at': '2022-12-17 19:03:33', 'updated_at': '2022-12-17 19:03:33', 'id_program': 1, 'id_user': 1}","{'id_university_deparment': 2, 'id_faculty': 7, 'description': 'Escuela de Ingeniería de Sistemas y computación', 'status': True}","{'id_program': 1, 'full_name': 'Ingeniería de Sistemas'}"
882,Desarrollo de software I,Desarrollo de software I,750009C,03:00:00,True,True,3,5,1,1,2,2,8,Desarrollo de software I,True,,"{'id_university_type_subject': 1, 'type': 'Profesional', 'status': True}","{'id_university_qualification_type': 1, 'description': 'Numerica', 'status': True}","{'id_authorization_program': 2, 'resolution_number': '047', 'status': True, 'created_at': '2022-12-17 19:03:33', 'updated_at': '2022-12-17 19:03:33', 'id_program': 1, 'id_user': 1}","{'id_university_deparment': 2, 'id_faculty': 7, 'description': 'Escuela de Ingeniería de Sistemas y computación', 'status': True}","{'id_program': 8, 'full_name': 'Tecnología en Desarrollo de Software'}"
913,Salud comunitaria,Salud comunitaria,207038M,03:00:00,True,True,3,7,3,1,6,2,5,Salud comunitaria,True,,"{'id_university_type_subject': 3, 'type': 'Electiva profesional', 'status': True}","{'id_university_qualification_type': 1, 'description': 'Numerica', 'status': True}","{'id_authorization_program': 6, 'resolution_number': '011', 'status': True, 'created_at': '2023-01-16 13:57:22', 'updated_at': '2023-01-16 13:57:22', 'id_program': 5, 'id_user': 1}","{'id_university_deparment': 2, 'id_faculty': 7, 'description': 'Escuela de Ingeniería de Sistemas y computación', 'status': True}","{'id_program': 5, 'full_name': 'Trabajo social'}"
909,"Fundamentos de control, auditoría y aseguramiento","Fundamentos de control, auditoría y aseguramiento",802032C,03:00:00,True,True,3,5,1,1,18,2,6,"Fundamentos de control, auditoría y aseguramiento",True,,"{'id_university_type_subject': 1, 'type': 'Profesional', 'status': True}","{'id_university_qualification_type': 1, 'description': 'Numerica', 'status': True}","{'id_authorization_program': 18, 'resolution_number': '240-DIU', 'status': True, 'created_at': '2023-02-15 01:20:45', 'updated_at': '2023-02-15 01:20:45', 'id_program': 6, 'id_user': 1}","{'id_university_deparment': 2, 'id_faculty': 7, 'description': 'Escuela de Ingeniería de Sistemas y computación', 'status': True}","{'id_program': 6, 'full_name': 'Contaduría Publica'}"
908,Contabilidad pública,Contabilidad pública,802007C,03:00:00,True,True,3,5,1,1,18,2,6,Contabilidad pública,True,,"{'id_university_type_subject': 1, 'type': 'Profesional', 'status': True}","{'id_university_qualification_type': 1, 'description': 'Numerica', 'status': True}","{'id_authorization_program': 18, 'resolution_number': '240-DIU', 'status': True, 'created_at': '2023-02-15 01:20:45', 'updated_at': '2023-02-15 01:20:45', 'id_program': 6, 'id_user': 1}","{'id_university_deparment': 2, 'id_faculty': 7, 'description': 'Escuela de Ingeniería de Sistemas y computación', 'status': True}","{'id_program': 6, 'full_name': 'Contaduría Publica'}"
910,Electiva Profundizacion IV: Mercadeo Virtual,Electiva Profundizacion IV: Mercadeo Virtual,801249M,03:00:00,True,True,3,9,3,1,25,1,2,Electiva Profundizacion IV: Mercadeo Virtual,True,,"{'id_university_type_subject': 3, 'type': 'Electiva profesional', 'status': True}","{'id_university_qualification_type': 1, 'description': 'Numerica', 'status': True}","{'id_authorization_program': 25, 'resolution_number': '038-DIU', 'status': True, 'created_at': '2023-08-05 03:13:15', 'updated_at': '2023-08-05 03:13:15', 'id_program': 2, 'id_user': 1}","{'id_university_deparment': 1, 'id_faculty': 7, 'description': 'Escuela de Ingeniería Industrial', 'status': True}","{'id_program': 2, 'full_name': 'Administracion de empresas'}"
911,Epistemologia de las ciencias sociales,Epistemologia de las ciencias sociales,207102M,03:00:00,True,True,3,3,2,1,6,2,5,Epistemologia de las ciencias sociales,True,,"{'id_university_type_subject': 2, 'type': 'Basica', 'status': True}","{'id_university_qualification_type': 1, 'description': 'Numerica', 'status': True}","{'id_authorization_program': 6, 'resolution_number': '011', 'status': True, 'created_at': '2023-01-16 13:57:22', 'updated_at': '2023-01-16 13:57:22', 'id_program': 5, 'id_user': 1}","{'id_university_deparment': 2, 'id_faculty': 7, 'description': 'Escuela de Ingeniería de Sistemas y computación', 'status': True}","{'id_program': 5, 'full_name': 'Trabajo social'}"
823,"ELECTIVA Profundizacion I: Consultoria, Asesoria y Mentoria Empresarial","ELECTIVA Profundizacion I: Consultoria, Asesoria y Mentoria Empresarial",801253M,03:00:00,True,True,3,8,1,1,1,2,2,"ELECTIVA Profundizacion I: Consultoria, Asesoria y Mentoria Empresarial",True,,"{'id_university_type_subject': 1, 'type': 'Profesional', 'status': True}","{'id_university_qualification_type': 1, 'description': 'Numerica', 'status': True}","{'id_authorization_program': 1, 'resolution_number': '038-NOC', 'status': True, 'created_at': '2023-01-16 13:32:45', 'updated_at': '2023-01-16 13:32:45', 'id_program': 2, 'id_user': 1}","{'id_university_deparment': 2, 'id_faculty': 7, 'description': 'Escuela de Ingeniería de Sistemas y computación', 'status': True}","{'id_program': 2, 'full_name': 'Administracion de empresas'}"
899,"Ética,Moral y Fe pública","Ética,Moral y Fe pública",802083M,03:00:00,True,True,3,9,1,1,28,2,6,"Ética,Moral y Fe pública",True,,"{'id_university_type_subject': 1, 'type': 'Profesional', 'status': True}","{'id_university_qualification_type': 1, 'description': 'Numerica', 'status': True}","{'id_authorization_program': 28, 'resolution_number': '091-DIU', 'status': True, 'created_at': '2023-08-06 23:28:03', 'updated_at': '2023-08-06 23:28:03', 'id_program': 6, 'id_user': 1}","{'id_university_deparment': 2, 'id_faculty': 7, 'description': 'Escuela de Ingeniería de Sistemas y computación', 'status': True}","{'id_program': 6, 'full_name': 'Contaduría Publica'}"
488,Electiva area profundización IV: Calidad y Productividad,Electiva area profundización IV: Calidad y Productividad,801245M,03:00:00,True,True,3,10,3,1,1,1,2,Electiva area profundización IV: Calidad y Productividad,True,,"{'id_university_type_subject': 3, 'type': 'Electiva profesional', 'status': True}","{'id_university_qualification_type': 1, 'description': 'Numerica', 'status': True}","{'id_authorization_program': 1, 'resolution_number': '038-NOC', 'status': True, 'created_at': '2023-01-16 13:32:45', 'updated_at': '2023-01-16 13:32:45', 'id_program': 2, 'id_user': 1}","{'id_university_deparment': 1, 'id_faculty': 7, 'description': 'Escuela de Ingeniería Industrial', 'status': True}","{'id_program': 2, 'full_name': 'Administracion de empresas'}"
901,Revisoría Fiscal,Revisoría Fiscal,802096M,03:00:00,True,True,3,9,1,1,28,2,6,Revisoría Fiscal,True,,"{'id_university_type_subject': 1, 'type': 'Profesional', 'status': True}","{'id_university_qualification_type': 1, 'description': 'Numerica', 'status': True}","{'id_authorization_program': 28, 'resolution_number': '091-DIU', 'status': True, 'created_at': '2023-08-06 23:28:03', 'updated_at': '2023-08-06 23:28:03', 'id_program': 6, 'id_user': 1}","{'id_university_deparment': 2, 'id_faculty': 7, 'description': 'Escuela de Ingeniería de Sistemas y computación', 'status': True}","{'id_program': 6, 'full_name': 'Contaduría Publica'}"
824,Electiva profundizacion III: Administración de Riesgos,Electiva profundizacion III: Administración de Riesgos,801241M,03:00:00,True,True,3,10,1,1,1,2,2,Electiva profundizacion III: Administración de Riesgos,True,,"{'id_university_type_subject': 1, 'type': 'Profesional', 'status': True}","{'id_university_qualification_type': 1, 'description': 'Numerica', 'status': True}","{'id_authorization_program': 1, 'resolution_number': '038-NOC', 'status': True, 'created_at': '2023-01-16 13:32:45', 'updated_at': '2023-01-16 13:32:45', 'id_program': 2, 'id_user': 1}","{'id_university_deparment': 2, 'id_faculty': 7, 'description': 'Escuela de Ingeniería de Sistemas y computación', 'status': True}","{'id_program': 2, 'full_name': 'Administracion de empresas'}"
898,Resolución de problemas y toma de decisiones,Resolución de problemas y toma de decisiones,801154M,03:00:00,True,True,3,9,1,1,28,2,6,Resolución de problemas y toma de decisiones,True,,"{'id_university_type_subject': 1, 'type': 'Profesional', 'status': True}","{'id_university_qualification_type': 1, 'description': 'Numerica', 'status': True}","{'id_authorization_program': 28, 'resolution_number': '091-DIU', 'status': True, 'created_at': '2023-08-06 23:28:03', 'updated_at': '2023-08-06 23:28:03', 'id_program': 6, 'id_user': 1}","{'id_university_deparment': 2, 'id_faculty': 7, 'description': 'Escuela de Ingeniería de Sistemas y computación', 'status': True}","{'id_program': 6, 'full_name': 'Contaduría Publica'}"
904,Inglés con fines generales y académicos III,Inglés con fines generales y académicos III,204027C,04:00:00,True,True,3,5,1,1,18,2,6,Inglés con fines generales y académicos III,True,,"{'id_university_type_subject': 1, 'type': 'Profesional', 'status': True}","{'id_university_qualification_type': 1, 'description': 'Numerica', 'status': True}","{'id_authorization_program': 18, 'resolution_number': '240-DIU', 'status': True, 'created_at': '2023-02-15 01:20:45', 'updated_at': '2023-02-15 01:20:45', 'id_program': 6, 'id_user': 1}","{'id_university_deparment': 2, 'id_faculty': 7, 'description': 'Escuela de Ingeniería de Sistemas y computación', 'status': True}","{'id_program': 6, 'full_name': 'Contaduría Publica'}"
907,"Humanismo, pensamiento administrativo y organizaciones","Humanismo, pensamiento administrativo y organizaciones",801126C,03:00:00,True,True,3,5,2,1,18,2,6,"Humanismo, pensamiento administrativo y organizaciones",True,,"{'id_university_type_subject': 2, 'type': 'Basica', 'status': True}","{'id_university_qualification_type': 1, 'description': 'Numerica', 'status': True}","{'id_authorization_program': 18, 'resolution_number': '240-DIU', 'status': True, 'created_at': '2023-02-15 01:20:45', 'updated_at': '2023-02-15 01:20:45', 'id_program': 6, 'id_user': 1}","{'id_university_deparment': 2, 'id_faculty': 7, 'description': 'Escuela de Ingeniería de Sistemas y computación', 'status': True}","{'id_program': 6, 'full_name': 'Contaduría Publica'}"
900,Metodología de la investigación contable,Metodología de la investigación contable,802042M,03:00:00,True,True,3,9,1,1,28,2,6,Metodología de la investigación contable,True,,"{'id_university_type_subject': 1, 'type': 'Profesional', 'status': True}","{'id_university_qualification_type': 1, 'description': 'Numerica', 'status': True}","{'id_authorization_program': 28, 'resolution_number': '091-DIU', 'status': True, 'created_at': '2023-08-06 23:28:03', 'updated_at': '2023-08-06 23:28:03', 'id_program': 6, 'id_user': 1}","{'id_university_deparment': 2, 'id_faculty': 7, 'description': 'Escuela de Ingeniería de Sistemas y computación', 'status': True}","{'id_program': 6, 'full_name': 'Contaduría Publica'}"
906,Costos,Costos,802026C,03:00:00,True,True,3,5,1,1,18,2,6,Costos,True,,"{'id_university_type_subject': 1, 'type': 'Profesional', 'status': True}","{'id_university_qualification_type': 1, 'description': 'Numerica', 'status': True}","{'id_authorization_program': 18, 'resolution_number': '240-DIU', 'status': True, 'created_at': '2023-02-15 01:20:45', 'updated_at': '2023-02-15 01:20:45', 'id_program': 6, 'id_user': 1}","{'id_university_deparment': 2, 'id_faculty': 7, 'description': 'Escuela de Ingeniería de Sistemas y computación', 'status': True}","{'id_program': 6, 'full_name': 'Contaduría Publica'}"
912,Inglés con fines generales y académicos II,Inglés con fines generales y académicos II,204357M,05:00:00,True,True,3,4,2,1,6,2,5,Inglés con fines generales y académicos II,True,,"{'id_university_type_subject': 2, 'type': 'Basica', 'status': True}","{'id_university_qualification_type': 1, 'description': 'Numerica', 'status': True}","{'id_authorization_program': 6, 'resolution_number': '011', 'status': True, 'created_at': '2023-01-16 13:57:22', 'updated_at': '2023-01-16 13:57:22', 'id_program': 5, 'id_user': 1}","{'id_university_deparment': 2, 'id_faculty': 7, 'description': 'Escuela de Ingeniería de Sistemas y computación', 'status': True}","{'id_program': 5, 'full_name': 'Trabajo social'}"
903,Contabilidades especiales I,Contabilidades especiales I,802029C,03:00:00,True,True,3,5,1,1,18,2,6,Contabilidades especiales I,True,,"{'id_university_type_subject': 1, 'type': 'Profesional', 'status': True}","{'id_university_qualification_type': 1, 'description': 'Numerica', 'status': True}","{'id_authorization_program': 18, 'resolution_number': '240-DIU', 'status': True, 'created_at': '2023-02-15 01:20:45', 'updated_at': '2023-02-15 01:20:45', 'id_program': 6, 'id_user': 1}","{'id_university_deparment': 2, 'id_faculty': 7, 'description': 'Escuela de Ingeniería de Sistemas y computación', 'status': True}","{'id_program': 6, 'full_name': 'Contaduría Publica'}"
905,Ciencias humanas,Ciencias humanas,801078C,03:00:00,True,True,3,5,1,1,18,2,6,Ciencias humanas,True,,"{'id_university_type_subject': 1, 'type': 'Profesional', 'status': True}","{'id_university_qualification_type': 1, 'description': 'Numerica', 'status': True}","{'id_authorization_program': 18, 'resolution_number': '240-DIU', 'status': True, 'created_at': '2023-02-15 01:20:45', 'updated_at': '2023-02-15 01:20:45', 'id_program': 6, 'id_user': 1}","{'id_university_deparment': 2, 'id_faculty': 7, 'description': 'Escuela de Ingeniería de Sistemas y computación', 'status': True}","{'id_program': 6, 'full_name': 'Contaduría Publica'}"
914,Algebra Lineal,Algebra Lineal,111038C,05:00:00,True,True,3,2,2,1,29,2,8,Algebra Lineal,True,,"{'id_university_type_subject': 2, 'type': 'Basica', 'status': True}","{'id_university_qualification_type': 1, 'description': 'Numerica', 'status': True}","{'id_authorization_program': 29, 'resolution_number': '217-NOC', 'status': True, 'created_at': '2023-08-09 14:20:51', 'updated_at': '2023-08-09 14:20:51', 'id_program': 8, 'id_user': 1}","{'id_university_deparment': 2, 'id_faculty': 7, 'description': 'Escuela de Ingeniería de Sistemas y computación', 'status': True}","{'id_program': 8, 'full_name': 'Tecnología en Desarrollo de Software'}"
916,Álgebra lineal,Álgebra lineal,111038C,05:00:00,True,True,3,2,2,1,7,2,3,Álgebra lineal,True,,"{'id_university_type_subject': 2, 'type': 'Basica', 'status': True}","{'id_university_qualification_type': 1, 'description': 'Numerica', 'status': True}","{'id_authorization_program': 7, 'resolution_number': '228', 'status': True, 'created_at': '2023-01-16 14:02:37', 'updated_at': '2023-01-16 14:02:37', 'id_program': 3, 'id_user': 1}","{'id_university_deparment': 2, 'id_faculty': 7, 'description': 'Escuela de Ingeniería de Sistemas y computación', 'status': True}","{'id_program': 3, 'full_name': 'Ingeniería de Alimentos'}"
924,Fundamentos de Redes,Fundamentos de Redes,750096M,03:00:00,True,True,3,6,2,1,2,2,1,Fundamentos de Redes,False,,"{'id_university_type_subject': 2, 'type': 'Basica', 'status': True}","{'id_university_qualification_type': 1, 'description': 'Numerica', 'status': True}","{'id_authorization_program': 2, 'resolution_number': '047', 'status': True, 'created_at': '2022-12-17 19:03:33', 'updated_at': '2022-12-17 19:03:33', 'id_program': 1, 'id_user': 1}","{'id_university_deparment': 2, 'id_faculty': 7, 'description': 'Escuela de Ingeniería de Sistemas y computación', 'status': True}","{'id_program': 1, 'full_name': 'Ingeniería de Sistemas'}"
918,"Seminario, constitución, legislación ambiental y ética de la ingeniería","Seminario, constitución, legislación ambiental y ética de la ingeniería",730025C,03:00:00,True,True,3,4,2,1,7,2,3,"Seminario, constitución, legislación ambiental y ética de la ingeniería",True,,"{'id_university_type_subject': 2, 'type': 'Basica', 'status': True}","{'id_university_qualification_type': 1, 'description': 'Numerica', 'status': True}","{'id_authorization_program': 7, 'resolution_number': '228', 'status': True, 'created_at': '2023-01-16 14:02:37', 'updated_at': '2023-01-16 14:02:37', 'id_program': 3, 'id_user': 1}","{'id_university_deparment': 2, 'id_faculty': 7, 'description': 'Escuela de Ingeniería de Sistemas y computación', 'status': True}","{'id_program': 3, 'full_name': 'Ingeniería de Alimentos'}"
919,"Seminario, constitución, legislación ambiental y ética de la ingeniería","Seminario, constitución, legislación ambiental y ética de la ingeniería",730025C,03:00:00,True,True,3,4,2,1,7,2,3,"Seminario, constitución, legislación ambiental y ética de la ingeniería",True,,"{'id_university_type_subject': 2, 'type': 'Basica', 'status': True}","{'id_university_qualification_type': 1, 'description': 'Numerica', 'status': True}","{'id_authorization_program': 7, 'resolution_number': '228', 'status': True, 'created_at': '2023-01-16 14:02:37', 'updated_at': '2023-01-16 14:02:37', 'id_program': 3, 'id_user': 1}","{'id_university_deparment': 2, 'id_faculty': 7, 'description': 'Escuela de Ingeniería de Sistemas y computación', 'status': True}","{'id_program': 3, 'full_name': 'Ingeniería de Alimentos'}"
920,"Seminario, constitución, legislación ambiental y ética de la ingeniería","Seminario, constitución, legislación ambiental y ética de la ingeniería",730025C,03:00:00,True,True,3,4,2,1,7,1,3,"Seminario, constitución, legislación ambiental y ética de la ingeniería",True,,"{'id_university_type_subject': 2, 'type': 'Basica', 'status': True}","{'id_university_qualification_type': 1, 'description': 'Numerica', 'status': True}","{'id_authorization_program': 7, 'resolution_number': '228', 'status': True, 'created_at': '2023-01-16 14:02:37', 'updated_at': '2023-01-16 14:02:37', 'id_program': 3, 'id_user': 1}","{'id_university_deparment': 1, 'id_faculty': 7, 'description': 'Escuela de Ingeniería Industrial', 'status': True}","{'id_program': 3, 'full_name': 'Ingeniería de Alimentos'}"
917,Taller de Ingeniería de Alimentos III,Taller de Ingeniería de Alimentos III,745022C,03:00:00,True,True,3,4,2,1,7,2,3,Taller de Ingeniería de Alimentos III,True,,"{'id_university_type_subject': 2, 'type': 'Basica', 'status': True}","{'id_university_qualification_type': 1, 'description': 'Numerica', 'status': True}","{'id_authorization_program': 7, 'resolution_number': '228', 'status': True, 'created_at': '2023-01-16 14:02:37', 'updated_at': '2023-01-16 14:02:37', 'id_program': 3, 'id_user': 1}","{'id_university_deparment': 2, 'id_faculty': 7, 'description': 'Escuela de Ingeniería de Sistemas y computación', 'status': True}","{'id_program': 3, 'full_name': 'Ingeniería de Alimentos'}"
930,"Humanismo, pensamiento administrativo y organizaciones","Humanismo, pensamiento administrativo y organizaciones",801126C,03:00:00,True,True,3,5,2,1,23,2,2,"Humanismo, pensamiento administrativo y organizaciones",True,,"{'id_university_type_subject': 2, 'type': 'Basica', 'status': True}","{'id_university_qualification_type': 1, 'description': 'Numerica', 'status': True}","{'id_authorization_program': 23, 'resolution_number': '246-NOC', 'status': True, 'created_at': '2023-08-05 01:03:25', 'updated_at': '2023-08-05 01:03:25', 'id_program': 2, 'id_user': 1}","{'id_university_deparment': 2, 'id_faculty': 7, 'description': 'Escuela de Ingeniería de Sistemas y computación', 'status': True}","{'id_program': 2, 'full_name': 'Administracion de empresas'}"
926,Matemáticas Financieras,Matemáticas Financieras,802078M,03:00:00,True,True,3,6,2,1,26,2,6,Matemáticas Financieras,True,,"{'id_university_type_subject': 2, 'type': 'Basica', 'status': True}","{'id_university_qualification_type': 1, 'description': 'Numerica', 'status': True}","{'id_authorization_program': 26, 'resolution_number': '240-NOC', 'status': True, 'created_at': '2023-08-06 23:16:45', 'updated_at': '2023-08-06 23:16:45', 'id_program': 6, 'id_user': 1}","{'id_university_deparment': 2, 'id_faculty': 7, 'description': 'Escuela de Ingeniería de Sistemas y computación', 'status': True}","{'id_program': 6, 'full_name': 'Contaduría Publica'}"
915,COMPRENSIÓN Y PRODUCCIÓN DE TEXTOS ACADÉMICOS GENERALES,COMPRENSIÓN Y PRODUCCIÓN DE TEXTOS ACADÉMICOS GENERALES,204133C,03:00:00,False,True,2,2,2,1,7,1,3,COMPRENSIÓN Y PRODUCCIÓN DE TEXTOS ACADÉMICOS GENERALES,True,,"{'id_university_type_subject': 2, 'type': 'Basica', 'status': True}","{'id_university_qualification_type': 1, 'description': 'Numerica', 'status': True}","{'id_authorization_program': 7, 'resolution_number': '228', 'status': True, 'created_at': '2023-01-16 14:02:37', 'updated_at': '2023-01-16 14:02:37', 'id_program': 3, 'id_user': 1}","{'id_university_deparment': 1, 'id_faculty': 7, 'description': 'Escuela de Ingeniería Industrial', 'status': True}","{'id_program': 3, 'full_name': 'Ingeniería de Alimentos'}"
869,COMPRENSIÓN Y PRODUCCIÓN DE TEXTOS ACADÉMICOS GENERALES,COMPRENSIÓN Y PRODUCCIÓN DE TEXTOS ACADÉMICOS GENERALES,204133C,03:00:00,False,True,2,2,2,1,20,1,8,COMPRENSIÓN Y PRODUCCIÓN DE TEXTOS ACADÉMICOS GENERALES,True,,"{'id_university_type_subject': 2, 'type': 'Basica', 'status': True}","{'id_university_qualification_type': 1, 'description': 'Numerica', 'status': True}","{'id_authorization_program': 20, 'resolution_number': '023', 'status': True, 'created_at': '2023-07-30 14:02:40', 'updated_at': '2023-07-30 14:02:40', 'id_program': 11, 'id_user': 1}","{'id_university_deparment': 1, 'id_faculty': 7, 'description': 'Escuela de Ingeniería Industrial', 'status': True}","{'id_program': 8, 'full_name': 'Tecnología en Desarrollo de Software'}"
928,Comercio Exterior,Comercio Exterior,801062M,03:00:00,True,True,3,6,2,1,18,2,6,Comercio Exterior,False,,"{'id_university_type_subject': 2, 'type': 'Basica', 'status': True}","{'id_university_qualification_type': 1, 'description': 'Numerica', 'status': True}","{'id_authorization_program': 18, 'resolution_number': '240-DIU', 'status': True, 'created_at': '2023-02-15 01:20:45', 'updated_at': '2023-02-15 01:20:45', 'id_program': 6, 'id_user': 1}","{'id_university_deparment': 2, 'id_faculty': 7, 'description': 'Escuela de Ingeniería de Sistemas y computación', 'status': True}","{'id_program': 6, 'full_name': 'Contaduría Publica'}"
929,Comercio Exterior,Comercio Exterior,801062M,03:00:00,True,True,3,6,2,1,26,2,6,Comercio Exterior,False,,"{'id_university_type_subject': 2, 'type': 'Basica', 'status': True}","{'id_university_qualification_type': 1, 'description': 'Numerica', 'status': True}","{'id_authorization_program': 26, 'resolution_number': '240-NOC', 'status': True, 'created_at': '2023-08-06 23:16:45', 'updated_at': '2023-08-06 23:16:45', 'id_program': 6, 'id_user': 1}","{'id_university_deparment': 2, 'id_faculty': 7, 'description': 'Escuela de Ingeniería de Sistemas y computación', 'status': True}","{'id_program': 6, 'full_name': 'Contaduría Publica'}"
927,Comercio Exterior,Comercio Exterior,801062M,03:00:00,True,True,3,6,2,1,18,2,6,Comercio Exterior,False,,"{'id_university_type_subject': 2, 'type': 'Basica', 'status': True}","{'id_university_qualification_type': 1, 'description': 'Numerica', 'status': True}","{'id_authorization_program': 18, 'resolution_number': '240-DIU', 'status': True, 'created_at': '2023-02-15 01:20:45', 'updated_at': '2023-02-15 01:20:45', 'id_program': 6, 'id_user': 1}","{'id_university_deparment': 2, 'id_faculty': 7, 'description': 'Escuela de Ingeniería de Sistemas y computación', 'status': True}","{'id_program': 6, 'full_name': 'Contaduría Publica'}"
931,Desarrollo de Software II,Desarrollo de Software II,750021C,04:00:00,True,True,3,5,2,1,14,2,8,Desarrollo de Software II,False,,"{'id_university_type_subject': 2, 'type': 'Basica', 'status': True}","{'id_university_qualification_type': 1, 'description': 'Numerica', 'status': True}","{'id_authorization_program': 14, 'resolution_number': '217-DIU', 'status': True, 'created_at': '2023-01-30 21:30:48', 'updated_at': '2023-01-30 21:30:48', 'id_program': 8, 'id_user': 1}","{'id_university_deparment': 2, 'id_faculty': 7, 'description': 'Escuela de Ingeniería de Sistemas y computación', 'status': True}","{'id_program': 8, 'full_name': 'Tecnología en Desarrollo de Software'}"
834,Simulación y Computación Numérica,Simulación y Computación Numérica,750016C,04:00:00,True,True,3,5,1,1,14,2,8,Simulación y Computación Numérica,True,,"{'id_university_type_subject': 1, 'type': 'Profesional', 'status': True}","{'id_university_qualification_type': 1, 'description': 'Numerica', 'status': True}","{'id_authorization_program': 14, 'resolution_number': '217-DIU', 'status': True, 'created_at': '2023-01-30 21:30:48', 'updated_at': '2023-01-30 21:30:48', 'id_program': 8, 'id_user': 1}","{'id_university_deparment': 2, 'id_faculty': 7, 'description': 'Escuela de Ingeniería de Sistemas y computación', 'status': True}","{'id_program': 8, 'full_name': 'Tecnología en Desarrollo de Software'}"
936,Simulación y Computación Numérica,Simulación y Computación Numérica,750016C,04:00:00,True,True,3,5,1,1,2,2,1,Simulación y Computación Numérica,True,,"{'id_university_type_subject': 1, 'type': 'Profesional', 'status': True}","{'id_university_qualification_type': 1, 'description': 'Numerica', 'status': True}","{'id_authorization_program': 2, 'resolution_number': '047', 'status': True, 'created_at': '2022-12-17 19:03:33', 'updated_at': '2022-12-17 19:03:33', 'id_program': 1, 'id_user': 1}","{'id_university_deparment': 2, 'id_faculty': 7, 'description': 'Escuela de Ingeniería de Sistemas y computación', 'status': True}","{'id_program': 1, 'full_name': 'Ingeniería de Sistemas'}"
880,Simulación y Computación Numérica,Simulación y Computación Numérica,750016C,04:00:00,True,True,3,5,1,1,2,2,8,Simulación y Computación Numérica,True,,"{'id_university_type_subject': 1, 'type': 'Profesional', 'status': True}","{'id_university_qualification_type': 1, 'description': 'Numerica', 'status': True}","{'id_authorization_program': 2, 'resolution_number': '047', 'status': True, 'created_at': '2022-12-17 19:03:33', 'updated_at': '2022-12-17 19:03:33', 'id_program': 1, 'id_user': 1}","{'id_university_deparment': 2, 'id_faculty': 7, 'description': 'Escuela de Ingeniería de Sistemas y computación', 'status': True}","{'id_program': 8, 'full_name': 'Tecnología en Desarrollo de Software'}"
934,Electiva area profundización IV: Calidad y Productividad,Electiva area profundización IV: Calidad y Productividad,801245M,03:00:00,True,True,3,8,3,1,1,1,2,Electiva area profundización IV: Calidad y Productividad,True,,"{'id_university_type_subject': 3, 'type': 'Electiva profesional', 'status': True}","{'id_university_qualification_type': 1, 'description': 'Numerica', 'status': True}","{'id_authorization_program': 1, 'resolution_number': '038-NOC', 'status': True, 'created_at': '2023-01-16 13:32:45', 'updated_at': '2023-01-16 13:32:45', 'id_program': 2, 'id_user': 1}","{'id_university_deparment': 1, 'id_faculty': 7, 'description': 'Escuela de Ingeniería Industrial', 'status': True}","{'id_program': 2, 'full_name': 'Administracion de empresas'}"
135,Desarrollo de Aplicaciones para Dispositivos Móviles,Desarrollo de Aplicaciones para Dispositivos Móviles,750124M,03:00:00,True,True,3,9,1,1,3,2,1,Desarrollo de Aplicaciones para Dispositivos Móviles,True,,"{'id_university_type_subject': 1, 'type': 'Profesional', 'status': True}","{'id_university_qualification_type': 1, 'description': 'Numerica', 'status': True}","{'id_authorization_program': 3, 'resolution_number': '048', 'status': True, 'created_at': '2022-12-17 19:11:05', 'updated_at': '2022-12-17 19:11:05', 'id_program': 1, 'id_user': 1}","{'id_university_deparment': 2, 'id_faculty': 7, 'description': 'Escuela de Ingeniería de Sistemas y computación', 'status': True}","{'id_program': 1, 'full_name': 'Ingeniería de Sistemas'}"
935,Desarrollo Humano y Trabajo Social,Desarrollo Humano y Trabajo Social,207069M,03:00:00,False,False,3,7,3,1,6,1,5,Desarrollo Humano y Trabajo Social,True,,"{'id_university_type_subject': 3, 'type': 'Electiva profesional', 'status': True}","{'id_university_qualification_type': 1, 'description': 'Numerica', 'status': True}","{'id_authorization_program': 6, 'resolution_number': '011', 'status': True, 'created_at': '2023-01-16 13:57:22', 'updated_at': '2023-01-16 13:57:22', 'id_program': 5, 'id_user': 1}","{'id_university_deparment': 1, 'id_faculty': 7, 'description': 'Escuela de Ingeniería Industrial', 'status': True}","{'id_program': 5, 'full_name': 'Trabajo social'}"
921,COMPRENSIÓN Y PRODUCCIÓN DE TEXTOS ACADÉMICOS GENERALES,COMPRENSIÓN Y PRODUCCIÓN DE TEXTOS ACADÉMICOS GENERALES,204133C,03:00:00,False,True,2,2,2,1,23,1,2,COMPRENSIÓN Y PRODUCCIÓN DE TEXTOS ACADÉMICOS GENERALES,True,,"{'id_university_type_subject': 2, 'type': 'Basica', 'status': True}","{'id_university_qualification_type': 1, 'description': 'Numerica', 'status': True}","{'id_authorization_program': 23, 'resolution_number': '246-NOC', 'status': True, 'created_at': '2023-08-05 01:03:25', 'updated_at': '2023-08-05 01:03:25', 'id_program': 2, 'id_user': 1}","{'id_university_deparment': 1, 'id_faculty': 7, 'description': 'Escuela de Ingeniería Industrial', 'status': True}","{'id_program': 2, 'full_name': 'Administracion de empresas'}"
923,COMPRENSIÓN Y PRODUCCIÓN DE TEXTOS ACADÉMICOS GENERALES,COMPRENSIÓN Y PRODUCCIÓN DE TEXTOS ACADÉMICOS GENERALES,204133C,03:00:00,False,True,2,2,2,1,2,1,1,COMPRENSIÓN Y PRODUCCIÓN DE TEXTOS ACADÉMICOS GENERALES,True,,"{'id_university_type_subject': 2, 'type': 'Basica', 'status': True}","{'id_university_qualification_type': 1, 'description': 'Numerica', 'status': True}","{'id_authorization_program': 2, 'resolution_number': '047', 'status': True, 'created_at': '2022-12-17 19:03:33', 'updated_at': '2022-12-17 19:03:33', 'id_program': 1, 'id_user': 1}","{'id_university_deparment': 1, 'id_faculty': 7, 'description': 'Escuela de Ingeniería Industrial', 'status': True}","{'id_program': 1, 'full_name': 'Ingeniería de Sistemas'}"
933,Legislación  Comercial,Legislación  Comercial,801058C,03:00:00,True,True,2,3,2,1,19,2,2,Legislación  Comercial,True,,"{'id_university_type_subject': 2, 'type': 'Basica', 'status': True}","{'id_university_qualification_type': 1, 'description': 'Numerica', 'status': True}","{'id_authorization_program': 19, 'resolution_number': '246-DIU', 'status': True, 'created_at': '2023-02-15 02:05:28', 'updated_at': '2023-02-15 02:05:28', 'id_program': 2, 'id_user': 1}","{'id_university_deparment': 2, 'id_faculty': 7, 'description': 'Escuela de Ingeniería de Sistemas y computación', 'status': True}","{'id_program': 2, 'full_name': 'Administracion de empresas'}"
972,Costos,Costos,802026C,03:00:00,True,True,3,5,1,1,26,2,6,Costos,True,,"{'id_university_type_subject': 1, 'type': 'Profesional', 'status': True}","{'id_university_qualification_type': 1, 'description': 'Numerica', 'status': True}","{'id_authorization_program': 26, 'resolution_number': '240-NOC', 'status': True, 'created_at': '2023-08-06 23:16:45', 'updated_at': '2023-08-06 23:16:45', 'id_program': 6, 'id_user': 1}","{'id_university_deparment': 2, 'id_faculty': 7, 'description': 'Escuela de Ingeniería de Sistemas y computación', 'status': True}","{'id_program': 6, 'full_name': 'Contaduría Publica'}"
925,COMPRENSIÓN Y PRODUCCIÓN DE TEXTOS ACADÉMICOS GENERALES,COMPRENSIÓN Y PRODUCCIÓN DE TEXTOS ACADÉMICOS GENERALES,204133C,03:00:00,False,True,2,2,2,1,26,1,6,COMPRENSIÓN Y PRODUCCIÓN DE TEXTOS ACADÉMICOS GENERALES,True,,"{'id_university_type_subject': 2, 'type': 'Basica', 'status': True}","{'id_university_qualification_type': 1, 'description': 'Numerica', 'status': True}","{'id_authorization_program': 26, 'resolution_number': '240-NOC', 'status': True, 'created_at': '2023-08-06 23:16:45', 'updated_at': '2023-08-06 23:16:45', 'id_program': 6, 'id_user': 1}","{'id_university_deparment': 1, 'id_faculty': 7, 'description': 'Escuela de Ingeniería Industrial', 'status': True}","{'id_program': 6, 'full_name': 'Contaduría Publica'}"
943,Ingeniería económica,Ingeniería económica,760016C,03:00:00,True,True,3,5,1,1,29,2,8,Ingeniería económica,True,,"{'id_university_type_subject': 1, 'type': 'Profesional', 'status': True}","{'id_university_qualification_type': 1, 'description': 'Numerica', 'status': True}","{'id_authorization_program': 29, 'resolution_number': '217-NOC', 'status': True, 'created_at': '2023-08-09 14:20:51', 'updated_at': '2023-08-09 14:20:51', 'id_program': 8, 'id_user': 1}","{'id_university_deparment': 2, 'id_faculty': 7, 'description': 'Escuela de Ingeniería de Sistemas y computación', 'status': True}","{'id_program': 8, 'full_name': 'Tecnología en Desarrollo de Software'}"
932,COMPRENSIÓN Y PRODUCCIÓN DE TEXTOS ACADÉMICOS GENERALES,COMPRENSIÓN Y PRODUCCIÓN DE TEXTOS ACADÉMICOS GENERALES,204133C,03:00:00,False,True,2,2,2,1,20,1,11,COMPRENSIÓN Y PRODUCCIÓN DE TEXTOS ACADÉMICOS GENERALES,True,,"{'id_university_type_subject': 2, 'type': 'Basica', 'status': True}","{'id_university_qualification_type': 1, 'description': 'Numerica', 'status': True}","{'id_authorization_program': 20, 'resolution_number': '023', 'status': True, 'created_at': '2023-07-30 14:02:40', 'updated_at': '2023-07-30 14:02:40', 'id_program': 11, 'id_user': 1}","{'id_university_deparment': 1, 'id_faculty': 7, 'description': 'Escuela de Ingeniería Industrial', 'status': True}","{'id_program': 11, 'full_name': 'Nutricion y dietetica'}"
944,Sexualidad Humana,Sexualidad Humana,801042M,03:00:00,True,True,3,5,1,1,29,2,8,Sexualidad Humana,True,,"{'id_university_type_subject': 1, 'type': 'Profesional', 'status': True}","{'id_university_qualification_type': 1, 'description': 'Numerica', 'status': True}","{'id_authorization_program': 29, 'resolution_number': '217-NOC', 'status': True, 'created_at': '2023-08-09 14:20:51', 'updated_at': '2023-08-09 14:20:51', 'id_program': 8, 'id_user': 1}","{'id_university_deparment': 2, 'id_faculty': 7, 'description': 'Escuela de Ingeniería de Sistemas y computación', 'status': True}","{'id_program': 8, 'full_name': 'Tecnología en Desarrollo de Software'}"
937,COMPRENSIÓN Y PRODUCCIÓN DE TEXTOS ACADÉMICOS GENERALES,COMPRENSIÓN Y PRODUCCIÓN DE TEXTOS ACADÉMICOS GENERALES,204133C,03:00:00,False,True,2,2,2,1,14,1,8,COMPRENSIÓN Y PRODUCCIÓN DE TEXTOS ACADÉMICOS GENERALES,True,,"{'id_university_type_subject': 2, 'type': 'Basica', 'status': True}","{'id_university_qualification_type': 1, 'description': 'Numerica', 'status': True}","{'id_authorization_program': 14, 'resolution_number': '217-DIU', 'status': True, 'created_at': '2023-01-30 21:30:48', 'updated_at': '2023-01-30 21:30:48', 'id_program': 8, 'id_user': 1}","{'id_university_deparment': 1, 'id_faculty': 7, 'description': 'Escuela de Ingeniería Industrial', 'status': True}","{'id_program': 8, 'full_name': 'Tecnología en Desarrollo de Software'}"
941,Desarrollo de software I,Desarrollo de software I,750009C,03:00:00,True,True,3,5,1,1,29,2,8,Desarrollo de software I,True,,"{'id_university_type_subject': 1, 'type': 'Profesional', 'status': True}","{'id_university_qualification_type': 1, 'description': 'Numerica', 'status': True}","{'id_authorization_program': 29, 'resolution_number': '217-NOC', 'status': True, 'created_at': '2023-08-09 14:20:51', 'updated_at': '2023-08-09 14:20:51', 'id_program': 8, 'id_user': 1}","{'id_university_deparment': 2, 'id_faculty': 7, 'description': 'Escuela de Ingeniería de Sistemas y computación', 'status': True}","{'id_program': 8, 'full_name': 'Tecnología en Desarrollo de Software'}"
942,Simulación y Computación Numérica,Simulación y Computación Numérica,750016C,04:00:00,True,True,3,5,1,1,29,2,8,Simulación y Computación Numérica,True,,"{'id_university_type_subject': 1, 'type': 'Profesional', 'status': True}","{'id_university_qualification_type': 1, 'description': 'Numerica', 'status': True}","{'id_authorization_program': 29, 'resolution_number': '217-NOC', 'status': True, 'created_at': '2023-08-09 14:20:51', 'updated_at': '2023-08-09 14:20:51', 'id_program': 8, 'id_user': 1}","{'id_university_deparment': 2, 'id_faculty': 7, 'description': 'Escuela de Ingeniería de Sistemas y computación', 'status': True}","{'id_program': 8, 'full_name': 'Tecnología en Desarrollo de Software'}"
938,Sexualidad Humana,Sexualidad Humana,801042M,03:00:00,True,True,3,2,1,1,14,2,8,Sexualidad Humana,True,,"{'id_university_type_subject': 1, 'type': 'Profesional', 'status': True}","{'id_university_qualification_type': 1, 'description': 'Numerica', 'status': True}","{'id_authorization_program': 14, 'resolution_number': '217-DIU', 'status': True, 'created_at': '2023-01-30 21:30:48', 'updated_at': '2023-01-30 21:30:48', 'id_program': 8, 'id_user': 1}","{'id_university_deparment': 2, 'id_faculty': 7, 'description': 'Escuela de Ingeniería de Sistemas y computación', 'status': True}","{'id_program': 8, 'full_name': 'Tecnología en Desarrollo de Software'}"
947,Ciberseguridad,Ciberseguridad,750024C,03:00:00,False,False,3,5,1,1,14,2,8,Ciberseguridad,True,,"{'id_university_type_subject': 1, 'type': 'Profesional', 'status': True}","{'id_university_qualification_type': 1, 'description': 'Numerica', 'status': True}","{'id_authorization_program': 14, 'resolution_number': '217-DIU', 'status': True, 'created_at': '2023-01-30 21:30:48', 'updated_at': '2023-01-30 21:30:48', 'id_program': 8, 'id_user': 1}","{'id_university_deparment': 2, 'id_faculty': 7, 'description': 'Escuela de Ingeniería de Sistemas y computación', 'status': True}","{'id_program': 8, 'full_name': 'Tecnología en Desarrollo de Software'}"
949,INTRODUCCIÓN A LA GESTIÓN DE PROYECTOS DE SOFTWARE,INTRODUCCIÓN A LA GESTIÓN DE PROYECTOS DE SOFTWARE,750031C,03:00:00,False,False,3,6,2,1,14,2,8,INTRODUCCIÓN A LA GESTIÓN DE PROYECTOS DE SOFTWARE,True,,"{'id_university_type_subject': 2, 'type': 'Basica', 'status': True}","{'id_university_qualification_type': 1, 'description': 'Numerica', 'status': True}","{'id_authorization_program': 14, 'resolution_number': '217-DIU', 'status': True, 'created_at': '2023-01-30 21:30:48', 'updated_at': '2023-01-30 21:30:48', 'id_program': 8, 'id_user': 1}","{'id_university_deparment': 2, 'id_faculty': 7, 'description': 'Escuela de Ingeniería de Sistemas y computación', 'status': True}","{'id_program': 8, 'full_name': 'Tecnología en Desarrollo de Software'}"
945,"Seminario en Constitución, Legislación y Ética de la profesión","Seminario en Constitución, Legislación y Ética de la profesión",730026C,03:00:00,False,False,3,6,1,1,29,2,8,"Seminario en Constitución, Legislación y Ética de la profesión",True,,"{'id_university_type_subject': 1, 'type': 'Profesional', 'status': True}","{'id_university_qualification_type': 1, 'description': 'Numerica', 'status': True}","{'id_authorization_program': 29, 'resolution_number': '217-NOC', 'status': True, 'created_at': '2023-08-09 14:20:51', 'updated_at': '2023-08-09 14:20:51', 'id_program': 8, 'id_user': 1}","{'id_university_deparment': 2, 'id_faculty': 7, 'description': 'Escuela de Ingeniería de Sistemas y computación', 'status': True}","{'id_program': 8, 'full_name': 'Tecnología en Desarrollo de Software'}"
946,"Seminario en Constitución, Legislación y Ética de la profesión","Seminario en Constitución, Legislación y Ética de la profesión",730026C,03:00:00,False,False,3,6,1,1,14,2,8,"Seminario en Constitución, Legislación y Ética de la profesión",True,,"{'id_university_type_subject': 1, 'type': 'Profesional', 'status': True}","{'id_university_qualification_type': 1, 'description': 'Numerica', 'status': True}","{'id_authorization_program': 14, 'resolution_number': '217-DIU', 'status': True, 'created_at': '2023-01-30 21:30:48', 'updated_at': '2023-01-30 21:30:48', 'id_program': 8, 'id_user': 1}","{'id_university_deparment': 2, 'id_faculty': 7, 'description': 'Escuela de Ingeniería de Sistemas y computación', 'status': True}","{'id_program': 8, 'full_name': 'Tecnología en Desarrollo de Software'}"
948,Desarrollo de Software III,Desarrollo de Software III,750027C,03:00:00,False,False,3,6,1,1,14,2,8,Desarrollo de Software III,True,,"{'id_university_type_subject': 1, 'type': 'Profesional', 'status': True}","{'id_university_qualification_type': 1, 'description': 'Numerica', 'status': True}","{'id_authorization_program': 14, 'resolution_number': '217-DIU', 'status': True, 'created_at': '2023-01-30 21:30:48', 'updated_at': '2023-01-30 21:30:48', 'id_program': 8, 'id_user': 1}","{'id_university_deparment': 2, 'id_faculty': 7, 'description': 'Escuela de Ingeniería de Sistemas y computación', 'status': True}","{'id_program': 8, 'full_name': 'Tecnología en Desarrollo de Software'}"
962,Taller Construcción de Infraestructura Urbana I,Taller Construcción de Infraestructura Urbana I,502028C,04:00:00,False,False,2,5,2,1,5,2,4,Taller Construcción de Infraestructura Urbana I,True,,"{'id_university_type_subject': 2, 'type': 'Basica', 'status': True}","{'id_university_qualification_type': 1, 'description': 'Numerica', 'status': True}","{'id_authorization_program': 5, 'resolution_number': '128', 'status': True, 'created_at': '2023-01-16 13:56:28', 'updated_at': '2023-01-16 13:56:28', 'id_program': 4, 'id_user': 1}","{'id_university_deparment': 2, 'id_faculty': 7, 'description': 'Escuela de Ingeniería de Sistemas y computación', 'status': True}","{'id_program': 4, 'full_name': 'Construccion'}"
951,Cálculo Monovariable,Cálculo Monovariable,111021C,05:00:00,True,True,3,2,1,1,30,2,12,Cálculo Monovariable,True,,"{'id_university_type_subject': 1, 'type': 'Profesional', 'status': True}","{'id_university_qualification_type': 1, 'description': 'Numerica', 'status': True}","{'id_authorization_program': 30, 'resolution_number': '241-Noc', 'status': True, 'created_at': '2024-01-16 21:41:23', 'updated_at': '2024-01-16 21:41:23', 'id_program': 12, 'id_user': 1}","{'id_university_deparment': 2, 'id_faculty': 7, 'description': 'Escuela de Ingeniería de Sistemas y computación', 'status': True}","{'id_program': 12, 'full_name': 'Tecnologia en Electronica Industrial'}"
799,Cálculo Monovariable,Cálculo Monovariable,111021C,05:00:00,True,True,3,2,1,1,14,2,8,Cálculo Monovariable,True,,"{'id_university_type_subject': 1, 'type': 'Profesional', 'status': True}","{'id_university_qualification_type': 1, 'description': 'Numerica', 'status': True}","{'id_authorization_program': 14, 'resolution_number': '217-DIU', 'status': True, 'created_at': '2023-01-30 21:30:48', 'updated_at': '2023-01-30 21:30:48', 'id_program': 8, 'id_user': 1}","{'id_university_deparment': 2, 'id_faculty': 7, 'description': 'Escuela de Ingeniería de Sistemas y computación', 'status': True}","{'id_program': 8, 'full_name': 'Tecnología en Desarrollo de Software'}"
952,Taller Tecnológico I,Taller Tecnológico I,701006C,03:00:00,True,True,3,2,1,1,30,2,12,Taller Tecnológico I,True,,"{'id_university_type_subject': 1, 'type': 'Profesional', 'status': True}","{'id_university_qualification_type': 1, 'description': 'Numerica', 'status': True}","{'id_authorization_program': 30, 'resolution_number': '241-Noc', 'status': True, 'created_at': '2024-01-16 21:41:23', 'updated_at': '2024-01-16 21:41:23', 'id_program': 12, 'id_user': 1}","{'id_university_deparment': 2, 'id_faculty': 7, 'description': 'Escuela de Ingeniería de Sistemas y computación', 'status': True}","{'id_program': 12, 'full_name': 'Tecnologia en Electronica Industrial'}"
953,Experimentación  en Electricidad,Experimentación  en Electricidad,710019C,03:00:00,False,False,2,2,2,1,30,1,12,Experimentación  en Electricidad,True,,"{'id_university_type_subject': 2, 'type': 'Basica', 'status': True}","{'id_university_qualification_type': 1, 'description': 'Numerica', 'status': True}","{'id_authorization_program': 30, 'resolution_number': '241-Noc', 'status': True, 'created_at': '2024-01-16 21:41:23', 'updated_at': '2024-01-16 21:41:23', 'id_program': 12, 'id_user': 1}","{'id_university_deparment': 1, 'id_faculty': 7, 'description': 'Escuela de Ingeniería Industrial', 'status': True}","{'id_program': 12, 'full_name': 'Tecnologia en Electronica Industrial'}"
954,Circuitos Eléctricos,Circuitos Eléctricos,710021C,03:00:00,True,True,3,2,2,1,30,1,12,Circuitos Eléctricos,True,,"{'id_university_type_subject': 2, 'type': 'Basica', 'status': True}","{'id_university_qualification_type': 1, 'description': 'Numerica', 'status': True}","{'id_authorization_program': 30, 'resolution_number': '241-Noc', 'status': True, 'created_at': '2024-01-16 21:41:23', 'updated_at': '2024-01-16 21:41:23', 'id_program': 12, 'id_user': 1}","{'id_university_deparment': 1, 'id_faculty': 7, 'description': 'Escuela de Ingeniería Industrial', 'status': True}","{'id_program': 12, 'full_name': 'Tecnologia en Electronica Industrial'}"
922,COMPRENSIÓN Y PRODUCCIÓN DE TEXTOS ACADÉMICOS GENERALES,COMPRENSIÓN Y PRODUCCIÓN DE TEXTOS ACADÉMICOS GENERALES,204133C,03:00:00,False,True,2,2,2,1,23,1,2,COMPRENSIÓN Y PRODUCCIÓN DE TEXTOS ACADÉMICOS GENERALES,False,,"{'id_university_type_subject': 2, 'type': 'Basica', 'status': True}","{'id_university_qualification_type': 1, 'description': 'Numerica', 'status': True}","{'id_authorization_program': 23, 'resolution_number': '246-NOC', 'status': True, 'created_at': '2023-08-05 01:03:25', 'updated_at': '2023-08-05 01:03:25', 'id_program': 2, 'id_user': 1}","{'id_university_deparment': 1, 'id_faculty': 7, 'description': 'Escuela de Ingeniería Industrial', 'status': True}","{'id_program': 2, 'full_name': 'Administracion de empresas'}"
956,Orientación Familiar II,Orientación Familiar II,207045M,03:00:00,False,False,3,8,1,1,6,2,5,Orientación Familiar II,True,,"{'id_university_type_subject': 1, 'type': 'Profesional', 'status': True}","{'id_university_qualification_type': 1, 'description': 'Numerica', 'status': True}","{'id_authorization_program': 6, 'resolution_number': '011', 'status': True, 'created_at': '2023-01-16 13:57:22', 'updated_at': '2023-01-16 13:57:22', 'id_program': 5, 'id_user': 1}","{'id_university_deparment': 2, 'id_faculty': 7, 'description': 'Escuela de Ingeniería de Sistemas y computación', 'status': True}","{'id_program': 5, 'full_name': 'Trabajo social'}"
955,"Robots, Historia  y  Ficción","Robots, Historia  y  Ficción",710061C,03:00:00,False,False,3,2,4,1,30,1,12,"Robots, Historia  y  Ficción",True,,"{'id_university_type_subject': 4, 'type': 'Electiva Complementaria', 'status': True}","{'id_university_qualification_type': 1, 'description': 'Numerica', 'status': True}","{'id_authorization_program': 30, 'resolution_number': '241-Noc', 'status': True, 'created_at': '2024-01-16 21:41:23', 'updated_at': '2024-01-16 21:41:23', 'id_program': 12, 'id_user': 1}","{'id_university_deparment': 1, 'id_faculty': 7, 'description': 'Escuela de Ingeniería Industrial', 'status': True}","{'id_program': 12, 'full_name': 'Tecnologia en Electronica Industrial'}"
963,Construcción de Infraestructura Urbana I,Construcción de Infraestructura Urbana I,502030C,03:00:00,False,False,2,5,2,1,5,2,4,Construcción de Infraestructura Urbana I,True,,"{'id_university_type_subject': 2, 'type': 'Basica', 'status': True}","{'id_university_qualification_type': 1, 'description': 'Numerica', 'status': True}","{'id_authorization_program': 5, 'resolution_number': '128', 'status': True, 'created_at': '2023-01-16 13:56:28', 'updated_at': '2023-01-16 13:56:28', 'id_program': 4, 'id_user': 1}","{'id_university_deparment': 2, 'id_faculty': 7, 'description': 'Escuela de Ingeniería de Sistemas y computación', 'status': True}","{'id_program': 4, 'full_name': 'Construccion'}"
958,Fundamentos de Programación Funcional y Concurrente,Fundamentos de Programación Funcional y Concurrente,750013C,03:00:00,True,True,3,6,1,1,14,2,8,Fundamentos de Programación Funcional y Concurrente,True,,"{'id_university_type_subject': 1, 'type': 'Profesional', 'status': True}","{'id_university_qualification_type': 1, 'description': 'Numerica', 'status': True}","{'id_authorization_program': 14, 'resolution_number': '217-DIU', 'status': True, 'created_at': '2023-01-30 21:30:48', 'updated_at': '2023-01-30 21:30:48', 'id_program': 8, 'id_user': 1}","{'id_university_deparment': 2, 'id_faculty': 7, 'description': 'Escuela de Ingeniería de Sistemas y computación', 'status': True}","{'id_program': 8, 'full_name': 'Tecnología en Desarrollo de Software'}"
960,Lectura Crítica,Lectura Crítica,204024C,03:00:00,True,True,3,5,1,1,5,2,4,Lectura Crítica,True,,"{'id_university_type_subject': 1, 'type': 'Profesional', 'status': True}","{'id_university_qualification_type': 1, 'description': 'Numerica', 'status': True}","{'id_authorization_program': 5, 'resolution_number': '128', 'status': True, 'created_at': '2023-01-16 13:56:28', 'updated_at': '2023-01-16 13:56:28', 'id_program': 4, 'id_user': 1}","{'id_university_deparment': 2, 'id_faculty': 7, 'description': 'Escuela de Ingeniería de Sistemas y computación', 'status': True}","{'id_program': 4, 'full_name': 'Construccion'}"
969,Inglés con fines generales y académicos III,Inglés con fines generales y académicos III,204027C,04:00:00,True,True,3,5,1,1,26,2,6,Inglés con fines generales y académicos III,True,,"{'id_university_type_subject': 1, 'type': 'Profesional', 'status': True}","{'id_university_qualification_type': 1, 'description': 'Numerica', 'status': True}","{'id_authorization_program': 26, 'resolution_number': '240-NOC', 'status': True, 'created_at': '2023-08-06 23:16:45', 'updated_at': '2023-08-06 23:16:45', 'id_program': 6, 'id_user': 1}","{'id_university_deparment': 2, 'id_faculty': 7, 'description': 'Escuela de Ingeniería de Sistemas y computación', 'status': True}","{'id_program': 6, 'full_name': 'Contaduría Publica'}"
964,Sistema de Control Ambiental e Instalaciones I,Sistema de Control Ambiental e Instalaciones I,502027C,03:00:00,False,False,3,5,2,1,5,2,4,Sistema de Control Ambiental e Instalaciones I,True,,"{'id_university_type_subject': 2, 'type': 'Basica', 'status': True}","{'id_university_qualification_type': 1, 'description': 'Numerica', 'status': True}","{'id_authorization_program': 5, 'resolution_number': '128', 'status': True, 'created_at': '2023-01-16 13:56:28', 'updated_at': '2023-01-16 13:56:28', 'id_program': 4, 'id_user': 1}","{'id_university_deparment': 2, 'id_faculty': 7, 'description': 'Escuela de Ingeniería de Sistemas y computación', 'status': True}","{'id_program': 4, 'full_name': 'Construccion'}"
965,Taller Instalaciones Electrónicas y de Comunicación,Taller Instalaciones Electrónicas y de Comunicación,502029C,04:00:00,False,False,2,5,2,1,5,2,4,Taller Instalaciones Electrónicas y de Comunicación,True,,"{'id_university_type_subject': 2, 'type': 'Basica', 'status': True}","{'id_university_qualification_type': 1, 'description': 'Numerica', 'status': True}","{'id_authorization_program': 5, 'resolution_number': '128', 'status': True, 'created_at': '2023-01-16 13:56:28', 'updated_at': '2023-01-16 13:56:28', 'id_program': 4, 'id_user': 1}","{'id_university_deparment': 2, 'id_faculty': 7, 'description': 'Escuela de Ingeniería de Sistemas y computación', 'status': True}","{'id_program': 4, 'full_name': 'Construccion'}"
961,Inglés con fines generales y académicos III,Inglés con fines generales y académicos III,204027C,04:00:00,True,True,3,5,1,1,5,2,4,Inglés con fines generales y académicos III,True,,"{'id_university_type_subject': 1, 'type': 'Profesional', 'status': True}","{'id_university_qualification_type': 1, 'description': 'Numerica', 'status': True}","{'id_authorization_program': 5, 'resolution_number': '128', 'status': True, 'created_at': '2023-01-16 13:56:28', 'updated_at': '2023-01-16 13:56:28', 'id_program': 4, 'id_user': 1}","{'id_university_deparment': 2, 'id_faculty': 7, 'description': 'Escuela de Ingeniería de Sistemas y computación', 'status': True}","{'id_program': 4, 'full_name': 'Construccion'}"
950,COMPRENSIÓN Y PRODUCCIÓN DE TEXTOS ACADÉMICOS GENERALES,COMPRENSIÓN Y PRODUCCIÓN DE TEXTOS ACADÉMICOS GENERALES,204133C,03:00:00,False,True,2,1,2,1,30,1,12,COMPRENSIÓN Y PRODUCCIÓN DE TEXTOS ACADÉMICOS GENERALES,True,,"{'id_university_type_subject': 2, 'type': 'Basica', 'status': True}","{'id_university_qualification_type': 1, 'description': 'Numerica', 'status': True}","{'id_authorization_program': 30, 'resolution_number': '241-Noc', 'status': True, 'created_at': '2024-01-16 21:41:23', 'updated_at': '2024-01-16 21:41:23', 'id_program': 12, 'id_user': 1}","{'id_university_deparment': 1, 'id_faculty': 7, 'description': 'Escuela de Ingeniería Industrial', 'status': True}","{'id_program': 12, 'full_name': 'Tecnologia en Electronica Industrial'}"
959,Diseño de Contenido para Interfaces de Usuario,Diseño de Contenido para Interfaces de Usuario,750040C,03:00:00,False,False,3,6,1,1,14,2,8,Diseño de Contenido para Interfaces de Usuario,True,,"{'id_university_type_subject': 1, 'type': 'Profesional', 'status': True}","{'id_university_qualification_type': 1, 'description': 'Numerica', 'status': True}","{'id_authorization_program': 14, 'resolution_number': '217-DIU', 'status': True, 'created_at': '2023-01-30 21:30:48', 'updated_at': '2023-01-30 21:30:48', 'id_program': 8, 'id_user': 1}","{'id_university_deparment': 2, 'id_faculty': 7, 'description': 'Escuela de Ingeniería de Sistemas y computación', 'status': True}","{'id_program': 8, 'full_name': 'Tecnología en Desarrollo de Software'}"
967,DEPORTE Y SALUD,DEPORTE Y SALUD,404002C,03:00:00,False,False,2,1,2,1,30,2,12,DEPORTE Y SALUD,True,,"{'id_university_type_subject': 2, 'type': 'Basica', 'status': True}","{'id_university_qualification_type': 1, 'description': 'Numerica', 'status': True}","{'id_authorization_program': 30, 'resolution_number': '241-Noc', 'status': True, 'created_at': '2024-01-16 21:41:23', 'updated_at': '2024-01-16 21:41:23', 'id_program': 12, 'id_user': 1}","{'id_university_deparment': 2, 'id_faculty': 7, 'description': 'Escuela de Ingeniería de Sistemas y computación', 'status': True}","{'id_program': 12, 'full_name': 'Tecnologia en Electronica Industrial'}"
957,Ciberseguridad,Ciberseguridad,750024C,03:00:00,False,False,3,5,1,1,29,2,8,Ciberseguridad,True,,"{'id_university_type_subject': 1, 'type': 'Profesional', 'status': True}","{'id_university_qualification_type': 1, 'description': 'Numerica', 'status': True}","{'id_authorization_program': 29, 'resolution_number': '217-NOC', 'status': True, 'created_at': '2023-08-09 14:20:51', 'updated_at': '2023-08-09 14:20:51', 'id_program': 8, 'id_user': 1}","{'id_university_deparment': 2, 'id_faculty': 7, 'description': 'Escuela de Ingeniería de Sistemas y computación', 'status': True}","{'id_program': 8, 'full_name': 'Tecnología en Desarrollo de Software'}"
970,Ciencias humanas,Ciencias humanas,801078C,03:00:00,True,True,3,5,1,1,26,2,6,Ciencias humanas,True,,"{'id_university_type_subject': 1, 'type': 'Profesional', 'status': True}","{'id_university_qualification_type': 1, 'description': 'Numerica', 'status': True}","{'id_authorization_program': 26, 'resolution_number': '240-NOC', 'status': True, 'created_at': '2023-08-06 23:16:45', 'updated_at': '2023-08-06 23:16:45', 'id_program': 6, 'id_user': 1}","{'id_university_deparment': 2, 'id_faculty': 7, 'description': 'Escuela de Ingeniería de Sistemas y computación', 'status': True}","{'id_program': 6, 'full_name': 'Contaduría Publica'}"
971,Contabilidad pública,Contabilidad pública,802007C,03:00:00,True,True,3,5,1,1,26,2,6,Contabilidad pública,True,,"{'id_university_type_subject': 1, 'type': 'Profesional', 'status': True}","{'id_university_qualification_type': 1, 'description': 'Numerica', 'status': True}","{'id_authorization_program': 26, 'resolution_number': '240-NOC', 'status': True, 'created_at': '2023-08-06 23:16:45', 'updated_at': '2023-08-06 23:16:45', 'id_program': 6, 'id_user': 1}","{'id_university_deparment': 2, 'id_faculty': 7, 'description': 'Escuela de Ingeniería de Sistemas y computación', 'status': True}","{'id_program': 6, 'full_name': 'Contaduría Publica'}"
973,Contabilidades especiales I,Contabilidades especiales I,802029C,03:00:00,True,True,3,5,1,1,26,2,6,Contabilidades especiales I,True,,"{'id_university_type_subject': 1, 'type': 'Profesional', 'status': True}","{'id_university_qualification_type': 1, 'description': 'Numerica', 'status': True}","{'id_authorization_program': 26, 'resolution_number': '240-NOC', 'status': True, 'created_at': '2023-08-06 23:16:45', 'updated_at': '2023-08-06 23:16:45', 'id_program': 6, 'id_user': 1}","{'id_university_deparment': 2, 'id_faculty': 7, 'description': 'Escuela de Ingeniería de Sistemas y computación', 'status': True}","{'id_program': 6, 'full_name': 'Contaduría Publica'}"
718,Inglés con fines generales y académicos I,Inglés con fines generales y académicos I,204025C,04:00:00,True,True,3,3,1,1,23,2,2,Inglés con fines generales y académicos I,True,,"{'id_university_type_subject': 1, 'type': 'Profesional', 'status': True}","{'id_university_qualification_type': 1, 'description': 'Numerica', 'status': True}","{'id_authorization_program': 23, 'resolution_number': '246-NOC', 'status': True, 'created_at': '2023-08-05 01:03:25', 'updated_at': '2023-08-05 01:03:25', 'id_program': 2, 'id_user': 1}","{'id_university_deparment': 2, 'id_faculty': 7, 'description': 'Escuela de Ingeniería de Sistemas y computación', 'status': True}","{'id_program': 2, 'full_name': 'Administracion de empresas'}"
1053,"HUMANITAS, CIENCIA, AGRICULTURA Y CAMBIO CLIMÁTICO","HUMANITAS, CIENCIA, AGRICULTURA Y CAMBIO CLIMÁTICO",106030C,03:00:00,False,False,3,4,2,1,20,2,11,"HUMANITAS, CIENCIA, AGRICULTURA Y CAMBIO CLIMÁTICO",True,,"{'id_university_type_subject': 2, 'type': 'Basica', 'status': True}","{'id_university_qualification_type': 1, 'description': 'Numerica', 'status': True}","{'id_authorization_program': 20, 'resolution_number': '023', 'status': True, 'created_at': '2023-07-30 14:02:40', 'updated_at': '2023-07-30 14:02:40', 'id_program': 11, 'id_user': 1}","{'id_university_deparment': 2, 'id_faculty': 7, 'description': 'Escuela de Ingeniería de Sistemas y computación', 'status': True}","{'id_program': 11, 'full_name': 'Nutricion y dietetica'}"
975,"Fundamentos de control, auditoría y aseguramiento","Fundamentos de control, auditoría y aseguramiento",802032C,03:00:00,True,True,3,5,1,1,26,2,6,"Fundamentos de control, auditoría y aseguramiento",True,,"{'id_university_type_subject': 1, 'type': 'Profesional', 'status': True}","{'id_university_qualification_type': 1, 'description': 'Numerica', 'status': True}","{'id_authorization_program': 26, 'resolution_number': '240-NOC', 'status': True, 'created_at': '2023-08-06 23:16:45', 'updated_at': '2023-08-06 23:16:45', 'id_program': 6, 'id_user': 1}","{'id_university_deparment': 2, 'id_faculty': 7, 'description': 'Escuela de Ingeniería de Sistemas y computación', 'status': True}","{'id_program': 6, 'full_name': 'Contaduría Publica'}"
990,"Auditoría, riesgos y aseguramiento","Auditoría, riesgos y aseguramiento",802039C,03:00:00,False,True,3,6,1,1,18,2,6,"Auditoría, riesgos y aseguramiento",True,,"{'id_university_type_subject': 1, 'type': 'Profesional', 'status': True}","{'id_university_qualification_type': 1, 'description': 'Numerica', 'status': True}","{'id_authorization_program': 18, 'resolution_number': '240-DIU', 'status': True, 'created_at': '2023-02-15 01:20:45', 'updated_at': '2023-02-15 01:20:45', 'id_program': 6, 'id_user': 1}","{'id_university_deparment': 2, 'id_faculty': 7, 'description': 'Escuela de Ingeniería de Sistemas y computación', 'status': True}","{'id_program': 6, 'full_name': 'Contaduría Publica'}"
976,"Humanismo, pensamiento administrativo y organizaciones","Humanismo, pensamiento administrativo y organizaciones",801126C,03:00:00,True,True,3,5,2,1,26,2,6,"Humanismo, pensamiento administrativo y organizaciones",True,,"{'id_university_type_subject': 2, 'type': 'Basica', 'status': True}","{'id_university_qualification_type': 1, 'description': 'Numerica', 'status': True}","{'id_authorization_program': 26, 'resolution_number': '240-NOC', 'status': True, 'created_at': '2023-08-06 23:16:45', 'updated_at': '2023-08-06 23:16:45', 'id_program': 6, 'id_user': 1}","{'id_university_deparment': 2, 'id_faculty': 7, 'description': 'Escuela de Ingeniería de Sistemas y computación', 'status': True}","{'id_program': 6, 'full_name': 'Contaduría Publica'}"
988,PRESUPUESTOS,PRESUPUESTOS,802049C,03:00:00,False,False,3,6,1,1,18,2,6,PRESUPUESTOS,True,,"{'id_university_type_subject': 1, 'type': 'Profesional', 'status': True}","{'id_university_qualification_type': 1, 'description': 'Numerica', 'status': True}","{'id_authorization_program': 18, 'resolution_number': '240-DIU', 'status': True, 'created_at': '2023-02-15 01:20:45', 'updated_at': '2023-02-15 01:20:45', 'id_program': 6, 'id_user': 1}","{'id_university_deparment': 2, 'id_faculty': 7, 'description': 'Escuela de Ingeniería de Sistemas y computación', 'status': True}","{'id_program': 6, 'full_name': 'Contaduría Publica'}"
978,Fisiología General,Fisiología General,605016C,04:00:00,True,True,4,3,2,1,20,2,11,Fisiología General,True,,"{'id_university_type_subject': 2, 'type': 'Basica', 'status': True}","{'id_university_qualification_type': 1, 'description': 'Numerica', 'status': True}","{'id_authorization_program': 20, 'resolution_number': '023', 'status': True, 'created_at': '2023-07-30 14:02:40', 'updated_at': '2023-07-30 14:02:40', 'id_program': 11, 'id_user': 1}","{'id_university_deparment': 2, 'id_faculty': 7, 'description': 'Escuela de Ingeniería de Sistemas y computación', 'status': True}","{'id_program': 11, 'full_name': 'Nutricion y dietetica'}"
979,Fundamentos  de Nutrición,Fundamentos  de Nutrición,605017C,03:00:00,True,False,3,3,2,1,20,2,11,Fundamentos  de Nutrición,True,,"{'id_university_type_subject': 2, 'type': 'Basica', 'status': True}","{'id_university_qualification_type': 1, 'description': 'Numerica', 'status': True}","{'id_authorization_program': 20, 'resolution_number': '023', 'status': True, 'created_at': '2023-07-30 14:02:40', 'updated_at': '2023-07-30 14:02:40', 'id_program': 11, 'id_user': 1}","{'id_university_deparment': 2, 'id_faculty': 7, 'description': 'Escuela de Ingeniería de Sistemas y computación', 'status': True}","{'id_program': 11, 'full_name': 'Nutricion y dietetica'}"
980,Biología Molecular,Biología Molecular,605015C,06:30:00,False,False,3,3,2,1,20,2,11,Biología Molecular,True,,"{'id_university_type_subject': 2, 'type': 'Basica', 'status': True}","{'id_university_qualification_type': 1, 'description': 'Numerica', 'status': True}","{'id_authorization_program': 20, 'resolution_number': '023', 'status': True, 'created_at': '2023-07-30 14:02:40', 'updated_at': '2023-07-30 14:02:40', 'id_program': 11, 'id_user': 1}","{'id_university_deparment': 2, 'id_faculty': 7, 'description': 'Escuela de Ingeniería de Sistemas y computación', 'status': True}","{'id_program': 11, 'full_name': 'Nutricion y dietetica'}"
982,Bioquímica,Bioquímica,605018C,04:00:00,True,False,4,3,2,1,20,2,11,Bioquímica,True,,"{'id_university_type_subject': 2, 'type': 'Basica', 'status': True}","{'id_university_qualification_type': 1, 'description': 'Numerica', 'status': True}","{'id_authorization_program': 20, 'resolution_number': '023', 'status': True, 'created_at': '2023-07-30 14:02:40', 'updated_at': '2023-07-30 14:02:40', 'id_program': 11, 'id_user': 1}","{'id_university_deparment': 2, 'id_faculty': 7, 'description': 'Escuela de Ingeniería de Sistemas y computación', 'status': True}","{'id_program': 11, 'full_name': 'Nutricion y dietetica'}"
983,Presupuestos (análisis de costos y presupuestos),Presupuestos (análisis de costos y presupuestos),802038M,03:00:00,True,True,3,6,1,1,18,2,6,Presupuestos (análisis de costos y presupuestos),True,,"{'id_university_type_subject': 1, 'type': 'Profesional', 'status': True}","{'id_university_qualification_type': 1, 'description': 'Numerica', 'status': True}","{'id_authorization_program': 18, 'resolution_number': '240-DIU', 'status': True, 'created_at': '2023-02-15 01:20:45', 'updated_at': '2023-02-15 01:20:45', 'id_program': 6, 'id_user': 1}","{'id_university_deparment': 2, 'id_faculty': 7, 'description': 'Escuela de Ingeniería de Sistemas y computación', 'status': True}","{'id_program': 6, 'full_name': 'Contaduría Publica'}"
974,Inglés con fines generales y académicos I,Inglés con fines generales y académicos I,204025C,04:00:00,True,True,3,3,1,1,20,2,11,Inglés con fines generales y académicos I,True,,"{'id_university_type_subject': 1, 'type': 'Profesional', 'status': True}","{'id_university_qualification_type': 1, 'description': 'Numerica', 'status': True}","{'id_authorization_program': 20, 'resolution_number': '023', 'status': True, 'created_at': '2023-07-30 14:02:40', 'updated_at': '2023-07-30 14:02:40', 'id_program': 11, 'id_user': 1}","{'id_university_deparment': 2, 'id_faculty': 7, 'description': 'Escuela de Ingeniería de Sistemas y computación', 'status': True}","{'id_program': 11, 'full_name': 'Nutricion y dietetica'}"
987,"IMPUESTO A LA RENTA Y COMPLEMENTARIOS, IMPUESTO AL PATRIMONIO","IMPUESTO A LA RENTA Y COMPLEMENTARIOS, IMPUESTO AL PATRIMONIO",802047C,03:00:00,False,True,3,6,1,1,18,2,6,"IMPUESTO A LA RENTA Y COMPLEMENTARIOS, IMPUESTO AL PATRIMONIO",True,,"{'id_university_type_subject': 1, 'type': 'Profesional', 'status': True}","{'id_university_qualification_type': 1, 'description': 'Numerica', 'status': True}","{'id_authorization_program': 18, 'resolution_number': '240-DIU', 'status': True, 'created_at': '2023-02-15 01:20:45', 'updated_at': '2023-02-15 01:20:45', 'id_program': 6, 'id_user': 1}","{'id_university_deparment': 2, 'id_faculty': 7, 'description': 'Escuela de Ingeniería de Sistemas y computación', 'status': True}","{'id_program': 6, 'full_name': 'Contaduría Publica'}"
985,Contabilidades especiales II,Contabilidades especiales II,802040C,03:00:00,False,False,3,6,1,1,18,2,6,Contabilidades especiales II,True,,"{'id_university_type_subject': 1, 'type': 'Profesional', 'status': True}","{'id_university_qualification_type': 1, 'description': 'Numerica', 'status': True}","{'id_authorization_program': 18, 'resolution_number': '240-DIU', 'status': True, 'created_at': '2023-02-15 01:20:45', 'updated_at': '2023-02-15 01:20:45', 'id_program': 6, 'id_user': 1}","{'id_university_deparment': 2, 'id_faculty': 7, 'description': 'Escuela de Ingeniería de Sistemas y computación', 'status': True}","{'id_program': 6, 'full_name': 'Contaduría Publica'}"
986,Seminario de teoría contable,Seminario de teoría contable,802042C,03:00:00,False,True,3,6,1,1,18,2,6,Seminario de teoría contable,True,,"{'id_university_type_subject': 1, 'type': 'Profesional', 'status': True}","{'id_university_qualification_type': 1, 'description': 'Numerica', 'status': True}","{'id_authorization_program': 18, 'resolution_number': '240-DIU', 'status': True, 'created_at': '2023-02-15 01:20:45', 'updated_at': '2023-02-15 01:20:45', 'id_program': 6, 'id_user': 1}","{'id_university_deparment': 2, 'id_faculty': 7, 'description': 'Escuela de Ingeniería de Sistemas y computación', 'status': True}","{'id_program': 6, 'full_name': 'Contaduría Publica'}"
1021,BIOPROCESOS + LABORATORIO,BIOPROCESOS + LABORATORIO,745006C,05:00:00,True,False,4,7,1,1,7,2,3,BIOPROCESOS + LABORATORIO,True,,"{'id_university_type_subject': 1, 'type': 'Profesional', 'status': True}","{'id_university_qualification_type': 1, 'description': 'Numerica', 'status': True}","{'id_authorization_program': 7, 'resolution_number': '228', 'status': True, 'created_at': '2023-01-16 14:02:37', 'updated_at': '2023-01-16 14:02:37', 'id_program': 3, 'id_user': 1}","{'id_university_deparment': 2, 'id_faculty': 7, 'description': 'Escuela de Ingeniería de Sistemas y computación', 'status': True}","{'id_program': 3, 'full_name': 'Ingeniería de Alimentos'}"
989,Costos II,Costos II,802056C,03:00:00,False,False,3,6,1,1,18,2,6,Costos II,True,,"{'id_university_type_subject': 1, 'type': 'Profesional', 'status': True}","{'id_university_qualification_type': 1, 'description': 'Numerica', 'status': True}","{'id_authorization_program': 18, 'resolution_number': '240-DIU', 'status': True, 'created_at': '2023-02-15 01:20:45', 'updated_at': '2023-02-15 01:20:45', 'id_program': 6, 'id_user': 1}","{'id_university_deparment': 2, 'id_faculty': 7, 'description': 'Escuela de Ingeniería de Sistemas y computación', 'status': True}","{'id_program': 6, 'full_name': 'Contaduría Publica'}"
984,Control y auditoría,Control y auditoría,802093M,03:00:00,True,True,3,6,1,1,18,2,6,Control y auditoría,False,,"{'id_university_type_subject': 1, 'type': 'Profesional', 'status': True}","{'id_university_qualification_type': 1, 'description': 'Numerica', 'status': True}","{'id_authorization_program': 18, 'resolution_number': '240-DIU', 'status': True, 'created_at': '2023-02-15 01:20:45', 'updated_at': '2023-02-15 01:20:45', 'id_program': 6, 'id_user': 1}","{'id_university_deparment': 2, 'id_faculty': 7, 'description': 'Escuela de Ingeniería de Sistemas y computación', 'status': True}","{'id_program': 6, 'full_name': 'Contaduría Publica'}"
1020,IMPACTOS AMBIENTALES,IMPACTOS AMBIENTALES,730078C,03:00:00,False,True,3,7,1,1,7,2,3,IMPACTOS AMBIENTALES,True,,"{'id_university_type_subject': 1, 'type': 'Profesional', 'status': True}","{'id_university_qualification_type': 1, 'description': 'Numerica', 'status': True}","{'id_authorization_program': 7, 'resolution_number': '228', 'status': True, 'created_at': '2023-01-16 14:02:37', 'updated_at': '2023-01-16 14:02:37', 'id_program': 3, 'id_user': 1}","{'id_university_deparment': 2, 'id_faculty': 7, 'description': 'Escuela de Ingeniería de Sistemas y computación', 'status': True}","{'id_program': 3, 'full_name': 'Ingeniería de Alimentos'}"
977,"Género, Pluralidad y Diversidades","Género, Pluralidad y Diversidades",620014C,03:00:00,False,False,3,3,4,1,20,2,11,"Género, Pluralidad y Diversidades",True,,"{'id_university_type_subject': 4, 'type': 'Electiva Complementaria', 'status': True}","{'id_university_qualification_type': 1, 'description': 'Numerica', 'status': True}","{'id_authorization_program': 20, 'resolution_number': '023', 'status': True, 'created_at': '2023-07-30 14:02:40', 'updated_at': '2023-07-30 14:02:40', 'id_program': 11, 'id_user': 1}","{'id_university_deparment': 2, 'id_faculty': 7, 'description': 'Escuela de Ingeniería de Sistemas y computación', 'status': True}","{'id_program': 11, 'full_name': 'Nutricion y dietetica'}"
1017,CONTROL E INSTRUMENTACIÓN DE LA INDUSTRIA ALIMENTARIA,CONTROL E INSTRUMENTACIÓN DE LA INDUSTRIA ALIMENTARIA,710060C,03:00:00,True,True,3,5,1,1,7,2,3,CONTROL E INSTRUMENTACIÓN DE LA INDUSTRIA ALIMENTARIA,True,,"{'id_university_type_subject': 1, 'type': 'Profesional', 'status': True}","{'id_university_qualification_type': 1, 'description': 'Numerica', 'status': True}","{'id_authorization_program': 7, 'resolution_number': '228', 'status': True, 'created_at': '2023-01-16 14:02:37', 'updated_at': '2023-01-16 14:02:37', 'id_program': 3, 'id_user': 1}","{'id_university_deparment': 2, 'id_faculty': 7, 'description': 'Escuela de Ingeniería de Sistemas y computación', 'status': True}","{'id_program': 3, 'full_name': 'Ingeniería de Alimentos'}"
966,COMPRENSIÓN Y PRODUCCIÓN DE TEXTOS ACADÉMICOS GENERALES,COMPRENSIÓN Y PRODUCCIÓN DE TEXTOS ACADÉMICOS GENERALES,204133C,03:00:00,False,True,2,2,2,1,18,1,6,COMPRENSIÓN Y PRODUCCIÓN DE TEXTOS ACADÉMICOS GENERALES,True,,"{'id_university_type_subject': 2, 'type': 'Basica', 'status': True}","{'id_university_qualification_type': 1, 'description': 'Numerica', 'status': True}","{'id_authorization_program': 18, 'resolution_number': '240-DIU', 'status': True, 'created_at': '2023-02-15 01:20:45', 'updated_at': '2023-02-15 01:20:45', 'id_program': 6, 'id_user': 1}","{'id_university_deparment': 1, 'id_faculty': 7, 'description': 'Escuela de Ingeniería Industrial', 'status': True}","{'id_program': 6, 'full_name': 'Contaduría Publica'}"
1022,TRANSFERENCIA DE CALOR Y TRATAMIENTOS TÉRMICOS,TRANSFERENCIA DE CALOR Y TRATAMIENTOS TÉRMICOS,745020C,04:00:00,True,True,3,7,1,1,7,2,3,TRANSFERENCIA DE CALOR Y TRATAMIENTOS TÉRMICOS,True,,"{'id_university_type_subject': 1, 'type': 'Profesional', 'status': True}","{'id_university_qualification_type': 1, 'description': 'Numerica', 'status': True}","{'id_authorization_program': 7, 'resolution_number': '228', 'status': True, 'created_at': '2023-01-16 14:02:37', 'updated_at': '2023-01-16 14:02:37', 'id_program': 3, 'id_user': 1}","{'id_university_deparment': 2, 'id_faculty': 7, 'description': 'Escuela de Ingeniería de Sistemas y computación', 'status': True}","{'id_program': 3, 'full_name': 'Ingeniería de Alimentos'}"
1023,TALLER DE INGENIERÍA DE ALIMENTOS VI,TALLER DE INGENIERÍA DE ALIMENTOS VI,745025C,03:00:00,False,False,2,7,1,1,7,2,3,TALLER DE INGENIERÍA DE ALIMENTOS VI,True,,"{'id_university_type_subject': 1, 'type': 'Profesional', 'status': True}","{'id_university_qualification_type': 1, 'description': 'Numerica', 'status': True}","{'id_authorization_program': 7, 'resolution_number': '228', 'status': True, 'created_at': '2023-01-16 14:02:37', 'updated_at': '2023-01-16 14:02:37', 'id_program': 3, 'id_user': 1}","{'id_university_deparment': 2, 'id_faculty': 7, 'description': 'Escuela de Ingeniería de Sistemas y computación', 'status': True}","{'id_program': 3, 'full_name': 'Ingeniería de Alimentos'}"
1024,DISEÑO DE EXPERIMENTOS,DISEÑO DE EXPERIMENTOS,761007C,03:00:00,False,False,3,7,1,1,7,2,3,DISEÑO DE EXPERIMENTOS,True,,"{'id_university_type_subject': 1, 'type': 'Profesional', 'status': True}","{'id_university_qualification_type': 1, 'description': 'Numerica', 'status': True}","{'id_authorization_program': 7, 'resolution_number': '228', 'status': True, 'created_at': '2023-01-16 14:02:37', 'updated_at': '2023-01-16 14:02:37', 'id_program': 3, 'id_user': 1}","{'id_university_deparment': 2, 'id_faculty': 7, 'description': 'Escuela de Ingeniería de Sistemas y computación', 'status': True}","{'id_program': 3, 'full_name': 'Ingeniería de Alimentos'}"
939,COMPRENSIÓN Y PRODUCCIÓN DE TEXTOS ACADÉMICOS GENERALES,COMPRENSIÓN Y PRODUCCIÓN DE TEXTOS ACADÉMICOS GENERALES,204133C,03:00:00,False,True,2,3,2,1,29,1,8,COMPRENSIÓN Y PRODUCCIÓN DE TEXTOS ACADÉMICOS GENERALES,True,,"{'id_university_type_subject': 2, 'type': 'Basica', 'status': True}","{'id_university_qualification_type': 1, 'description': 'Numerica', 'status': True}","{'id_authorization_program': 29, 'resolution_number': '217-NOC', 'status': True, 'created_at': '2023-08-09 14:20:51', 'updated_at': '2023-08-09 14:20:51', 'id_program': 8, 'id_user': 1}","{'id_university_deparment': 1, 'id_faculty': 7, 'description': 'Escuela de Ingeniería Industrial', 'status': True}","{'id_program': 8, 'full_name': 'Tecnología en Desarrollo de Software'}"
1051,MICROBIOLOGÍA NUTRICIONAL,MICROBIOLOGÍA NUTRICIONAL,614004C,04:00:00,False,False,3,4,2,1,20,2,11,MICROBIOLOGÍA NUTRICIONAL,True,,"{'id_university_type_subject': 2, 'type': 'Basica', 'status': True}","{'id_university_qualification_type': 1, 'description': 'Numerica', 'status': True}","{'id_authorization_program': 20, 'resolution_number': '023', 'status': True, 'created_at': '2023-07-30 14:02:40', 'updated_at': '2023-07-30 14:02:40', 'id_program': 11, 'id_user': 1}","{'id_university_deparment': 2, 'id_faculty': 7, 'description': 'Escuela de Ingeniería de Sistemas y computación', 'status': True}","{'id_program': 11, 'full_name': 'Nutricion y dietetica'}"
1000,Inglés con Fines Generales y Académicos IV,Inglés con Fines Generales y Académicos IV,204028C,04:00:00,True,True,3,6,1,1,19,2,2,Inglés con Fines Generales y Académicos IV,True,,"{'id_university_type_subject': 1, 'type': 'Profesional', 'status': True}","{'id_university_qualification_type': 1, 'description': 'Numerica', 'status': True}","{'id_authorization_program': 19, 'resolution_number': '246-DIU', 'status': True, 'created_at': '2023-02-15 02:05:28', 'updated_at': '2023-02-15 02:05:28', 'id_program': 2, 'id_user': 1}","{'id_university_deparment': 2, 'id_faculty': 7, 'description': 'Escuela de Ingeniería de Sistemas y computación', 'status': True}","{'id_program': 2, 'full_name': 'Administracion de empresas'}"
1003,Leadership,Leadership,801134C,03:00:00,True,True,3,6,1,1,19,2,2,Leadership,True,,"{'id_university_type_subject': 1, 'type': 'Profesional', 'status': True}","{'id_university_qualification_type': 1, 'description': 'Numerica', 'status': True}","{'id_authorization_program': 19, 'resolution_number': '246-DIU', 'status': True, 'created_at': '2023-02-15 02:05:28', 'updated_at': '2023-02-15 02:05:28', 'id_program': 2, 'id_user': 1}","{'id_university_deparment': 2, 'id_faculty': 7, 'description': 'Escuela de Ingeniería de Sistemas y computación', 'status': True}","{'id_program': 2, 'full_name': 'Administracion de empresas'}"
1004,CREACIÓN E INTRODUCCIÓN DE PRODUCTOS,CREACIÓN E INTRODUCCIÓN DE PRODUCTOS,801143C,03:00:00,True,True,3,6,1,1,19,2,2,CREACIÓN E INTRODUCCIÓN DE PRODUCTOS,True,,"{'id_university_type_subject': 1, 'type': 'Profesional', 'status': True}","{'id_university_qualification_type': 1, 'description': 'Numerica', 'status': True}","{'id_authorization_program': 19, 'resolution_number': '246-DIU', 'status': True, 'created_at': '2023-02-15 02:05:28', 'updated_at': '2023-02-15 02:05:28', 'id_program': 2, 'id_user': 1}","{'id_university_deparment': 2, 'id_faculty': 7, 'description': 'Escuela de Ingeniería de Sistemas y computación', 'status': True}","{'id_program': 2, 'full_name': 'Administracion de empresas'}"
1012,Desarrollo de Software II,Desarrollo de Software II,750021C,04:00:00,True,True,3,6,2,1,2,2,1,Desarrollo de Software II,True,,"{'id_university_type_subject': 2, 'type': 'Basica', 'status': True}","{'id_university_qualification_type': 1, 'description': 'Numerica', 'status': True}","{'id_authorization_program': 2, 'resolution_number': '047', 'status': True, 'created_at': '2022-12-17 19:03:33', 'updated_at': '2022-12-17 19:03:33', 'id_program': 1, 'id_user': 1}","{'id_university_deparment': 2, 'id_faculty': 7, 'description': 'Escuela de Ingeniería de Sistemas y computación', 'status': True}","{'id_program': 1, 'full_name': 'Ingeniería de Sistemas'}"
1015,Ciberseguridad,Ciberseguridad,750129M,03:00:00,False,True,3,10,1,1,3,2,1,Ciberseguridad,True,,"{'id_university_type_subject': 1, 'type': 'Profesional', 'status': True}","{'id_university_qualification_type': 1, 'description': 'Numerica', 'status': True}","{'id_authorization_program': 3, 'resolution_number': '048', 'status': True, 'created_at': '2022-12-17 19:11:05', 'updated_at': '2022-12-17 19:11:05', 'id_program': 1, 'id_user': 1}","{'id_university_deparment': 2, 'id_faculty': 7, 'description': 'Escuela de Ingeniería de Sistemas y computación', 'status': True}","{'id_program': 1, 'full_name': 'Ingeniería de Sistemas'}"
995,Investigación y Gestión de Operaciones,Investigación y Gestión de Operaciones,801095C,03:00:00,True,True,3,5,1,1,23,2,2,Investigación y Gestión de Operaciones,True,,"{'id_university_type_subject': 1, 'type': 'Profesional', 'status': True}","{'id_university_qualification_type': 1, 'description': 'Numerica', 'status': True}","{'id_authorization_program': 23, 'resolution_number': '246-NOC', 'status': True, 'created_at': '2023-08-05 01:03:25', 'updated_at': '2023-08-05 01:03:25', 'id_program': 2, 'id_user': 1}","{'id_university_deparment': 2, 'id_faculty': 7, 'description': 'Escuela de Ingeniería de Sistemas y computación', 'status': True}","{'id_program': 2, 'full_name': 'Administracion de empresas'}"
1001,SISTEMAS DE INFORMACIÓN GERENCIAL,SISTEMAS DE INFORMACIÓN GERENCIAL,801026C,03:00:00,False,False,3,6,2,1,19,2,2,SISTEMAS DE INFORMACIÓN GERENCIAL,True,,"{'id_university_type_subject': 2, 'type': 'Basica', 'status': True}","{'id_university_qualification_type': 1, 'description': 'Numerica', 'status': True}","{'id_authorization_program': 19, 'resolution_number': '246-DIU', 'status': True, 'created_at': '2023-02-15 02:05:28', 'updated_at': '2023-02-15 02:05:28', 'id_program': 2, 'id_user': 1}","{'id_university_deparment': 2, 'id_faculty': 7, 'description': 'Escuela de Ingeniería de Sistemas y computación', 'status': True}","{'id_program': 2, 'full_name': 'Administracion de empresas'}"
996,Análisis integrado del entorno,Análisis integrado del entorno,801113C,03:00:00,True,True,3,5,1,1,23,2,2,Análisis integrado del entorno,True,,"{'id_university_type_subject': 1, 'type': 'Profesional', 'status': True}","{'id_university_qualification_type': 1, 'description': 'Numerica', 'status': True}","{'id_authorization_program': 23, 'resolution_number': '246-NOC', 'status': True, 'created_at': '2023-08-05 01:03:25', 'updated_at': '2023-08-05 01:03:25', 'id_program': 2, 'id_user': 1}","{'id_university_deparment': 2, 'id_faculty': 7, 'description': 'Escuela de Ingeniería de Sistemas y computación', 'status': True}","{'id_program': 2, 'full_name': 'Administracion de empresas'}"
997,Gestión del Conocimiento e Innovación,Gestión del Conocimiento e Innovación,801114C,03:00:00,True,True,3,5,1,1,23,2,2,Gestión del Conocimiento e Innovación,True,,"{'id_university_type_subject': 1, 'type': 'Profesional', 'status': True}","{'id_university_qualification_type': 1, 'description': 'Numerica', 'status': True}","{'id_authorization_program': 23, 'resolution_number': '246-NOC', 'status': True, 'created_at': '2023-08-05 01:03:25', 'updated_at': '2023-08-05 01:03:25', 'id_program': 2, 'id_user': 1}","{'id_university_deparment': 2, 'id_faculty': 7, 'description': 'Escuela de Ingeniería de Sistemas y computación', 'status': True}","{'id_program': 2, 'full_name': 'Administracion de empresas'}"
998,Investigación de Mercados,Investigación de Mercados,801115C,03:00:00,True,True,3,5,1,1,23,2,2,Investigación de Mercados,True,,"{'id_university_type_subject': 1, 'type': 'Profesional', 'status': True}","{'id_university_qualification_type': 1, 'description': 'Numerica', 'status': True}","{'id_authorization_program': 23, 'resolution_number': '246-NOC', 'status': True, 'created_at': '2023-08-05 01:03:25', 'updated_at': '2023-08-05 01:03:25', 'id_program': 2, 'id_user': 1}","{'id_university_deparment': 2, 'id_faculty': 7, 'description': 'Escuela de Ingeniería de Sistemas y computación', 'status': True}","{'id_program': 2, 'full_name': 'Administracion de empresas'}"
999,Responsabilidad Social Empresarial y Sostenibilidad,Responsabilidad Social Empresarial y Sostenibilidad,801116C,03:00:00,True,True,3,5,1,1,23,2,2,Responsabilidad Social Empresarial y Sostenibilidad,True,,"{'id_university_type_subject': 1, 'type': 'Profesional', 'status': True}","{'id_university_qualification_type': 1, 'description': 'Numerica', 'status': True}","{'id_authorization_program': 23, 'resolution_number': '246-NOC', 'status': True, 'created_at': '2023-08-05 01:03:25', 'updated_at': '2023-08-05 01:03:25', 'id_program': 2, 'id_user': 1}","{'id_university_deparment': 2, 'id_faculty': 7, 'description': 'Escuela de Ingeniería de Sistemas y computación', 'status': True}","{'id_program': 2, 'full_name': 'Administracion de empresas'}"
1002,GESTIÓN DE BIENES Y SERVICIOS,GESTIÓN DE BIENES Y SERVICIOS,801133C,03:00:00,True,False,3,6,1,1,19,2,2,GESTIÓN DE BIENES Y SERVICIOS,True,,"{'id_university_type_subject': 1, 'type': 'Profesional', 'status': True}","{'id_university_qualification_type': 1, 'description': 'Numerica', 'status': True}","{'id_authorization_program': 19, 'resolution_number': '246-DIU', 'status': True, 'created_at': '2023-02-15 02:05:28', 'updated_at': '2023-02-15 02:05:28', 'id_program': 2, 'id_user': 1}","{'id_university_deparment': 2, 'id_faculty': 7, 'description': 'Escuela de Ingeniería de Sistemas y computación', 'status': True}","{'id_program': 2, 'full_name': 'Administracion de empresas'}"
994,Inglés con fines generales y académicos III,Inglés con fines generales y académicos III,204027C,04:00:00,True,True,3,5,1,1,23,2,2,Inglés con fines generales y académicos III,True,,"{'id_university_type_subject': 1, 'type': 'Profesional', 'status': True}","{'id_university_qualification_type': 1, 'description': 'Numerica', 'status': True}","{'id_authorization_program': 23, 'resolution_number': '246-NOC', 'status': True, 'created_at': '2023-08-05 01:03:25', 'updated_at': '2023-08-05 01:03:25', 'id_program': 2, 'id_user': 1}","{'id_university_deparment': 2, 'id_faculty': 7, 'description': 'Escuela de Ingeniería de Sistemas y computación', 'status': True}","{'id_program': 2, 'full_name': 'Administracion de empresas'}"
1016,"Robots, Historia  y  Ficción","Robots, Historia  y  Ficción",710061C,03:00:00,False,False,3,3,4,1,2,1,1,"Robots, Historia  y  Ficción",True,,"{'id_university_type_subject': 4, 'type': 'Electiva Complementaria', 'status': True}","{'id_university_qualification_type': 1, 'description': 'Numerica', 'status': True}","{'id_authorization_program': 2, 'resolution_number': '047', 'status': True, 'created_at': '2022-12-17 19:03:33', 'updated_at': '2022-12-17 19:03:33', 'id_program': 1, 'id_user': 1}","{'id_university_deparment': 1, 'id_faculty': 7, 'description': 'Escuela de Ingeniería Industrial', 'status': True}","{'id_program': 1, 'full_name': 'Ingeniería de Sistemas'}"
1006,Emprendimiento Empresarial,Emprendimiento Empresarial,760155M,03:00:00,True,True,3,6,1,1,14,2,8,Emprendimiento Empresarial,True,,"{'id_university_type_subject': 1, 'type': 'Profesional', 'status': True}","{'id_university_qualification_type': 1, 'description': 'Numerica', 'status': True}","{'id_authorization_program': 14, 'resolution_number': '217-DIU', 'status': True, 'created_at': '2023-01-30 21:30:48', 'updated_at': '2023-01-30 21:30:48', 'id_program': 8, 'id_user': 1}","{'id_university_deparment': 2, 'id_faculty': 7, 'description': 'Escuela de Ingeniería de Sistemas y computación', 'status': True}","{'id_program': 8, 'full_name': 'Tecnología en Desarrollo de Software'}"
1010,INTELIGENCIA ARTIFICIAL,INTELIGENCIA ARTIFICIAL,750022C,04:00:00,True,True,3,6,1,1,2,2,1,INTELIGENCIA ARTIFICIAL,True,,"{'id_university_type_subject': 1, 'type': 'Profesional', 'status': True}","{'id_university_qualification_type': 1, 'description': 'Numerica', 'status': True}","{'id_authorization_program': 2, 'resolution_number': '047', 'status': True, 'created_at': '2022-12-17 19:03:33', 'updated_at': '2022-12-17 19:03:33', 'id_program': 1, 'id_user': 1}","{'id_university_deparment': 2, 'id_faculty': 7, 'description': 'Escuela de Ingeniería de Sistemas y computación', 'status': True}","{'id_program': 1, 'full_name': 'Ingeniería de Sistemas'}"
1009,ANÁLISIS Y DISEÑO DE ALGORITMOS II,ANÁLISIS Y DISEÑO DE ALGORITMOS II,750020C,03:00:00,False,True,3,6,1,1,2,2,1,ANÁLISIS Y DISEÑO DE ALGORITMOS II,True,,"{'id_university_type_subject': 1, 'type': 'Profesional', 'status': True}","{'id_university_qualification_type': 1, 'description': 'Numerica', 'status': True}","{'id_authorization_program': 2, 'resolution_number': '047', 'status': True, 'created_at': '2022-12-17 19:03:33', 'updated_at': '2022-12-17 19:03:33', 'id_program': 1, 'id_user': 1}","{'id_university_deparment': 2, 'id_faculty': 7, 'description': 'Escuela de Ingeniería de Sistemas y computación', 'status': True}","{'id_program': 1, 'full_name': 'Ingeniería de Sistemas'}"
1007,FUNDAMENTOS DE SISTEMAS SOCIOECOLÓGICOS,FUNDAMENTOS DE SISTEMAS SOCIOECOLÓGICOS,730011C,03:00:00,False,True,3,3,2,1,2,2,1,FUNDAMENTOS DE SISTEMAS SOCIOECOLÓGICOS,True,,"{'id_university_type_subject': 2, 'type': 'Basica', 'status': True}","{'id_university_qualification_type': 1, 'description': 'Numerica', 'status': True}","{'id_authorization_program': 2, 'resolution_number': '047', 'status': True, 'created_at': '2022-12-17 19:03:33', 'updated_at': '2022-12-17 19:03:33', 'id_program': 1, 'id_user': 1}","{'id_university_deparment': 2, 'id_faculty': 7, 'description': 'Escuela de Ingeniería de Sistemas y computación', 'status': True}","{'id_program': 1, 'full_name': 'Ingeniería de Sistemas'}"
1056,Seguridad Social,Seguridad Social,207068M,03:00:00,True,True,3,9,1,1,6,1,5,Seguridad Social,True,,"{'id_university_type_subject': 1, 'type': 'Profesional', 'status': True}","{'id_university_qualification_type': 1, 'description': 'Numerica', 'status': True}","{'id_authorization_program': 6, 'resolution_number': '011', 'status': True, 'created_at': '2023-01-16 13:57:22', 'updated_at': '2023-01-16 13:57:22', 'id_program': 5, 'id_user': 1}","{'id_university_deparment': 1, 'id_faculty': 7, 'description': 'Escuela de Ingeniería Industrial', 'status': True}","{'id_program': 5, 'full_name': 'Trabajo social'}"
1011,INFRAESTRUCTURAS PARALELAS Y DISTRIBUIDAS,INFRAESTRUCTURAS PARALELAS Y DISTRIBUIDAS,750023C,03:00:00,False,True,3,6,1,1,2,2,1,INFRAESTRUCTURAS PARALELAS Y DISTRIBUIDAS,True,,"{'id_university_type_subject': 1, 'type': 'Profesional', 'status': True}","{'id_university_qualification_type': 1, 'description': 'Numerica', 'status': True}","{'id_authorization_program': 2, 'resolution_number': '047', 'status': True, 'created_at': '2022-12-17 19:03:33', 'updated_at': '2022-12-17 19:03:33', 'id_program': 1, 'id_user': 1}","{'id_university_deparment': 2, 'id_faculty': 7, 'description': 'Escuela de Ingeniería de Sistemas y computación', 'status': True}","{'id_program': 1, 'full_name': 'Ingeniería de Sistemas'}"
846,INTELIGENCIA ARTIFICIAL,INTELIGENCIA ARTIFICIAL,750022C,04:00:00,True,True,3,6,1,1,29,2,8,INTELIGENCIA ARTIFICIAL,True,,"{'id_university_type_subject': 1, 'type': 'Profesional', 'status': True}","{'id_university_qualification_type': 1, 'description': 'Numerica', 'status': True}","{'id_authorization_program': 29, 'resolution_number': '217-NOC', 'status': True, 'created_at': '2023-08-09 14:20:51', 'updated_at': '2023-08-09 14:20:51', 'id_program': 8, 'id_user': 1}","{'id_university_deparment': 2, 'id_faculty': 7, 'description': 'Escuela de Ingeniería de Sistemas y computación', 'status': True}","{'id_program': 8, 'full_name': 'Tecnología en Desarrollo de Software'}"
1008,Proyecto Integrador I (Proyecto Tecnológico),Proyecto Integrador I (Proyecto Tecnológico),750018C,04:00:00,True,True,3,6,1,1,2,2,1,Proyecto Integrador I (Proyecto Tecnológico),True,,"{'id_university_type_subject': 1, 'type': 'Profesional', 'status': True}","{'id_university_qualification_type': 1, 'description': 'Numerica', 'status': True}","{'id_authorization_program': 2, 'resolution_number': '047', 'status': True, 'created_at': '2022-12-17 19:03:33', 'updated_at': '2022-12-17 19:03:33', 'id_program': 1, 'id_user': 1}","{'id_university_deparment': 2, 'id_faculty': 7, 'description': 'Escuela de Ingeniería de Sistemas y computación', 'status': True}","{'id_program': 1, 'full_name': 'Ingeniería de Sistemas'}"
1013,SISTEMAS DE INFORMACIÓN I,SISTEMAS DE INFORMACIÓN I,750022M,03:00:00,False,True,3,8,1,1,3,2,1,SISTEMAS DE INFORMACIÓN I,True,,"{'id_university_type_subject': 1, 'type': 'Profesional', 'status': True}","{'id_university_qualification_type': 1, 'description': 'Numerica', 'status': True}","{'id_authorization_program': 3, 'resolution_number': '048', 'status': True, 'created_at': '2022-12-17 19:11:05', 'updated_at': '2022-12-17 19:11:05', 'id_program': 1, 'id_user': 1}","{'id_university_deparment': 2, 'id_faculty': 7, 'description': 'Escuela de Ingeniería de Sistemas y computación', 'status': True}","{'id_program': 1, 'full_name': 'Ingeniería de Sistemas'}"
991,COMPRENSIÓN Y PRODUCCIÓN DE TEXTOS ACADÉMICOS GENERALES,COMPRENSIÓN Y PRODUCCIÓN DE TEXTOS ACADÉMICOS GENERALES,204133C,03:00:00,False,True,2,2,2,1,19,1,2,COMPRENSIÓN Y PRODUCCIÓN DE TEXTOS ACADÉMICOS GENERALES,True,,"{'id_university_type_subject': 2, 'type': 'Basica', 'status': True}","{'id_university_qualification_type': 1, 'description': 'Numerica', 'status': True}","{'id_authorization_program': 19, 'resolution_number': '246-DIU', 'status': True, 'created_at': '2023-02-15 02:05:28', 'updated_at': '2023-02-15 02:05:28', 'id_program': 2, 'id_user': 1}","{'id_university_deparment': 1, 'id_faculty': 7, 'description': 'Escuela de Ingeniería Industrial', 'status': True}","{'id_program': 2, 'full_name': 'Administracion de empresas'}"
993,Legislación  Comercial,Legislación  Comercial,801058C,03:00:00,True,True,2,3,2,1,23,2,2,Legislación  Comercial,True,,"{'id_university_type_subject': 2, 'type': 'Basica', 'status': True}","{'id_university_qualification_type': 1, 'description': 'Numerica', 'status': True}","{'id_authorization_program': 23, 'resolution_number': '246-NOC', 'status': True, 'created_at': '2023-08-05 01:03:25', 'updated_at': '2023-08-05 01:03:25', 'id_program': 2, 'id_user': 1}","{'id_university_deparment': 2, 'id_faculty': 7, 'description': 'Escuela de Ingeniería de Sistemas y computación', 'status': True}","{'id_program': 2, 'full_name': 'Administracion de empresas'}"
1025,APLICACION Y MANEJO DEL FRIO PARA LA CONSERVACION DE ALIMENTOS,APLICACION Y MANEJO DEL FRIO PARA LA CONSERVACION DE ALIMENTOS,745071M,03:00:00,True,True,2,9,3,1,16,2,3,APLICACION Y MANEJO DEL FRIO PARA LA CONSERVACION DE ALIMENTOS,True,,"{'id_university_type_subject': 3, 'type': 'Electiva profesional', 'status': True}","{'id_university_qualification_type': 1, 'description': 'Numerica', 'status': True}","{'id_authorization_program': 16, 'resolution_number': '081', 'status': True, 'created_at': '2023-02-09 14:57:44', 'updated_at': '2023-02-09 14:57:44', 'id_program': 3, 'id_user': 1}","{'id_university_deparment': 2, 'id_faculty': 7, 'description': 'Escuela de Ingeniería de Sistemas y computación', 'status': True}","{'id_program': 3, 'full_name': 'Ingeniería de Alimentos'}"
1026,CONSERVACIÓN Y VIDA ÚTIL DE ALIMENTOS,CONSERVACIÓN Y VIDA ÚTIL DE ALIMENTOS,745007C,03:00:00,False,False,3,7,1,1,7,2,3,CONSERVACIÓN Y VIDA ÚTIL DE ALIMENTOS,True,,"{'id_university_type_subject': 1, 'type': 'Profesional', 'status': True}","{'id_university_qualification_type': 1, 'description': 'Numerica', 'status': True}","{'id_authorization_program': 7, 'resolution_number': '228', 'status': True, 'created_at': '2023-01-16 14:02:37', 'updated_at': '2023-01-16 14:02:37', 'id_program': 3, 'id_user': 1}","{'id_university_deparment': 2, 'id_faculty': 7, 'description': 'Escuela de Ingeniería de Sistemas y computación', 'status': True}","{'id_program': 3, 'full_name': 'Ingeniería de Alimentos'}"
1028,Taller de Ingeniería I,Taller de Ingeniería I,701002C,03:00:00,True,True,3,7,1,1,32,1,3,Taller de Ingeniería I,True,,"{'id_university_type_subject': 1, 'type': 'Profesional', 'status': True}","{'id_university_qualification_type': 1, 'description': 'Numerica', 'status': True}","{'id_authorization_program': 32, 'resolution_number': '228-aux', 'status': True, 'created_at': '2024-08-05 16:18:07', 'updated_at': '2024-08-05 16:18:07', 'id_program': 3, 'id_user': 1}","{'id_university_deparment': 1, 'id_faculty': 7, 'description': 'Escuela de Ingeniería Industrial', 'status': True}","{'id_program': 3, 'full_name': 'Ingeniería de Alimentos'}"
1037,IMPACTOS AMBIENTALES,IMPACTOS AMBIENTALES,730078C,03:00:00,False,True,3,5,1,1,14,2,8,IMPACTOS AMBIENTALES,True,,"{'id_university_type_subject': 1, 'type': 'Profesional', 'status': True}","{'id_university_qualification_type': 1, 'description': 'Numerica', 'status': True}","{'id_authorization_program': 14, 'resolution_number': '217-DIU', 'status': True, 'created_at': '2023-01-30 21:30:48', 'updated_at': '2023-01-30 21:30:48', 'id_program': 8, 'id_user': 1}","{'id_university_deparment': 2, 'id_faculty': 7, 'description': 'Escuela de Ingeniería de Sistemas y computación', 'status': True}","{'id_program': 8, 'full_name': 'Tecnología en Desarrollo de Software'}"
1029,INNOVACIÓN Y EMPRENDIMIENTO EMPRESARIAL,INNOVACIÓN Y EMPRENDIMIENTO EMPRESARIAL,750032C,03:00:00,False,False,3,6,1,1,14,1,8,INNOVACIÓN Y EMPRENDIMIENTO EMPRESARIAL,True,,"{'id_university_type_subject': 1, 'type': 'Profesional', 'status': True}","{'id_university_qualification_type': 1, 'description': 'Numerica', 'status': True}","{'id_authorization_program': 14, 'resolution_number': '217-DIU', 'status': True, 'created_at': '2023-01-30 21:30:48', 'updated_at': '2023-01-30 21:30:48', 'id_program': 8, 'id_user': 1}","{'id_university_deparment': 1, 'id_faculty': 7, 'description': 'Escuela de Ingeniería Industrial', 'status': True}","{'id_program': 8, 'full_name': 'Tecnología en Desarrollo de Software'}"
1031,Inglés con fines generales y académicos I,Inglés con fines generales y académicos I,204025C,04:00:00,True,True,3,3,1,1,30,2,12,Inglés con fines generales y académicos I,True,,"{'id_university_type_subject': 1, 'type': 'Profesional', 'status': True}","{'id_university_qualification_type': 1, 'description': 'Numerica', 'status': True}","{'id_authorization_program': 30, 'resolution_number': '241-Noc', 'status': True, 'created_at': '2024-01-16 21:41:23', 'updated_at': '2024-01-16 21:41:23', 'id_program': 12, 'id_user': 1}","{'id_university_deparment': 2, 'id_faculty': 7, 'description': 'Escuela de Ingeniería de Sistemas y computación', 'status': True}","{'id_program': 12, 'full_name': 'Tecnologia en Electronica Industrial'}"
1032,Fisica + Laboratorio,Fisica + Laboratorio,106012C,07:00:00,False,False,4,3,2,1,30,2,12,Fisica + Laboratorio,True,,"{'id_university_type_subject': 2, 'type': 'Basica', 'status': True}","{'id_university_qualification_type': 1, 'description': 'Numerica', 'status': True}","{'id_authorization_program': 30, 'resolution_number': '241-Noc', 'status': True, 'created_at': '2024-01-16 21:41:23', 'updated_at': '2024-01-16 21:41:23', 'id_program': 12, 'id_user': 1}","{'id_university_deparment': 2, 'id_faculty': 7, 'description': 'Escuela de Ingeniería de Sistemas y computación', 'status': True}","{'id_program': 12, 'full_name': 'Tecnologia en Electronica Industrial'}"
1042,TALLER DE INSTALACIONES HIDROSANITARIAS,TALLER DE INSTALACIONES HIDROSANITARIAS,502037C,04:00:00,False,False,3,6,2,1,5,2,4,TALLER DE INSTALACIONES HIDROSANITARIAS,True,,"{'id_university_type_subject': 2, 'type': 'Basica', 'status': True}","{'id_university_qualification_type': 1, 'description': 'Numerica', 'status': True}","{'id_authorization_program': 5, 'resolution_number': '128', 'status': True, 'created_at': '2023-01-16 13:56:28', 'updated_at': '2023-01-16 13:56:28', 'id_program': 4, 'id_user': 1}","{'id_university_deparment': 2, 'id_faculty': 7, 'description': 'Escuela de Ingeniería de Sistemas y computación', 'status': True}","{'id_program': 4, 'full_name': 'Construccion'}"
1034,Probabilidad y Estadistica,Probabilidad y Estadistica,761001C,04:00:00,True,True,3,3,1,1,30,2,12,Probabilidad y Estadistica,True,,"{'id_university_type_subject': 1, 'type': 'Profesional', 'status': True}","{'id_university_qualification_type': 1, 'description': 'Numerica', 'status': True}","{'id_authorization_program': 30, 'resolution_number': '241-Noc', 'status': True, 'created_at': '2024-01-16 21:41:23', 'updated_at': '2024-01-16 21:41:23', 'id_program': 12, 'id_user': 1}","{'id_university_deparment': 2, 'id_faculty': 7, 'description': 'Escuela de Ingeniería de Sistemas y computación', 'status': True}","{'id_program': 12, 'full_name': 'Tecnologia en Electronica Industrial'}"
1035,SISTEMAS DIGITALES,SISTEMAS DIGITALES,710005C,03:00:00,True,True,3,3,2,1,30,2,12,SISTEMAS DIGITALES,True,,"{'id_university_type_subject': 2, 'type': 'Basica', 'status': True}","{'id_university_qualification_type': 1, 'description': 'Numerica', 'status': True}","{'id_authorization_program': 30, 'resolution_number': '241-Noc', 'status': True, 'created_at': '2024-01-16 21:41:23', 'updated_at': '2024-01-16 21:41:23', 'id_program': 12, 'id_user': 1}","{'id_university_deparment': 2, 'id_faculty': 7, 'description': 'Escuela de Ingeniería de Sistemas y computación', 'status': True}","{'id_program': 12, 'full_name': 'Tecnologia en Electronica Industrial'}"
1040,Diseño de Contenido para Interfaces de Usuario,Diseño de Contenido para Interfaces de Usuario,750040C,03:00:00,False,False,3,6,1,1,29,2,8,Diseño de Contenido para Interfaces de Usuario,True,,"{'id_university_type_subject': 1, 'type': 'Profesional', 'status': True}","{'id_university_qualification_type': 1, 'description': 'Numerica', 'status': True}","{'id_authorization_program': 29, 'resolution_number': '217-NOC', 'status': True, 'created_at': '2023-08-09 14:20:51', 'updated_at': '2023-08-09 14:20:51', 'id_program': 8, 'id_user': 1}","{'id_university_deparment': 2, 'id_faculty': 7, 'description': 'Escuela de Ingeniería de Sistemas y computación', 'status': True}","{'id_program': 8, 'full_name': 'Tecnología en Desarrollo de Software'}"
1036,FUNDAMENTOS DE ANÁLISIS Y CÁLCULO NUMÉRICO,FUNDAMENTOS DE ANÁLISIS Y CÁLCULO NUMÉRICO,750042C,03:00:00,True,True,3,5,2,1,14,2,8,FUNDAMENTOS DE ANÁLISIS Y CÁLCULO NUMÉRICO,True,,"{'id_university_type_subject': 2, 'type': 'Basica', 'status': True}","{'id_university_qualification_type': 1, 'description': 'Numerica', 'status': True}","{'id_authorization_program': 14, 'resolution_number': '217-DIU', 'status': True, 'created_at': '2023-01-30 21:30:48', 'updated_at': '2023-01-30 21:30:48', 'id_program': 8, 'id_user': 1}","{'id_university_deparment': 2, 'id_faculty': 7, 'description': 'Escuela de Ingeniería de Sistemas y computación', 'status': True}","{'id_program': 8, 'full_name': 'Tecnología en Desarrollo de Software'}"
1043,SISTEMA DE CONTROL AMBIENTAL INSTALACIONES II,SISTEMA DE CONTROL AMBIENTAL INSTALACIONES II,502032C,03:00:00,False,False,3,6,2,1,5,2,4,SISTEMA DE CONTROL AMBIENTAL INSTALACIONES II,True,,"{'id_university_type_subject': 2, 'type': 'Basica', 'status': True}","{'id_university_qualification_type': 1, 'description': 'Numerica', 'status': True}","{'id_authorization_program': 5, 'resolution_number': '128', 'status': True, 'created_at': '2023-01-16 13:56:28', 'updated_at': '2023-01-16 13:56:28', 'id_program': 4, 'id_user': 1}","{'id_university_deparment': 2, 'id_faculty': 7, 'description': 'Escuela de Ingeniería de Sistemas y computación', 'status': True}","{'id_program': 4, 'full_name': 'Construccion'}"
1039,Proyecto Integrador I (Proyecto Tecnológico),Proyecto Integrador I (Proyecto Tecnológico),750018C,04:00:00,True,True,3,6,1,1,29,2,8,Proyecto Integrador I (Proyecto Tecnológico),True,,"{'id_university_type_subject': 1, 'type': 'Profesional', 'status': True}","{'id_university_qualification_type': 1, 'description': 'Numerica', 'status': True}","{'id_authorization_program': 29, 'resolution_number': '217-NOC', 'status': True, 'created_at': '2023-08-09 14:20:51', 'updated_at': '2023-08-09 14:20:51', 'id_program': 8, 'id_user': 1}","{'id_university_deparment': 2, 'id_faculty': 7, 'description': 'Escuela de Ingeniería de Sistemas y computación', 'status': True}","{'id_program': 8, 'full_name': 'Tecnología en Desarrollo de Software'}"
1038,Desarrollo de Software II,Desarrollo de Software II,750021C,04:00:00,True,True,3,6,2,1,29,2,8,Desarrollo de Software II,True,,"{'id_university_type_subject': 2, 'type': 'Basica', 'status': True}","{'id_university_qualification_type': 1, 'description': 'Numerica', 'status': True}","{'id_authorization_program': 29, 'resolution_number': '217-NOC', 'status': True, 'created_at': '2023-08-09 14:20:51', 'updated_at': '2023-08-09 14:20:51', 'id_program': 8, 'id_user': 1}","{'id_university_deparment': 2, 'id_faculty': 7, 'description': 'Escuela de Ingeniería de Sistemas y computación', 'status': True}","{'id_program': 8, 'full_name': 'Tecnología en Desarrollo de Software'}"
1027,DEPORTE Y SALUD,DEPORTE Y SALUD,404002C,03:00:00,False,False,2,1,2,1,31,2,12,DEPORTE Y SALUD,True,,"{'id_university_type_subject': 2, 'type': 'Basica', 'status': True}","{'id_university_qualification_type': 1, 'description': 'Numerica', 'status': True}","{'id_authorization_program': 31, 'resolution_number': '241-Noc-aux', 'status': True, 'created_at': '2024-08-05 16:14:05', 'updated_at': '2024-08-05 16:14:05', 'id_program': 12, 'id_user': 1}","{'id_university_deparment': 2, 'id_faculty': 7, 'description': 'Escuela de Ingeniería de Sistemas y computación', 'status': True}","{'id_program': 12, 'full_name': 'Tecnologia en Electronica Industrial'}"
1046,TOPOGRAFÍA,TOPOGRAFÍA,502054M,03:00:00,False,False,3,6,1,1,5,2,4,TOPOGRAFÍA,True,,"{'id_university_type_subject': 1, 'type': 'Profesional', 'status': True}","{'id_university_qualification_type': 1, 'description': 'Numerica', 'status': True}","{'id_authorization_program': 5, 'resolution_number': '128', 'status': True, 'created_at': '2023-01-16 13:56:28', 'updated_at': '2023-01-16 13:56:28', 'id_program': 4, 'id_user': 1}","{'id_university_deparment': 2, 'id_faculty': 7, 'description': 'Escuela de Ingeniería de Sistemas y computación', 'status': True}","{'id_program': 4, 'full_name': 'Construccion'}"
1044,CONSTRUCCIÓN DE INFRAESTRUCTURA URBANA II,CONSTRUCCIÓN DE INFRAESTRUCTURA URBANA II,502033C,03:00:00,False,False,3,6,2,1,5,2,4,CONSTRUCCIÓN DE INFRAESTRUCTURA URBANA II,True,,"{'id_university_type_subject': 2, 'type': 'Basica', 'status': True}","{'id_university_qualification_type': 1, 'description': 'Numerica', 'status': True}","{'id_authorization_program': 5, 'resolution_number': '128', 'status': True, 'created_at': '2023-01-16 13:56:28', 'updated_at': '2023-01-16 13:56:28', 'id_program': 4, 'id_user': 1}","{'id_university_deparment': 2, 'id_faculty': 7, 'description': 'Escuela de Ingeniería de Sistemas y computación', 'status': True}","{'id_program': 4, 'full_name': 'Construccion'}"
1045,TALLER CONSTRUCCIÓN DE INFRAESTRUCTURA URBANA II,TALLER CONSTRUCCIÓN DE INFRAESTRUCTURA URBANA II,502036C,04:00:00,False,False,3,6,1,1,5,2,4,TALLER CONSTRUCCIÓN DE INFRAESTRUCTURA URBANA II,True,,"{'id_university_type_subject': 1, 'type': 'Profesional', 'status': True}","{'id_university_qualification_type': 1, 'description': 'Numerica', 'status': True}","{'id_authorization_program': 5, 'resolution_number': '128', 'status': True, 'created_at': '2023-01-16 13:56:28', 'updated_at': '2023-01-16 13:56:28', 'id_program': 4, 'id_user': 1}","{'id_university_deparment': 2, 'id_faculty': 7, 'description': 'Escuela de Ingeniería de Sistemas y computación', 'status': True}","{'id_program': 4, 'full_name': 'Construccion'}"
1047,COSTOS Y PRESUPUESTOS,COSTOS Y PRESUPUESTOS,502017C,03:00:00,False,False,3,6,1,1,5,2,4,COSTOS Y PRESUPUESTOS,True,,"{'id_university_type_subject': 1, 'type': 'Profesional', 'status': True}","{'id_university_qualification_type': 1, 'description': 'Numerica', 'status': True}","{'id_authorization_program': 5, 'resolution_number': '128', 'status': True, 'created_at': '2023-01-16 13:56:28', 'updated_at': '2023-01-16 13:56:28', 'id_program': 4, 'id_user': 1}","{'id_university_deparment': 2, 'id_faculty': 7, 'description': 'Escuela de Ingeniería de Sistemas y computación', 'status': True}","{'id_program': 4, 'full_name': 'Construccion'}"
1048,PROBABILIDAD Y ESTADÍSTICA,PROBABILIDAD Y ESTADÍSTICA,761005C,04:00:00,False,False,3,6,1,1,5,2,4,PROBABILIDAD Y ESTADÍSTICA,True,,"{'id_university_type_subject': 1, 'type': 'Profesional', 'status': True}","{'id_university_qualification_type': 1, 'description': 'Numerica', 'status': True}","{'id_authorization_program': 5, 'resolution_number': '128', 'status': True, 'created_at': '2023-01-16 13:56:28', 'updated_at': '2023-01-16 13:56:28', 'id_program': 4, 'id_user': 1}","{'id_university_deparment': 2, 'id_faculty': 7, 'description': 'Escuela de Ingeniería de Sistemas y computación', 'status': True}","{'id_program': 4, 'full_name': 'Construccion'}"
1014,Calidad de productos de Software,Calidad de productos de Software,750029C,03:00:00,False,False,3,8,3,1,3,2,1,Calidad de productos de Software,True,,"{'id_university_type_subject': 3, 'type': 'Electiva profesional', 'status': True}","{'id_university_qualification_type': 1, 'description': 'Numerica', 'status': True}","{'id_authorization_program': 3, 'resolution_number': '048', 'status': True, 'created_at': '2022-12-17 19:11:05', 'updated_at': '2022-12-17 19:11:05', 'id_program': 1, 'id_user': 1}","{'id_university_deparment': 2, 'id_faculty': 7, 'description': 'Escuela de Ingeniería de Sistemas y computación', 'status': True}","{'id_program': 1, 'full_name': 'Ingeniería de Sistemas'}"
1030,DEPORTE FORMATIVO,DEPORTE FORMATIVO,404032C,02:00:00,False,True,2,1,2,1,6,2,5,DEPORTE FORMATIVO,True,,"{'id_university_type_subject': 2, 'type': 'Basica', 'status': True}","{'id_university_qualification_type': 1, 'description': 'Numerica', 'status': True}","{'id_authorization_program': 6, 'resolution_number': '011', 'status': True, 'created_at': '2023-01-16 13:57:22', 'updated_at': '2023-01-16 13:57:22', 'id_program': 5, 'id_user': 1}","{'id_university_deparment': 2, 'id_faculty': 7, 'description': 'Escuela de Ingeniería de Sistemas y computación', 'status': True}","{'id_program': 5, 'full_name': 'Trabajo social'}"
1049,Inglés con fines generales y académicos II,Inglés con fines generales y académicos II,204026C,04:00:00,True,True,3,4,1,1,20,2,11,Inglés con fines generales y académicos II,True,,"{'id_university_type_subject': 1, 'type': 'Profesional', 'status': True}","{'id_university_qualification_type': 1, 'description': 'Numerica', 'status': True}","{'id_authorization_program': 20, 'resolution_number': '023', 'status': True, 'created_at': '2023-07-30 14:02:40', 'updated_at': '2023-07-30 14:02:40', 'id_program': 11, 'id_user': 1}","{'id_university_deparment': 2, 'id_faculty': 7, 'description': 'Escuela de Ingeniería de Sistemas y computación', 'status': True}","{'id_program': 11, 'full_name': 'Nutricion y dietetica'}"
1052,ANTROPOLOGÍA ALIMENTARIA,ANTROPOLOGÍA ALIMENTARIA,605021C,03:00:00,False,False,3,4,2,1,20,2,11,ANTROPOLOGÍA ALIMENTARIA,True,,"{'id_university_type_subject': 2, 'type': 'Basica', 'status': True}","{'id_university_qualification_type': 1, 'description': 'Numerica', 'status': True}","{'id_authorization_program': 20, 'resolution_number': '023', 'status': True, 'created_at': '2023-07-30 14:02:40', 'updated_at': '2023-07-30 14:02:40', 'id_program': 11, 'id_user': 1}","{'id_university_deparment': 2, 'id_faculty': 7, 'description': 'Escuela de Ingeniería de Sistemas y computación', 'status': True}","{'id_program': 11, 'full_name': 'Nutricion y dietetica'}"
1054,FISIOPATOLOGÍA HUMANA,FISIOPATOLOGÍA HUMANA,605022C,03:00:00,False,False,3,4,2,1,20,2,11,FISIOPATOLOGÍA HUMANA,True,,"{'id_university_type_subject': 2, 'type': 'Basica', 'status': True}","{'id_university_qualification_type': 1, 'description': 'Numerica', 'status': True}","{'id_authorization_program': 20, 'resolution_number': '023', 'status': True, 'created_at': '2023-07-30 14:02:40', 'updated_at': '2023-07-30 14:02:40', 'id_program': 11, 'id_user': 1}","{'id_university_deparment': 2, 'id_faculty': 7, 'description': 'Escuela de Ingeniería de Sistemas y computación', 'status': True}","{'id_program': 11, 'full_name': 'Nutricion y dietetica'}"
1055,Niñez y Trabajo Social,Niñez y Trabajo Social,207111M,03:00:00,False,False,3,9,1,1,6,2,5,Niñez y Trabajo Social,False,,"{'id_university_type_subject': 1, 'type': 'Profesional', 'status': True}","{'id_university_qualification_type': 1, 'description': 'Numerica', 'status': True}","{'id_authorization_program': 6, 'resolution_number': '011', 'status': True, 'created_at': '2023-01-16 13:57:22', 'updated_at': '2023-01-16 13:57:22', 'id_program': 5, 'id_user': 1}","{'id_university_deparment': 2, 'id_faculty': 7, 'description': 'Escuela de Ingeniería de Sistemas y computación', 'status': True}","{'id_program': 5, 'full_name': 'Trabajo social'}"
1041,IMPACTOS AMBIENTALES,IMPACTOS AMBIENTALES,730078C,03:00:00,False,True,3,6,1,1,29,2,8,IMPACTOS AMBIENTALES,True,,"{'id_university_type_subject': 1, 'type': 'Profesional', 'status': True}","{'id_university_qualification_type': 1, 'description': 'Numerica', 'status': True}","{'id_authorization_program': 29, 'resolution_number': '217-NOC', 'status': True, 'created_at': '2023-08-09 14:20:51', 'updated_at': '2023-08-09 14:20:51', 'id_program': 8, 'id_user': 1}","{'id_university_deparment': 2, 'id_faculty': 7, 'description': 'Escuela de Ingeniería de Sistemas y computación', 'status': True}","{'id_program': 8, 'full_name': 'Tecnología en Desarrollo de Software'}"
1057,Violencia familiar,Violencia familiar,207950,03:00:00,False,False,3,9,1,1,6,2,5,Violencia familiar,True,,"{'id_university_type_subject': 1, 'type': 'Profesional', 'status': True}","{'id_university_qualification_type': 1, 'description': 'Numerica', 'status': True}","{'id_authorization_program': 6, 'resolution_number': '011', 'status': True, 'created_at': '2023-01-16 13:57:22', 'updated_at': '2023-01-16 13:57:22', 'id_program': 5, 'id_user': 1}","{'id_university_deparment': 2, 'id_faculty': 7, 'description': 'Escuela de Ingeniería de Sistemas y computación', 'status': True}","{'id_program': 5, 'full_name': 'Trabajo social'}"
1058,ANTROPOLOGÍA SOCIAL Y CULTURAL,ANTROPOLOGÍA SOCIAL Y CULTURAL,207031M,03:00:00,False,False,3,3,2,1,6,2,5,ANTROPOLOGÍA SOCIAL Y CULTURAL,True,,"{'id_university_type_subject': 2, 'type': 'Basica', 'status': True}","{'id_university_qualification_type': 1, 'description': 'Numerica', 'status': True}","{'id_authorization_program': 6, 'resolution_number': '011', 'status': True, 'created_at': '2023-01-16 13:57:22', 'updated_at': '2023-01-16 13:57:22', 'id_program': 5, 'id_user': 1}","{'id_university_deparment': 2, 'id_faculty': 7, 'description': 'Escuela de Ingeniería de Sistemas y computación', 'status': True}","{'id_program': 5, 'full_name': 'Trabajo social'}"
1033,"Seminario en Constitución, Legislación y Ética de la profesión","Seminario en Constitución, Legislación y Ética de la profesión",730026C,03:00:00,False,False,3,3,1,1,30,2,12,"Seminario en Constitución, Legislación y Ética de la profesión",True,,"{'id_university_type_subject': 1, 'type': 'Profesional', 'status': True}","{'id_university_qualification_type': 1, 'description': 'Numerica', 'status': True}","{'id_authorization_program': 30, 'resolution_number': '241-Noc', 'status': True, 'created_at': '2024-01-16 21:41:23', 'updated_at': '2024-01-16 21:41:23', 'id_program': 12, 'id_user': 1}","{'id_university_deparment': 2, 'id_faculty': 7, 'description': 'Escuela de Ingeniería de Sistemas y computación', 'status': True}","{'id_program': 12, 'full_name': 'Tecnologia en Electronica Industrial'}"
1061,Introducción a la Ciencia de los Datos,Introducción a la Ciencia de los Datos,750025C,03:00:00,False,False,3,7,1,1,2,2,1,Introducción a la Ciencia de los Datos,True,,"{'id_university_type_subject': 1, 'type': 'Profesional', 'status': True}","{'id_university_qualification_type': 1, 'description': 'Numerica', 'status': True}","{'id_authorization_program': 2, 'resolution_number': '047', 'status': True, 'created_at': '2022-12-17 19:03:33', 'updated_at': '2022-12-17 19:03:33', 'id_program': 1, 'id_user': 1}","{'id_university_deparment': 2, 'id_faculty': 7, 'description': 'Escuela de Ingeniería de Sistemas y computación', 'status': True}","{'id_program': 1, 'full_name': 'Ingeniería de Sistemas'}"
1059,"Seminario en Constitución, Legislación y Ética de la profesión","Seminario en Constitución, Legislación y Ética de la profesión",730026C,03:00:00,False,False,3,7,1,1,2,2,1,"Seminario en Constitución, Legislación y Ética de la profesión",True,,"{'id_university_type_subject': 1, 'type': 'Profesional', 'status': True}","{'id_university_qualification_type': 1, 'description': 'Numerica', 'status': True}","{'id_authorization_program': 2, 'resolution_number': '047', 'status': True, 'created_at': '2022-12-17 19:03:33', 'updated_at': '2022-12-17 19:03:33', 'id_program': 1, 'id_user': 1}","{'id_university_deparment': 2, 'id_faculty': 7, 'description': 'Escuela de Ingeniería de Sistemas y computación', 'status': True}","{'id_program': 1, 'full_name': 'Ingeniería de Sistemas'}"
1063,Desarrollo de Aplicaciones para Dispositivos Móviles,Desarrollo de Aplicaciones para Dispositivos Móviles,750026C,03:00:00,False,False,3,7,1,1,2,2,1,Desarrollo de Aplicaciones para Dispositivos Móviles,True,,"{'id_university_type_subject': 1, 'type': 'Profesional', 'status': True}","{'id_university_qualification_type': 1, 'description': 'Numerica', 'status': True}","{'id_authorization_program': 2, 'resolution_number': '047', 'status': True, 'created_at': '2022-12-17 19:03:33', 'updated_at': '2022-12-17 19:03:33', 'id_program': 1, 'id_user': 1}","{'id_university_deparment': 2, 'id_faculty': 7, 'description': 'Escuela de Ingeniería de Sistemas y computación', 'status': True}","{'id_program': 1, 'full_name': 'Ingeniería de Sistemas'}"
1060,Desarrollo de Software III,Desarrollo de Software III,750027C,03:00:00,False,False,3,7,1,1,2,2,1,Desarrollo de Software III,True,,"{'id_university_type_subject': 1, 'type': 'Profesional', 'status': True}","{'id_university_qualification_type': 1, 'description': 'Numerica', 'status': True}","{'id_authorization_program': 2, 'resolution_number': '047', 'status': True, 'created_at': '2022-12-17 19:03:33', 'updated_at': '2022-12-17 19:03:33', 'id_program': 1, 'id_user': 1}","{'id_university_deparment': 2, 'id_faculty': 7, 'description': 'Escuela de Ingeniería de Sistemas y computación', 'status': True}","{'id_program': 1, 'full_name': 'Ingeniería de Sistemas'}"
1207,Quimica General,Quimica General,116013C,07:00:00,False,False,4,2,2,1,33,2,13,Quimica General,True,,"{'id_university_type_subject': 2, 'type': 'Basica', 'status': True}","{'id_university_qualification_type': 1, 'description': 'Numerica', 'status': True}","{'id_authorization_program': 33, 'resolution_number': '3150', 'status': True, 'created_at': '2025-08-10 12:51:07', 'updated_at': '2025-08-10 12:51:07', 'id_program': 13, 'id_user': 1}","{'id_university_deparment': 2, 'id_faculty': 7, 'description': 'Escuela de Ingeniería de Sistemas y computación', 'status': True}","{'id_program': 13, 'full_name': 'Agroindustria'}"
1064,Talleres y laborat. Ingenieri Alimentos VI,Talleres y laborat. Ingenieri Alimentos VI,745054M,06:00:00,True,True,3,8,1,1,7,2,3,Talleres y laborat. Ingenieri Alimentos VI,True,,"{'id_university_type_subject': 1, 'type': 'Profesional', 'status': True}","{'id_university_qualification_type': 1, 'description': 'Numerica', 'status': True}","{'id_authorization_program': 7, 'resolution_number': '228', 'status': True, 'created_at': '2023-01-16 14:02:37', 'updated_at': '2023-01-16 14:02:37', 'id_program': 3, 'id_user': 1}","{'id_university_deparment': 2, 'id_faculty': 7, 'description': 'Escuela de Ingeniería de Sistemas y computación', 'status': True}","{'id_program': 3, 'full_name': 'Ingeniería de Alimentos'}"
1067,"Cine, Raza y Representación","Cine, Raza y Representación",509188M,04:00:00,False,False,3,8,1,1,7,2,3,"Cine, Raza y Representación",True,,"{'id_university_type_subject': 1, 'type': 'Profesional', 'status': True}","{'id_university_qualification_type': 1, 'description': 'Numerica', 'status': True}","{'id_authorization_program': 7, 'resolution_number': '228', 'status': True, 'created_at': '2023-01-16 14:02:37', 'updated_at': '2023-01-16 14:02:37', 'id_program': 3, 'id_user': 1}","{'id_university_deparment': 2, 'id_faculty': 7, 'description': 'Escuela de Ingeniería de Sistemas y computación', 'status': True}","{'id_program': 3, 'full_name': 'Ingeniería de Alimentos'}"
305,Deshidratación de Alimentos,Deshidratación de Alimentos,745029M,05:00:00,True,True,3,8,1,1,16,2,3,Deshidratación de Alimentos,True,,"{'id_university_type_subject': 1, 'type': 'Profesional', 'status': True}","{'id_university_qualification_type': 1, 'description': 'Numerica', 'status': True}","{'id_authorization_program': 16, 'resolution_number': '081', 'status': True, 'created_at': '2023-02-09 14:57:44', 'updated_at': '2023-02-09 14:57:44', 'id_program': 3, 'id_user': 1}","{'id_university_deparment': 2, 'id_faculty': 7, 'description': 'Escuela de Ingeniería de Sistemas y computación', 'status': True}","{'id_program': 3, 'full_name': 'Ingeniería de Alimentos'}"
1065,Deshidratación de Alimentos,Deshidratación de Alimentos,745029M,05:00:00,True,True,3,8,1,1,7,2,3,Deshidratación de Alimentos,True,,"{'id_university_type_subject': 1, 'type': 'Profesional', 'status': True}","{'id_university_qualification_type': 1, 'description': 'Numerica', 'status': True}","{'id_authorization_program': 7, 'resolution_number': '228', 'status': True, 'created_at': '2023-01-16 14:02:37', 'updated_at': '2023-01-16 14:02:37', 'id_program': 3, 'id_user': 1}","{'id_university_deparment': 2, 'id_faculty': 7, 'description': 'Escuela de Ingeniería de Sistemas y computación', 'status': True}","{'id_program': 3, 'full_name': 'Ingeniería de Alimentos'}"
1066,Ingeneiría de Procesamiento I,Ingeneiría de Procesamiento I,745009C,05:00:00,False,False,3,8,1,1,7,2,3,Ingeneiría de Procesamiento I,True,,"{'id_university_type_subject': 1, 'type': 'Profesional', 'status': True}","{'id_university_qualification_type': 1, 'description': 'Numerica', 'status': True}","{'id_authorization_program': 7, 'resolution_number': '228', 'status': True, 'created_at': '2023-01-16 14:02:37', 'updated_at': '2023-01-16 14:02:37', 'id_program': 3, 'id_user': 1}","{'id_university_deparment': 2, 'id_faculty': 7, 'description': 'Escuela de Ingeniería de Sistemas y computación', 'status': True}","{'id_program': 3, 'full_name': 'Ingeniería de Alimentos'}"
1062,Ciberseguridad,Ciberseguridad,750024C,03:00:00,False,False,3,7,1,1,2,2,1,Ciberseguridad,True,,"{'id_university_type_subject': 1, 'type': 'Profesional', 'status': True}","{'id_university_qualification_type': 1, 'description': 'Numerica', 'status': True}","{'id_authorization_program': 2, 'resolution_number': '047', 'status': True, 'created_at': '2022-12-17 19:03:33', 'updated_at': '2022-12-17 19:03:33', 'id_program': 1, 'id_user': 1}","{'id_university_deparment': 2, 'id_faculty': 7, 'description': 'Escuela de Ingeniería de Sistemas y computación', 'status': True}","{'id_program': 1, 'full_name': 'Ingeniería de Sistemas'}"
1069,Seminario de Trabajo de Grado,Seminario de Trabajo de Grado,745035C,06:00:00,False,False,3,8,1,1,7,2,3,Seminario de Trabajo de Grado,True,,"{'id_university_type_subject': 1, 'type': 'Profesional', 'status': True}","{'id_university_qualification_type': 1, 'description': 'Numerica', 'status': True}","{'id_authorization_program': 7, 'resolution_number': '228', 'status': True, 'created_at': '2023-01-16 14:02:37', 'updated_at': '2023-01-16 14:02:37', 'id_program': 3, 'id_user': 1}","{'id_university_deparment': 2, 'id_faculty': 7, 'description': 'Escuela de Ingeniería de Sistemas y computación', 'status': True}","{'id_program': 3, 'full_name': 'Ingeniería de Alimentos'}"
1072,PRESUPUESTOS,PRESUPUESTOS,802049C,03:00:00,False,False,3,6,1,1,26,2,6,PRESUPUESTOS,True,,"{'id_university_type_subject': 1, 'type': 'Profesional', 'status': True}","{'id_university_qualification_type': 1, 'description': 'Numerica', 'status': True}","{'id_authorization_program': 26, 'resolution_number': '240-NOC', 'status': True, 'created_at': '2023-08-06 23:16:45', 'updated_at': '2023-08-06 23:16:45', 'id_program': 6, 'id_user': 1}","{'id_university_deparment': 2, 'id_faculty': 7, 'description': 'Escuela de Ingeniería de Sistemas y computación', 'status': True}","{'id_program': 6, 'full_name': 'Contaduría Publica'}"
1070,Transferencia de Masa,Transferencia de Masa,745019C,03:00:00,False,False,3,8,1,1,7,2,3,Transferencia de Masa,True,,"{'id_university_type_subject': 1, 'type': 'Profesional', 'status': True}","{'id_university_qualification_type': 1, 'description': 'Numerica', 'status': True}","{'id_authorization_program': 7, 'resolution_number': '228', 'status': True, 'created_at': '2023-01-16 14:02:37', 'updated_at': '2023-01-16 14:02:37', 'id_program': 3, 'id_user': 1}","{'id_university_deparment': 2, 'id_faculty': 7, 'description': 'Escuela de Ingeniería de Sistemas y computación', 'status': True}","{'id_program': 3, 'full_name': 'Ingeniería de Alimentos'}"
1071,"Género, Pluralidad y Diversidades","Género, Pluralidad y Diversidades",620014C,03:00:00,False,False,3,4,4,1,26,2,6,"Género, Pluralidad y Diversidades",True,,"{'id_university_type_subject': 4, 'type': 'Electiva Complementaria', 'status': True}","{'id_university_qualification_type': 1, 'description': 'Numerica', 'status': True}","{'id_authorization_program': 26, 'resolution_number': '240-NOC', 'status': True, 'created_at': '2023-08-06 23:16:45', 'updated_at': '2023-08-06 23:16:45', 'id_program': 6, 'id_user': 1}","{'id_university_deparment': 2, 'id_faculty': 7, 'description': 'Escuela de Ingeniería de Sistemas y computación', 'status': True}","{'id_program': 6, 'full_name': 'Contaduría Publica'}"
1018,Inglés con Fines Generales y Académicos IV,Inglés con Fines Generales y Académicos IV,204028C,04:00:00,True,True,3,7,1,1,16,2,3,Inglés con Fines Generales y Académicos IV,False,,"{'id_university_type_subject': 1, 'type': 'Profesional', 'status': True}","{'id_university_qualification_type': 1, 'description': 'Numerica', 'status': True}","{'id_authorization_program': 16, 'resolution_number': '081', 'status': True, 'created_at': '2023-02-09 14:57:44', 'updated_at': '2023-02-09 14:57:44', 'id_program': 3, 'id_user': 1}","{'id_university_deparment': 2, 'id_faculty': 7, 'description': 'Escuela de Ingeniería de Sistemas y computación', 'status': True}","{'id_program': 3, 'full_name': 'Ingeniería de Alimentos'}"
1076,"IMPUESTO A LA RENTA Y COMPLEMENTARIOS, IMPUESTO AL PATRIMONIO","IMPUESTO A LA RENTA Y COMPLEMENTARIOS, IMPUESTO AL PATRIMONIO",802047C,03:00:00,False,True,3,6,1,1,26,2,6,"IMPUESTO A LA RENTA Y COMPLEMENTARIOS, IMPUESTO AL PATRIMONIO",True,,"{'id_university_type_subject': 1, 'type': 'Profesional', 'status': True}","{'id_university_qualification_type': 1, 'description': 'Numerica', 'status': True}","{'id_authorization_program': 26, 'resolution_number': '240-NOC', 'status': True, 'created_at': '2023-08-06 23:16:45', 'updated_at': '2023-08-06 23:16:45', 'id_program': 6, 'id_user': 1}","{'id_university_deparment': 2, 'id_faculty': 7, 'description': 'Escuela de Ingeniería de Sistemas y computación', 'status': True}","{'id_program': 6, 'full_name': 'Contaduría Publica'}"
1075,Contabilidades especiales II,Contabilidades especiales II,802040C,03:00:00,False,False,3,6,1,1,26,2,6,Contabilidades especiales II,True,,"{'id_university_type_subject': 1, 'type': 'Profesional', 'status': True}","{'id_university_qualification_type': 1, 'description': 'Numerica', 'status': True}","{'id_authorization_program': 26, 'resolution_number': '240-NOC', 'status': True, 'created_at': '2023-08-06 23:16:45', 'updated_at': '2023-08-06 23:16:45', 'id_program': 6, 'id_user': 1}","{'id_university_deparment': 2, 'id_faculty': 7, 'description': 'Escuela de Ingeniería de Sistemas y computación', 'status': True}","{'id_program': 6, 'full_name': 'Contaduría Publica'}"
1074,Seminario de teoría contable,Seminario de teoría contable,802042C,03:00:00,False,True,3,6,1,1,26,2,6,Seminario de teoría contable,True,,"{'id_university_type_subject': 1, 'type': 'Profesional', 'status': True}","{'id_university_qualification_type': 1, 'description': 'Numerica', 'status': True}","{'id_authorization_program': 26, 'resolution_number': '240-NOC', 'status': True, 'created_at': '2023-08-06 23:16:45', 'updated_at': '2023-08-06 23:16:45', 'id_program': 6, 'id_user': 1}","{'id_university_deparment': 2, 'id_faculty': 7, 'description': 'Escuela de Ingeniería de Sistemas y computación', 'status': True}","{'id_program': 6, 'full_name': 'Contaduría Publica'}"
1077,"Auditoría, riesgos y aseguramiento","Auditoría, riesgos y aseguramiento",802039C,03:00:00,False,True,3,6,1,1,26,2,6,"Auditoría, riesgos y aseguramiento",True,,"{'id_university_type_subject': 1, 'type': 'Profesional', 'status': True}","{'id_university_qualification_type': 1, 'description': 'Numerica', 'status': True}","{'id_authorization_program': 26, 'resolution_number': '240-NOC', 'status': True, 'created_at': '2023-08-06 23:16:45', 'updated_at': '2023-08-06 23:16:45', 'id_program': 6, 'id_user': 1}","{'id_university_deparment': 2, 'id_faculty': 7, 'description': 'Escuela de Ingeniería de Sistemas y computación', 'status': True}","{'id_program': 6, 'full_name': 'Contaduría Publica'}"
1068,Empaque para el Manejo de Alimentos,Empaque para el Manejo de Alimentos,745031C,03:00:00,False,False,3,8,1,1,7,2,3,Empaque para el Manejo de Alimentos,True,,"{'id_university_type_subject': 1, 'type': 'Profesional', 'status': True}","{'id_university_qualification_type': 1, 'description': 'Numerica', 'status': True}","{'id_authorization_program': 7, 'resolution_number': '228', 'status': True, 'created_at': '2023-01-16 14:02:37', 'updated_at': '2023-01-16 14:02:37', 'id_program': 3, 'id_user': 1}","{'id_university_deparment': 2, 'id_faculty': 7, 'description': 'Escuela de Ingeniería de Sistemas y computación', 'status': True}","{'id_program': 3, 'full_name': 'Ingeniería de Alimentos'}"
1079,Legislación Tributaria II,Legislación Tributaria II,802057M,03:00:00,True,True,3,7,1,1,18,2,6,Legislación Tributaria II,False,,"{'id_university_type_subject': 1, 'type': 'Profesional', 'status': True}","{'id_university_qualification_type': 1, 'description': 'Numerica', 'status': True}","{'id_authorization_program': 18, 'resolution_number': '240-DIU', 'status': True, 'created_at': '2023-02-15 01:20:45', 'updated_at': '2023-02-15 01:20:45', 'id_program': 6, 'id_user': 1}","{'id_university_deparment': 2, 'id_faculty': 7, 'description': 'Escuela de Ingeniería de Sistemas y computación', 'status': True}","{'id_program': 6, 'full_name': 'Contaduría Publica'}"
981,Inglés con Fines Generales y Académicos IV,Inglés con Fines Generales y Académicos IV,204028C,04:00:00,True,True,3,6,1,1,18,2,6,Inglés con Fines Generales y Académicos IV,True,,"{'id_university_type_subject': 1, 'type': 'Profesional', 'status': True}","{'id_university_qualification_type': 1, 'description': 'Numerica', 'status': True}","{'id_authorization_program': 18, 'resolution_number': '240-DIU', 'status': True, 'created_at': '2023-02-15 01:20:45', 'updated_at': '2023-02-15 01:20:45', 'id_program': 6, 'id_user': 1}","{'id_university_deparment': 2, 'id_faculty': 7, 'description': 'Escuela de Ingeniería de Sistemas y computación', 'status': True}","{'id_program': 6, 'full_name': 'Contaduría Publica'}"
1081,Laboratorio contable I,Laboratorio contable I,802059C,03:00:00,False,False,3,7,1,1,18,2,6,Laboratorio contable I,True,,"{'id_university_type_subject': 1, 'type': 'Profesional', 'status': True}","{'id_university_qualification_type': 1, 'description': 'Numerica', 'status': True}","{'id_authorization_program': 18, 'resolution_number': '240-DIU', 'status': True, 'created_at': '2023-02-15 01:20:45', 'updated_at': '2023-02-15 01:20:45', 'id_program': 6, 'id_user': 1}","{'id_university_deparment': 2, 'id_faculty': 7, 'description': 'Escuela de Ingeniería de Sistemas y computación', 'status': True}","{'id_program': 6, 'full_name': 'Contaduría Publica'}"
1082,Metodología de la Investigación,Metodología de la Investigación,802052C,03:00:00,False,False,3,7,1,1,18,2,6,Metodología de la Investigación,True,,"{'id_university_type_subject': 1, 'type': 'Profesional', 'status': True}","{'id_university_qualification_type': 1, 'description': 'Numerica', 'status': True}","{'id_authorization_program': 18, 'resolution_number': '240-DIU', 'status': True, 'created_at': '2023-02-15 01:20:45', 'updated_at': '2023-02-15 01:20:45', 'id_program': 6, 'id_user': 1}","{'id_university_deparment': 2, 'id_faculty': 7, 'description': 'Escuela de Ingeniería de Sistemas y computación', 'status': True}","{'id_program': 6, 'full_name': 'Contaduría Publica'}"
1084,"Impuestos de IVA y consumo, y Mecanismo de retención en la fuente","Impuestos de IVA y consumo, y Mecanismo de retención en la fuente",802062C,03:00:00,False,False,3,7,1,1,18,2,6,"Impuestos de IVA y consumo, y Mecanismo de retención en la fuente",True,,"{'id_university_type_subject': 1, 'type': 'Profesional', 'status': True}","{'id_university_qualification_type': 1, 'description': 'Numerica', 'status': True}","{'id_authorization_program': 18, 'resolution_number': '240-DIU', 'status': True, 'created_at': '2023-02-15 01:20:45', 'updated_at': '2023-02-15 01:20:45', 'id_program': 6, 'id_user': 1}","{'id_university_deparment': 2, 'id_faculty': 7, 'description': 'Escuela de Ingeniería de Sistemas y computación', 'status': True}","{'id_program': 6, 'full_name': 'Contaduría Publica'}"
1093,Electiva Componente Artistico Humanistico: Actuación ante cámaras,Electiva Componente Artistico Humanistico: Actuación ante cámaras,504038C,03:00:00,False,False,3,7,1,1,19,2,2,Electiva Componente Artistico Humanistico: Actuación ante cámaras,True,,"{'id_university_type_subject': 1, 'type': 'Profesional', 'status': True}","{'id_university_qualification_type': 1, 'description': 'Numerica', 'status': True}","{'id_authorization_program': 19, 'resolution_number': '246-DIU', 'status': True, 'created_at': '2023-02-15 02:05:28', 'updated_at': '2023-02-15 02:05:28', 'id_program': 2, 'id_user': 1}","{'id_university_deparment': 2, 'id_faculty': 7, 'description': 'Escuela de Ingeniería de Sistemas y computación', 'status': True}","{'id_program': 2, 'full_name': 'Administracion de empresas'}"
1085,Control de gestión y gobierno corporativo,Control de gestión y gobierno corporativo,802057C,04:00:00,False,False,3,7,1,1,18,2,6,Control de gestión y gobierno corporativo,True,,"{'id_university_type_subject': 1, 'type': 'Profesional', 'status': True}","{'id_university_qualification_type': 1, 'description': 'Numerica', 'status': True}","{'id_authorization_program': 18, 'resolution_number': '240-DIU', 'status': True, 'created_at': '2023-02-15 01:20:45', 'updated_at': '2023-02-15 01:20:45', 'id_program': 6, 'id_user': 1}","{'id_university_deparment': 2, 'id_faculty': 7, 'description': 'Escuela de Ingeniería de Sistemas y computación', 'status': True}","{'id_program': 6, 'full_name': 'Contaduría Publica'}"
1097,Negociación y Toma de Decisiones,Negociación y Toma de Decisiones,801162C,03:00:00,False,False,3,7,1,1,19,2,2,Negociación y Toma de Decisiones,True,,"{'id_university_type_subject': 1, 'type': 'Profesional', 'status': True}","{'id_university_qualification_type': 1, 'description': 'Numerica', 'status': True}","{'id_authorization_program': 19, 'resolution_number': '246-DIU', 'status': True, 'created_at': '2023-02-15 02:05:28', 'updated_at': '2023-02-15 02:05:28', 'id_program': 2, 'id_user': 1}","{'id_university_deparment': 2, 'id_faculty': 7, 'description': 'Escuela de Ingeniería de Sistemas y computación', 'status': True}","{'id_program': 2, 'full_name': 'Administracion de empresas'}"
1087,Leadership,Leadership,801134C,03:00:00,True,True,3,6,1,1,23,2,2,Leadership,True,,"{'id_university_type_subject': 1, 'type': 'Profesional', 'status': True}","{'id_university_qualification_type': 1, 'description': 'Numerica', 'status': True}","{'id_authorization_program': 23, 'resolution_number': '246-NOC', 'status': True, 'created_at': '2023-08-05 01:03:25', 'updated_at': '2023-08-05 01:03:25', 'id_program': 2, 'id_user': 1}","{'id_university_deparment': 2, 'id_faculty': 7, 'description': 'Escuela de Ingeniería de Sistemas y computación', 'status': True}","{'id_program': 2, 'full_name': 'Administracion de empresas'}"
1088,SISTEMAS DE INFORMACIÓN GERENCIAL,SISTEMAS DE INFORMACIÓN GERENCIAL,801026C,03:00:00,False,False,3,6,2,1,23,2,2,SISTEMAS DE INFORMACIÓN GERENCIAL,True,,"{'id_university_type_subject': 2, 'type': 'Basica', 'status': True}","{'id_university_qualification_type': 1, 'description': 'Numerica', 'status': True}","{'id_authorization_program': 23, 'resolution_number': '246-NOC', 'status': True, 'created_at': '2023-08-05 01:03:25', 'updated_at': '2023-08-05 01:03:25', 'id_program': 2, 'id_user': 1}","{'id_university_deparment': 2, 'id_faculty': 7, 'description': 'Escuela de Ingeniería de Sistemas y computación', 'status': True}","{'id_program': 2, 'full_name': 'Administracion de empresas'}"
1098,Evaluación financiera de proyectos,Evaluación financiera de proyectos,802041C,03:00:00,False,False,3,7,1,1,19,2,2,Evaluación financiera de proyectos,True,,"{'id_university_type_subject': 1, 'type': 'Profesional', 'status': True}","{'id_university_qualification_type': 1, 'description': 'Numerica', 'status': True}","{'id_authorization_program': 19, 'resolution_number': '246-DIU', 'status': True, 'created_at': '2023-02-15 02:05:28', 'updated_at': '2023-02-15 02:05:28', 'id_program': 2, 'id_user': 1}","{'id_university_deparment': 2, 'id_faculty': 7, 'description': 'Escuela de Ingeniería de Sistemas y computación', 'status': True}","{'id_program': 2, 'full_name': 'Administracion de empresas'}"
1083,Sistemas de información y bases de datos contables,Sistemas de información y bases de datos contables,802058C,03:00:00,False,False,3,7,1,1,18,2,6,Sistemas de información y bases de datos contables,True,,"{'id_university_type_subject': 1, 'type': 'Profesional', 'status': True}","{'id_university_qualification_type': 1, 'description': 'Numerica', 'status': True}","{'id_authorization_program': 18, 'resolution_number': '240-DIU', 'status': True, 'created_at': '2023-02-15 01:20:45', 'updated_at': '2023-02-15 01:20:45', 'id_program': 6, 'id_user': 1}","{'id_university_deparment': 2, 'id_faculty': 7, 'description': 'Escuela de Ingeniería de Sistemas y computación', 'status': True}","{'id_program': 6, 'full_name': 'Contaduría Publica'}"
1005,Administración y gestión financiera,Administración y gestión financiera,802051C,03:00:00,True,True,3,6,1,1,19,2,2,Administración y gestión financiera,True,,"{'id_university_type_subject': 1, 'type': 'Profesional', 'status': True}","{'id_university_qualification_type': 1, 'description': 'Numerica', 'status': True}","{'id_authorization_program': 19, 'resolution_number': '246-DIU', 'status': True, 'created_at': '2023-02-15 02:05:28', 'updated_at': '2023-02-15 02:05:28', 'id_program': 2, 'id_user': 1}","{'id_university_deparment': 2, 'id_faculty': 7, 'description': 'Escuela de Ingeniería de Sistemas y computación', 'status': True}","{'id_program': 2, 'full_name': 'Administracion de empresas'}"
1089,Administración y gestión financiera,Administración y gestión financiera,802051C,03:00:00,True,True,3,6,1,1,23,2,2,Administración y gestión financiera,True,,"{'id_university_type_subject': 1, 'type': 'Profesional', 'status': True}","{'id_university_qualification_type': 1, 'description': 'Numerica', 'status': True}","{'id_authorization_program': 23, 'resolution_number': '246-NOC', 'status': True, 'created_at': '2023-08-05 01:03:25', 'updated_at': '2023-08-05 01:03:25', 'id_program': 2, 'id_user': 1}","{'id_university_deparment': 2, 'id_faculty': 7, 'description': 'Escuela de Ingeniería de Sistemas y computación', 'status': True}","{'id_program': 2, 'full_name': 'Administracion de empresas'}"
1090,CREACIÓN E INTRODUCCIÓN DE PRODUCTOS,CREACIÓN E INTRODUCCIÓN DE PRODUCTOS,801143C,03:00:00,True,True,3,6,1,1,23,2,2,CREACIÓN E INTRODUCCIÓN DE PRODUCTOS,True,,"{'id_university_type_subject': 1, 'type': 'Profesional', 'status': True}","{'id_university_qualification_type': 1, 'description': 'Numerica', 'status': True}","{'id_authorization_program': 23, 'resolution_number': '246-NOC', 'status': True, 'created_at': '2023-08-05 01:03:25', 'updated_at': '2023-08-05 01:03:25', 'id_program': 2, 'id_user': 1}","{'id_university_deparment': 2, 'id_faculty': 7, 'description': 'Escuela de Ingeniería de Sistemas y computación', 'status': True}","{'id_program': 2, 'full_name': 'Administracion de empresas'}"
1092,GESTIÓN DE BIENES Y SERVICIOS,GESTIÓN DE BIENES Y SERVICIOS,801133C,03:00:00,True,False,3,6,1,1,23,2,2,GESTIÓN DE BIENES Y SERVICIOS,True,,"{'id_university_type_subject': 1, 'type': 'Profesional', 'status': True}","{'id_university_qualification_type': 1, 'description': 'Numerica', 'status': True}","{'id_authorization_program': 23, 'resolution_number': '246-NOC', 'status': True, 'created_at': '2023-08-05 01:03:25', 'updated_at': '2023-08-05 01:03:25', 'id_program': 2, 'id_user': 1}","{'id_university_deparment': 2, 'id_faculty': 7, 'description': 'Escuela de Ingeniería de Sistemas y computación', 'status': True}","{'id_program': 2, 'full_name': 'Administracion de empresas'}"
1095,Gestión Humana,Gestión Humana,801124C,03:00:00,False,False,3,7,1,1,19,2,2,Gestión Humana,True,,"{'id_university_type_subject': 1, 'type': 'Profesional', 'status': True}","{'id_university_qualification_type': 1, 'description': 'Numerica', 'status': True}","{'id_authorization_program': 19, 'resolution_number': '246-DIU', 'status': True, 'created_at': '2023-02-15 02:05:28', 'updated_at': '2023-02-15 02:05:28', 'id_program': 2, 'id_user': 1}","{'id_university_deparment': 2, 'id_faculty': 7, 'description': 'Escuela de Ingeniería de Sistemas y computación', 'status': True}","{'id_program': 2, 'full_name': 'Administracion de empresas'}"
1096,Gestión de la Cadena de Suministros,Gestión de la Cadena de Suministros,801163C,03:00:00,False,False,3,7,1,1,19,2,2,Gestión de la Cadena de Suministros,True,,"{'id_university_type_subject': 1, 'type': 'Profesional', 'status': True}","{'id_university_qualification_type': 1, 'description': 'Numerica', 'status': True}","{'id_authorization_program': 19, 'resolution_number': '246-DIU', 'status': True, 'created_at': '2023-02-15 02:05:28', 'updated_at': '2023-02-15 02:05:28', 'id_program': 2, 'id_user': 1}","{'id_university_deparment': 2, 'id_faculty': 7, 'description': 'Escuela de Ingeniería de Sistemas y computación', 'status': True}","{'id_program': 2, 'full_name': 'Administracion de empresas'}"
1019,Inglés con Fines Generales y Académicos IV,Inglés con Fines Generales y Académicos IV,204028C,04:00:00,True,True,3,6,1,1,7,2,3,Inglés con Fines Generales y Académicos IV,True,,"{'id_university_type_subject': 1, 'type': 'Profesional', 'status': True}","{'id_university_qualification_type': 1, 'description': 'Numerica', 'status': True}","{'id_authorization_program': 7, 'resolution_number': '228', 'status': True, 'created_at': '2023-01-16 14:02:37', 'updated_at': '2023-01-16 14:02:37', 'id_program': 3, 'id_user': 1}","{'id_university_deparment': 2, 'id_faculty': 7, 'description': 'Escuela de Ingeniería de Sistemas y computación', 'status': True}","{'id_program': 3, 'full_name': 'Ingeniería de Alimentos'}"
1099,Mercadeo de Servicios,Mercadeo de Servicios,801250M,03:00:00,False,False,3,9,1,1,25,2,2,Mercadeo de Servicios,True,,"{'id_university_type_subject': 1, 'type': 'Profesional', 'status': True}","{'id_university_qualification_type': 1, 'description': 'Numerica', 'status': True}","{'id_authorization_program': 25, 'resolution_number': '038-DIU', 'status': True, 'created_at': '2023-08-05 03:13:15', 'updated_at': '2023-08-05 03:13:15', 'id_program': 2, 'id_user': 1}","{'id_university_deparment': 2, 'id_faculty': 7, 'description': 'Escuela de Ingeniería de Sistemas y computación', 'status': True}","{'id_program': 2, 'full_name': 'Administracion de empresas'}"
1100,Seguridad Social y Laboral,Seguridad Social y Laboral,801132M,03:00:00,False,False,3,10,1,1,1,2,2,Seguridad Social y Laboral,True,,"{'id_university_type_subject': 1, 'type': 'Profesional', 'status': True}","{'id_university_qualification_type': 1, 'description': 'Numerica', 'status': True}","{'id_authorization_program': 1, 'resolution_number': '038-NOC', 'status': True, 'created_at': '2023-01-16 13:32:45', 'updated_at': '2023-01-16 13:32:45', 'id_program': 2, 'id_user': 1}","{'id_university_deparment': 2, 'id_faculty': 7, 'description': 'Escuela de Ingeniería de Sistemas y computación', 'status': True}","{'id_program': 2, 'full_name': 'Administracion de empresas'}"
1102,"Acción Colectiva y Movimientos Sociales	
","Acción Colectiva y Movimientos Sociales	
",207093M,03:00:00,True,True,3,7,1,1,6,1,5,"Acción Colectiva y Movimientos Sociales	
",True,,"{'id_university_type_subject': 1, 'type': 'Profesional', 'status': True}","{'id_university_qualification_type': 1, 'description': 'Numerica', 'status': True}","{'id_authorization_program': 6, 'resolution_number': '011', 'status': True, 'created_at': '2023-01-16 13:57:22', 'updated_at': '2023-01-16 13:57:22', 'id_program': 5, 'id_user': 1}","{'id_university_deparment': 1, 'id_faculty': 7, 'description': 'Escuela de Ingeniería Industrial', 'status': True}","{'id_program': 5, 'full_name': 'Trabajo social'}"
1103,Violencia familiar,Violencia familiar,207950,03:00:00,True,True,3,7,1,1,6,1,5,Violencia familiar,True,,"{'id_university_type_subject': 1, 'type': 'Profesional', 'status': True}","{'id_university_qualification_type': 1, 'description': 'Numerica', 'status': True}","{'id_authorization_program': 6, 'resolution_number': '011', 'status': True, 'created_at': '2023-01-16 13:57:22', 'updated_at': '2023-01-16 13:57:22', 'id_program': 5, 'id_user': 1}","{'id_university_deparment': 1, 'id_faculty': 7, 'description': 'Escuela de Ingeniería Industrial', 'status': True}","{'id_program': 5, 'full_name': 'Trabajo social'}"
1115,MATEMÁTICAS APLICADAS PARA TECNOLOGÍA,MATEMÁTICAS APLICADAS PARA TECNOLOGÍA,710034C,04:00:00,True,True,3,4,1,1,30,2,12,MATEMÁTICAS APLICADAS PARA TECNOLOGÍA,True,,"{'id_university_type_subject': 1, 'type': 'Profesional', 'status': True}","{'id_university_qualification_type': 1, 'description': 'Numerica', 'status': True}","{'id_authorization_program': 30, 'resolution_number': '241-Noc', 'status': True, 'created_at': '2024-01-16 21:41:23', 'updated_at': '2024-01-16 21:41:23', 'id_program': 12, 'id_user': 1}","{'id_university_deparment': 2, 'id_faculty': 7, 'description': 'Escuela de Ingeniería de Sistemas y computación', 'status': True}","{'id_program': 12, 'full_name': 'Tecnologia en Electronica Industrial'}"
1120,Inglés con Fines Generales y Académicos IV,Inglés con Fines Generales y Académicos IV,204028C,04:00:00,True,True,3,7,1,1,5,2,4,Inglés con Fines Generales y Académicos IV,True,,"{'id_university_type_subject': 1, 'type': 'Profesional', 'status': True}","{'id_university_qualification_type': 1, 'description': 'Numerica', 'status': True}","{'id_authorization_program': 5, 'resolution_number': '128', 'status': True, 'created_at': '2023-01-16 13:56:28', 'updated_at': '2023-01-16 13:56:28', 'id_program': 4, 'id_user': 1}","{'id_university_deparment': 2, 'id_faculty': 7, 'description': 'Escuela de Ingeniería de Sistemas y computación', 'status': True}","{'id_program': 4, 'full_name': 'Construccion'}"
1116,TALLER DE APRECIACIÓN DEL TEATRO,TALLER DE APRECIACIÓN DEL TEATRO,504037C,03:00:00,True,True,3,2,4,1,6,2,5,TALLER DE APRECIACIÓN DEL TEATRO,True,,"{'id_university_type_subject': 4, 'type': 'Electiva Complementaria', 'status': True}","{'id_university_qualification_type': 1, 'description': 'Numerica', 'status': True}","{'id_authorization_program': 6, 'resolution_number': '011', 'status': True, 'created_at': '2023-01-16 13:57:22', 'updated_at': '2023-01-16 13:57:22', 'id_program': 5, 'id_user': 1}","{'id_university_deparment': 2, 'id_faculty': 7, 'description': 'Escuela de Ingeniería de Sistemas y computación', 'status': True}","{'id_program': 5, 'full_name': 'Trabajo social'}"
1106,FUNDAMENTOS DE ANÁLISIS Y CÁLCULO NUMÉRICO,FUNDAMENTOS DE ANÁLISIS Y CÁLCULO NUMÉRICO,750042C,03:00:00,True,True,3,5,2,1,29,2,8,FUNDAMENTOS DE ANÁLISIS Y CÁLCULO NUMÉRICO,True,,"{'id_university_type_subject': 2, 'type': 'Basica', 'status': True}","{'id_university_qualification_type': 1, 'description': 'Numerica', 'status': True}","{'id_authorization_program': 29, 'resolution_number': '217-NOC', 'status': True, 'created_at': '2023-08-09 14:20:51', 'updated_at': '2023-08-09 14:20:51', 'id_program': 8, 'id_user': 1}","{'id_university_deparment': 2, 'id_faculty': 7, 'description': 'Escuela de Ingeniería de Sistemas y computación', 'status': True}","{'id_program': 8, 'full_name': 'Tecnología en Desarrollo de Software'}"
1107,Desarrollo de Aplicaciones para Dispositivos Móviles,Desarrollo de Aplicaciones para Dispositivos Móviles,750026C,03:00:00,False,False,3,7,1,1,29,2,8,Desarrollo de Aplicaciones para Dispositivos Móviles,True,,"{'id_university_type_subject': 1, 'type': 'Profesional', 'status': True}","{'id_university_qualification_type': 1, 'description': 'Numerica', 'status': True}","{'id_authorization_program': 29, 'resolution_number': '217-NOC', 'status': True, 'created_at': '2023-08-09 14:20:51', 'updated_at': '2023-08-09 14:20:51', 'id_program': 8, 'id_user': 1}","{'id_university_deparment': 2, 'id_faculty': 7, 'description': 'Escuela de Ingeniería de Sistemas y computación', 'status': True}","{'id_program': 8, 'full_name': 'Tecnología en Desarrollo de Software'}"
1108,Desarrollo de Software III,Desarrollo de Software III,750027C,03:00:00,False,False,3,7,1,1,29,2,8,Desarrollo de Software III,True,,"{'id_university_type_subject': 1, 'type': 'Profesional', 'status': True}","{'id_university_qualification_type': 1, 'description': 'Numerica', 'status': True}","{'id_authorization_program': 29, 'resolution_number': '217-NOC', 'status': True, 'created_at': '2023-08-09 14:20:51', 'updated_at': '2023-08-09 14:20:51', 'id_program': 8, 'id_user': 1}","{'id_university_deparment': 2, 'id_faculty': 7, 'description': 'Escuela de Ingeniería de Sistemas y computación', 'status': True}","{'id_program': 8, 'full_name': 'Tecnología en Desarrollo de Software'}"
1094,Inteligencia de negocios y analítica de datos para la gestión,Inteligencia de negocios y analítica de datos para la gestión,801157C,03:00:00,False,False,3,7,1,1,19,2,2,Inteligencia de negocios y analítica de datos para la gestión,True,,"{'id_university_type_subject': 1, 'type': 'Profesional', 'status': True}","{'id_university_qualification_type': 1, 'description': 'Numerica', 'status': True}","{'id_authorization_program': 19, 'resolution_number': '246-DIU', 'status': True, 'created_at': '2023-02-15 02:05:28', 'updated_at': '2023-02-15 02:05:28', 'id_program': 2, 'id_user': 1}","{'id_university_deparment': 2, 'id_faculty': 7, 'description': 'Escuela de Ingeniería de Sistemas y computación', 'status': True}","{'id_program': 2, 'full_name': 'Administracion de empresas'}"
1101,Seguridad Social,Seguridad Social,207068M,03:00:00,True,True,3,8,1,1,6,1,5,Seguridad Social,True,,"{'id_university_type_subject': 1, 'type': 'Profesional', 'status': True}","{'id_university_qualification_type': 1, 'description': 'Numerica', 'status': True}","{'id_authorization_program': 6, 'resolution_number': '011', 'status': True, 'created_at': '2023-01-16 13:57:22', 'updated_at': '2023-01-16 13:57:22', 'id_program': 5, 'id_user': 1}","{'id_university_deparment': 1, 'id_faculty': 7, 'description': 'Escuela de Ingeniería Industrial', 'status': True}","{'id_program': 5, 'full_name': 'Trabajo social'}"
1117,FAMILIA Y FARMACODEPENDENCIA,FAMILIA Y FARMACODEPENDENCIA,207026M,03:00:00,False,False,3,8,4,1,6,2,5,FAMILIA Y FARMACODEPENDENCIA,True,,"{'id_university_type_subject': 4, 'type': 'Electiva Complementaria', 'status': True}","{'id_university_qualification_type': 1, 'description': 'Numerica', 'status': True}","{'id_authorization_program': 6, 'resolution_number': '011', 'status': True, 'created_at': '2023-01-16 13:57:22', 'updated_at': '2023-01-16 13:57:22', 'id_program': 5, 'id_user': 1}","{'id_university_deparment': 2, 'id_faculty': 7, 'description': 'Escuela de Ingeniería de Sistemas y computación', 'status': True}","{'id_program': 5, 'full_name': 'Trabajo social'}"
1110,INNOVACIÓN Y EMPRENDIMIENTO EMPRESARIAL,INNOVACIÓN Y EMPRENDIMIENTO EMPRESARIAL,750032C,03:00:00,False,False,3,7,1,1,29,1,8,INNOVACIÓN Y EMPRENDIMIENTO EMPRESARIAL,True,,"{'id_university_type_subject': 1, 'type': 'Profesional', 'status': True}","{'id_university_qualification_type': 1, 'description': 'Numerica', 'status': True}","{'id_authorization_program': 29, 'resolution_number': '217-NOC', 'status': True, 'created_at': '2023-08-09 14:20:51', 'updated_at': '2023-08-09 14:20:51', 'id_program': 8, 'id_user': 1}","{'id_university_deparment': 1, 'id_faculty': 7, 'description': 'Escuela de Ingeniería Industrial', 'status': True}","{'id_program': 8, 'full_name': 'Tecnología en Desarrollo de Software'}"
1112,ELECTROMAGNETISMO APLICADO,ELECTROMAGNETISMO APLICADO,710020C,04:00:00,True,True,3,4,1,1,30,2,12,ELECTROMAGNETISMO APLICADO,True,,"{'id_university_type_subject': 1, 'type': 'Profesional', 'status': True}","{'id_university_qualification_type': 1, 'description': 'Numerica', 'status': True}","{'id_authorization_program': 30, 'resolution_number': '241-Noc', 'status': True, 'created_at': '2024-01-16 21:41:23', 'updated_at': '2024-01-16 21:41:23', 'id_program': 12, 'id_user': 1}","{'id_university_deparment': 2, 'id_faculty': 7, 'description': 'Escuela de Ingeniería de Sistemas y computación', 'status': True}","{'id_program': 12, 'full_name': 'Tecnologia en Electronica Industrial'}"
1113,SISTEMAS EMBEBIDOS,SISTEMAS EMBEBIDOS,710022C,05:00:00,False,False,3,4,1,1,30,2,12,SISTEMAS EMBEBIDOS,True,,"{'id_university_type_subject': 1, 'type': 'Profesional', 'status': True}","{'id_university_qualification_type': 1, 'description': 'Numerica', 'status': True}","{'id_authorization_program': 30, 'resolution_number': '241-Noc', 'status': True, 'created_at': '2024-01-16 21:41:23', 'updated_at': '2024-01-16 21:41:23', 'id_program': 12, 'id_user': 1}","{'id_university_deparment': 2, 'id_faculty': 7, 'description': 'Escuela de Ingeniería de Sistemas y computación', 'status': True}","{'id_program': 12, 'full_name': 'Tecnologia en Electronica Industrial'}"
1114,DISPOSITIVOS Y CIRCUITOS ELECTRÓNICOS,DISPOSITIVOS Y CIRCUITOS ELECTRÓNICOS,710027C,05:00:00,True,True,3,4,1,1,30,2,12,DISPOSITIVOS Y CIRCUITOS ELECTRÓNICOS,True,,"{'id_university_type_subject': 1, 'type': 'Profesional', 'status': True}","{'id_university_qualification_type': 1, 'description': 'Numerica', 'status': True}","{'id_authorization_program': 30, 'resolution_number': '241-Noc', 'status': True, 'created_at': '2024-01-16 21:41:23', 'updated_at': '2024-01-16 21:41:23', 'id_program': 12, 'id_user': 1}","{'id_university_deparment': 2, 'id_faculty': 7, 'description': 'Escuela de Ingeniería de Sistemas y computación', 'status': True}","{'id_program': 12, 'full_name': 'Tecnologia en Electronica Industrial'}"
1118,PATERNIDAD Y MATERNIDAD,PATERNIDAD Y MATERNIDAD,207084M,03:00:00,False,False,3,8,4,1,6,2,5,PATERNIDAD Y MATERNIDAD,True,,"{'id_university_type_subject': 4, 'type': 'Electiva Complementaria', 'status': True}","{'id_university_qualification_type': 1, 'description': 'Numerica', 'status': True}","{'id_authorization_program': 6, 'resolution_number': '011', 'status': True, 'created_at': '2023-01-16 13:57:22', 'updated_at': '2023-01-16 13:57:22', 'id_program': 5, 'id_user': 1}","{'id_university_deparment': 2, 'id_faculty': 7, 'description': 'Escuela de Ingeniería de Sistemas y computación', 'status': True}","{'id_program': 5, 'full_name': 'Trabajo social'}"
1125,PROGRAMACIÓN DE OBRA Y LICITACIONES,PROGRAMACIÓN DE OBRA Y LICITACIONES,502042C,03:00:00,False,False,2,7,2,1,5,1,4,PROGRAMACIÓN DE OBRA Y LICITACIONES,True,,"{'id_university_type_subject': 2, 'type': 'Basica', 'status': True}","{'id_university_qualification_type': 1, 'description': 'Numerica', 'status': True}","{'id_authorization_program': 5, 'resolution_number': '128', 'status': True, 'created_at': '2023-01-16 13:56:28', 'updated_at': '2023-01-16 13:56:28', 'id_program': 4, 'id_user': 1}","{'id_university_deparment': 1, 'id_faculty': 7, 'description': 'Escuela de Ingeniería Industrial', 'status': True}","{'id_program': 4, 'full_name': 'Construccion'}"
1091,Inglés con Fines Generales y Académicos IV,Inglés con Fines Generales y Académicos IV,204028C,04:00:00,True,True,3,6,1,1,23,2,2,Inglés con Fines Generales y Académicos IV,True,,"{'id_university_type_subject': 1, 'type': 'Profesional', 'status': True}","{'id_university_qualification_type': 1, 'description': 'Numerica', 'status': True}","{'id_authorization_program': 23, 'resolution_number': '246-NOC', 'status': True, 'created_at': '2023-08-05 01:03:25', 'updated_at': '2023-08-05 01:03:25', 'id_program': 2, 'id_user': 1}","{'id_university_deparment': 2, 'id_faculty': 7, 'description': 'Escuela de Ingeniería de Sistemas y computación', 'status': True}","{'id_program': 2, 'full_name': 'Administracion de empresas'}"
1121,INVESTIGACIÓN DE OPERACIONES,INVESTIGACIÓN DE OPERACIONES,502034C,03:00:00,False,False,3,7,2,1,5,2,4,INVESTIGACIÓN DE OPERACIONES,True,,"{'id_university_type_subject': 2, 'type': 'Basica', 'status': True}","{'id_university_qualification_type': 1, 'description': 'Numerica', 'status': True}","{'id_authorization_program': 5, 'resolution_number': '128', 'status': True, 'created_at': '2023-01-16 13:56:28', 'updated_at': '2023-01-16 13:56:28', 'id_program': 4, 'id_user': 1}","{'id_university_deparment': 2, 'id_faculty': 7, 'description': 'Escuela de Ingeniería de Sistemas y computación', 'status': True}","{'id_program': 4, 'full_name': 'Construccion'}"
1122,CONSTRUCCIONES SISMO RESISTENTES,CONSTRUCCIONES SISMO RESISTENTES,502038C,03:00:00,False,False,2,7,2,1,5,2,4,CONSTRUCCIONES SISMO RESISTENTES,True,,"{'id_university_type_subject': 2, 'type': 'Basica', 'status': True}","{'id_university_qualification_type': 1, 'description': 'Numerica', 'status': True}","{'id_authorization_program': 5, 'resolution_number': '128', 'status': True, 'created_at': '2023-01-16 13:56:28', 'updated_at': '2023-01-16 13:56:28', 'id_program': 4, 'id_user': 1}","{'id_university_deparment': 2, 'id_faculty': 7, 'description': 'Escuela de Ingeniería de Sistemas y computación', 'status': True}","{'id_program': 4, 'full_name': 'Construccion'}"
1123,PRÁCTICA I,PRÁCTICA I,502041C,06:00:00,False,False,6,7,2,1,5,2,4,PRÁCTICA I,True,,"{'id_university_type_subject': 2, 'type': 'Basica', 'status': True}","{'id_university_qualification_type': 1, 'description': 'Numerica', 'status': True}","{'id_authorization_program': 5, 'resolution_number': '128', 'status': True, 'created_at': '2023-01-16 13:56:28', 'updated_at': '2023-01-16 13:56:28', 'id_program': 4, 'id_user': 1}","{'id_university_deparment': 2, 'id_faculty': 7, 'description': 'Escuela de Ingeniería de Sistemas y computación', 'status': True}","{'id_program': 4, 'full_name': 'Construccion'}"
1124,PATOLOGÍA DE LA CONSTRUCCIÓN,PATOLOGÍA DE LA CONSTRUCCIÓN,502059C,03:00:00,False,False,3,7,3,1,5,2,4,PATOLOGÍA DE LA CONSTRUCCIÓN,True,,"{'id_university_type_subject': 3, 'type': 'Electiva profesional', 'status': True}","{'id_university_qualification_type': 1, 'description': 'Numerica', 'status': True}","{'id_authorization_program': 5, 'resolution_number': '128', 'status': True, 'created_at': '2023-01-16 13:56:28', 'updated_at': '2023-01-16 13:56:28', 'id_program': 4, 'id_user': 1}","{'id_university_deparment': 2, 'id_faculty': 7, 'description': 'Escuela de Ingeniería de Sistemas y computación', 'status': True}","{'id_program': 4, 'full_name': 'Construccion'}"
1127,Inglés con fines generales y académicos III,Inglés con fines generales y académicos III,204027C,04:00:00,True,True,3,5,1,1,20,2,11,Inglés con fines generales y académicos III,True,,"{'id_university_type_subject': 1, 'type': 'Profesional', 'status': True}","{'id_university_qualification_type': 1, 'description': 'Numerica', 'status': True}","{'id_authorization_program': 20, 'resolution_number': '023', 'status': True, 'created_at': '2023-07-30 14:02:40', 'updated_at': '2023-07-30 14:02:40', 'id_program': 11, 'id_user': 1}","{'id_university_deparment': 2, 'id_faculty': 7, 'description': 'Escuela de Ingeniería de Sistemas y computación', 'status': True}","{'id_program': 11, 'full_name': 'Nutricion y dietetica'}"
1130,FARMACOVIGILANCIA,FARMACOVIGILANCIA,605029M,04:00:00,False,False,4,5,2,1,20,2,11,FARMACOVIGILANCIA,True,,"{'id_university_type_subject': 2, 'type': 'Basica', 'status': True}","{'id_university_qualification_type': 1, 'description': 'Numerica', 'status': True}","{'id_authorization_program': 20, 'resolution_number': '023', 'status': True, 'created_at': '2023-07-30 14:02:40', 'updated_at': '2023-07-30 14:02:40', 'id_program': 11, 'id_user': 1}","{'id_university_deparment': 2, 'id_faculty': 7, 'description': 'Escuela de Ingeniería de Sistemas y computación', 'status': True}","{'id_program': 11, 'full_name': 'Nutricion y dietetica'}"
1131,GESTIÓN AMBIENTAL,GESTIÓN AMBIENTAL,605025C,03:00:00,False,True,3,5,2,1,20,2,11,GESTIÓN AMBIENTAL,True,,"{'id_university_type_subject': 2, 'type': 'Basica', 'status': True}","{'id_university_qualification_type': 1, 'description': 'Numerica', 'status': True}","{'id_authorization_program': 20, 'resolution_number': '023', 'status': True, 'created_at': '2023-07-30 14:02:40', 'updated_at': '2023-07-30 14:02:40', 'id_program': 11, 'id_user': 1}","{'id_university_deparment': 2, 'id_faculty': 7, 'description': 'Escuela de Ingeniería de Sistemas y computación', 'status': True}","{'id_program': 11, 'full_name': 'Nutricion y dietetica'}"
1109,INTRODUCCIÓN A LA GESTIÓN DE PROYECTOS DE SOFTWARE,INTRODUCCIÓN A LA GESTIÓN DE PROYECTOS DE SOFTWARE,750031C,03:00:00,False,False,3,7,2,1,29,2,8,INTRODUCCIÓN A LA GESTIÓN DE PROYECTOS DE SOFTWARE,True,,"{'id_university_type_subject': 2, 'type': 'Basica', 'status': True}","{'id_university_qualification_type': 1, 'description': 'Numerica', 'status': True}","{'id_authorization_program': 29, 'resolution_number': '217-NOC', 'status': True, 'created_at': '2023-08-09 14:20:51', 'updated_at': '2023-08-09 14:20:51', 'id_program': 8, 'id_user': 1}","{'id_university_deparment': 2, 'id_faculty': 7, 'description': 'Escuela de Ingeniería de Sistemas y computación', 'status': True}","{'id_program': 8, 'full_name': 'Tecnología en Desarrollo de Software'}"
1132,EPIDEMIOLOGÍA NUTRICIONAL,EPIDEMIOLOGÍA NUTRICIONAL,605023C,03:00:00,True,True,3,5,1,1,20,2,11,EPIDEMIOLOGÍA NUTRICIONAL,True,,"{'id_university_type_subject': 1, 'type': 'Profesional', 'status': True}","{'id_university_qualification_type': 1, 'description': 'Numerica', 'status': True}","{'id_authorization_program': 20, 'resolution_number': '023', 'status': True, 'created_at': '2023-07-30 14:02:40', 'updated_at': '2023-07-30 14:02:40', 'id_program': 11, 'id_user': 1}","{'id_university_deparment': 2, 'id_faculty': 7, 'description': 'Escuela de Ingeniería de Sistemas y computación', 'status': True}","{'id_program': 11, 'full_name': 'Nutricion y dietetica'}"
1133,ESTOMATOLOGÍA,ESTOMATOLOGÍA,605024C,02:00:00,True,False,2,5,3,1,20,2,11,ESTOMATOLOGÍA,True,,"{'id_university_type_subject': 3, 'type': 'Electiva profesional', 'status': True}","{'id_university_qualification_type': 1, 'description': 'Numerica', 'status': True}","{'id_authorization_program': 20, 'resolution_number': '023', 'status': True, 'created_at': '2023-07-30 14:02:40', 'updated_at': '2023-07-30 14:02:40', 'id_program': 11, 'id_user': 1}","{'id_university_deparment': 2, 'id_faculty': 7, 'description': 'Escuela de Ingeniería de Sistemas y computación', 'status': True}","{'id_program': 11, 'full_name': 'Nutricion y dietetica'}"
1134,SEMIOLOGÍA NUTRICIONAL,SEMIOLOGÍA NUTRICIONAL,605026C,03:00:00,True,True,3,5,1,1,20,2,11,SEMIOLOGÍA NUTRICIONAL,True,,"{'id_university_type_subject': 1, 'type': 'Profesional', 'status': True}","{'id_university_qualification_type': 1, 'description': 'Numerica', 'status': True}","{'id_authorization_program': 20, 'resolution_number': '023', 'status': True, 'created_at': '2023-07-30 14:02:40', 'updated_at': '2023-07-30 14:02:40', 'id_program': 11, 'id_user': 1}","{'id_university_deparment': 2, 'id_faculty': 7, 'description': 'Escuela de Ingeniería de Sistemas y computación', 'status': True}","{'id_program': 11, 'full_name': 'Nutricion y dietetica'}"
1135,IMPACTOS AMBIENTALES,IMPACTOS AMBIENTALES,730078C,03:00:00,False,True,3,8,1,1,2,2,1,IMPACTOS AMBIENTALES,True,,"{'id_university_type_subject': 1, 'type': 'Profesional', 'status': True}","{'id_university_qualification_type': 1, 'description': 'Numerica', 'status': True}","{'id_authorization_program': 2, 'resolution_number': '047', 'status': True, 'created_at': '2022-12-17 19:03:33', 'updated_at': '2022-12-17 19:03:33', 'id_program': 1, 'id_user': 1}","{'id_university_deparment': 2, 'id_faculty': 7, 'description': 'Escuela de Ingeniería de Sistemas y computación', 'status': True}","{'id_program': 1, 'full_name': 'Ingeniería de Sistemas'}"
1157,Evaluación financiera de proyectos,Evaluación financiera de proyectos,802041C,03:00:00,False,False,3,8,1,1,18,2,6,Evaluación financiera de proyectos,True,,"{'id_university_type_subject': 1, 'type': 'Profesional', 'status': True}","{'id_university_qualification_type': 1, 'description': 'Numerica', 'status': True}","{'id_authorization_program': 18, 'resolution_number': '240-DIU', 'status': True, 'created_at': '2023-02-15 01:20:45', 'updated_at': '2023-02-15 01:20:45', 'id_program': 6, 'id_user': 1}","{'id_university_deparment': 2, 'id_faculty': 7, 'description': 'Escuela de Ingeniería de Sistemas y computación', 'status': True}","{'id_program': 6, 'full_name': 'Contaduría Publica'}"
1138,INTRODUCCIÓN A LA GESTIÓN DE PROYECTOS DE SOFTWARE,INTRODUCCIÓN A LA GESTIÓN DE PROYECTOS DE SOFTWARE,750031C,03:00:00,False,False,3,8,2,1,2,2,1,INTRODUCCIÓN A LA GESTIÓN DE PROYECTOS DE SOFTWARE,True,,"{'id_university_type_subject': 2, 'type': 'Basica', 'status': True}","{'id_university_qualification_type': 1, 'description': 'Numerica', 'status': True}","{'id_authorization_program': 2, 'resolution_number': '047', 'status': True, 'created_at': '2022-12-17 19:03:33', 'updated_at': '2022-12-17 19:03:33', 'id_program': 1, 'id_user': 1}","{'id_university_deparment': 2, 'id_faculty': 7, 'description': 'Escuela de Ingeniería de Sistemas y computación', 'status': True}","{'id_program': 1, 'full_name': 'Ingeniería de Sistemas'}"
1139,PREPARACIÓN PARA CERTIFICACIÓN EN CIBERSEGURIDAD PARA LA INDUSTRIA,PREPARACIÓN PARA CERTIFICACIÓN EN CIBERSEGURIDAD PARA LA INDUSTRIA,750035C,03:00:00,True,False,3,8,3,1,2,2,1,PREPARACIÓN PARA CERTIFICACIÓN EN CIBERSEGURIDAD PARA LA INDUSTRIA,True,,"{'id_university_type_subject': 3, 'type': 'Electiva profesional', 'status': True}","{'id_university_qualification_type': 1, 'description': 'Numerica', 'status': True}","{'id_authorization_program': 2, 'resolution_number': '047', 'status': True, 'created_at': '2022-12-17 19:03:33', 'updated_at': '2022-12-17 19:03:33', 'id_program': 1, 'id_user': 1}","{'id_university_deparment': 2, 'id_faculty': 7, 'description': 'Escuela de Ingeniería de Sistemas y computación', 'status': True}","{'id_program': 1, 'full_name': 'Ingeniería de Sistemas'}"
1140,SEMINARIO DE TRABAJO DE GRADO,SEMINARIO DE TRABAJO DE GRADO,750036C,02:00:00,False,False,2,8,1,1,2,2,1,SEMINARIO DE TRABAJO DE GRADO,True,,"{'id_university_type_subject': 1, 'type': 'Profesional', 'status': True}","{'id_university_qualification_type': 1, 'description': 'Numerica', 'status': True}","{'id_authorization_program': 2, 'resolution_number': '047', 'status': True, 'created_at': '2022-12-17 19:03:33', 'updated_at': '2022-12-17 19:03:33', 'id_program': 1, 'id_user': 1}","{'id_university_deparment': 2, 'id_faculty': 7, 'description': 'Escuela de Ingeniería de Sistemas y computación', 'status': True}","{'id_program': 1, 'full_name': 'Ingeniería de Sistemas'}"
1141,PROYECTO INTEGRADOR II,PROYECTO INTEGRADOR II,750037C,04:00:00,True,False,4,8,1,1,2,2,1,PROYECTO INTEGRADOR II,True,,"{'id_university_type_subject': 1, 'type': 'Profesional', 'status': True}","{'id_university_qualification_type': 1, 'description': 'Numerica', 'status': True}","{'id_authorization_program': 2, 'resolution_number': '047', 'status': True, 'created_at': '2022-12-17 19:03:33', 'updated_at': '2022-12-17 19:03:33', 'id_program': 1, 'id_user': 1}","{'id_university_deparment': 2, 'id_faculty': 7, 'description': 'Escuela de Ingeniería de Sistemas y computación', 'status': True}","{'id_program': 1, 'full_name': 'Ingeniería de Sistemas'}"
1119,DEPORTE FORMATIVO,DEPORTE FORMATIVO,404032C,02:00:00,False,True,2,1,2,1,5,2,4,DEPORTE FORMATIVO,True,,"{'id_university_type_subject': 2, 'type': 'Basica', 'status': True}","{'id_university_qualification_type': 1, 'description': 'Numerica', 'status': True}","{'id_authorization_program': 5, 'resolution_number': '128', 'status': True, 'created_at': '2023-01-16 13:56:28', 'updated_at': '2023-01-16 13:56:28', 'id_program': 4, 'id_user': 1}","{'id_university_deparment': 2, 'id_faculty': 7, 'description': 'Escuela de Ingeniería de Sistemas y computación', 'status': True}","{'id_program': 4, 'full_name': 'Construccion'}"
1105,Genero pluralidad y diversidades,Genero pluralidad y diversidades,304035C,03:00:00,False,False,3,5,4,1,29,2,8,Genero pluralidad y diversidades,True,,"{'id_university_type_subject': 4, 'type': 'Electiva Complementaria', 'status': True}","{'id_university_qualification_type': 1, 'description': 'Numerica', 'status': True}","{'id_authorization_program': 29, 'resolution_number': '217-NOC', 'status': True, 'created_at': '2023-08-09 14:20:51', 'updated_at': '2023-08-09 14:20:51', 'id_program': 8, 'id_user': 1}","{'id_university_deparment': 2, 'id_faculty': 7, 'description': 'Escuela de Ingeniería de Sistemas y computación', 'status': True}","{'id_program': 8, 'full_name': 'Tecnología en Desarrollo de Software'}"
1129,FISIOLOGÍA DEL EJERCICIO,FISIOLOGÍA DEL EJERCICIO,605033,05:00:00,False,False,4,5,2,1,20,2,11,FISIOLOGÍA DEL EJERCICIO,True,,"{'id_university_type_subject': 2, 'type': 'Basica', 'status': True}","{'id_university_qualification_type': 1, 'description': 'Numerica', 'status': True}","{'id_authorization_program': 20, 'resolution_number': '023', 'status': True, 'created_at': '2023-07-30 14:02:40', 'updated_at': '2023-07-30 14:02:40', 'id_program': 11, 'id_user': 1}","{'id_university_deparment': 2, 'id_faculty': 7, 'description': 'Escuela de Ingeniería de Sistemas y computación', 'status': True}","{'id_program': 11, 'full_name': 'Nutricion y dietetica'}"
1111,Inglés con fines generales y académicos II,Inglés con fines generales y académicos II,204026C,04:00:00,True,True,3,4,1,1,30,2,12,Inglés con fines generales y académicos II,True,,"{'id_university_type_subject': 1, 'type': 'Profesional', 'status': True}","{'id_university_qualification_type': 1, 'description': 'Numerica', 'status': True}","{'id_authorization_program': 30, 'resolution_number': '241-Noc', 'status': True, 'created_at': '2024-01-16 21:41:23', 'updated_at': '2024-01-16 21:41:23', 'id_program': 12, 'id_user': 1}","{'id_university_deparment': 2, 'id_faculty': 7, 'description': 'Escuela de Ingeniería de Sistemas y computación', 'status': True}","{'id_program': 12, 'full_name': 'Tecnologia en Electronica Industrial'}"
1104,Genero pluralidad y diversidades,Genero pluralidad y diversidades,304035C,03:00:00,False,False,3,2,4,1,14,2,8,Genero pluralidad y diversidades,True,,"{'id_university_type_subject': 4, 'type': 'Electiva Complementaria', 'status': True}","{'id_university_qualification_type': 1, 'description': 'Numerica', 'status': True}","{'id_authorization_program': 14, 'resolution_number': '217-DIU', 'status': True, 'created_at': '2023-01-30 21:30:48', 'updated_at': '2023-01-30 21:30:48', 'id_program': 8, 'id_user': 1}","{'id_university_deparment': 2, 'id_faculty': 7, 'description': 'Escuela de Ingeniería de Sistemas y computación', 'status': True}","{'id_program': 8, 'full_name': 'Tecnología en Desarrollo de Software'}"
1143,BIOPROCESOS + LABORATORIO,BIOPROCESOS + LABORATORIO,745006C,05:00:00,True,False,4,7,1,1,32,2,3,BIOPROCESOS + LABORATORIO,True,,"{'id_university_type_subject': 1, 'type': 'Profesional', 'status': True}","{'id_university_qualification_type': 1, 'description': 'Numerica', 'status': True}","{'id_authorization_program': 32, 'resolution_number': '228-aux', 'status': True, 'created_at': '2024-08-05 16:18:07', 'updated_at': '2024-08-05 16:18:07', 'id_program': 3, 'id_user': 1}","{'id_university_deparment': 2, 'id_faculty': 7, 'description': 'Escuela de Ingeniería de Sistemas y computación', 'status': True}","{'id_program': 3, 'full_name': 'Ingeniería de Alimentos'}"
1144,INGENIERÍA DE PROCESAMIENTO II,INGENIERÍA DE PROCESAMIENTO II,745010C,05:00:00,True,True,3,9,1,1,7,2,3,INGENIERÍA DE PROCESAMIENTO II,True,,"{'id_university_type_subject': 1, 'type': 'Profesional', 'status': True}","{'id_university_qualification_type': 1, 'description': 'Numerica', 'status': True}","{'id_authorization_program': 7, 'resolution_number': '228', 'status': True, 'created_at': '2023-01-16 14:02:37', 'updated_at': '2023-01-16 14:02:37', 'id_program': 3, 'id_user': 1}","{'id_university_deparment': 2, 'id_faculty': 7, 'description': 'Escuela de Ingeniería de Sistemas y computación', 'status': True}","{'id_program': 3, 'full_name': 'Ingeniería de Alimentos'}"
1145,proyecto de ingeniería I,proyecto de ingeniería I,745015C,04:00:00,False,False,3,9,1,1,7,2,3,proyecto de ingeniería I,True,,"{'id_university_type_subject': 1, 'type': 'Profesional', 'status': True}","{'id_university_qualification_type': 1, 'description': 'Numerica', 'status': True}","{'id_authorization_program': 7, 'resolution_number': '228', 'status': True, 'created_at': '2023-01-16 14:02:37', 'updated_at': '2023-01-16 14:02:37', 'id_program': 3, 'id_user': 1}","{'id_university_deparment': 2, 'id_faculty': 7, 'description': 'Escuela de Ingeniería de Sistemas y computación', 'status': True}","{'id_program': 3, 'full_name': 'Ingeniería de Alimentos'}"
1146,proyecto de ingeniería II,proyecto de ingeniería II,745016C,04:00:00,False,False,3,9,1,1,7,2,3,proyecto de ingeniería II,True,,"{'id_university_type_subject': 1, 'type': 'Profesional', 'status': True}","{'id_university_qualification_type': 1, 'description': 'Numerica', 'status': True}","{'id_authorization_program': 7, 'resolution_number': '228', 'status': True, 'created_at': '2023-01-16 14:02:37', 'updated_at': '2023-01-16 14:02:37', 'id_program': 3, 'id_user': 1}","{'id_university_deparment': 2, 'id_faculty': 7, 'description': 'Escuela de Ingeniería de Sistemas y computación', 'status': True}","{'id_program': 3, 'full_name': 'Ingeniería de Alimentos'}"
1147,Regulación en la industria alimentaria,Regulación en la industria alimentaria,745032C,03:00:00,False,False,3,9,1,1,7,2,3,Regulación en la industria alimentaria,True,,"{'id_university_type_subject': 1, 'type': 'Profesional', 'status': True}","{'id_university_qualification_type': 1, 'description': 'Numerica', 'status': True}","{'id_authorization_program': 7, 'resolution_number': '228', 'status': True, 'created_at': '2023-01-16 14:02:37', 'updated_at': '2023-01-16 14:02:37', 'id_program': 3, 'id_user': 1}","{'id_university_deparment': 2, 'id_faculty': 7, 'description': 'Escuela de Ingeniería de Sistemas y computación', 'status': True}","{'id_program': 3, 'full_name': 'Ingeniería de Alimentos'}"
1148,Administración de proyectos,Administración de proyectos,760017C,03:00:00,False,False,3,9,1,1,7,2,3,Administración de proyectos,True,,"{'id_university_type_subject': 1, 'type': 'Profesional', 'status': True}","{'id_university_qualification_type': 1, 'description': 'Numerica', 'status': True}","{'id_authorization_program': 7, 'resolution_number': '228', 'status': True, 'created_at': '2023-01-16 14:02:37', 'updated_at': '2023-01-16 14:02:37', 'id_program': 3, 'id_user': 1}","{'id_university_deparment': 2, 'id_faculty': 7, 'description': 'Escuela de Ingeniería de Sistemas y computación', 'status': True}","{'id_program': 3, 'full_name': 'Ingeniería de Alimentos'}"
1152,Control de gestión y gobierno corporativo,Control de gestión y gobierno corporativo,802057C,04:00:00,False,False,3,7,1,1,26,2,6,Control de gestión y gobierno corporativo,True,,"{'id_university_type_subject': 1, 'type': 'Profesional', 'status': True}","{'id_university_qualification_type': 1, 'description': 'Numerica', 'status': True}","{'id_authorization_program': 26, 'resolution_number': '240-NOC', 'status': True, 'created_at': '2023-08-06 23:16:45', 'updated_at': '2023-08-06 23:16:45', 'id_program': 6, 'id_user': 1}","{'id_university_deparment': 2, 'id_faculty': 7, 'description': 'Escuela de Ingeniería de Sistemas y computación', 'status': True}","{'id_program': 6, 'full_name': 'Contaduría Publica'}"
1080,Administración y gestión financiera,Administración y gestión financiera,802051C,03:00:00,True,True,3,7,1,1,18,2,6,Administración y gestión financiera,True,,"{'id_university_type_subject': 1, 'type': 'Profesional', 'status': True}","{'id_university_qualification_type': 1, 'description': 'Numerica', 'status': True}","{'id_authorization_program': 18, 'resolution_number': '240-DIU', 'status': True, 'created_at': '2023-02-15 01:20:45', 'updated_at': '2023-02-15 01:20:45', 'id_program': 6, 'id_user': 1}","{'id_university_deparment': 2, 'id_faculty': 7, 'description': 'Escuela de Ingeniería de Sistemas y computación', 'status': True}","{'id_program': 6, 'full_name': 'Contaduría Publica'}"
1150,Administración y gestión financiera,Administración y gestión financiera,802051C,03:00:00,True,True,3,7,1,1,26,2,6,Administración y gestión financiera,True,,"{'id_university_type_subject': 1, 'type': 'Profesional', 'status': True}","{'id_university_qualification_type': 1, 'description': 'Numerica', 'status': True}","{'id_authorization_program': 26, 'resolution_number': '240-NOC', 'status': True, 'created_at': '2023-08-06 23:16:45', 'updated_at': '2023-08-06 23:16:45', 'id_program': 6, 'id_user': 1}","{'id_university_deparment': 2, 'id_faculty': 7, 'description': 'Escuela de Ingeniería de Sistemas y computación', 'status': True}","{'id_program': 6, 'full_name': 'Contaduría Publica'}"
1151,Metodología de la Investigación,Metodología de la Investigación,802052C,03:00:00,False,False,3,7,1,1,26,2,6,Metodología de la Investigación,True,,"{'id_university_type_subject': 1, 'type': 'Profesional', 'status': True}","{'id_university_qualification_type': 1, 'description': 'Numerica', 'status': True}","{'id_authorization_program': 26, 'resolution_number': '240-NOC', 'status': True, 'created_at': '2023-08-06 23:16:45', 'updated_at': '2023-08-06 23:16:45', 'id_program': 6, 'id_user': 1}","{'id_university_deparment': 2, 'id_faculty': 7, 'description': 'Escuela de Ingeniería de Sistemas y computación', 'status': True}","{'id_program': 6, 'full_name': 'Contaduría Publica'}"
1153,Sistemas de información y bases de datos contables,Sistemas de información y bases de datos contables,802058C,03:00:00,False,False,3,7,1,1,26,2,6,Sistemas de información y bases de datos contables,True,,"{'id_university_type_subject': 1, 'type': 'Profesional', 'status': True}","{'id_university_qualification_type': 1, 'description': 'Numerica', 'status': True}","{'id_authorization_program': 26, 'resolution_number': '240-NOC', 'status': True, 'created_at': '2023-08-06 23:16:45', 'updated_at': '2023-08-06 23:16:45', 'id_program': 6, 'id_user': 1}","{'id_university_deparment': 2, 'id_faculty': 7, 'description': 'Escuela de Ingeniería de Sistemas y computación', 'status': True}","{'id_program': 6, 'full_name': 'Contaduría Publica'}"
1154,Laboratorio contable I,Laboratorio contable I,802059C,03:00:00,False,False,3,7,1,1,26,2,6,Laboratorio contable I,True,,"{'id_university_type_subject': 1, 'type': 'Profesional', 'status': True}","{'id_university_qualification_type': 1, 'description': 'Numerica', 'status': True}","{'id_authorization_program': 26, 'resolution_number': '240-NOC', 'status': True, 'created_at': '2023-08-06 23:16:45', 'updated_at': '2023-08-06 23:16:45', 'id_program': 6, 'id_user': 1}","{'id_university_deparment': 2, 'id_faculty': 7, 'description': 'Escuela de Ingeniería de Sistemas y computación', 'status': True}","{'id_program': 6, 'full_name': 'Contaduría Publica'}"
1155,"Impuestos de IVA y consumo, y Mecanismo de retención en la fuente","Impuestos de IVA y consumo, y Mecanismo de retención en la fuente",802062C,03:00:00,False,False,3,7,1,1,26,2,6,"Impuestos de IVA y consumo, y Mecanismo de retención en la fuente",True,,"{'id_university_type_subject': 1, 'type': 'Profesional', 'status': True}","{'id_university_qualification_type': 1, 'description': 'Numerica', 'status': True}","{'id_authorization_program': 26, 'resolution_number': '240-NOC', 'status': True, 'created_at': '2023-08-06 23:16:45', 'updated_at': '2023-08-06 23:16:45', 'id_program': 6, 'id_user': 1}","{'id_university_deparment': 2, 'id_faculty': 7, 'description': 'Escuela de Ingeniería de Sistemas y computación', 'status': True}","{'id_program': 6, 'full_name': 'Contaduría Publica'}"
1166,Casos Contables Especiales II,Casos Contables Especiales II,802086M,03:00:00,True,True,3,8,1,1,18,2,6,Casos Contables Especiales II,True,,"{'id_university_type_subject': 1, 'type': 'Profesional', 'status': True}","{'id_university_qualification_type': 1, 'description': 'Numerica', 'status': True}","{'id_authorization_program': 18, 'resolution_number': '240-DIU', 'status': True, 'created_at': '2023-02-15 01:20:45', 'updated_at': '2023-02-15 01:20:45', 'id_program': 6, 'id_user': 1}","{'id_university_deparment': 2, 'id_faculty': 7, 'description': 'Escuela de Ingeniería de Sistemas y computación', 'status': True}","{'id_program': 6, 'full_name': 'Contaduría Publica'}"
1158,Casos Contables Especiales II,Casos Contables Especiales II,802086M,03:00:00,True,True,3,8,1,1,26,2,6,Casos Contables Especiales II,True,,"{'id_university_type_subject': 1, 'type': 'Profesional', 'status': True}","{'id_university_qualification_type': 1, 'description': 'Numerica', 'status': True}","{'id_authorization_program': 26, 'resolution_number': '240-NOC', 'status': True, 'created_at': '2023-08-06 23:16:45', 'updated_at': '2023-08-06 23:16:45', 'id_program': 6, 'id_user': 1}","{'id_university_deparment': 2, 'id_faculty': 7, 'description': 'Escuela de Ingeniería de Sistemas y computación', 'status': True}","{'id_program': 6, 'full_name': 'Contaduría Publica'}"
1167,Fundamentos de Control y Auditoria,Fundamentos de Control y Auditoria,802089M,03:00:00,True,True,3,8,1,1,18,2,6,Fundamentos de Control y Auditoria,True,,"{'id_university_type_subject': 1, 'type': 'Profesional', 'status': True}","{'id_university_qualification_type': 1, 'description': 'Numerica', 'status': True}","{'id_authorization_program': 18, 'resolution_number': '240-DIU', 'status': True, 'created_at': '2023-02-15 01:20:45', 'updated_at': '2023-02-15 01:20:45', 'id_program': 6, 'id_user': 1}","{'id_university_deparment': 2, 'id_faculty': 7, 'description': 'Escuela de Ingeniería de Sistemas y computación', 'status': True}","{'id_program': 6, 'full_name': 'Contaduría Publica'}"
1159,Fundamentos de Control y Auditoria,Fundamentos de Control y Auditoria,802089M,03:00:00,True,True,3,8,1,1,26,2,6,Fundamentos de Control y Auditoria,True,,"{'id_university_type_subject': 1, 'type': 'Profesional', 'status': True}","{'id_university_qualification_type': 1, 'description': 'Numerica', 'status': True}","{'id_authorization_program': 26, 'resolution_number': '240-NOC', 'status': True, 'created_at': '2023-08-06 23:16:45', 'updated_at': '2023-08-06 23:16:45', 'id_program': 6, 'id_user': 1}","{'id_university_deparment': 2, 'id_faculty': 7, 'description': 'Escuela de Ingeniería de Sistemas y computación', 'status': True}","{'id_program': 6, 'full_name': 'Contaduría Publica'}"
1164,Laboratorio contable II,Laboratorio contable II,802060C,03:00:00,False,False,3,8,1,1,18,2,6,Laboratorio contable II,True,,"{'id_university_type_subject': 1, 'type': 'Profesional', 'status': True}","{'id_university_qualification_type': 1, 'description': 'Numerica', 'status': True}","{'id_authorization_program': 18, 'resolution_number': '240-DIU', 'status': True, 'created_at': '2023-02-15 01:20:45', 'updated_at': '2023-02-15 01:20:45', 'id_program': 6, 'id_user': 1}","{'id_university_deparment': 2, 'id_faculty': 7, 'description': 'Escuela de Ingeniería de Sistemas y computación', 'status': True}","{'id_program': 6, 'full_name': 'Contaduría Publica'}"
1160,Laboratorio contable II,Laboratorio contable II,802060C,03:00:00,False,False,3,8,1,1,26,2,6,Laboratorio contable II,True,,"{'id_university_type_subject': 1, 'type': 'Profesional', 'status': True}","{'id_university_qualification_type': 1, 'description': 'Numerica', 'status': True}","{'id_authorization_program': 26, 'resolution_number': '240-NOC', 'status': True, 'created_at': '2023-08-06 23:16:45', 'updated_at': '2023-08-06 23:16:45', 'id_program': 6, 'id_user': 1}","{'id_university_deparment': 2, 'id_faculty': 7, 'description': 'Escuela de Ingeniería de Sistemas y computación', 'status': True}","{'id_program': 6, 'full_name': 'Contaduría Publica'}"
1169,Revisoría fiscal,Revisoría fiscal,802089C,03:00:00,False,False,3,8,1,1,18,2,6,Revisoría fiscal,True,,"{'id_university_type_subject': 1, 'type': 'Profesional', 'status': True}","{'id_university_qualification_type': 1, 'description': 'Numerica', 'status': True}","{'id_authorization_program': 18, 'resolution_number': '240-DIU', 'status': True, 'created_at': '2023-02-15 01:20:45', 'updated_at': '2023-02-15 01:20:45', 'id_program': 6, 'id_user': 1}","{'id_university_deparment': 2, 'id_faculty': 7, 'description': 'Escuela de Ingeniería de Sistemas y computación', 'status': True}","{'id_program': 6, 'full_name': 'Contaduría Publica'}"
1178,Gestión del Cambio Organizacional,Gestión del Cambio Organizacional,801132C,03:00:00,False,False,3,8,1,1,19,2,2,Gestión del Cambio Organizacional,True,,"{'id_university_type_subject': 1, 'type': 'Profesional', 'status': True}","{'id_university_qualification_type': 1, 'description': 'Numerica', 'status': True}","{'id_authorization_program': 19, 'resolution_number': '246-DIU', 'status': True, 'created_at': '2023-02-15 02:05:28', 'updated_at': '2023-02-15 02:05:28', 'id_program': 2, 'id_user': 1}","{'id_university_deparment': 2, 'id_faculty': 7, 'description': 'Escuela de Ingeniería de Sistemas y computación', 'status': True}","{'id_program': 2, 'full_name': 'Administracion de empresas'}"
1165,Seguridad de la información contable,Seguridad de la información contable,802061C,03:00:00,False,False,3,8,1,1,18,2,6,Seguridad de la información contable,True,,"{'id_university_type_subject': 1, 'type': 'Profesional', 'status': True}","{'id_university_qualification_type': 1, 'description': 'Numerica', 'status': True}","{'id_authorization_program': 18, 'resolution_number': '240-DIU', 'status': True, 'created_at': '2023-02-15 01:20:45', 'updated_at': '2023-02-15 01:20:45', 'id_program': 6, 'id_user': 1}","{'id_university_deparment': 2, 'id_faculty': 7, 'description': 'Escuela de Ingeniería de Sistemas y computación', 'status': True}","{'id_program': 6, 'full_name': 'Contaduría Publica'}"
1162,Seguridad de la información contable,Seguridad de la información contable,802061C,03:00:00,False,False,3,8,1,1,26,2,6,Seguridad de la información contable,True,,"{'id_university_type_subject': 1, 'type': 'Profesional', 'status': True}","{'id_university_qualification_type': 1, 'description': 'Numerica', 'status': True}","{'id_authorization_program': 26, 'resolution_number': '240-NOC', 'status': True, 'created_at': '2023-08-06 23:16:45', 'updated_at': '2023-08-06 23:16:45', 'id_program': 6, 'id_user': 1}","{'id_university_deparment': 2, 'id_faculty': 7, 'description': 'Escuela de Ingeniería de Sistemas y computación', 'status': True}","{'id_program': 6, 'full_name': 'Contaduría Publica'}"
1161,Seguridad de la información contable,Seguridad de la información contable,802061C,03:00:00,False,False,3,8,1,1,26,2,6,Seguridad de la información contable,True,,"{'id_university_type_subject': 1, 'type': 'Profesional', 'status': True}","{'id_university_qualification_type': 1, 'description': 'Numerica', 'status': True}","{'id_authorization_program': 26, 'resolution_number': '240-NOC', 'status': True, 'created_at': '2023-08-06 23:16:45', 'updated_at': '2023-08-06 23:16:45', 'id_program': 6, 'id_user': 1}","{'id_university_deparment': 2, 'id_faculty': 7, 'description': 'Escuela de Ingeniería de Sistemas y computación', 'status': True}","{'id_program': 6, 'full_name': 'Contaduría Publica'}"
1175,Negociación y Toma de Decisiones,Negociación y Toma de Decisiones,801162C,03:00:00,False,False,3,7,1,1,23,2,2,Negociación y Toma de Decisiones,True,,"{'id_university_type_subject': 1, 'type': 'Profesional', 'status': True}","{'id_university_qualification_type': 1, 'description': 'Numerica', 'status': True}","{'id_authorization_program': 23, 'resolution_number': '246-NOC', 'status': True, 'created_at': '2023-08-05 01:03:25', 'updated_at': '2023-08-05 01:03:25', 'id_program': 2, 'id_user': 1}","{'id_university_deparment': 2, 'id_faculty': 7, 'description': 'Escuela de Ingeniería de Sistemas y computación', 'status': True}","{'id_program': 2, 'full_name': 'Administracion de empresas'}"
1170,Introducción a la Experimentación Cientifica,Introducción a la Experimentación Cientifica,106002C,05:00:00,False,False,3,1,2,1,33,2,13,Introducción a la Experimentación Cientifica,True,,"{'id_university_type_subject': 2, 'type': 'Basica', 'status': True}","{'id_university_qualification_type': 1, 'description': 'Numerica', 'status': True}","{'id_authorization_program': 33, 'resolution_number': '3150', 'status': True, 'created_at': '2025-08-10 12:51:07', 'updated_at': '2025-08-10 12:51:07', 'id_program': 13, 'id_user': 1}","{'id_university_deparment': 2, 'id_faculty': 7, 'description': 'Escuela de Ingeniería de Sistemas y computación', 'status': True}","{'id_program': 13, 'full_name': 'Agroindustria'}"
1156,Taller de escritura científica,Taller de escritura científica,801195C,03:00:00,False,False,3,8,1,1,26,2,6,Taller de escritura científica,True,,"{'id_university_type_subject': 1, 'type': 'Profesional', 'status': True}","{'id_university_qualification_type': 1, 'description': 'Numerica', 'status': True}","{'id_authorization_program': 26, 'resolution_number': '240-NOC', 'status': True, 'created_at': '2023-08-06 23:16:45', 'updated_at': '2023-08-06 23:16:45', 'id_program': 6, 'id_user': 1}","{'id_university_deparment': 2, 'id_faculty': 7, 'description': 'Escuela de Ingeniería de Sistemas y computación', 'status': True}","{'id_program': 6, 'full_name': 'Contaduría Publica'}"
1142,Genero pluralidad y diversidades,Genero pluralidad y diversidades,304035C,03:00:00,False,False,3,3,4,1,7,2,3,Genero pluralidad y diversidades,True,,"{'id_university_type_subject': 4, 'type': 'Electiva Complementaria', 'status': True}","{'id_university_qualification_type': 1, 'description': 'Numerica', 'status': True}","{'id_authorization_program': 7, 'resolution_number': '228', 'status': True, 'created_at': '2023-01-16 14:02:37', 'updated_at': '2023-01-16 14:02:37', 'id_program': 3, 'id_user': 1}","{'id_university_deparment': 2, 'id_faculty': 7, 'description': 'Escuela de Ingeniería de Sistemas y computación', 'status': True}","{'id_program': 3, 'full_name': 'Ingeniería de Alimentos'}"
1149,Costos II,Costos II,802056C,03:00:00,False,False,3,6,1,1,18,2,6,Costos II,True,,"{'id_university_type_subject': 1, 'type': 'Profesional', 'status': True}","{'id_university_qualification_type': 1, 'description': 'Numerica', 'status': True}","{'id_authorization_program': 18, 'resolution_number': '240-DIU', 'status': True, 'created_at': '2023-02-15 01:20:45', 'updated_at': '2023-02-15 01:20:45', 'id_program': 6, 'id_user': 1}","{'id_university_deparment': 2, 'id_faculty': 7, 'description': 'Escuela de Ingeniería de Sistemas y computación', 'status': True}","{'id_program': 6, 'full_name': 'Contaduría Publica'}"
1171,Ciberseguridad,Ciberseguridad,750129M,03:00:00,False,True,3,7,1,1,2,2,1,Ciberseguridad,True,,"{'id_university_type_subject': 1, 'type': 'Profesional', 'status': True}","{'id_university_qualification_type': 1, 'description': 'Numerica', 'status': True}","{'id_authorization_program': 2, 'resolution_number': '047', 'status': True, 'created_at': '2022-12-17 19:03:33', 'updated_at': '2022-12-17 19:03:33', 'id_program': 1, 'id_user': 1}","{'id_university_deparment': 2, 'id_faculty': 7, 'description': 'Escuela de Ingeniería de Sistemas y computación', 'status': True}","{'id_program': 1, 'full_name': 'Ingeniería de Sistemas'}"
1176,Gestión de la Cadena de Suministros,Gestión de la Cadena de Suministros,801163C,03:00:00,False,False,3,7,1,1,23,2,2,Gestión de la Cadena de Suministros,True,,"{'id_university_type_subject': 1, 'type': 'Profesional', 'status': True}","{'id_university_qualification_type': 1, 'description': 'Numerica', 'status': True}","{'id_authorization_program': 23, 'resolution_number': '246-NOC', 'status': True, 'created_at': '2023-08-05 01:03:25', 'updated_at': '2023-08-05 01:03:25', 'id_program': 2, 'id_user': 1}","{'id_university_deparment': 2, 'id_faculty': 7, 'description': 'Escuela de Ingeniería de Sistemas y computación', 'status': True}","{'id_program': 2, 'full_name': 'Administracion de empresas'}"
1173,Gestión Humana,Gestión Humana,801124C,03:00:00,False,False,3,7,1,1,23,2,2,Gestión Humana,True,,"{'id_university_type_subject': 1, 'type': 'Profesional', 'status': True}","{'id_university_qualification_type': 1, 'description': 'Numerica', 'status': True}","{'id_authorization_program': 23, 'resolution_number': '246-NOC', 'status': True, 'created_at': '2023-08-05 01:03:25', 'updated_at': '2023-08-05 01:03:25', 'id_program': 2, 'id_user': 1}","{'id_university_deparment': 2, 'id_faculty': 7, 'description': 'Escuela de Ingeniería de Sistemas y computación', 'status': True}","{'id_program': 2, 'full_name': 'Administracion de empresas'}"
1168,Procedimiento tributario,Procedimiento tributario,802086C,03:00:00,False,False,3,8,1,1,18,2,6,Procedimiento tributario,True,,"{'id_university_type_subject': 1, 'type': 'Profesional', 'status': True}","{'id_university_qualification_type': 1, 'description': 'Numerica', 'status': True}","{'id_authorization_program': 18, 'resolution_number': '240-DIU', 'status': True, 'created_at': '2023-02-15 01:20:45', 'updated_at': '2023-02-15 01:20:45', 'id_program': 6, 'id_user': 1}","{'id_university_deparment': 2, 'id_faculty': 7, 'description': 'Escuela de Ingeniería de Sistemas y computación', 'status': True}","{'id_program': 6, 'full_name': 'Contaduría Publica'}"
1180,Planeación Estratégica y Prospectiva,Planeación Estratégica y Prospectiva,801185C,03:00:00,False,False,3,8,1,1,19,2,2,Planeación Estratégica y Prospectiva,True,,"{'id_university_type_subject': 1, 'type': 'Profesional', 'status': True}","{'id_university_qualification_type': 1, 'description': 'Numerica', 'status': True}","{'id_authorization_program': 19, 'resolution_number': '246-DIU', 'status': True, 'created_at': '2023-02-15 02:05:28', 'updated_at': '2023-02-15 02:05:28', 'id_program': 2, 'id_user': 1}","{'id_university_deparment': 2, 'id_faculty': 7, 'description': 'Escuela de Ingeniería de Sistemas y computación', 'status': True}","{'id_program': 2, 'full_name': 'Administracion de empresas'}"
1181,Creación de Empresas,Creación de Empresas,801186C,03:00:00,False,False,3,8,1,1,19,2,2,Creación de Empresas,True,,"{'id_university_type_subject': 1, 'type': 'Profesional', 'status': True}","{'id_university_qualification_type': 1, 'description': 'Numerica', 'status': True}","{'id_authorization_program': 19, 'resolution_number': '246-DIU', 'status': True, 'created_at': '2023-02-15 02:05:28', 'updated_at': '2023-02-15 02:05:28', 'id_program': 2, 'id_user': 1}","{'id_university_deparment': 2, 'id_faculty': 7, 'description': 'Escuela de Ingeniería de Sistemas y computación', 'status': True}","{'id_program': 2, 'full_name': 'Administracion de empresas'}"
1183,Finanzas Internacionales y de Nuevos negocios,Finanzas Internacionales y de Nuevos negocios,802079C,03:00:00,False,False,3,8,1,1,19,2,2,Finanzas Internacionales y de Nuevos negocios,True,,"{'id_university_type_subject': 1, 'type': 'Profesional', 'status': True}","{'id_university_qualification_type': 1, 'description': 'Numerica', 'status': True}","{'id_authorization_program': 19, 'resolution_number': '246-DIU', 'status': True, 'created_at': '2023-02-15 02:05:28', 'updated_at': '2023-02-15 02:05:28', 'id_program': 2, 'id_user': 1}","{'id_university_deparment': 2, 'id_faculty': 7, 'description': 'Escuela de Ingeniería de Sistemas y computación', 'status': True}","{'id_program': 2, 'full_name': 'Administracion de empresas'}"
1184,INTRODUCCIÓN A LA AGROINDUSTRIA,INTRODUCCIÓN A LA AGROINDUSTRIA,106046C,04:00:00,False,False,4,1,2,1,33,2,13,INTRODUCCIÓN A LA AGROINDUSTRIA,True,,"{'id_university_type_subject': 2, 'type': 'Basica', 'status': True}","{'id_university_qualification_type': 1, 'description': 'Numerica', 'status': True}","{'id_authorization_program': 33, 'resolution_number': '3150', 'status': True, 'created_at': '2025-08-10 12:51:07', 'updated_at': '2025-08-10 12:51:07', 'id_program': 13, 'id_user': 1}","{'id_university_deparment': 2, 'id_faculty': 7, 'description': 'Escuela de Ingeniería de Sistemas y computación', 'status': True}","{'id_program': 13, 'full_name': 'Agroindustria'}"
1185,MATEMÁTICA FUNDAMENTAL,MATEMÁTICA FUNDAMENTAL,111001C,06:00:00,True,True,4,1,2,1,33,2,13,MATEMÁTICA FUNDAMENTAL,True,,"{'id_university_type_subject': 2, 'type': 'Basica', 'status': True}","{'id_university_qualification_type': 1, 'description': 'Numerica', 'status': True}","{'id_authorization_program': 33, 'resolution_number': '3150', 'status': True, 'created_at': '2025-08-10 12:51:07', 'updated_at': '2025-08-10 12:51:07', 'id_program': 13, 'id_user': 1}","{'id_university_deparment': 2, 'id_faculty': 7, 'description': 'Escuela de Ingeniería de Sistemas y computación', 'status': True}","{'id_program': 13, 'full_name': 'Agroindustria'}"
1186,COMPRENSIÓN Y PRODUCCIÓN DE TEXTOS ACADÉMICOS GENERALES,COMPRENSIÓN Y PRODUCCIÓN DE TEXTOS ACADÉMICOS GENERALES,204133C,03:00:00,True,False,2,1,2,1,33,2,13,COMPRENSIÓN Y PRODUCCIÓN DE TEXTOS ACADÉMICOS GENERALES,True,,"{'id_university_type_subject': 2, 'type': 'Basica', 'status': True}","{'id_university_qualification_type': 1, 'description': 'Numerica', 'status': True}","{'id_authorization_program': 33, 'resolution_number': '3150', 'status': True, 'created_at': '2025-08-10 12:51:07', 'updated_at': '2025-08-10 12:51:07', 'id_program': 13, 'id_user': 1}","{'id_university_deparment': 2, 'id_faculty': 7, 'description': 'Escuela de Ingeniería de Sistemas y computación', 'status': True}","{'id_program': 13, 'full_name': 'Agroindustria'}"
1187,DEPORTE Y SALUD,DEPORTE Y SALUD,404002C,03:00:00,False,False,2,1,2,1,33,2,13,DEPORTE Y SALUD,True,,"{'id_university_type_subject': 2, 'type': 'Basica', 'status': True}","{'id_university_qualification_type': 1, 'description': 'Numerica', 'status': True}","{'id_authorization_program': 33, 'resolution_number': '3150', 'status': True, 'created_at': '2025-08-10 12:51:07', 'updated_at': '2025-08-10 12:51:07', 'id_program': 13, 'id_user': 1}","{'id_university_deparment': 2, 'id_faculty': 7, 'description': 'Escuela de Ingeniería de Sistemas y computación', 'status': True}","{'id_program': 13, 'full_name': 'Agroindustria'}"
1177,Evaluación financiera de proyectos,Evaluación financiera de proyectos,802041C,03:00:00,False,False,3,7,1,1,23,2,2,Evaluación financiera de proyectos,True,,"{'id_university_type_subject': 1, 'type': 'Profesional', 'status': True}","{'id_university_qualification_type': 1, 'description': 'Numerica', 'status': True}","{'id_authorization_program': 23, 'resolution_number': '246-NOC', 'status': True, 'created_at': '2023-08-05 01:03:25', 'updated_at': '2023-08-05 01:03:25', 'id_program': 2, 'id_user': 1}","{'id_university_deparment': 2, 'id_faculty': 7, 'description': 'Escuela de Ingeniería de Sistemas y computación', 'status': True}","{'id_program': 2, 'full_name': 'Administracion de empresas'}"
1189,EXPORTACIONES,EXPORTACIONES,801103C,03:00:00,False,True,3,9,2,1,1,2,2,EXPORTACIONES,True,,"{'id_university_type_subject': 2, 'type': 'Basica', 'status': True}","{'id_university_qualification_type': 1, 'description': 'Numerica', 'status': True}","{'id_authorization_program': 1, 'resolution_number': '038-NOC', 'status': True, 'created_at': '2023-01-16 13:32:45', 'updated_at': '2023-01-16 13:32:45', 'id_program': 2, 'id_user': 1}","{'id_university_deparment': 2, 'id_faculty': 7, 'description': 'Escuela de Ingeniería de Sistemas y computación', 'status': True}","{'id_program': 2, 'full_name': 'Administracion de empresas'}"
1190,Taller Tecnológico II,Taller Tecnológico II,710025C,03:00:00,False,False,2,5,1,1,30,2,12,Taller Tecnológico II,True,,"{'id_university_type_subject': 1, 'type': 'Profesional', 'status': True}","{'id_university_qualification_type': 1, 'description': 'Numerica', 'status': True}","{'id_authorization_program': 30, 'resolution_number': '241-Noc', 'status': True, 'created_at': '2024-01-16 21:41:23', 'updated_at': '2024-01-16 21:41:23', 'id_program': 12, 'id_user': 1}","{'id_university_deparment': 2, 'id_faculty': 7, 'description': 'Escuela de Ingeniería de Sistemas y computación', 'status': True}","{'id_program': 12, 'full_name': 'Tecnologia en Electronica Industrial'}"
1191,Instrumentación Industrial,Instrumentación Industrial,710033C,05:00:00,False,False,3,5,1,1,30,2,12,Instrumentación Industrial,True,,"{'id_university_type_subject': 1, 'type': 'Profesional', 'status': True}","{'id_university_qualification_type': 1, 'description': 'Numerica', 'status': True}","{'id_authorization_program': 30, 'resolution_number': '241-Noc', 'status': True, 'created_at': '2024-01-16 21:41:23', 'updated_at': '2024-01-16 21:41:23', 'id_program': 12, 'id_user': 1}","{'id_university_deparment': 2, 'id_faculty': 7, 'description': 'Escuela de Ingeniería de Sistemas y computación', 'status': True}","{'id_program': 12, 'full_name': 'Tecnologia en Electronica Industrial'}"
1192,Sistemas Automáticos de Control,Sistemas Automáticos de Control,710036C,05:00:00,True,True,3,5,1,1,30,2,12,Sistemas Automáticos de Control,True,,"{'id_university_type_subject': 1, 'type': 'Profesional', 'status': True}","{'id_university_qualification_type': 1, 'description': 'Numerica', 'status': True}","{'id_authorization_program': 30, 'resolution_number': '241-Noc', 'status': True, 'created_at': '2024-01-16 21:41:23', 'updated_at': '2024-01-16 21:41:23', 'id_program': 12, 'id_user': 1}","{'id_university_deparment': 2, 'id_faculty': 7, 'description': 'Escuela de Ingeniería de Sistemas y computación', 'status': True}","{'id_program': 12, 'full_name': 'Tecnologia en Electronica Industrial'}"
1193,Circuitos Integrados,Circuitos Integrados,710049C,05:00:00,True,True,3,5,1,1,30,2,12,Circuitos Integrados,True,,"{'id_university_type_subject': 1, 'type': 'Profesional', 'status': True}","{'id_university_qualification_type': 1, 'description': 'Numerica', 'status': True}","{'id_authorization_program': 30, 'resolution_number': '241-Noc', 'status': True, 'created_at': '2024-01-16 21:41:23', 'updated_at': '2024-01-16 21:41:23', 'id_program': 12, 'id_user': 1}","{'id_university_deparment': 2, 'id_faculty': 7, 'description': 'Escuela de Ingeniería de Sistemas y computación', 'status': True}","{'id_program': 12, 'full_name': 'Tecnologia en Electronica Industrial'}"
1194,Control Electrónico de Potencia (AET),Control Electrónico de Potencia (AET),710104M,05:00:00,False,False,3,5,3,1,30,2,12,Control Electrónico de Potencia (AET),True,,"{'id_university_type_subject': 3, 'type': 'Electiva profesional', 'status': True}","{'id_university_qualification_type': 1, 'description': 'Numerica', 'status': True}","{'id_authorization_program': 30, 'resolution_number': '241-Noc', 'status': True, 'created_at': '2024-01-16 21:41:23', 'updated_at': '2024-01-16 21:41:23', 'id_program': 12, 'id_user': 1}","{'id_university_deparment': 2, 'id_faculty': 7, 'description': 'Escuela de Ingeniería de Sistemas y computación', 'status': True}","{'id_program': 12, 'full_name': 'Tecnologia en Electronica Industrial'}"
1198,Administración y control de obra,Administración y control de obra,502043C,03:00:00,False,False,2,8,1,1,5,1,4,Administración y control de obra,True,,"{'id_university_type_subject': 1, 'type': 'Profesional', 'status': True}","{'id_university_qualification_type': 1, 'description': 'Numerica', 'status': True}","{'id_authorization_program': 5, 'resolution_number': '128', 'status': True, 'created_at': '2023-01-16 13:56:28', 'updated_at': '2023-01-16 13:56:28', 'id_program': 4, 'id_user': 1}","{'id_university_deparment': 1, 'id_faculty': 7, 'description': 'Escuela de Ingeniería Industrial', 'status': True}","{'id_program': 4, 'full_name': 'Construccion'}"
1203,SEGURIDAD FINANCIERA Y DECISIONES RESPONSABLES,SEGURIDAD FINANCIERA Y DECISIONES RESPONSABLES,607010C,03:00:00,False,False,3,8,4,1,5,2,4,SEGURIDAD FINANCIERA Y DECISIONES RESPONSABLES,True,,"{'id_university_type_subject': 4, 'type': 'Electiva Complementaria', 'status': True}","{'id_university_qualification_type': 1, 'description': 'Numerica', 'status': True}","{'id_authorization_program': 5, 'resolution_number': '128', 'status': True, 'created_at': '2023-01-16 13:56:28', 'updated_at': '2023-01-16 13:56:28', 'id_program': 4, 'id_user': 1}","{'id_university_deparment': 2, 'id_faculty': 7, 'description': 'Escuela de Ingeniería de Sistemas y computación', 'status': True}","{'id_program': 4, 'full_name': 'Construccion'}"
1073,Inglés con Fines Generales y Académicos IV,Inglés con Fines Generales y Académicos IV,204028C,04:00:00,True,True,3,6,1,1,26,2,6,Inglés con Fines Generales y Académicos IV,True,,"{'id_university_type_subject': 1, 'type': 'Profesional', 'status': True}","{'id_university_qualification_type': 1, 'description': 'Numerica', 'status': True}","{'id_authorization_program': 26, 'resolution_number': '240-NOC', 'status': True, 'created_at': '2023-08-06 23:16:45', 'updated_at': '2023-08-06 23:16:45', 'id_program': 6, 'id_user': 1}","{'id_university_deparment': 2, 'id_faculty': 7, 'description': 'Escuela de Ingeniería de Sistemas y computación', 'status': True}","{'id_program': 6, 'full_name': 'Contaduría Publica'}"
1196,Desarrollo de la creatividad,Desarrollo de la creatividad,507100C,03:00:00,False,False,3,4,4,1,5,1,4,Desarrollo de la creatividad,True,,"{'id_university_type_subject': 4, 'type': 'Electiva Complementaria', 'status': True}","{'id_university_qualification_type': 1, 'description': 'Numerica', 'status': True}","{'id_authorization_program': 5, 'resolution_number': '128', 'status': True, 'created_at': '2023-01-16 13:56:28', 'updated_at': '2023-01-16 13:56:28', 'id_program': 4, 'id_user': 1}","{'id_university_deparment': 1, 'id_faculty': 7, 'description': 'Escuela de Ingeniería Industrial', 'status': True}","{'id_program': 4, 'full_name': 'Construccion'}"
1197,Diseño de procesos de producción,Diseño de procesos de producción,502035C,03:00:00,False,False,3,8,1,1,5,2,4,Diseño de procesos de producción,True,,"{'id_university_type_subject': 1, 'type': 'Profesional', 'status': True}","{'id_university_qualification_type': 1, 'description': 'Numerica', 'status': True}","{'id_authorization_program': 5, 'resolution_number': '128', 'status': True, 'created_at': '2023-01-16 13:56:28', 'updated_at': '2023-01-16 13:56:28', 'id_program': 4, 'id_user': 1}","{'id_university_deparment': 2, 'id_faculty': 7, 'description': 'Escuela de Ingeniería de Sistemas y computación', 'status': True}","{'id_program': 4, 'full_name': 'Construccion'}"
1199,Acabados arquitectónicos,Acabados arquitectónicos,502049C,03:00:00,False,False,3,8,3,1,5,2,4,Acabados arquitectónicos,True,,"{'id_university_type_subject': 3, 'type': 'Electiva profesional', 'status': True}","{'id_university_qualification_type': 1, 'description': 'Numerica', 'status': True}","{'id_authorization_program': 5, 'resolution_number': '128', 'status': True, 'created_at': '2023-01-16 13:56:28', 'updated_at': '2023-01-16 13:56:28', 'id_program': 4, 'id_user': 1}","{'id_university_deparment': 2, 'id_faculty': 7, 'description': 'Escuela de Ingeniería de Sistemas y computación', 'status': True}","{'id_program': 4, 'full_name': 'Construccion'}"
1200,GESTIÓN ECONÓMICA Y FINANCIERA EN CONSTRUCCIÓN,GESTIÓN ECONÓMICA Y FINANCIERA EN CONSTRUCCIÓN,502045,03:00:00,False,False,3,8,1,1,5,2,4,GESTIÓN ECONÓMICA Y FINANCIERA EN CONSTRUCCIÓN,True,,"{'id_university_type_subject': 1, 'type': 'Profesional', 'status': True}","{'id_university_qualification_type': 1, 'description': 'Numerica', 'status': True}","{'id_authorization_program': 5, 'resolution_number': '128', 'status': True, 'created_at': '2023-01-16 13:56:28', 'updated_at': '2023-01-16 13:56:28', 'id_program': 4, 'id_user': 1}","{'id_university_deparment': 2, 'id_faculty': 7, 'description': 'Escuela de Ingeniería de Sistemas y computación', 'status': True}","{'id_program': 4, 'full_name': 'Construccion'}"
1201,"ESCRITURA, EXPRESIÓN Y COMUNICACIÓN","ESCRITURA, EXPRESIÓN Y COMUNICACIÓN",506026C,04:00:00,False,False,3,8,4,1,5,2,4,"ESCRITURA, EXPRESIÓN Y COMUNICACIÓN",True,,"{'id_university_type_subject': 4, 'type': 'Electiva Complementaria', 'status': True}","{'id_university_qualification_type': 1, 'description': 'Numerica', 'status': True}","{'id_authorization_program': 5, 'resolution_number': '128', 'status': True, 'created_at': '2023-01-16 13:56:28', 'updated_at': '2023-01-16 13:56:28', 'id_program': 4, 'id_user': 1}","{'id_university_deparment': 2, 'id_faculty': 7, 'description': 'Escuela de Ingeniería de Sistemas y computación', 'status': True}","{'id_program': 4, 'full_name': 'Construccion'}"
1204,BIOLOGÍA GENERAL,BIOLOGÍA GENERAL,102052C,07:00:00,False,False,4,2,2,1,33,2,13,BIOLOGÍA GENERAL,True,,"{'id_university_type_subject': 2, 'type': 'Basica', 'status': True}","{'id_university_qualification_type': 1, 'description': 'Numerica', 'status': True}","{'id_authorization_program': 33, 'resolution_number': '3150', 'status': True, 'created_at': '2025-08-10 12:51:07', 'updated_at': '2025-08-10 12:51:07', 'id_program': 13, 'id_user': 1}","{'id_university_deparment': 2, 'id_faculty': 7, 'description': 'Escuela de Ingeniería de Sistemas y computación', 'status': True}","{'id_program': 13, 'full_name': 'Agroindustria'}"
1205,FÍSICA FUNDAMENTAL I,FÍSICA FUNDAMENTAL I,106001C,07:00:00,False,False,4,2,2,1,33,2,13,FÍSICA FUNDAMENTAL I,True,,"{'id_university_type_subject': 2, 'type': 'Basica', 'status': True}","{'id_university_qualification_type': 1, 'description': 'Numerica', 'status': True}","{'id_authorization_program': 33, 'resolution_number': '3150', 'status': True, 'created_at': '2025-08-10 12:51:07', 'updated_at': '2025-08-10 12:51:07', 'id_program': 13, 'id_user': 1}","{'id_university_deparment': 2, 'id_faculty': 7, 'description': 'Escuela de Ingeniería de Sistemas y computación', 'status': True}","{'id_program': 13, 'full_name': 'Agroindustria'}"
1206,CÁLCULO I - CIENCIAS,CÁLCULO I - CIENCIAS,111013C,05:00:00,True,True,3,2,2,1,33,2,13,CÁLCULO I - CIENCIAS,True,,"{'id_university_type_subject': 2, 'type': 'Basica', 'status': True}","{'id_university_qualification_type': 1, 'description': 'Numerica', 'status': True}","{'id_authorization_program': 33, 'resolution_number': '3150', 'status': True, 'created_at': '2025-08-10 12:51:07', 'updated_at': '2025-08-10 12:51:07', 'id_program': 13, 'id_user': 1}","{'id_university_deparment': 2, 'id_faculty': 7, 'description': 'Escuela de Ingeniería de Sistemas y computación', 'status': True}","{'id_program': 13, 'full_name': 'Agroindustria'}"
1202,Desarrollo de clientes,Desarrollo de clientes,507101C,03:00:00,False,False,3,8,4,1,5,2,4,Desarrollo de clientes,True,,"{'id_university_type_subject': 4, 'type': 'Electiva Complementaria', 'status': True}","{'id_university_qualification_type': 1, 'description': 'Numerica', 'status': True}","{'id_authorization_program': 5, 'resolution_number': '128', 'status': True, 'created_at': '2023-01-16 13:56:28', 'updated_at': '2023-01-16 13:56:28', 'id_program': 4, 'id_user': 1}","{'id_university_deparment': 2, 'id_faculty': 7, 'description': 'Escuela de Ingeniería de Sistemas y computación', 'status': True}","{'id_program': 4, 'full_name': 'Construccion'}"
1179,Gestión de Proyectos,Gestión de Proyectos,801183C,03:00:00,False,False,3,8,1,1,19,2,2,Gestión de Proyectos,True,,"{'id_university_type_subject': 1, 'type': 'Profesional', 'status': True}","{'id_university_qualification_type': 1, 'description': 'Numerica', 'status': True}","{'id_authorization_program': 19, 'resolution_number': '246-DIU', 'status': True, 'created_at': '2023-02-15 02:05:28', 'updated_at': '2023-02-15 02:05:28', 'id_program': 2, 'id_user': 1}","{'id_university_deparment': 2, 'id_faculty': 7, 'description': 'Escuela de Ingeniería de Sistemas y computación', 'status': True}","{'id_program': 2, 'full_name': 'Administracion de empresas'}"
800,Inglés con fines generales y académicos I,Inglés con fines generales y académicos I,204025C,04:00:00,True,True,3,4,1,1,14,2,8,Inglés con fines generales y académicos I,True,,"{'id_university_type_subject': 1, 'type': 'Profesional', 'status': True}","{'id_university_qualification_type': 1, 'description': 'Numerica', 'status': True}","{'id_authorization_program': 14, 'resolution_number': '217-DIU', 'status': True, 'created_at': '2023-01-30 21:30:48', 'updated_at': '2023-01-30 21:30:48', 'id_program': 8, 'id_user': 1}","{'id_university_deparment': 2, 'id_faculty': 7, 'description': 'Escuela de Ingeniería de Sistemas y computación', 'status': True}","{'id_program': 8, 'full_name': 'Tecnología en Desarrollo de Software'}"
1208,INGLÉS CON FINES GENERALES Y ACADÉM. I,INGLÉS CON FINES GENERALES Y ACADÉM. I,204025C,04:00:00,False,True,2,2,2,1,33,2,13,INGLÉS CON FINES GENERALES Y ACADÉM. I,True,,"{'id_university_type_subject': 2, 'type': 'Basica', 'status': True}","{'id_university_qualification_type': 1, 'description': 'Numerica', 'status': True}","{'id_authorization_program': 33, 'resolution_number': '3150', 'status': True, 'created_at': '2025-08-10 12:51:07', 'updated_at': '2025-08-10 12:51:07', 'id_program': 13, 'id_user': 1}","{'id_university_deparment': 2, 'id_faculty': 7, 'description': 'Escuela de Ingeniería de Sistemas y computación', 'status': True}","{'id_program': 13, 'full_name': 'Agroindustria'}"
1209,Inglés con Fines Generales y Académicos IV,Inglés con Fines Generales y Académicos IV,204028C,04:00:00,True,True,3,6,1,1,20,2,11,Inglés con Fines Generales y Académicos IV,True,,"{'id_university_type_subject': 1, 'type': 'Profesional', 'status': True}","{'id_university_qualification_type': 1, 'description': 'Numerica', 'status': True}","{'id_authorization_program': 20, 'resolution_number': '023', 'status': True, 'created_at': '2023-07-30 14:02:40', 'updated_at': '2023-07-30 14:02:40', 'id_program': 11, 'id_user': 1}","{'id_university_deparment': 2, 'id_faculty': 7, 'description': 'Escuela de Ingeniería de Sistemas y computación', 'status': True}","{'id_program': 11, 'full_name': 'Nutricion y dietetica'}"
1211,NUTRICIÓN MATERNO INFANTIL,NUTRICIÓN MATERNO INFANTIL,605028C,03:00:00,False,True,3,6,1,1,20,2,11,NUTRICIÓN MATERNO INFANTIL,True,,"{'id_university_type_subject': 1, 'type': 'Profesional', 'status': True}","{'id_university_qualification_type': 1, 'description': 'Numerica', 'status': True}","{'id_authorization_program': 20, 'resolution_number': '023', 'status': True, 'created_at': '2023-07-30 14:02:40', 'updated_at': '2023-07-30 14:02:40', 'id_program': 11, 'id_user': 1}","{'id_university_deparment': 2, 'id_faculty': 7, 'description': 'Escuela de Ingeniería de Sistemas y computación', 'status': True}","{'id_program': 11, 'full_name': 'Nutricion y dietetica'}"
1212,EDUCACIÓN Y CULTURA ALIMENTARIA,EDUCACIÓN Y CULTURA ALIMENTARIA,605030C,03:00:00,False,True,3,6,1,1,20,2,11,EDUCACIÓN Y CULTURA ALIMENTARIA,True,,"{'id_university_type_subject': 1, 'type': 'Profesional', 'status': True}","{'id_university_qualification_type': 1, 'description': 'Numerica', 'status': True}","{'id_authorization_program': 20, 'resolution_number': '023', 'status': True, 'created_at': '2023-07-30 14:02:40', 'updated_at': '2023-07-30 14:02:40', 'id_program': 11, 'id_user': 1}","{'id_university_deparment': 2, 'id_faculty': 7, 'description': 'Escuela de Ingeniería de Sistemas y computación', 'status': True}","{'id_program': 11, 'full_name': 'Nutricion y dietetica'}"
1213,PRINCIPIOS NUTRIGENÉTICA Y NUTRIGENÓMICA,PRINCIPIOS NUTRIGENÉTICA Y NUTRIGENÓMICA,605031C,04:00:00,False,True,4,6,3,1,20,2,11,PRINCIPIOS NUTRIGENÉTICA Y NUTRIGENÓMICA,True,,"{'id_university_type_subject': 3, 'type': 'Electiva profesional', 'status': True}","{'id_university_qualification_type': 1, 'description': 'Numerica', 'status': True}","{'id_authorization_program': 20, 'resolution_number': '023', 'status': True, 'created_at': '2023-07-30 14:02:40', 'updated_at': '2023-07-30 14:02:40', 'id_program': 11, 'id_user': 1}","{'id_university_deparment': 2, 'id_faculty': 7, 'description': 'Escuela de Ingeniería de Sistemas y computación', 'status': True}","{'id_program': 11, 'full_name': 'Nutricion y dietetica'}"
1214,DIETOTERAPIA I,DIETOTERAPIA I,605029C,03:00:00,False,True,3,6,1,1,20,2,11,DIETOTERAPIA I,True,,"{'id_university_type_subject': 1, 'type': 'Profesional', 'status': True}","{'id_university_qualification_type': 1, 'description': 'Numerica', 'status': True}","{'id_authorization_program': 20, 'resolution_number': '023', 'status': True, 'created_at': '2023-07-30 14:02:40', 'updated_at': '2023-07-30 14:02:40', 'id_program': 11, 'id_user': 1}","{'id_university_deparment': 2, 'id_faculty': 7, 'description': 'Escuela de Ingeniería de Sistemas y computación', 'status': True}","{'id_program': 11, 'full_name': 'Nutricion y dietetica'}"
1215,TALLER DE INGENIERÍA DE ALIMENTOS VII,TALLER DE INGENIERÍA DE ALIMENTOS VII,745026C,03:00:00,False,False,2,8,3,1,7,2,3,TALLER DE INGENIERÍA DE ALIMENTOS VII,True,,"{'id_university_type_subject': 3, 'type': 'Electiva profesional', 'status': True}","{'id_university_qualification_type': 1, 'description': 'Numerica', 'status': True}","{'id_authorization_program': 7, 'resolution_number': '228', 'status': True, 'created_at': '2023-01-16 14:02:37', 'updated_at': '2023-01-16 14:02:37', 'id_program': 3, 'id_user': 1}","{'id_university_deparment': 2, 'id_faculty': 7, 'description': 'Escuela de Ingeniería de Sistemas y computación', 'status': True}","{'id_program': 3, 'full_name': 'Ingeniería de Alimentos'}"
1217,EMPAQUES PARA EL MANEJO DE ALIMENTOS,EMPAQUES PARA EL MANEJO DE ALIMENTOS,745031C,03:00:00,True,True,2,8,3,1,7,2,3,EMPAQUES PARA EL MANEJO DE ALIMENTOS,True,,"{'id_university_type_subject': 3, 'type': 'Electiva profesional', 'status': True}","{'id_university_qualification_type': 1, 'description': 'Numerica', 'status': True}","{'id_authorization_program': 7, 'resolution_number': '228', 'status': True, 'created_at': '2023-01-16 14:02:37', 'updated_at': '2023-01-16 14:02:37', 'id_program': 3, 'id_user': 1}","{'id_university_deparment': 2, 'id_faculty': 7, 'description': 'Escuela de Ingeniería de Sistemas y computación', 'status': True}","{'id_program': 3, 'full_name': 'Ingeniería de Alimentos'}"
1218,BIOQUÍMICA DE LOS ALIMENTOS,BIOQUÍMICA DE LOS ALIMENTOS,116096M,03:00:00,True,False,3,10,3,1,7,2,3,BIOQUÍMICA DE LOS ALIMENTOS,True,,"{'id_university_type_subject': 3, 'type': 'Electiva profesional', 'status': True}","{'id_university_qualification_type': 1, 'description': 'Numerica', 'status': True}","{'id_authorization_program': 7, 'resolution_number': '228', 'status': True, 'created_at': '2023-01-16 14:02:37', 'updated_at': '2023-01-16 14:02:37', 'id_program': 3, 'id_user': 1}","{'id_university_deparment': 2, 'id_faculty': 7, 'description': 'Escuela de Ingeniería de Sistemas y computación', 'status': True}","{'id_program': 3, 'full_name': 'Ingeniería de Alimentos'}"
1136,HERRAMIENTAS PARA LA GESTIÓN DE PROYECTOS DE TECNOLOGÍAS DE LA INFORMACIÓN,HERRAMIENTAS PARA LA GESTIÓN DE PROYECTOS DE TECNOLOGÍAS DE LA INFORMACIÓN,750030C,03:00:00,False,False,3,9,3,1,3,2,1,HERRAMIENTAS PARA LA GESTIÓN DE PROYECTOS DE TECNOLOGÍAS DE LA INFORMACIÓN,True,,"{'id_university_type_subject': 3, 'type': 'Electiva profesional', 'status': True}","{'id_university_qualification_type': 1, 'description': 'Numerica', 'status': True}","{'id_authorization_program': 3, 'resolution_number': '048', 'status': True, 'created_at': '2022-12-17 19:11:05', 'updated_at': '2022-12-17 19:11:05', 'id_program': 1, 'id_user': 1}","{'id_university_deparment': 2, 'id_faculty': 7, 'description': 'Escuela de Ingeniería de Sistemas y computación', 'status': True}","{'id_program': 1, 'full_name': 'Ingeniería de Sistemas'}"
1220,HERRAMIENTAS PARA LA GESTIÓN DE PROYECTOS DE TECNOLOGÍAS DE LA INFORMACIÓN,HERRAMIENTAS PARA LA GESTIÓN DE PROYECTOS DE TECNOLOGÍAS DE LA INFORMACIÓN,750030C,03:00:00,False,False,3,9,3,1,2,2,1,HERRAMIENTAS PARA LA GESTIÓN DE PROYECTOS DE TECNOLOGÍAS DE LA INFORMACIÓN,True,,"{'id_university_type_subject': 3, 'type': 'Electiva profesional', 'status': True}","{'id_university_qualification_type': 1, 'description': 'Numerica', 'status': True}","{'id_authorization_program': 2, 'resolution_number': '047', 'status': True, 'created_at': '2022-12-17 19:03:33', 'updated_at': '2022-12-17 19:03:33', 'id_program': 1, 'id_user': 1}","{'id_university_deparment': 2, 'id_faculty': 7, 'description': 'Escuela de Ingeniería de Sistemas y computación', 'status': True}","{'id_program': 1, 'full_name': 'Ingeniería de Sistemas'}"
1221,INNOVACIÓN Y EMPRENDIMIENTO EMPRESARIAL,INNOVACIÓN Y EMPRENDIMIENTO EMPRESARIAL,750032C,03:00:00,False,False,3,9,1,1,2,1,1,INNOVACIÓN Y EMPRENDIMIENTO EMPRESARIAL,True,,"{'id_university_type_subject': 1, 'type': 'Profesional', 'status': True}","{'id_university_qualification_type': 1, 'description': 'Numerica', 'status': True}","{'id_authorization_program': 2, 'resolution_number': '047', 'status': True, 'created_at': '2022-12-17 19:03:33', 'updated_at': '2022-12-17 19:03:33', 'id_program': 1, 'id_user': 1}","{'id_university_deparment': 1, 'id_faculty': 7, 'description': 'Escuela de Ingeniería Industrial', 'status': True}","{'id_program': 1, 'full_name': 'Ingeniería de Sistemas'}"
1222,Diseño de Contenido para Interfaces de Usuario,Diseño de Contenido para Interfaces de Usuario,750040C,03:00:00,False,False,3,9,1,1,2,2,1,Diseño de Contenido para Interfaces de Usuario,True,,"{'id_university_type_subject': 1, 'type': 'Profesional', 'status': True}","{'id_university_qualification_type': 1, 'description': 'Numerica', 'status': True}","{'id_authorization_program': 2, 'resolution_number': '047', 'status': True, 'created_at': '2022-12-17 19:03:33', 'updated_at': '2022-12-17 19:03:33', 'id_program': 1, 'id_user': 1}","{'id_university_deparment': 2, 'id_faculty': 7, 'description': 'Escuela de Ingeniería de Sistemas y computación', 'status': True}","{'id_program': 1, 'full_name': 'Ingeniería de Sistemas'}"
1223,INTRODUCCIÓN AL PROCESAMIENTO DE LENGUAJE NATURAL,INTRODUCCIÓN AL PROCESAMIENTO DE LENGUAJE NATURAL,750108M,03:00:00,False,False,3,9,3,1,2,2,1,INTRODUCCIÓN AL PROCESAMIENTO DE LENGUAJE NATURAL,True,,"{'id_university_type_subject': 3, 'type': 'Electiva profesional', 'status': True}","{'id_university_qualification_type': 1, 'description': 'Numerica', 'status': True}","{'id_authorization_program': 2, 'resolution_number': '047', 'status': True, 'created_at': '2022-12-17 19:03:33', 'updated_at': '2022-12-17 19:03:33', 'id_program': 1, 'id_user': 1}","{'id_university_deparment': 2, 'id_faculty': 7, 'description': 'Escuela de Ingeniería de Sistemas y computación', 'status': True}","{'id_program': 1, 'full_name': 'Ingeniería de Sistemas'}"
1225,HABILIDADES GERENCIALES,HABILIDADES GERENCIALES,801107C,03:00:00,True,True,2,4,2,1,26,2,6,HABILIDADES GERENCIALES,True,,"{'id_university_type_subject': 2, 'type': 'Basica', 'status': True}","{'id_university_qualification_type': 1, 'description': 'Numerica', 'status': True}","{'id_authorization_program': 26, 'resolution_number': '240-NOC', 'status': True, 'created_at': '2023-08-06 23:16:45', 'updated_at': '2023-08-06 23:16:45', 'id_program': 6, 'id_user': 1}","{'id_university_deparment': 2, 'id_faculty': 7, 'description': 'Escuela de Ingeniería de Sistemas y computación', 'status': True}","{'id_program': 6, 'full_name': 'Contaduría Publica'}"
1226,EVALUACIÓN FINANCIERA DE PROYECTOS,EVALUACIÓN FINANCIERA DE PROYECTOS,802041C,03:00:00,True,True,3,8,1,1,26,2,6,EVALUACIÓN FINANCIERA DE PROYECTOS,True,,"{'id_university_type_subject': 1, 'type': 'Profesional', 'status': True}","{'id_university_qualification_type': 1, 'description': 'Numerica', 'status': True}","{'id_authorization_program': 26, 'resolution_number': '240-NOC', 'status': True, 'created_at': '2023-08-06 23:16:45', 'updated_at': '2023-08-06 23:16:45', 'id_program': 6, 'id_user': 1}","{'id_university_deparment': 2, 'id_faculty': 7, 'description': 'Escuela de Ingeniería de Sistemas y computación', 'status': True}","{'id_program': 6, 'full_name': 'Contaduría Publica'}"
1227,PROCEDIMIENTO TRIBUTARIO,PROCEDIMIENTO TRIBUTARIO,802086C,03:00:00,False,False,3,8,1,1,26,2,6,PROCEDIMIENTO TRIBUTARIO,True,,"{'id_university_type_subject': 1, 'type': 'Profesional', 'status': True}","{'id_university_qualification_type': 1, 'description': 'Numerica', 'status': True}","{'id_authorization_program': 26, 'resolution_number': '240-NOC', 'status': True, 'created_at': '2023-08-06 23:16:45', 'updated_at': '2023-08-06 23:16:45', 'id_program': 6, 'id_user': 1}","{'id_university_deparment': 2, 'id_faculty': 7, 'description': 'Escuela de Ingeniería de Sistemas y computación', 'status': True}","{'id_program': 6, 'full_name': 'Contaduría Publica'}"
1228,REVISORÍA FISCAL,REVISORÍA FISCAL,802089C,03:00:00,False,True,3,8,1,1,26,2,6,REVISORÍA FISCAL,True,,"{'id_university_type_subject': 1, 'type': 'Profesional', 'status': True}","{'id_university_qualification_type': 1, 'description': 'Numerica', 'status': True}","{'id_authorization_program': 26, 'resolution_number': '240-NOC', 'status': True, 'created_at': '2023-08-06 23:16:45', 'updated_at': '2023-08-06 23:16:45', 'id_program': 6, 'id_user': 1}","{'id_university_deparment': 2, 'id_faculty': 7, 'description': 'Escuela de Ingeniería de Sistemas y computación', 'status': True}","{'id_program': 6, 'full_name': 'Contaduría Publica'}"
1229,SEGURIDAD FINAN. Y DECISIONES RESPONSAB.,SEGURIDAD FINAN. Y DECISIONES RESPONSAB.,607010C,03:00:00,False,False,3,9,4,1,18,2,6,SEGURIDAD FINAN. Y DECISIONES RESPONSAB.,True,,"{'id_university_type_subject': 4, 'type': 'Electiva Complementaria', 'status': True}","{'id_university_qualification_type': 1, 'description': 'Numerica', 'status': True}","{'id_authorization_program': 18, 'resolution_number': '240-DIU', 'status': True, 'created_at': '2023-02-15 01:20:45', 'updated_at': '2023-02-15 01:20:45', 'id_program': 6, 'id_user': 1}","{'id_university_deparment': 2, 'id_faculty': 7, 'description': 'Escuela de Ingeniería de Sistemas y computación', 'status': True}","{'id_program': 6, 'full_name': 'Contaduría Publica'}"
1234,Gestión del Cambio Organizacional,Gestión del Cambio Organizacional,801132C,03:00:00,False,False,3,8,1,1,23,2,2,Gestión del Cambio Organizacional,True,,"{'id_university_type_subject': 1, 'type': 'Profesional', 'status': True}","{'id_university_qualification_type': 1, 'description': 'Numerica', 'status': True}","{'id_authorization_program': 23, 'resolution_number': '246-NOC', 'status': True, 'created_at': '2023-08-05 01:03:25', 'updated_at': '2023-08-05 01:03:25', 'id_program': 2, 'id_user': 1}","{'id_university_deparment': 2, 'id_faculty': 7, 'description': 'Escuela de Ingeniería de Sistemas y computación', 'status': True}","{'id_program': 2, 'full_name': 'Administracion de empresas'}"
1230,INTELIGENCIA NEGOCIOS Y ANALÍTICA DATOS,INTELIGENCIA NEGOCIOS Y ANALÍTICA DATOS,801157C,03:00:00,False,False,3,9,1,1,18,2,6,INTELIGENCIA NEGOCIOS Y ANALÍTICA DATOS,True,,"{'id_university_type_subject': 1, 'type': 'Profesional', 'status': True}","{'id_university_qualification_type': 1, 'description': 'Numerica', 'status': True}","{'id_authorization_program': 18, 'resolution_number': '240-DIU', 'status': True, 'created_at': '2023-02-15 01:20:45', 'updated_at': '2023-02-15 01:20:45', 'id_program': 6, 'id_user': 1}","{'id_university_deparment': 2, 'id_faculty': 7, 'description': 'Escuela de Ingeniería de Sistemas y computación', 'status': True}","{'id_program': 6, 'full_name': 'Contaduría Publica'}"
1232,INTELIGENCIA NEGOCIOS Y ANALÍTICA DATOS,INTELIGENCIA NEGOCIOS Y ANALÍTICA DATOS,801157C,03:00:00,False,False,3,9,1,1,18,2,6,INTELIGENCIA NEGOCIOS Y ANALÍTICA DATOS,True,,"{'id_university_type_subject': 1, 'type': 'Profesional', 'status': True}","{'id_university_qualification_type': 1, 'description': 'Numerica', 'status': True}","{'id_authorization_program': 18, 'resolution_number': '240-DIU', 'status': True, 'created_at': '2023-02-15 01:20:45', 'updated_at': '2023-02-15 01:20:45', 'id_program': 6, 'id_user': 1}","{'id_university_deparment': 2, 'id_faculty': 7, 'description': 'Escuela de Ingeniería de Sistemas y computación', 'status': True}","{'id_program': 6, 'full_name': 'Contaduría Publica'}"
1233,CONTABILIDAD DE GESTIÓN,CONTABILIDAD DE GESTIÓN,802053C,03:00:00,False,True,3,9,1,1,18,2,6,CONTABILIDAD DE GESTIÓN,True,,"{'id_university_type_subject': 1, 'type': 'Profesional', 'status': True}","{'id_university_qualification_type': 1, 'description': 'Numerica', 'status': True}","{'id_authorization_program': 18, 'resolution_number': '240-DIU', 'status': True, 'created_at': '2023-02-15 01:20:45', 'updated_at': '2023-02-15 01:20:45', 'id_program': 6, 'id_user': 1}","{'id_university_deparment': 2, 'id_faculty': 7, 'description': 'Escuela de Ingeniería de Sistemas y computación', 'status': True}","{'id_program': 6, 'full_name': 'Contaduría Publica'}"
1231,TALLER DE HABILIDADES GERENCIALES ENFOQUE CONTABLE FINANCIERO,TALLER DE HABILIDADES GERENCIALES ENFOQUE CONTABLE FINANCIERO,802055C,03:00:00,True,True,2,9,1,1,18,2,6,TALLER DE HABILIDADES GERENCIALES ENFOQUE CONTABLE FINANCIERO,True,,"{'id_university_type_subject': 1, 'type': 'Profesional', 'status': True}","{'id_university_qualification_type': 1, 'description': 'Numerica', 'status': True}","{'id_authorization_program': 18, 'resolution_number': '240-DIU', 'status': True, 'created_at': '2023-02-15 01:20:45', 'updated_at': '2023-02-15 01:20:45', 'id_program': 6, 'id_user': 1}","{'id_university_deparment': 2, 'id_faculty': 7, 'description': 'Escuela de Ingeniería de Sistemas y computación', 'status': True}","{'id_program': 6, 'full_name': 'Contaduría Publica'}"
1188,FUNDAMENTOS DE SISTEMAS SOCIOECOLÓGICOS,FUNDAMENTOS DE SISTEMAS SOCIOECOLÓGICOS,730011C,03:00:00,False,True,3,1,2,1,33,2,13,FUNDAMENTOS DE SISTEMAS SOCIOECOLÓGICOS,True,,"{'id_university_type_subject': 2, 'type': 'Basica', 'status': True}","{'id_university_qualification_type': 1, 'description': 'Numerica', 'status': True}","{'id_authorization_program': 33, 'resolution_number': '3150', 'status': True, 'created_at': '2025-08-10 12:51:07', 'updated_at': '2025-08-10 12:51:07', 'id_program': 13, 'id_user': 1}","{'id_university_deparment': 2, 'id_faculty': 7, 'description': 'Escuela de Ingeniería de Sistemas y computación', 'status': True}","{'id_program': 13, 'full_name': 'Agroindustria'}"
1210,FUNDAMENTOS DE SISTEMAS SOCIOECOLÓGICOS,FUNDAMENTOS DE SISTEMAS SOCIOECOLÓGICOS,730011C,03:00:00,False,True,3,6,2,1,20,2,11,FUNDAMENTOS DE SISTEMAS SOCIOECOLÓGICOS,True,,"{'id_university_type_subject': 2, 'type': 'Basica', 'status': True}","{'id_university_qualification_type': 1, 'description': 'Numerica', 'status': True}","{'id_authorization_program': 20, 'resolution_number': '023', 'status': True, 'created_at': '2023-07-30 14:02:40', 'updated_at': '2023-07-30 14:02:40', 'id_program': 11, 'id_user': 1}","{'id_university_deparment': 2, 'id_faculty': 7, 'description': 'Escuela de Ingeniería de Sistemas y computación', 'status': True}","{'id_program': 11, 'full_name': 'Nutricion y dietetica'}"
1237,Planeación Estratégica y Prospectiva,Planeación Estratégica y Prospectiva,801185C,03:00:00,False,False,3,8,1,1,23,2,2,Planeación Estratégica y Prospectiva,True,,"{'id_university_type_subject': 1, 'type': 'Profesional', 'status': True}","{'id_university_qualification_type': 1, 'description': 'Numerica', 'status': True}","{'id_authorization_program': 23, 'resolution_number': '246-NOC', 'status': True, 'created_at': '2023-08-05 01:03:25', 'updated_at': '2023-08-05 01:03:25', 'id_program': 2, 'id_user': 1}","{'id_university_deparment': 2, 'id_faculty': 7, 'description': 'Escuela de Ingeniería de Sistemas y computación', 'status': True}","{'id_program': 2, 'full_name': 'Administracion de empresas'}"
1238,Creación de Empresas,Creación de Empresas,801186C,03:00:00,False,False,3,8,1,1,23,2,2,Creación de Empresas,True,,"{'id_university_type_subject': 1, 'type': 'Profesional', 'status': True}","{'id_university_qualification_type': 1, 'description': 'Numerica', 'status': True}","{'id_authorization_program': 23, 'resolution_number': '246-NOC', 'status': True, 'created_at': '2023-08-05 01:03:25', 'updated_at': '2023-08-05 01:03:25', 'id_program': 2, 'id_user': 1}","{'id_university_deparment': 2, 'id_faculty': 7, 'description': 'Escuela de Ingeniería de Sistemas y computación', 'status': True}","{'id_program': 2, 'full_name': 'Administracion de empresas'}"
1216,DISEÑO Y DESARROLLO NUEVOS PROD. ALIM.,DISEÑO Y DESARROLLO NUEVOS PROD. ALIM.,745030C,03:00:00,True,False,3,8,3,1,7,2,3,DISEÑO Y DESARROLLO NUEVOS PROD. ALIM.,True,,"{'id_university_type_subject': 3, 'type': 'Electiva profesional', 'status': True}","{'id_university_qualification_type': 1, 'description': 'Numerica', 'status': True}","{'id_authorization_program': 7, 'resolution_number': '228', 'status': True, 'created_at': '2023-01-16 14:02:37', 'updated_at': '2023-01-16 14:02:37', 'id_program': 3, 'id_user': 1}","{'id_university_deparment': 2, 'id_faculty': 7, 'description': 'Escuela de Ingeniería de Sistemas y computación', 'status': True}","{'id_program': 3, 'full_name': 'Ingeniería de Alimentos'}"
1239,Finanzas Internacionales y de Nuevos negocios,Finanzas Internacionales y de Nuevos negocios,802079C,03:00:00,False,False,3,8,1,1,23,2,2,Finanzas Internacionales y de Nuevos negocios,True,,"{'id_university_type_subject': 1, 'type': 'Profesional', 'status': True}","{'id_university_qualification_type': 1, 'description': 'Numerica', 'status': True}","{'id_authorization_program': 23, 'resolution_number': '246-NOC', 'status': True, 'created_at': '2023-08-05 01:03:25', 'updated_at': '2023-08-05 01:03:25', 'id_program': 2, 'id_user': 1}","{'id_university_deparment': 2, 'id_faculty': 7, 'description': 'Escuela de Ingeniería de Sistemas y computación', 'status': True}","{'id_program': 2, 'full_name': 'Administracion de empresas'}"
1219,DISEÑO Y DESARROLLO NUEVOS PROD. ALIM.,DISEÑO Y DESARROLLO NUEVOS PROD. ALIM.,745030C,03:00:00,True,False,3,10,3,1,7,2,3,DISEÑO Y DESARROLLO NUEVOS PROD. ALIM.,True,,"{'id_university_type_subject': 3, 'type': 'Electiva profesional', 'status': True}","{'id_university_qualification_type': 1, 'description': 'Numerica', 'status': True}","{'id_authorization_program': 7, 'resolution_number': '228', 'status': True, 'created_at': '2023-01-16 14:02:37', 'updated_at': '2023-01-16 14:02:37', 'id_program': 3, 'id_user': 1}","{'id_university_deparment': 2, 'id_faculty': 7, 'description': 'Escuela de Ingeniería de Sistemas y computación', 'status': True}","{'id_program': 3, 'full_name': 'Ingeniería de Alimentos'}"
1241,DESARROLLO DE SOFTWARE II,DESARROLLO DE SOFTWARE II,750021C,03:00:00,False,True,3,5,1,1,14,2,8,DESARROLLO DE SOFTWARE II,True,,"{'id_university_type_subject': 1, 'type': 'Profesional', 'status': True}","{'id_university_qualification_type': 1, 'description': 'Numerica', 'status': True}","{'id_authorization_program': 14, 'resolution_number': '217-DIU', 'status': True, 'created_at': '2023-01-30 21:30:48', 'updated_at': '2023-01-30 21:30:48', 'id_program': 8, 'id_user': 1}","{'id_university_deparment': 2, 'id_faculty': 7, 'description': 'Escuela de Ingeniería de Sistemas y computación', 'status': True}","{'id_program': 8, 'full_name': 'Tecnología en Desarrollo de Software'}"
1242,CIBERSEGURIDAD,CIBERSEGURIDAD,750024C,03:00:00,False,True,3,5,1,1,14,2,8,CIBERSEGURIDAD,True,,"{'id_university_type_subject': 1, 'type': 'Profesional', 'status': True}","{'id_university_qualification_type': 1, 'description': 'Numerica', 'status': True}","{'id_authorization_program': 14, 'resolution_number': '217-DIU', 'status': True, 'created_at': '2023-01-30 21:30:48', 'updated_at': '2023-01-30 21:30:48', 'id_program': 8, 'id_user': 1}","{'id_university_deparment': 2, 'id_faculty': 7, 'description': 'Escuela de Ingeniería de Sistemas y computación', 'status': True}","{'id_program': 8, 'full_name': 'Tecnología en Desarrollo de Software'}"
1243,TOPOGRAFÍA Y BIM,TOPOGRAFÍA Y BIM,502062C,03:00:00,False,False,3,6,3,1,5,2,4,TOPOGRAFÍA Y BIM,True,,"{'id_university_type_subject': 3, 'type': 'Electiva profesional', 'status': True}","{'id_university_qualification_type': 1, 'description': 'Numerica', 'status': True}","{'id_authorization_program': 5, 'resolution_number': '128', 'status': True, 'created_at': '2023-01-16 13:56:28', 'updated_at': '2023-01-16 13:56:28', 'id_program': 4, 'id_user': 1}","{'id_university_deparment': 2, 'id_faculty': 7, 'description': 'Escuela de Ingeniería de Sistemas y computación', 'status': True}","{'id_program': 4, 'full_name': 'Construccion'}"
1244,ELECTIVA PROFESIONAL: GESTIÓN DE LA CULTURA Y EL CLIMA ORGANIZACIONAL,ELECTIVA PROFESIONAL: GESTIÓN DE LA CULTURA Y EL CLIMA ORGANIZACIONAL,801181C,03:00:00,True,False,3,8,3,1,23,2,2,ELECTIVA PROFESIONAL: GESTIÓN DE LA CULTURA Y EL CLIMA ORGANIZACIONAL,True,,"{'id_university_type_subject': 3, 'type': 'Electiva profesional', 'status': True}","{'id_university_qualification_type': 1, 'description': 'Numerica', 'status': True}","{'id_authorization_program': 23, 'resolution_number': '246-NOC', 'status': True, 'created_at': '2023-08-05 01:03:25', 'updated_at': '2023-08-05 01:03:25', 'id_program': 2, 'id_user': 1}","{'id_university_deparment': 2, 'id_faculty': 7, 'description': 'Escuela de Ingeniería de Sistemas y computación', 'status': True}","{'id_program': 2, 'full_name': 'Administracion de empresas'}"
1250,ELECTIVA PROFESIONAL: GESTIÓN DE LA CULTURA Y EL CLIMA ORGANIZACIONAL,ELECTIVA PROFESIONAL: GESTIÓN DE LA CULTURA Y EL CLIMA ORGANIZACIONAL,801181C,03:00:00,True,False,3,10,3,1,1,2,2,ELECTIVA PROFESIONAL: GESTIÓN DE LA CULTURA Y EL CLIMA ORGANIZACIONAL,True,,"{'id_university_type_subject': 3, 'type': 'Electiva profesional', 'status': True}","{'id_university_qualification_type': 1, 'description': 'Numerica', 'status': True}","{'id_authorization_program': 1, 'resolution_number': '038-NOC', 'status': True, 'created_at': '2023-01-16 13:32:45', 'updated_at': '2023-01-16 13:32:45', 'id_program': 2, 'id_user': 1}","{'id_university_deparment': 2, 'id_faculty': 7, 'description': 'Escuela de Ingeniería de Sistemas y computación', 'status': True}","{'id_program': 2, 'full_name': 'Administracion de empresas'}"
1172,Electiva Componente Artistico Humanistico: Actuación ante cámaras,Electiva Componente Artistico Humanistico: Actuación ante cámaras,504038C,03:00:00,False,False,3,7,1,1,23,2,2,Electiva Componente Artistico Humanistico: Actuación ante cámaras,True,,"{'id_university_type_subject': 1, 'type': 'Profesional', 'status': True}","{'id_university_qualification_type': 1, 'description': 'Numerica', 'status': True}","{'id_authorization_program': 23, 'resolution_number': '246-NOC', 'status': True, 'created_at': '2023-08-05 01:03:25', 'updated_at': '2023-08-05 01:03:25', 'id_program': 2, 'id_user': 1}","{'id_university_deparment': 2, 'id_faculty': 7, 'description': 'Escuela de Ingeniería de Sistemas y computación', 'status': True}","{'id_program': 2, 'full_name': 'Administracion de empresas'}"
1248,ELECTIVA PROFESIONAL: GERENCIA DEL COMERCIO EXTERIOR,ELECTIVA PROFESIONAL: GERENCIA DEL COMERCIO EXTERIOR,801224C,03:00:00,False,False,3,9,3,1,19,2,2,ELECTIVA PROFESIONAL: GERENCIA DEL COMERCIO EXTERIOR,True,,"{'id_university_type_subject': 3, 'type': 'Electiva profesional', 'status': True}","{'id_university_qualification_type': 1, 'description': 'Numerica', 'status': True}","{'id_authorization_program': 19, 'resolution_number': '246-DIU', 'status': True, 'created_at': '2023-02-15 02:05:28', 'updated_at': '2023-02-15 02:05:28', 'id_program': 2, 'id_user': 1}","{'id_university_deparment': 2, 'id_faculty': 7, 'description': 'Escuela de Ingeniería de Sistemas y computación', 'status': True}","{'id_program': 2, 'full_name': 'Administracion de empresas'}"
1247,ELECTIVA PROFESIONAL: MODELOS AVANZADOS DE INNOVACIÓN,ELECTIVA PROFESIONAL: MODELOS AVANZADOS DE INNOVACIÓN,801198C,03:00:00,True,False,3,9,3,1,19,2,2,ELECTIVA PROFESIONAL: MODELOS AVANZADOS DE INNOVACIÓN,True,,"{'id_university_type_subject': 3, 'type': 'Electiva profesional', 'status': True}","{'id_university_qualification_type': 1, 'description': 'Numerica', 'status': True}","{'id_authorization_program': 19, 'resolution_number': '246-DIU', 'status': True, 'created_at': '2023-02-15 02:05:28', 'updated_at': '2023-02-15 02:05:28', 'id_program': 2, 'id_user': 1}","{'id_university_deparment': 2, 'id_faculty': 7, 'description': 'Escuela de Ingeniería de Sistemas y computación', 'status': True}","{'id_program': 2, 'full_name': 'Administracion de empresas'}"
1245,HABILIDADES GERENCIALES Y CARRERA PROFESIONAL,HABILIDADES GERENCIALES Y CARRERA PROFESIONAL,801184C,03:00:00,True,True,2,9,1,1,19,2,2,HABILIDADES GERENCIALES Y CARRERA PROFESIONAL,True,,"{'id_university_type_subject': 1, 'type': 'Profesional', 'status': True}","{'id_university_qualification_type': 1, 'description': 'Numerica', 'status': True}","{'id_authorization_program': 19, 'resolution_number': '246-DIU', 'status': True, 'created_at': '2023-02-15 02:05:28', 'updated_at': '2023-02-15 02:05:28', 'id_program': 2, 'id_user': 1}","{'id_university_deparment': 2, 'id_faculty': 7, 'description': 'Escuela de Ingeniería de Sistemas y computación', 'status': True}","{'id_program': 2, 'full_name': 'Administracion de empresas'}"
1251,Electiva profesional III: Perspectivas Teóricas y Conceptuales en Contaduría Pública,Electiva profesional III: Perspectivas Teóricas y Conceptuales en Contaduría Pública,802094C,03:00:00,False,False,3,9,3,1,18,2,6,Electiva profesional III: Perspectivas Teóricas y Conceptuales en Contaduría Pública,True,,"{'id_university_type_subject': 3, 'type': 'Electiva profesional', 'status': True}","{'id_university_qualification_type': 1, 'description': 'Numerica', 'status': True}","{'id_authorization_program': 18, 'resolution_number': '240-DIU', 'status': True, 'created_at': '2023-02-15 01:20:45', 'updated_at': '2023-02-15 01:20:45', 'id_program': 6, 'id_user': 1}","{'id_university_deparment': 2, 'id_faculty': 7, 'description': 'Escuela de Ingeniería de Sistemas y computación', 'status': True}","{'id_program': 6, 'full_name': 'Contaduría Publica'}"
1236,ÉTICA Y DESARROLLO PROFESIONAL - PACP,ÉTICA Y DESARROLLO PROFESIONAL - PACP,802090C,03:00:00,False,False,3,9,1,1,18,2,6,ÉTICA Y DESARROLLO PROFESIONAL - PACP,True,,"{'id_university_type_subject': 1, 'type': 'Profesional', 'status': True}","{'id_university_qualification_type': 1, 'description': 'Numerica', 'status': True}","{'id_authorization_program': 18, 'resolution_number': '240-DIU', 'status': True, 'created_at': '2023-02-15 01:20:45', 'updated_at': '2023-02-15 01:20:45', 'id_program': 6, 'id_user': 1}","{'id_university_deparment': 2, 'id_faculty': 7, 'description': 'Escuela de Ingeniería de Sistemas y computación', 'status': True}","{'id_program': 6, 'full_name': 'Contaduría Publica'}"
1240,Taller de escritura científica,Taller de escritura científica,801195C,03:00:00,False,False,3,9,1,1,19,2,2,Taller de escritura científica,True,,"{'id_university_type_subject': 1, 'type': 'Profesional', 'status': True}","{'id_university_qualification_type': 1, 'description': 'Numerica', 'status': True}","{'id_authorization_program': 19, 'resolution_number': '246-DIU', 'status': True, 'created_at': '2023-02-15 02:05:28', 'updated_at': '2023-02-15 02:05:28', 'id_program': 2, 'id_user': 1}","{'id_university_deparment': 2, 'id_faculty': 7, 'description': 'Escuela de Ingeniería de Sistemas y computación', 'status': True}","{'id_program': 2, 'full_name': 'Administracion de empresas'}"
1249,GESTIÓN Y CONTROL DE LA CALIDAD,GESTIÓN Y CONTROL DE LA CALIDAD,801234C,03:00:00,True,True,3,9,1,1,19,2,2,GESTIÓN Y CONTROL DE LA CALIDAD,True,,"{'id_university_type_subject': 1, 'type': 'Profesional', 'status': True}","{'id_university_qualification_type': 1, 'description': 'Numerica', 'status': True}","{'id_authorization_program': 19, 'resolution_number': '246-DIU', 'status': True, 'created_at': '2023-02-15 02:05:28', 'updated_at': '2023-02-15 02:05:28', 'id_program': 2, 'id_user': 1}","{'id_university_deparment': 2, 'id_faculty': 7, 'description': 'Escuela de Ingeniería de Sistemas y computación', 'status': True}","{'id_program': 2, 'full_name': 'Administracion de empresas'}"
1246,CONSULTORIO EMPRESARIAL,CONSULTORIO EMPRESARIAL,801194C,03:00:00,False,False,2,9,1,1,19,2,2,CONSULTORIO EMPRESARIAL,True,,"{'id_university_type_subject': 1, 'type': 'Profesional', 'status': True}","{'id_university_qualification_type': 1, 'description': 'Numerica', 'status': True}","{'id_authorization_program': 19, 'resolution_number': '246-DIU', 'status': True, 'created_at': '2023-02-15 02:05:28', 'updated_at': '2023-02-15 02:05:28', 'id_program': 2, 'id_user': 1}","{'id_university_deparment': 2, 'id_faculty': 7, 'description': 'Escuela de Ingeniería de Sistemas y computación', 'status': True}","{'id_program': 2, 'full_name': 'Administracion de empresas'}"
992,HABILIDADES PARA LA VIDA: DESCUB. EL SER,HABILIDADES PARA LA VIDA: DESCUB. EL SER,603032C,03:00:00,False,False,3,2,4,1,19,2,2,HABILIDADES PARA LA VIDA: DESCUB. EL SER,True,,"{'id_university_type_subject': 4, 'type': 'Electiva Complementaria', 'status': True}","{'id_university_qualification_type': 1, 'description': 'Numerica', 'status': True}","{'id_authorization_program': 19, 'resolution_number': '246-DIU', 'status': True, 'created_at': '2023-02-15 02:05:28', 'updated_at': '2023-02-15 02:05:28', 'id_program': 2, 'id_user': 1}","{'id_university_deparment': 2, 'id_faculty': 7, 'description': 'Escuela de Ingeniería de Sistemas y computación', 'status': True}","{'id_program': 2, 'full_name': 'Administracion de empresas'}"
1235,Gestión de Proyectos,Gestión de Proyectos,801183C,03:00:00,False,False,3,8,1,1,23,2,2,Gestión de Proyectos,True,,"{'id_university_type_subject': 1, 'type': 'Profesional', 'status': True}","{'id_university_qualification_type': 1, 'description': 'Numerica', 'status': True}","{'id_authorization_program': 23, 'resolution_number': '246-NOC', 'status': True, 'created_at': '2023-08-05 01:03:25', 'updated_at': '2023-08-05 01:03:25', 'id_program': 2, 'id_user': 1}","{'id_university_deparment': 2, 'id_faculty': 7, 'description': 'Escuela de Ingeniería de Sistemas y computación', 'status': True}","{'id_program': 2, 'full_name': 'Administracion de empresas'}"
68,Fundamentos de Programación Imperativa,Fundamentos de Programación Imperativa,750012C,03:00:00,True,True,3,1,1,1,2,2,1,Fundamentos de Programación Imperativa,False,,"{'id_university_type_subject': 1, 'type': 'Profesional', 'status': True}","{'id_university_qualification_type': 1, 'description': 'Numerica', 'status': True}","{'id_authorization_program': 2, 'resolution_number': '047', 'status': True, 'created_at': '2022-12-17 19:03:33', 'updated_at': '2022-12-17 19:03:33', 'id_program': 1, 'id_user': 1}","{'id_university_deparment': 2, 'id_faculty': 7, 'description': 'Escuela de Ingeniería de Sistemas y computación', 'status': True}","{'id_program': 1, 'full_name': 'Ingeniería de Sistemas'}"
1257,Introducción a la Ingeniería,Introducción a la Ingeniería,750046C,02:00:00,False,False,2,1,2,1,2,2,1,Introducción a la Ingeniería,True,,"{'id_university_type_subject': 2, 'type': 'Basica', 'status': True}","{'id_university_qualification_type': 1, 'description': 'Numerica', 'status': True}","{'id_authorization_program': 2, 'resolution_number': '047', 'status': True, 'created_at': '2022-12-17 19:03:33', 'updated_at': '2022-12-17 19:03:33', 'id_program': 1, 'id_user': 1}","{'id_university_deparment': 2, 'id_faculty': 7, 'description': 'Escuela de Ingeniería de Sistemas y computación', 'status': True}","{'id_program': 1, 'full_name': 'Ingeniería de Sistemas'}"
67,Fundamentos de Programación Imperativa,Fundamentos de Programación Imperativa,750012C,03:00:00,True,True,3,1,1,1,2,2,1,Fundamentos de Programación Imperativa,True,,"{'id_university_type_subject': 1, 'type': 'Profesional', 'status': True}","{'id_university_qualification_type': 1, 'description': 'Numerica', 'status': True}","{'id_authorization_program': 2, 'resolution_number': '047', 'status': True, 'created_at': '2022-12-17 19:03:33', 'updated_at': '2022-12-17 19:03:33', 'id_program': 1, 'id_user': 1}","{'id_university_deparment': 2, 'id_faculty': 7, 'description': 'Escuela de Ingeniería de Sistemas y computación', 'status': True}","{'id_program': 1, 'full_name': 'Ingeniería de Sistemas'}"
738,HABILIDADES PARA LA VIDA: DESCUB. EL SER,HABILIDADES PARA LA VIDA: DESCUB. EL SER,603032C,03:00:00,False,False,3,1,4,1,26,2,6,HABILIDADES PARA LA VIDA: DESCUB. EL SER,True,,"{'id_university_type_subject': 4, 'type': 'Electiva Complementaria', 'status': True}","{'id_university_qualification_type': 1, 'description': 'Numerica', 'status': True}","{'id_authorization_program': 26, 'resolution_number': '240-NOC', 'status': True, 'created_at': '2023-08-06 23:16:45', 'updated_at': '2023-08-06 23:16:45', 'id_program': 6, 'id_user': 1}","{'id_university_deparment': 2, 'id_faculty': 7, 'description': 'Escuela de Ingeniería de Sistemas y computación', 'status': True}","{'id_program': 6, 'full_name': 'Contaduría Publica'}"
1252,HABILIDADES PARA LA VIDA: DESCUB. EL SER,HABILIDADES PARA LA VIDA: DESCUB. EL SER,603032C,03:00:00,False,False,3,10,4,1,7,2,3,HABILIDADES PARA LA VIDA: DESCUB. EL SER,True,,"{'id_university_type_subject': 4, 'type': 'Electiva Complementaria', 'status': True}","{'id_university_qualification_type': 1, 'description': 'Numerica', 'status': True}","{'id_authorization_program': 7, 'resolution_number': '228', 'status': True, 'created_at': '2023-01-16 14:02:37', 'updated_at': '2023-01-16 14:02:37', 'id_program': 3, 'id_user': 1}","{'id_university_deparment': 2, 'id_faculty': 7, 'description': 'Escuela de Ingeniería de Sistemas y computación', 'status': True}","{'id_program': 3, 'full_name': 'Ingeniería de Alimentos'}"
1253,Bases de datos NoSQL,Bases de datos NoSQL,750128M,03:00:00,False,True,3,8,3,1,2,2,1,Bases de datos NoSQL,True,,"{'id_university_type_subject': 3, 'type': 'Electiva profesional', 'status': True}","{'id_university_qualification_type': 1, 'description': 'Numerica', 'status': True}","{'id_authorization_program': 2, 'resolution_number': '047', 'status': True, 'created_at': '2022-12-17 19:03:33', 'updated_at': '2022-12-17 19:03:33', 'id_program': 1, 'id_user': 1}","{'id_university_deparment': 2, 'id_faculty': 7, 'description': 'Escuela de Ingeniería de Sistemas y computación', 'status': True}","{'id_program': 1, 'full_name': 'Ingeniería de Sistemas'}"
1254,NT. A PROCESAM. DIGITAL DE IMÁGENES-E-,NT. A PROCESAM. DIGITAL DE IMÁGENES-E-,750068M,03:00:00,False,True,3,9,3,1,2,2,1,NT. A PROCESAM. DIGITAL DE IMÁGENES-E-,True,,"{'id_university_type_subject': 3, 'type': 'Electiva profesional', 'status': True}","{'id_university_qualification_type': 1, 'description': 'Numerica', 'status': True}","{'id_authorization_program': 2, 'resolution_number': '047', 'status': True, 'created_at': '2022-12-17 19:03:33', 'updated_at': '2022-12-17 19:03:33', 'id_program': 1, 'id_user': 1}","{'id_university_deparment': 2, 'id_faculty': 7, 'description': 'Escuela de Ingeniería de Sistemas y computación', 'status': True}","{'id_program': 1, 'full_name': 'Ingeniería de Sistemas'}"
1255,TÉCNICAS DE PRUEBAS DE SOFTWARE,TÉCNICAS DE PRUEBAS DE SOFTWARE,750105M,03:00:00,False,True,3,9,3,1,2,2,1,TÉCNICAS DE PRUEBAS DE SOFTWARE,True,,"{'id_university_type_subject': 3, 'type': 'Electiva profesional', 'status': True}","{'id_university_qualification_type': 1, 'description': 'Numerica', 'status': True}","{'id_authorization_program': 2, 'resolution_number': '047', 'status': True, 'created_at': '2022-12-17 19:03:33', 'updated_at': '2022-12-17 19:03:33', 'id_program': 1, 'id_user': 1}","{'id_university_deparment': 2, 'id_faculty': 7, 'description': 'Escuela de Ingeniería de Sistemas y computación', 'status': True}","{'id_program': 1, 'full_name': 'Ingeniería de Sistemas'}"
1256,SOFTWARE COMO SERVICIO,SOFTWARE COMO SERVICIO,750125M,03:00:00,False,False,3,10,3,1,2,2,1,SOFTWARE COMO SERVICIO,True,,"{'id_university_type_subject': 3, 'type': 'Electiva profesional', 'status': True}","{'id_university_qualification_type': 1, 'description': 'Numerica', 'status': True}","{'id_authorization_program': 2, 'resolution_number': '047', 'status': True, 'created_at': '2022-12-17 19:03:33', 'updated_at': '2022-12-17 19:03:33', 'id_program': 1, 'id_user': 1}","{'id_university_deparment': 2, 'id_faculty': 7, 'description': 'Escuela de Ingeniería de Sistemas y computación', 'status': True}","{'id_program': 1, 'full_name': 'Ingeniería de Sistemas'}"
1086,HABILIDADES PARA LA VIDA: DESCUB. EL SER,HABILIDADES PARA LA VIDA: DESCUB. EL SER,603032C,03:00:00,False,False,3,2,4,1,23,2,2,HABILIDADES PARA LA VIDA: DESCUB. EL SER,True,,"{'id_university_type_subject': 4, 'type': 'Electiva Complementaria', 'status': True}","{'id_university_qualification_type': 1, 'description': 'Numerica', 'status': True}","{'id_authorization_program': 23, 'resolution_number': '246-NOC', 'status': True, 'created_at': '2023-08-05 01:03:25', 'updated_at': '2023-08-05 01:03:25', 'id_program': 2, 'id_user': 1}","{'id_university_deparment': 2, 'id_faculty': 7, 'description': 'Escuela de Ingeniería de Sistemas y computación', 'status': True}","{'id_program': 2, 'full_name': 'Administracion de empresas'}"
1224,HABILIDADES PARA LA VIDA: DESCUB. EL SER,HABILIDADES PARA LA VIDA: DESCUB. EL SER,603032C,03:00:00,False,False,3,1,4,1,18,2,6,HABILIDADES PARA LA VIDA: DESCUB. EL SER,True,,"{'id_university_type_subject': 4, 'type': 'Electiva Complementaria', 'status': True}","{'id_university_qualification_type': 1, 'description': 'Numerica', 'status': True}","{'id_authorization_program': 18, 'resolution_number': '240-DIU', 'status': True, 'created_at': '2023-02-15 01:20:45', 'updated_at': '2023-02-15 01:20:45', 'id_program': 6, 'id_user': 1}","{'id_university_deparment': 2, 'id_faculty': 7, 'description': 'Escuela de Ingeniería de Sistemas y computación', 'status': True}","{'id_program': 6, 'full_name': 'Contaduría Publica'}"
462,Fundamentos de Programación Imperativa,Fundamentos de Programación Imperativa,750012C,03:00:00,True,True,3,1,1,1,14,2,8,Fundamentos de Programación Imperativa,True,,"{'id_university_type_subject': 1, 'type': 'Profesional', 'status': True}","{'id_university_qualification_type': 1, 'description': 'Numerica', 'status': True}","{'id_authorization_program': 14, 'resolution_number': '217-DIU', 'status': True, 'created_at': '2023-01-30 21:30:48', 'updated_at': '2023-01-30 21:30:48', 'id_program': 8, 'id_user': 1}","{'id_university_deparment': 2, 'id_faculty': 7, 'description': 'Escuela de Ingeniería de Sistemas y computación', 'status': True}","{'id_program': 8, 'full_name': 'Tecnología en Desarrollo de Software'}"
798,Fundamentos de Programación Imperativa,Fundamentos de Programación Imperativa,750012C,03:00:00,True,True,3,1,1,1,29,2,8,Fundamentos de Programación Imperativa,True,,"{'id_university_type_subject': 1, 'type': 'Profesional', 'status': True}","{'id_university_qualification_type': 1, 'description': 'Numerica', 'status': True}","{'id_authorization_program': 29, 'resolution_number': '217-NOC', 'status': True, 'created_at': '2023-08-09 14:20:51', 'updated_at': '2023-08-09 14:20:51', 'id_program': 8, 'id_user': 1}","{'id_university_deparment': 2, 'id_faculty': 7, 'description': 'Escuela de Ingeniería de Sistemas y computación', 'status': True}","{'id_program': 8, 'full_name': 'Tecnología en Desarrollo de Software'}"
1259,Introducción a las tecnologias,Introducción a las tecnologias,750045C,02:59:00,False,False,2,1,2,1,29,2,8,Introducción a las tecnologias,True,,"{'id_university_type_subject': 2, 'type': 'Basica', 'status': True}","{'id_university_qualification_type': 1, 'description': 'Numerica', 'status': True}","{'id_authorization_program': 29, 'resolution_number': '217-NOC', 'status': True, 'created_at': '2023-08-09 14:20:51', 'updated_at': '2023-08-09 14:20:51', 'id_program': 8, 'id_user': 1}","{'id_university_deparment': 2, 'id_faculty': 7, 'description': 'Escuela de Ingeniería de Sistemas y computación', 'status': True}","{'id_program': 8, 'full_name': 'Tecnología en Desarrollo de Software'}"
550,"Principios de Nutrición , Alimentación, Salud","Principios de Nutrición , Alimentación, Salud",605010C,03:00:00,True,True,3,2,1,1,14,2,8,"Principios de Nutrición , Alimentación, Salud",True,,"{'id_university_type_subject': 1, 'type': 'Profesional', 'status': True}","{'id_university_qualification_type': 1, 'description': 'Numerica', 'status': True}","{'id_authorization_program': 14, 'resolution_number': '217-DIU', 'status': True, 'created_at': '2023-01-30 21:30:48', 'updated_at': '2023-01-30 21:30:48', 'id_program': 8, 'id_user': 1}","{'id_university_deparment': 2, 'id_faculty': 7, 'description': 'Escuela de Ingeniería de Sistemas y computación', 'status': True}","{'id_program': 8, 'full_name': 'Tecnología en Desarrollo de Software'}"
703,"Principios de Nutrición , Alimentación, Salud","Principios de Nutrición , Alimentación, Salud",605010C,03:00:00,True,True,3,2,1,1,19,2,2,"Principios de Nutrición , Alimentación, Salud",True,,"{'id_university_type_subject': 1, 'type': 'Profesional', 'status': True}","{'id_university_qualification_type': 1, 'description': 'Numerica', 'status': True}","{'id_authorization_program': 19, 'resolution_number': '246-DIU', 'status': True, 'created_at': '2023-02-15 02:05:28', 'updated_at': '2023-02-15 02:05:28', 'id_program': 2, 'id_user': 1}","{'id_university_deparment': 2, 'id_faculty': 7, 'description': 'Escuela de Ingeniería de Sistemas y computación', 'status': True}","{'id_program': 2, 'full_name': 'Administracion de empresas'}"
811,"Principios de Nutrición , Alimentación, Salud","Principios de Nutrición , Alimentación, Salud",605010C,03:00:00,True,True,3,2,1,1,23,2,2,"Principios de Nutrición , Alimentación, Salud",True,,"{'id_university_type_subject': 1, 'type': 'Profesional', 'status': True}","{'id_university_qualification_type': 1, 'description': 'Numerica', 'status': True}","{'id_authorization_program': 23, 'resolution_number': '246-NOC', 'status': True, 'created_at': '2023-08-05 01:03:25', 'updated_at': '2023-08-05 01:03:25', 'id_program': 2, 'id_user': 1}","{'id_university_deparment': 2, 'id_faculty': 7, 'description': 'Escuela de Ingeniería de Sistemas y computación', 'status': True}","{'id_program': 2, 'full_name': 'Administracion de empresas'}"
902,"Principios de Nutrición , Alimentación, Salud","Principios de Nutrición , Alimentación, Salud",605010C,03:00:00,True,True,3,1,1,1,18,2,6,"Principios de Nutrición , Alimentación, Salud",True,,"{'id_university_type_subject': 1, 'type': 'Profesional', 'status': True}","{'id_university_qualification_type': 1, 'description': 'Numerica', 'status': True}","{'id_authorization_program': 18, 'resolution_number': '240-DIU', 'status': True, 'created_at': '2023-02-15 01:20:45', 'updated_at': '2023-02-15 01:20:45', 'id_program': 6, 'id_user': 1}","{'id_university_deparment': 2, 'id_faculty': 7, 'description': 'Escuela de Ingeniería de Sistemas y computación', 'status': True}","{'id_program': 6, 'full_name': 'Contaduría Publica'}"
1050,"Principios de Nutrición , Alimentación, Salud","Principios de Nutrición , Alimentación, Salud",605010C,03:00:00,True,True,3,4,1,1,20,2,11,"Principios de Nutrición , Alimentación, Salud",True,,"{'id_university_type_subject': 1, 'type': 'Profesional', 'status': True}","{'id_university_qualification_type': 1, 'description': 'Numerica', 'status': True}","{'id_authorization_program': 20, 'resolution_number': '023', 'status': True, 'created_at': '2023-07-30 14:02:40', 'updated_at': '2023-07-30 14:02:40', 'id_program': 11, 'id_user': 1}","{'id_university_deparment': 2, 'id_faculty': 7, 'description': 'Escuela de Ingeniería de Sistemas y computación', 'status': True}","{'id_program': 11, 'full_name': 'Nutricion y dietetica'}"
1137,"Principios de Nutrición , Alimentación, Salud","Principios de Nutrición , Alimentación, Salud",605010C,03:00:00,True,True,3,2,1,1,2,2,1,"Principios de Nutrición , Alimentación, Salud",True,,"{'id_university_type_subject': 1, 'type': 'Profesional', 'status': True}","{'id_university_qualification_type': 1, 'description': 'Numerica', 'status': True}","{'id_authorization_program': 2, 'resolution_number': '047', 'status': True, 'created_at': '2022-12-17 19:03:33', 'updated_at': '2022-12-17 19:03:33', 'id_program': 1, 'id_user': 1}","{'id_university_deparment': 2, 'id_faculty': 7, 'description': 'Escuela de Ingeniería de Sistemas y computación', 'status': True}","{'id_program': 1, 'full_name': 'Ingeniería de Sistemas'}"
1260,Principios de nutrición alimentación y salud,Principios de nutrición alimentación y salud,605010C,03:00:00,False,False,3,5,4,1,29,2,8,Principios de nutrición alimentación y salud,True,,"{'id_university_type_subject': 4, 'type': 'Electiva Complementaria', 'status': True}","{'id_university_qualification_type': 1, 'description': 'Numerica', 'status': True}","{'id_authorization_program': 29, 'resolution_number': '217-NOC', 'status': True, 'created_at': '2023-08-09 14:20:51', 'updated_at': '2023-08-09 14:20:51', 'id_program': 8, 'id_user': 1}","{'id_university_deparment': 2, 'id_faculty': 7, 'description': 'Escuela de Ingeniería de Sistemas y computación', 'status': True}","{'id_program': 8, 'full_name': 'Tecnología en Desarrollo de Software'}"
1261,Calidad de productos de software,Calidad de productos de software,750029C,03:00:00,False,False,3,5,3,1,29,2,8,Calidad de productos de software,True,,"{'id_university_type_subject': 3, 'type': 'Electiva profesional', 'status': True}","{'id_university_qualification_type': 1, 'description': 'Numerica', 'status': True}","{'id_authorization_program': 29, 'resolution_number': '217-NOC', 'status': True, 'created_at': '2023-08-09 14:20:51', 'updated_at': '2023-08-09 14:20:51', 'id_program': 8, 'id_user': 1}","{'id_university_deparment': 2, 'id_faculty': 7, 'description': 'Escuela de Ingeniería de Sistemas y computación', 'status': True}","{'id_program': 8, 'full_name': 'Tecnología en Desarrollo de Software'}"
1262,Taller Tecnologico III,Taller Tecnologico III,710026C,03:00:00,False,False,2,6,1,1,30,2,12,Taller Tecnologico III,True,,"{'id_university_type_subject': 1, 'type': 'Profesional', 'status': True}","{'id_university_qualification_type': 1, 'description': 'Numerica', 'status': True}","{'id_authorization_program': 30, 'resolution_number': '241-Noc', 'status': True, 'created_at': '2024-01-16 21:41:23', 'updated_at': '2024-01-16 21:41:23', 'id_program': 12, 'id_user': 1}","{'id_university_deparment': 2, 'id_faculty': 7, 'description': 'Escuela de Ingeniería de Sistemas y computación', 'status': True}","{'id_program': 12, 'full_name': 'Tecnologia en Electronica Industrial'}"
1263,Fundamentos de Automatización,Fundamentos de Automatización,710032C,03:00:00,False,False,2,6,1,1,30,2,12,Fundamentos de Automatización,True,,"{'id_university_type_subject': 1, 'type': 'Profesional', 'status': True}","{'id_university_qualification_type': 1, 'description': 'Numerica', 'status': True}","{'id_authorization_program': 30, 'resolution_number': '241-Noc', 'status': True, 'created_at': '2024-01-16 21:41:23', 'updated_at': '2024-01-16 21:41:23', 'id_program': 12, 'id_user': 1}","{'id_university_deparment': 2, 'id_faculty': 7, 'description': 'Escuela de Ingeniería de Sistemas y computación', 'status': True}","{'id_program': 12, 'full_name': 'Tecnologia en Electronica Industrial'}"
1264,Redes de comunicación I,Redes de comunicación I,710053C,03:00:00,False,False,3,6,1,1,30,2,12,Redes de comunicación I,True,,"{'id_university_type_subject': 1, 'type': 'Profesional', 'status': True}","{'id_university_qualification_type': 1, 'description': 'Numerica', 'status': True}","{'id_authorization_program': 30, 'resolution_number': '241-Noc', 'status': True, 'created_at': '2024-01-16 21:41:23', 'updated_at': '2024-01-16 21:41:23', 'id_program': 12, 'id_user': 1}","{'id_university_deparment': 2, 'id_faculty': 7, 'description': 'Escuela de Ingeniería de Sistemas y computación', 'status': True}","{'id_program': 12, 'full_name': 'Tecnologia en Electronica Industrial'}"
1265,Electronica Industrial,Electronica Industrial,710055C,04:00:00,True,True,3,6,1,1,30,2,12,Electronica Industrial,True,,"{'id_university_type_subject': 1, 'type': 'Profesional', 'status': True}","{'id_university_qualification_type': 1, 'description': 'Numerica', 'status': True}","{'id_authorization_program': 30, 'resolution_number': '241-Noc', 'status': True, 'created_at': '2024-01-16 21:41:23', 'updated_at': '2024-01-16 21:41:23', 'id_program': 12, 'id_user': 1}","{'id_university_deparment': 2, 'id_faculty': 7, 'description': 'Escuela de Ingeniería de Sistemas y computación', 'status': True}","{'id_program': 12, 'full_name': 'Tecnologia en Electronica Industrial'}"
1266,Controladores Programables,Controladores Programables,710098C,03:00:00,False,False,3,6,1,1,30,2,12,Controladores Programables,True,,"{'id_university_type_subject': 1, 'type': 'Profesional', 'status': True}","{'id_university_qualification_type': 1, 'description': 'Numerica', 'status': True}","{'id_authorization_program': 30, 'resolution_number': '241-Noc', 'status': True, 'created_at': '2024-01-16 21:41:23', 'updated_at': '2024-01-16 21:41:23', 'id_program': 12, 'id_user': 1}","{'id_university_deparment': 2, 'id_faculty': 7, 'description': 'Escuela de Ingeniería de Sistemas y computación', 'status': True}","{'id_program': 12, 'full_name': 'Tecnologia en Electronica Industrial'}"
1128,DEPORTE FORMATIVO,DEPORTE FORMATIVO,404032C,02:00:00,False,True,2,5,2,1,20,2,11,DEPORTE FORMATIVO,True,,"{'id_university_type_subject': 2, 'type': 'Basica', 'status': True}","{'id_university_qualification_type': 1, 'description': 'Numerica', 'status': True}","{'id_authorization_program': 20, 'resolution_number': '023', 'status': True, 'created_at': '2023-07-30 14:02:40', 'updated_at': '2023-07-30 14:02:40', 'id_program': 11, 'id_user': 1}","{'id_university_deparment': 2, 'id_faculty': 7, 'description': 'Escuela de Ingeniería de Sistemas y computación', 'status': True}","{'id_program': 11, 'full_name': 'Nutricion y dietetica'}"
1267,Deporte Formativo,Deporte Formativo,404032C,02:00:00,False,False,3,1,4,1,26,2,6,Deporte Formativo,True,,"{'id_university_type_subject': 4, 'type': 'Electiva Complementaria', 'status': True}","{'id_university_qualification_type': 1, 'description': 'Numerica', 'status': True}","{'id_authorization_program': 26, 'resolution_number': '240-NOC', 'status': True, 'created_at': '2023-08-06 23:16:45', 'updated_at': '2023-08-06 23:16:45', 'id_program': 6, 'id_user': 1}","{'id_university_deparment': 2, 'id_faculty': 7, 'description': 'Escuela de Ingeniería de Sistemas y computación', 'status': True}","{'id_program': 6, 'full_name': 'Contaduría Publica'}"
1268,INTRODUCCIÓN A LAS TECNOLOGÍAS,INTRODUCCIÓN A LAS TECNOLOGÍAS,710113C,02:00:00,False,False,2,1,2,1,30,2,12,INTRODUCCIÓN A LAS TECNOLOGÍAS,True,,"{'id_university_type_subject': 2, 'type': 'Basica', 'status': True}","{'id_university_qualification_type': 1, 'description': 'Numerica', 'status': True}","{'id_authorization_program': 30, 'resolution_number': '241-Noc', 'status': True, 'created_at': '2024-01-16 21:41:23', 'updated_at': '2024-01-16 21:41:23', 'id_program': 12, 'id_user': 1}","{'id_university_deparment': 2, 'id_faculty': 7, 'description': 'Escuela de Ingeniería de Sistemas y computación', 'status': True}","{'id_program': 12, 'full_name': 'Tecnologia en Electronica Industrial'}"
1269,Metodología de la investigación contable,Metodología de la investigación contable,802098C,03:00:00,False,True,3,7,3,1,26,2,6,Metodología de la investigación contable,True,,"{'id_university_type_subject': 3, 'type': 'Electiva profesional', 'status': True}","{'id_university_qualification_type': 1, 'description': 'Numerica', 'status': True}","{'id_authorization_program': 26, 'resolution_number': '240-NOC', 'status': True, 'created_at': '2023-08-06 23:16:45', 'updated_at': '2023-08-06 23:16:45', 'id_program': 6, 'id_user': 1}","{'id_university_deparment': 2, 'id_faculty': 7, 'description': 'Escuela de Ingeniería de Sistemas y computación', 'status': True}","{'id_program': 6, 'full_name': 'Contaduría Publica'}"
968,Ciencias Sociales y Ciudadanía,Ciencias Sociales y Ciudadanía,201002C,03:00:00,True,True,3,4,2,1,18,2,6,Ciencias Sociales y Ciudadanía,True,,"{'id_university_type_subject': 2, 'type': 'Basica', 'status': True}","{'id_university_qualification_type': 1, 'description': 'Numerica', 'status': True}","{'id_authorization_program': 18, 'resolution_number': '240-DIU', 'status': True, 'created_at': '2023-02-15 01:20:45', 'updated_at': '2023-02-15 01:20:45', 'id_program': 6, 'id_user': 1}","{'id_university_deparment': 2, 'id_faculty': 7, 'description': 'Escuela de Ingeniería de Sistemas y computación', 'status': True}","{'id_program': 6, 'full_name': 'Contaduría Publica'}"
1270,Ciencias Sociales y ciudadanias,Ciencias Sociales y ciudadanias,201002C,03:00:00,True,True,3,9,2,1,26,2,6,Ciencias Sociales y ciudadanias,True,,"{'id_university_type_subject': 2, 'type': 'Basica', 'status': True}","{'id_university_qualification_type': 1, 'description': 'Numerica', 'status': True}","{'id_authorization_program': 26, 'resolution_number': '240-NOC', 'status': True, 'created_at': '2023-08-06 23:16:45', 'updated_at': '2023-08-06 23:16:45', 'id_program': 6, 'id_user': 1}","{'id_university_deparment': 2, 'id_faculty': 7, 'description': 'Escuela de Ingeniería de Sistemas y computación', 'status': True}","{'id_program': 6, 'full_name': 'Contaduría Publica'}"
1174,Inteligencia de negocios y analítica de datos para la gestión,Inteligencia de negocios y analítica de datos para la gestión,801157C,03:00:00,False,False,3,7,1,1,23,2,2,Inteligencia de negocios y analítica de datos para la gestión,True,,"{'id_university_type_subject': 1, 'type': 'Profesional', 'status': True}","{'id_university_qualification_type': 1, 'description': 'Numerica', 'status': True}","{'id_authorization_program': 23, 'resolution_number': '246-NOC', 'status': True, 'created_at': '2023-08-05 01:03:25', 'updated_at': '2023-08-05 01:03:25', 'id_program': 2, 'id_user': 1}","{'id_university_deparment': 2, 'id_faculty': 7, 'description': 'Escuela de Ingeniería de Sistemas y computación', 'status': True}","{'id_program': 2, 'full_name': 'Administracion de empresas'}"
1271,Inteligencia de negocios y analítica para la gestión,Inteligencia de negocios y analítica para la gestión,801157C,03:00:00,False,False,3,9,1,1,26,2,6,Inteligencia de negocios y analítica para la gestión,True,,"{'id_university_type_subject': 1, 'type': 'Profesional', 'status': True}","{'id_university_qualification_type': 1, 'description': 'Numerica', 'status': True}","{'id_authorization_program': 26, 'resolution_number': '240-NOC', 'status': True, 'created_at': '2023-08-06 23:16:45', 'updated_at': '2023-08-06 23:16:45', 'id_program': 6, 'id_user': 1}","{'id_university_deparment': 2, 'id_faculty': 7, 'description': 'Escuela de Ingeniería de Sistemas y computación', 'status': True}","{'id_program': 6, 'full_name': 'Contaduría Publica'}"
1272,Contabilidad de gestión,Contabilidad de gestión,802053C,03:00:00,False,True,3,9,1,1,26,2,6,Contabilidad de gestión,True,,"{'id_university_type_subject': 1, 'type': 'Profesional', 'status': True}","{'id_university_qualification_type': 1, 'description': 'Numerica', 'status': True}","{'id_authorization_program': 26, 'resolution_number': '240-NOC', 'status': True, 'created_at': '2023-08-06 23:16:45', 'updated_at': '2023-08-06 23:16:45', 'id_program': 6, 'id_user': 1}","{'id_university_deparment': 2, 'id_faculty': 7, 'description': 'Escuela de Ingeniería de Sistemas y computación', 'status': True}","{'id_program': 6, 'full_name': 'Contaduría Publica'}"
1273,Taller de habilidades gerenciales enfoque contable financiero,Taller de habilidades gerenciales enfoque contable financiero,802055C,03:00:00,True,True,2,9,1,1,26,2,6,Taller de habilidades gerenciales enfoque contable financiero,True,,"{'id_university_type_subject': 1, 'type': 'Profesional', 'status': True}","{'id_university_qualification_type': 1, 'description': 'Numerica', 'status': True}","{'id_authorization_program': 26, 'resolution_number': '240-NOC', 'status': True, 'created_at': '2023-08-06 23:16:45', 'updated_at': '2023-08-06 23:16:45', 'id_program': 6, 'id_user': 1}","{'id_university_deparment': 2, 'id_faculty': 7, 'description': 'Escuela de Ingeniería de Sistemas y computación', 'status': True}","{'id_program': 6, 'full_name': 'Contaduría Publica'}"
1274,Perspectivas teóricas y conceptuales en contaduría pública,Perspectivas teóricas y conceptuales en contaduría pública,802094C,03:00:00,False,False,3,9,3,1,26,2,6,Perspectivas teóricas y conceptuales en contaduría pública,True,,"{'id_university_type_subject': 3, 'type': 'Electiva profesional', 'status': True}","{'id_university_qualification_type': 1, 'description': 'Numerica', 'status': True}","{'id_authorization_program': 26, 'resolution_number': '240-NOC', 'status': True, 'created_at': '2023-08-06 23:16:45', 'updated_at': '2023-08-06 23:16:45', 'id_program': 6, 'id_user': 1}","{'id_university_deparment': 2, 'id_faculty': 7, 'description': 'Escuela de Ingeniería de Sistemas y computación', 'status': True}","{'id_program': 6, 'full_name': 'Contaduría Publica'}"
1195,HABILIDADES PARA LA VIDA: DESCUB. EL SER,HABILIDADES PARA LA VIDA: DESCUB. EL SER,603032C,03:00:00,False,False,3,3,4,1,6,2,5,HABILIDADES PARA LA VIDA: DESCUB. EL SER,True,,"{'id_university_type_subject': 4, 'type': 'Electiva Complementaria', 'status': True}","{'id_university_qualification_type': 1, 'description': 'Numerica', 'status': True}","{'id_authorization_program': 6, 'resolution_number': '011', 'status': True, 'created_at': '2023-01-16 13:57:22', 'updated_at': '2023-01-16 13:57:22', 'id_program': 5, 'id_user': 1}","{'id_university_deparment': 2, 'id_faculty': 7, 'description': 'Escuela de Ingeniería de Sistemas y computación', 'status': True}","{'id_program': 5, 'full_name': 'Trabajo social'}"
1275,Ética y desarrollo profesional,Ética y desarrollo profesional,802090C,03:00:00,False,False,3,9,1,1,26,2,6,Ética y desarrollo profesional,True,,"{'id_university_type_subject': 1, 'type': 'Profesional', 'status': True}","{'id_university_qualification_type': 1, 'description': 'Numerica', 'status': True}","{'id_authorization_program': 26, 'resolution_number': '240-NOC', 'status': True, 'created_at': '2023-08-06 23:16:45', 'updated_at': '2023-08-06 23:16:45', 'id_program': 6, 'id_user': 1}","{'id_university_deparment': 2, 'id_faculty': 7, 'description': 'Escuela de Ingeniería de Sistemas y computación', 'status': True}","{'id_program': 6, 'full_name': 'Contaduría Publica'}"
1276,Habilidades Gerenciales y carrera profesional,Habilidades Gerenciales y carrera profesional,801184C,03:00:00,True,True,2,9,1,1,23,2,2,Habilidades Gerenciales y carrera profesional,True,,"{'id_university_type_subject': 1, 'type': 'Profesional', 'status': True}","{'id_university_qualification_type': 1, 'description': 'Numerica', 'status': True}","{'id_authorization_program': 23, 'resolution_number': '246-NOC', 'status': True, 'created_at': '2023-08-05 01:03:25', 'updated_at': '2023-08-05 01:03:25', 'id_program': 2, 'id_user': 1}","{'id_university_deparment': 2, 'id_faculty': 7, 'description': 'Escuela de Ingeniería de Sistemas y computación', 'status': True}","{'id_program': 2, 'full_name': 'Administracion de empresas'}"
1163,Taller de escritura científica,Taller de escritura científica,801195C,03:00:00,False,False,3,8,1,1,18,2,6,Taller de escritura científica,True,,"{'id_university_type_subject': 1, 'type': 'Profesional', 'status': True}","{'id_university_qualification_type': 1, 'description': 'Numerica', 'status': True}","{'id_authorization_program': 18, 'resolution_number': '240-DIU', 'status': True, 'created_at': '2023-02-15 01:20:45', 'updated_at': '2023-02-15 01:20:45', 'id_program': 6, 'id_user': 1}","{'id_university_deparment': 2, 'id_faculty': 7, 'description': 'Escuela de Ingeniería de Sistemas y computación', 'status': True}","{'id_program': 6, 'full_name': 'Contaduría Publica'}"
1278,Taller de escritura cientifica,Taller de escritura cientifica,801195C,03:00:00,False,False,3,9,1,1,23,2,2,Taller de escritura cientifica,True,,"{'id_university_type_subject': 1, 'type': 'Profesional', 'status': True}","{'id_university_qualification_type': 1, 'description': 'Numerica', 'status': True}","{'id_authorization_program': 23, 'resolution_number': '246-NOC', 'status': True, 'created_at': '2023-08-05 01:03:25', 'updated_at': '2023-08-05 01:03:25', 'id_program': 2, 'id_user': 1}","{'id_university_deparment': 2, 'id_faculty': 7, 'description': 'Escuela de Ingeniería de Sistemas y computación', 'status': True}","{'id_program': 2, 'full_name': 'Administracion de empresas'}"
1279,Gestión y control de la calidad,Gestión y control de la calidad,801234C,03:00:00,True,True,3,9,1,1,23,2,2,Gestión y control de la calidad,True,,"{'id_university_type_subject': 1, 'type': 'Profesional', 'status': True}","{'id_university_qualification_type': 1, 'description': 'Numerica', 'status': True}","{'id_authorization_program': 23, 'resolution_number': '246-NOC', 'status': True, 'created_at': '2023-08-05 01:03:25', 'updated_at': '2023-08-05 01:03:25', 'id_program': 2, 'id_user': 1}","{'id_university_deparment': 2, 'id_faculty': 7, 'description': 'Escuela de Ingeniería de Sistemas y computación', 'status': True}","{'id_program': 2, 'full_name': 'Administracion de empresas'}"
1286,Electiva Profesional V Sistematización de experiencias,Electiva Profesional V Sistematización de experiencias,801188C,03:00:00,False,False,3,10,3,1,19,2,2,Electiva Profesional V Sistematización de experiencias,True,,"{'id_university_type_subject': 3, 'type': 'Electiva profesional', 'status': True}","{'id_university_qualification_type': 1, 'description': 'Numerica', 'status': True}","{'id_authorization_program': 19, 'resolution_number': '246-DIU', 'status': True, 'created_at': '2023-02-15 02:05:28', 'updated_at': '2023-02-15 02:05:28', 'id_program': 2, 'id_user': 1}","{'id_university_deparment': 2, 'id_faculty': 7, 'description': 'Escuela de Ingeniería de Sistemas y computación', 'status': True}","{'id_program': 2, 'full_name': 'Administracion de empresas'}"
1126,Genero pluralidad y diversidades,Genero pluralidad y diversidades,304035C,03:00:00,False,False,3,3,4,1,20,2,11,Genero pluralidad y diversidades,True,,"{'id_university_type_subject': 4, 'type': 'Electiva Complementaria', 'status': True}","{'id_university_qualification_type': 1, 'description': 'Numerica', 'status': True}","{'id_authorization_program': 20, 'resolution_number': '023', 'status': True, 'created_at': '2023-07-30 14:02:40', 'updated_at': '2023-07-30 14:02:40', 'id_program': 11, 'id_user': 1}","{'id_university_deparment': 2, 'id_faculty': 7, 'description': 'Escuela de Ingeniería de Sistemas y computación', 'status': True}","{'id_program': 11, 'full_name': 'Nutricion y dietetica'}"
1283,Desarrollo de clientes,Desarrollo de clientes,507101C,03:00:00,False,False,3,10,4,1,18,2,6,Desarrollo de clientes,True,,"{'id_university_type_subject': 4, 'type': 'Electiva Complementaria', 'status': True}","{'id_university_qualification_type': 1, 'description': 'Numerica', 'status': True}","{'id_authorization_program': 18, 'resolution_number': '240-DIU', 'status': True, 'created_at': '2023-02-15 01:20:45', 'updated_at': '2023-02-15 01:20:45', 'id_program': 6, 'id_user': 1}","{'id_university_deparment': 2, 'id_faculty': 7, 'description': 'Escuela de Ingeniería de Sistemas y computación', 'status': True}","{'id_program': 6, 'full_name': 'Contaduría Publica'}"
1277,Consultorio empresarial,Consultorio empresarial,801194C,03:00:00,False,False,2,9,1,1,23,2,2,Consultorio empresarial,True,,"{'id_university_type_subject': 1, 'type': 'Profesional', 'status': True}","{'id_university_qualification_type': 1, 'description': 'Numerica', 'status': True}","{'id_authorization_program': 23, 'resolution_number': '246-NOC', 'status': True, 'created_at': '2023-08-05 01:03:25', 'updated_at': '2023-08-05 01:03:25', 'id_program': 2, 'id_user': 1}","{'id_university_deparment': 2, 'id_faculty': 7, 'description': 'Escuela de Ingeniería de Sistemas y computación', 'status': True}","{'id_program': 2, 'full_name': 'Administracion de empresas'}"
1284,Consultorio empresarial,Consultorio empresarial,801194C,03:00:00,False,False,2,10,1,1,18,2,6,Consultorio empresarial,True,,"{'id_university_type_subject': 1, 'type': 'Profesional', 'status': True}","{'id_university_qualification_type': 1, 'description': 'Numerica', 'status': True}","{'id_authorization_program': 18, 'resolution_number': '240-DIU', 'status': True, 'created_at': '2023-02-15 01:20:45', 'updated_at': '2023-02-15 01:20:45', 'id_program': 6, 'id_user': 1}","{'id_university_deparment': 2, 'id_faculty': 7, 'description': 'Escuela de Ingeniería de Sistemas y computación', 'status': True}","{'id_program': 6, 'full_name': 'Contaduría Publica'}"
1285,Gestión basada en el valor,Gestión basada en el valor,802037C,03:00:00,True,False,3,10,3,1,18,2,6,Gestión basada en el valor,True,,"{'id_university_type_subject': 3, 'type': 'Electiva profesional', 'status': True}","{'id_university_qualification_type': 1, 'description': 'Numerica', 'status': True}","{'id_authorization_program': 18, 'resolution_number': '240-DIU', 'status': True, 'created_at': '2023-02-15 01:20:45', 'updated_at': '2023-02-15 01:20:45', 'id_program': 6, 'id_user': 1}","{'id_university_deparment': 2, 'id_faculty': 7, 'description': 'Escuela de Ingeniería de Sistemas y computación', 'status': True}","{'id_program': 6, 'full_name': 'Contaduría Publica'}"
1281,Electiva profesional III Criptoactivos y modelos de negocio en la era digital,Electiva profesional III Criptoactivos y modelos de negocio en la era digital,802080C,03:00:00,True,True,3,9,3,1,23,2,2,Electiva profesional III Criptoactivos y modelos de negocio en la era digital,True,,"{'id_university_type_subject': 3, 'type': 'Electiva profesional', 'status': True}","{'id_university_qualification_type': 1, 'description': 'Numerica', 'status': True}","{'id_authorization_program': 23, 'resolution_number': '246-NOC', 'status': True, 'created_at': '2023-08-05 01:03:25', 'updated_at': '2023-08-05 01:03:25', 'id_program': 2, 'id_user': 1}","{'id_university_deparment': 2, 'id_faculty': 7, 'description': 'Escuela de Ingeniería de Sistemas y computación', 'status': True}","{'id_program': 2, 'full_name': 'Administracion de empresas'}"
1292,QUIMICA ORGÁNICA GENERAL,QUIMICA ORGÁNICA GENERAL,116011C,05:00:00,True,True,3,3,2,1,33,2,13,QUIMICA ORGÁNICA GENERAL,True,,"{'id_university_type_subject': 2, 'type': 'Basica', 'status': True}","{'id_university_qualification_type': 1, 'description': 'Numerica', 'status': True}","{'id_authorization_program': 33, 'resolution_number': '3150', 'status': True, 'created_at': '2025-08-10 12:51:07', 'updated_at': '2025-08-10 12:51:07', 'id_program': 13, 'id_user': 1}","{'id_university_deparment': 2, 'id_faculty': 7, 'description': 'Escuela de Ingeniería de Sistemas y computación', 'status': True}","{'id_program': 13, 'full_name': 'Agroindustria'}"
1291,DISEÑO DE EXPERIMENTOS,DISEÑO DE EXPERIMENTOS,106059C,04:00:00,True,True,3,3,2,1,33,2,13,DISEÑO DE EXPERIMENTOS,True,,"{'id_university_type_subject': 2, 'type': 'Basica', 'status': True}","{'id_university_qualification_type': 1, 'description': 'Numerica', 'status': True}","{'id_authorization_program': 33, 'resolution_number': '3150', 'status': True, 'created_at': '2025-08-10 12:51:07', 'updated_at': '2025-08-10 12:51:07', 'id_program': 13, 'id_user': 1}","{'id_university_deparment': 2, 'id_faculty': 7, 'description': 'Escuela de Ingeniería de Sistemas y computación', 'status': True}","{'id_program': 13, 'full_name': 'Agroindustria'}"
1293,FUNDAMENTOS DE SISTEMAS SOCIOECOLÓGICOS,FUNDAMENTOS DE SISTEMAS SOCIOECOLÓGICOS,730011C,03:00:00,True,False,3,1,2,1,33,2,13,FUNDAMENTOS DE SISTEMAS SOCIOECOLÓGICOS,True,,"{'id_university_type_subject': 2, 'type': 'Basica', 'status': True}","{'id_university_qualification_type': 1, 'description': 'Numerica', 'status': True}","{'id_authorization_program': 33, 'resolution_number': '3150', 'status': True, 'created_at': '2025-08-10 12:51:07', 'updated_at': '2025-08-10 12:51:07', 'id_program': 13, 'id_user': 1}","{'id_university_deparment': 2, 'id_faculty': 7, 'description': 'Escuela de Ingeniería de Sistemas y computación', 'status': True}","{'id_program': 13, 'full_name': 'Agroindustria'}"
1290,FISICA AMBIENTAL-AGROINDUSTRIA,FISICA AMBIENTAL-AGROINDUSTRIA,106058C,07:00:00,False,False,4,3,2,1,33,2,13,FISICA AMBIENTAL-AGROINDUSTRIA,True,,"{'id_university_type_subject': 2, 'type': 'Basica', 'status': True}","{'id_university_qualification_type': 1, 'description': 'Numerica', 'status': True}","{'id_authorization_program': 33, 'resolution_number': '3150', 'status': True, 'created_at': '2025-08-10 12:51:07', 'updated_at': '2025-08-10 12:51:07', 'id_program': 13, 'id_user': 1}","{'id_university_deparment': 2, 'id_faculty': 7, 'description': 'Escuela de Ingeniería de Sistemas y computación', 'status': True}","{'id_program': 13, 'full_name': 'Agroindustria'}"
1282,Genero pluralidad y diversidades,Genero pluralidad y diversidades,304035C,03:00:00,False,False,3,4,4,1,18,2,6,Genero pluralidad y diversidades,True,,"{'id_university_type_subject': 4, 'type': 'Electiva Complementaria', 'status': True}","{'id_university_qualification_type': 1, 'description': 'Numerica', 'status': True}","{'id_authorization_program': 18, 'resolution_number': '240-DIU', 'status': True, 'created_at': '2023-02-15 01:20:45', 'updated_at': '2023-02-15 01:20:45', 'id_program': 6, 'id_user': 1}","{'id_university_deparment': 2, 'id_faculty': 7, 'description': 'Escuela de Ingeniería de Sistemas y computación', 'status': True}","{'id_program': 6, 'full_name': 'Contaduría Publica'}"
1288,MICROBIOLOGÍA GENERAL,MICROBIOLOGÍA GENERAL,102047C,03:00:00,True,True,3,3,1,1,33,2,13,MICROBIOLOGÍA GENERAL,True,,"{'id_university_type_subject': 1, 'type': 'Profesional', 'status': True}","{'id_university_qualification_type': 1, 'description': 'Numerica', 'status': True}","{'id_authorization_program': 33, 'resolution_number': '3150', 'status': True, 'created_at': '2025-08-10 12:51:07', 'updated_at': '2025-08-10 12:51:07', 'id_program': 13, 'id_user': 1}","{'id_university_deparment': 2, 'id_faculty': 7, 'description': 'Escuela de Ingeniería de Sistemas y computación', 'status': True}","{'id_program': 13, 'full_name': 'Agroindustria'}"
1287,Electiva Profesional  Gerencia comercial,Electiva Profesional  Gerencia comercial,801237C,03:00:00,True,False,3,10,3,1,19,2,2,Electiva Profesional  Gerencia comercial,True,,"{'id_university_type_subject': 3, 'type': 'Electiva profesional', 'status': True}","{'id_university_qualification_type': 1, 'description': 'Numerica', 'status': True}","{'id_authorization_program': 19, 'resolution_number': '246-DIU', 'status': True, 'created_at': '2023-02-15 02:05:28', 'updated_at': '2023-02-15 02:05:28', 'id_program': 2, 'id_user': 1}","{'id_university_deparment': 2, 'id_faculty': 7, 'description': 'Escuela de Ingeniería de Sistemas y computación', 'status': True}","{'id_program': 2, 'full_name': 'Administracion de empresas'}"
1280,Electiva Profesional  Gerencia comercial,Electiva Profesional  Gerencia comercial,801237C,03:00:00,True,False,3,9,3,1,23,2,2,Electiva Profesional  Gerencia comercial,True,,"{'id_university_type_subject': 3, 'type': 'Electiva profesional', 'status': True}","{'id_university_qualification_type': 1, 'description': 'Numerica', 'status': True}","{'id_authorization_program': 23, 'resolution_number': '246-NOC', 'status': True, 'created_at': '2023-08-05 01:03:25', 'updated_at': '2023-08-05 01:03:25', 'id_program': 2, 'id_user': 1}","{'id_university_deparment': 2, 'id_faculty': 7, 'description': 'Escuela de Ingeniería de Sistemas y computación', 'status': True}","{'id_program': 2, 'full_name': 'Administracion de empresas'}"
1289,CIENCIA DEL SUELO,CIENCIA DEL SUELO,102122C,05:00:00,True,False,3,3,1,1,33,2,13,CIENCIA DEL SUELO,True,,"{'id_university_type_subject': 1, 'type': 'Profesional', 'status': True}","{'id_university_qualification_type': 1, 'description': 'Numerica', 'status': True}","{'id_authorization_program': 33, 'resolution_number': '3150', 'status': True, 'created_at': '2025-08-10 12:51:07', 'updated_at': '2025-08-10 12:51:07', 'id_program': 13, 'id_user': 1}","{'id_university_deparment': 2, 'id_faculty': 7, 'description': 'Escuela de Ingeniería de Sistemas y computación', 'status': True}","{'id_program': 13, 'full_name': 'Agroindustria'}"
526,Inglés con fines generales y académicos II,Inglés con fines generales y académicos II,204026C,04:00:00,True,True,3,3,1,1,5,2,4,Inglés con fines generales y académicos II,True,,"{'id_university_type_subject': 1, 'type': 'Profesional', 'status': True}","{'id_university_qualification_type': 1, 'description': 'Numerica', 'status': True}","{'id_authorization_program': 5, 'resolution_number': '128', 'status': True, 'created_at': '2023-01-16 13:56:28', 'updated_at': '2023-01-16 13:56:28', 'id_program': 4, 'id_user': 1}","{'id_university_deparment': 2, 'id_faculty': 7, 'description': 'Escuela de Ingeniería de Sistemas y computación', 'status': True}","{'id_program': 4, 'full_name': 'Construccion'}"
618,Inglés con fines generales y académicos II,Inglés con fines generales y académicos II,204026C,04:00:00,True,True,3,4,1,1,7,2,3,Inglés con fines generales y académicos II,True,,"{'id_university_type_subject': 1, 'type': 'Profesional', 'status': True}","{'id_university_qualification_type': 1, 'description': 'Numerica', 'status': True}","{'id_authorization_program': 7, 'resolution_number': '228', 'status': True, 'created_at': '2023-01-16 14:02:37', 'updated_at': '2023-01-16 14:02:37', 'id_program': 3, 'id_user': 1}","{'id_university_deparment': 2, 'id_faculty': 7, 'description': 'Escuela de Ingeniería de Sistemas y computación', 'status': True}","{'id_program': 3, 'full_name': 'Ingeniería de Alimentos'}"
1294,Inglés con fines generales y académicos II,Inglés con fines generales y académicos II,204026C,04:00:00,True,True,3,3,1,1,33,2,13,Inglés con fines generales y académicos II,True,,"{'id_university_type_subject': 1, 'type': 'Profesional', 'status': True}","{'id_university_qualification_type': 1, 'description': 'Numerica', 'status': True}","{'id_authorization_program': 33, 'resolution_number': '3150', 'status': True, 'created_at': '2025-08-10 12:51:07', 'updated_at': '2025-08-10 12:51:07', 'id_program': 13, 'id_user': 1}","{'id_university_deparment': 2, 'id_faculty': 7, 'description': 'Escuela de Ingeniería de Sistemas y computación', 'status': True}","{'id_program': 13, 'full_name': 'Agroindustria'}"
843,Inglés con fines generales y académicos II,Inglés con fines generales y académicos II,204026C,04:00:00,True,True,3,4,1,1,29,2,8,Inglés con fines generales y académicos II,True,,"{'id_university_type_subject': 1, 'type': 'Profesional', 'status': True}","{'id_university_qualification_type': 1, 'description': 'Numerica', 'status': True}","{'id_authorization_program': 29, 'resolution_number': '217-NOC', 'status': True, 'created_at': '2023-08-09 14:20:51', 'updated_at': '2023-08-09 14:20:51', 'id_program': 8, 'id_user': 1}","{'id_university_deparment': 2, 'id_faculty': 7, 'description': 'Escuela de Ingeniería de Sistemas y computación', 'status': True}","{'id_program': 8, 'full_name': 'Tecnología en Desarrollo de Software'}"
886,Inglés con fines generales y académicos II,Inglés con fines generales y académicos II,204026C,04:00:00,True,True,3,4,1,1,7,2,8,Inglés con fines generales y académicos II,True,,"{'id_university_type_subject': 1, 'type': 'Profesional', 'status': True}","{'id_university_qualification_type': 1, 'description': 'Numerica', 'status': True}","{'id_authorization_program': 7, 'resolution_number': '228', 'status': True, 'created_at': '2023-01-16 14:02:37', 'updated_at': '2023-01-16 14:02:37', 'id_program': 3, 'id_user': 1}","{'id_university_deparment': 2, 'id_faculty': 7, 'description': 'Escuela de Ingeniería de Sistemas y computación', 'status': True}","{'id_program': 8, 'full_name': 'Tecnología en Desarrollo de Software'}"
828,Inglés con fines generales y académicos II,Inglés con fines generales y académicos II,204026C,04:00:00,True,True,3,4,1,1,26,2,8,Inglés con fines generales y académicos II,True,,"{'id_university_type_subject': 1, 'type': 'Profesional', 'status': True}","{'id_university_qualification_type': 1, 'description': 'Numerica', 'status': True}","{'id_authorization_program': 26, 'resolution_number': '240-NOC', 'status': True, 'created_at': '2023-08-06 23:16:45', 'updated_at': '2023-08-06 23:16:45', 'id_program': 6, 'id_user': 1}","{'id_university_deparment': 2, 'id_faculty': 7, 'description': 'Escuela de Ingeniería de Sistemas y computación', 'status': True}","{'id_program': 8, 'full_name': 'Tecnología en Desarrollo de Software'}"
739,Inglés con fines generales y académicos II,Inglés con fines generales y académicos II,204026C,04:00:00,True,True,3,4,1,1,18,2,6,Inglés con fines generales y académicos II,True,,"{'id_university_type_subject': 1, 'type': 'Profesional', 'status': True}","{'id_university_qualification_type': 1, 'description': 'Numerica', 'status': True}","{'id_authorization_program': 18, 'resolution_number': '240-DIU', 'status': True, 'created_at': '2023-02-15 01:20:45', 'updated_at': '2023-02-15 01:20:45', 'id_program': 6, 'id_user': 1}","{'id_university_deparment': 2, 'id_faculty': 7, 'description': 'Escuela de Ingeniería de Sistemas y computación', 'status': True}","{'id_program': 6, 'full_name': 'Contaduría Publica'}"
940,Inglés con fines generales y académicos II,Inglés con fines generales y académicos II,204026C,04:00:00,True,True,3,4,1,1,14,2,8,Inglés con fines generales y académicos II,True,,"{'id_university_type_subject': 1, 'type': 'Profesional', 'status': True}","{'id_university_qualification_type': 1, 'description': 'Numerica', 'status': True}","{'id_authorization_program': 14, 'resolution_number': '217-DIU', 'status': True, 'created_at': '2023-01-30 21:30:48', 'updated_at': '2023-01-30 21:30:48', 'id_program': 8, 'id_user': 1}","{'id_university_deparment': 2, 'id_faculty': 7, 'description': 'Escuela de Ingeniería de Sistemas y computación', 'status': True}","{'id_program': 8, 'full_name': 'Tecnología en Desarrollo de Software'}"
817,Inglés con fines generales y académicos II,Inglés con fines generales y académicos II,204026C,04:00:00,True,True,3,4,1,1,23,2,8,Inglés con fines generales y académicos II,True,,"{'id_university_type_subject': 1, 'type': 'Profesional', 'status': True}","{'id_university_qualification_type': 1, 'description': 'Numerica', 'status': True}","{'id_authorization_program': 23, 'resolution_number': '246-NOC', 'status': True, 'created_at': '2023-08-05 01:03:25', 'updated_at': '2023-08-05 01:03:25', 'id_program': 2, 'id_user': 1}","{'id_university_deparment': 2, 'id_faculty': 7, 'description': 'Escuela de Ingeniería de Sistemas y computación', 'status': True}","{'id_program': 8, 'full_name': 'Tecnología en Desarrollo de Software'}"
1295,DISEÑO TECNOLOGICO,DISEÑO TECNOLOGICO,502044C,03:00:00,False,False,3,9,1,1,5,2,4,DISEÑO TECNOLOGICO,True,,"{'id_university_type_subject': 1, 'type': 'Profesional', 'status': True}","{'id_university_qualification_type': 1, 'description': 'Numerica', 'status': True}","{'id_authorization_program': 5, 'resolution_number': '128', 'status': True, 'created_at': '2023-01-16 13:56:28', 'updated_at': '2023-01-16 13:56:28', 'id_program': 4, 'id_user': 1}","{'id_university_deparment': 2, 'id_faculty': 7, 'description': 'Escuela de Ingeniería de Sistemas y computación', 'status': True}","{'id_program': 4, 'full_name': 'Construccion'}"
1296,FORMULACIÓN Y EVALUCIÓN DE PROYECTOS,FORMULACIÓN Y EVALUCIÓN DE PROYECTOS,502045C,03:00:00,False,False,2,9,1,1,5,2,4,FORMULACIÓN Y EVALUCIÓN DE PROYECTOS,True,,"{'id_university_type_subject': 1, 'type': 'Profesional', 'status': True}","{'id_university_qualification_type': 1, 'description': 'Numerica', 'status': True}","{'id_authorization_program': 5, 'resolution_number': '128', 'status': True, 'created_at': '2023-01-16 13:56:28', 'updated_at': '2023-01-16 13:56:28', 'id_program': 4, 'id_user': 1}","{'id_university_deparment': 2, 'id_faculty': 7, 'description': 'Escuela de Ingeniería de Sistemas y computación', 'status': True}","{'id_program': 4, 'full_name': 'Construccion'}"
1297,CALIDAD EN LOS PROCESOS,CALIDAD EN LOS PROCESOS,502052C,03:00:00,False,False,3,9,3,1,5,2,4,CALIDAD EN LOS PROCESOS,True,,"{'id_university_type_subject': 3, 'type': 'Electiva profesional', 'status': True}","{'id_university_qualification_type': 1, 'description': 'Numerica', 'status': True}","{'id_authorization_program': 5, 'resolution_number': '128', 'status': True, 'created_at': '2023-01-16 13:56:28', 'updated_at': '2023-01-16 13:56:28', 'id_program': 4, 'id_user': 1}","{'id_university_deparment': 2, 'id_faculty': 7, 'description': 'Escuela de Ingeniería de Sistemas y computación', 'status': True}","{'id_program': 4, 'full_name': 'Construccion'}"
1298,INTERVENTORÍA Y SUPERVISIÓN TÉCNICA DE OBRA,INTERVENTORÍA Y SUPERVISIÓN TÉCNICA DE OBRA,502063C,03:00:00,False,False,3,9,3,1,5,2,4,INTERVENTORÍA Y SUPERVISIÓN TÉCNICA DE OBRA,True,,"{'id_university_type_subject': 3, 'type': 'Electiva profesional', 'status': True}","{'id_university_qualification_type': 1, 'description': 'Numerica', 'status': True}","{'id_authorization_program': 5, 'resolution_number': '128', 'status': True, 'created_at': '2023-01-16 13:56:28', 'updated_at': '2023-01-16 13:56:28', 'id_program': 4, 'id_user': 1}","{'id_university_deparment': 2, 'id_faculty': 7, 'description': 'Escuela de Ingeniería de Sistemas y computación', 'status': True}","{'id_program': 4, 'full_name': 'Construccion'}"
1258,HABILIDADES PARA LA VIDA: DESCUB. EL SER,HABILIDADES PARA LA VIDA: DESCUB. EL SER,603032C,03:00:00,False,False,3,2,4,1,14,2,8,HABILIDADES PARA LA VIDA: DESCUB. EL SER,True,,"{'id_university_type_subject': 4, 'type': 'Electiva Complementaria', 'status': True}","{'id_university_qualification_type': 1, 'description': 'Numerica', 'status': True}","{'id_authorization_program': 14, 'resolution_number': '217-DIU', 'status': True, 'created_at': '2023-01-30 21:30:48', 'updated_at': '2023-01-30 21:30:48', 'id_program': 8, 'id_user': 1}","{'id_university_deparment': 2, 'id_faculty': 7, 'description': 'Escuela de Ingeniería de Sistemas y computación', 'status': True}","{'id_program': 8, 'full_name': 'Tecnología en Desarrollo de Software'}"
1299,HABILIDADES PARA LA VIDA: DESCUB. EL SER,HABILIDADES PARA LA VIDA: DESCUB. EL SER,603032C,03:00:00,False,False,3,9,4,1,5,2,4,HABILIDADES PARA LA VIDA: DESCUB. EL SER,True,,"{'id_university_type_subject': 4, 'type': 'Electiva Complementaria', 'status': True}","{'id_university_qualification_type': 1, 'description': 'Numerica', 'status': True}","{'id_authorization_program': 5, 'resolution_number': '128', 'status': True, 'created_at': '2023-01-16 13:56:28', 'updated_at': '2023-01-16 13:56:28', 'id_program': 4, 'id_user': 1}","{'id_university_deparment': 2, 'id_faculty': 7, 'description': 'Escuela de Ingeniería de Sistemas y computación', 'status': True}","{'id_program': 4, 'full_name': 'Construccion'}"
1300,PROBLEMAS COLOMBIANOS,PROBLEMAS COLOMBIANOS,207010C,03:00:00,True,True,3,2,4,1,6,2,5,PROBLEMAS COLOMBIANOS,True,,"{'id_university_type_subject': 4, 'type': 'Electiva Complementaria', 'status': True}","{'id_university_qualification_type': 1, 'description': 'Numerica', 'status': True}","{'id_authorization_program': 6, 'resolution_number': '011', 'status': True, 'created_at': '2023-01-16 13:57:22', 'updated_at': '2023-01-16 13:57:22', 'id_program': 5, 'id_user': 1}","{'id_university_deparment': 2, 'id_faculty': 7, 'description': 'Escuela de Ingeniería de Sistemas y computación', 'status': True}","{'id_program': 5, 'full_name': 'Trabajo social'}"
1302,ESTRATEGIAS PARA EL APRENDIZAJE AUTÓNOMO,ESTRATEGIAS PARA EL APRENDIZAJE AUTÓNOMO,417016C,03:00:00,False,False,3,1,4,1,20,2,11,ESTRATEGIAS PARA EL APRENDIZAJE AUTÓNOMO,True,,"{'id_university_type_subject': 4, 'type': 'Electiva Complementaria', 'status': True}","{'id_university_qualification_type': 1, 'description': 'Numerica', 'status': True}","{'id_authorization_program': 20, 'resolution_number': '023', 'status': True, 'created_at': '2023-07-30 14:02:40', 'updated_at': '2023-07-30 14:02:40', 'id_program': 11, 'id_user': 1}","{'id_university_deparment': 2, 'id_faculty': 7, 'description': 'Escuela de Ingeniería de Sistemas y computación', 'status': True}","{'id_program': 11, 'full_name': 'Nutricion y dietetica'}"
1303,Español y comunicación II,Español y comunicación II,203027C,02:00:00,True,True,2,7,2,1,20,2,11,Español y comunicación II,True,,"{'id_university_type_subject': 2, 'type': 'Basica', 'status': True}","{'id_university_qualification_type': 1, 'description': 'Numerica', 'status': True}","{'id_authorization_program': 20, 'resolution_number': '023', 'status': True, 'created_at': '2023-07-30 14:02:40', 'updated_at': '2023-07-30 14:02:40', 'id_program': 11, 'id_user': 1}","{'id_university_deparment': 2, 'id_faculty': 7, 'description': 'Escuela de Ingeniería de Sistemas y computación', 'status': True}","{'id_program': 11, 'full_name': 'Nutricion y dietetica'}"
1304,Planificación de programas educativos en nutrición,Planificación de programas educativos en nutrición,605037C,03:00:00,False,True,3,7,1,1,20,2,11,Planificación de programas educativos en nutrición,True,,"{'id_university_type_subject': 1, 'type': 'Profesional', 'status': True}","{'id_university_qualification_type': 1, 'description': 'Numerica', 'status': True}","{'id_authorization_program': 20, 'resolution_number': '023', 'status': True, 'created_at': '2023-07-30 14:02:40', 'updated_at': '2023-07-30 14:02:40', 'id_program': 11, 'id_user': 1}","{'id_university_deparment': 2, 'id_faculty': 7, 'description': 'Escuela de Ingeniería de Sistemas y computación', 'status': True}","{'id_program': 11, 'full_name': 'Nutricion y dietetica'}"
1305,Nutrición del adulto,Nutrición del adulto,605034C,03:00:00,False,True,3,7,1,1,20,2,11,Nutrición del adulto,True,,"{'id_university_type_subject': 1, 'type': 'Profesional', 'status': True}","{'id_university_qualification_type': 1, 'description': 'Numerica', 'status': True}","{'id_authorization_program': 20, 'resolution_number': '023', 'status': True, 'created_at': '2023-07-30 14:02:40', 'updated_at': '2023-07-30 14:02:40', 'id_program': 11, 'id_user': 1}","{'id_university_deparment': 2, 'id_faculty': 7, 'description': 'Escuela de Ingeniería de Sistemas y computación', 'status': True}","{'id_program': 11, 'full_name': 'Nutricion y dietetica'}"
1306,Bases histomorfológicas del equilibrio nutricional,Bases histomorfológicas del equilibrio nutricional,604018C,03:00:00,False,False,3,7,3,1,20,2,11,Bases histomorfológicas del equilibrio nutricional,True,,"{'id_university_type_subject': 3, 'type': 'Electiva profesional', 'status': True}","{'id_university_qualification_type': 1, 'description': 'Numerica', 'status': True}","{'id_authorization_program': 20, 'resolution_number': '023', 'status': True, 'created_at': '2023-07-30 14:02:40', 'updated_at': '2023-07-30 14:02:40', 'id_program': 11, 'id_user': 1}","{'id_university_deparment': 2, 'id_faculty': 7, 'description': 'Escuela de Ingeniería de Sistemas y computación', 'status': True}","{'id_program': 11, 'full_name': 'Nutricion y dietetica'}"
1307,NUTRICIÓN COMUNITARIA I,NUTRICIÓN COMUNITARIA I,605036C,03:00:00,False,True,3,7,1,1,20,2,11,NUTRICIÓN COMUNITARIA I,True,,"{'id_university_type_subject': 1, 'type': 'Profesional', 'status': True}","{'id_university_qualification_type': 1, 'description': 'Numerica', 'status': True}","{'id_authorization_program': 20, 'resolution_number': '023', 'status': True, 'created_at': '2023-07-30 14:02:40', 'updated_at': '2023-07-30 14:02:40', 'id_program': 11, 'id_user': 1}","{'id_university_deparment': 2, 'id_faculty': 7, 'description': 'Escuela de Ingeniería de Sistemas y computación', 'status': True}","{'id_program': 11, 'full_name': 'Nutricion y dietetica'}"
1308,DIETOTERAPIA II,DIETOTERAPIA II,605035C,03:00:00,False,True,3,7,1,1,20,2,11,DIETOTERAPIA II,True,,"{'id_university_type_subject': 1, 'type': 'Profesional', 'status': True}","{'id_university_qualification_type': 1, 'description': 'Numerica', 'status': True}","{'id_authorization_program': 20, 'resolution_number': '023', 'status': True, 'created_at': '2023-07-30 14:02:40', 'updated_at': '2023-07-30 14:02:40', 'id_program': 11, 'id_user': 1}","{'id_university_deparment': 2, 'id_faculty': 7, 'description': 'Escuela de Ingeniería de Sistemas y computación', 'status': True}","{'id_program': 11, 'full_name': 'Nutricion y dietetica'}"
1182,Electiva Profesional I Diseño de branding personal,Electiva Profesional I Diseño de branding personal,801226C,03:00:00,False,False,3,8,1,1,19,2,2,Electiva Profesional I Diseño de branding personal,True,,"{'id_university_type_subject': 1, 'type': 'Profesional', 'status': True}","{'id_university_qualification_type': 1, 'description': 'Numerica', 'status': True}","{'id_authorization_program': 19, 'resolution_number': '246-DIU', 'status': True, 'created_at': '2023-02-15 02:05:28', 'updated_at': '2023-02-15 02:05:28', 'id_program': 2, 'id_user': 1}","{'id_university_deparment': 2, 'id_faculty': 7, 'description': 'Escuela de Ingeniería de Sistemas y computación', 'status': True}","{'id_program': 2, 'full_name': 'Administracion de empresas'}"
1301,Genero pluralidad y diversidades,Genero pluralidad y diversidades,304035C,03:00:00,False,False,3,2,4,1,6,2,5,Genero pluralidad y diversidades,True,,"{'id_university_type_subject': 4, 'type': 'Electiva Complementaria', 'status': True}","{'id_university_qualification_type': 1, 'description': 'Numerica', 'status': True}","{'id_authorization_program': 6, 'resolution_number': '011', 'status': True, 'created_at': '2023-01-16 13:57:22', 'updated_at': '2023-01-16 13:57:22', 'id_program': 5, 'id_user': 1}","{'id_university_deparment': 2, 'id_faculty': 7, 'description': 'Escuela de Ingeniería de Sistemas y computación', 'status': True}","{'id_program': 5, 'full_name': 'Trabajo social'}"
1078,Costos II,Costos II,802056C,03:00:00,False,False,3,6,1,1,26,2,6,Costos II,False,,"{'id_university_type_subject': 1, 'type': 'Profesional', 'status': True}","{'id_university_qualification_type': 1, 'description': 'Numerica', 'status': True}","{'id_authorization_program': 26, 'resolution_number': '240-NOC', 'status': True, 'created_at': '2023-08-06 23:16:45', 'updated_at': '2023-08-06 23:16:45', 'id_program': 6, 'id_user': 1}","{'id_university_deparment': 2, 'id_faculty': 7, 'description': 'Escuela de Ingeniería de Sistemas y computación', 'status': True}","{'id_program': 6, 'full_name': 'Contaduría Publica'}"
1309,GESTIÓN DE PROYECTOS,GESTIÓN DE PROYECTOS,801183C,03:00:00,True,True,3,10,1,1,18,2,6,GESTIÓN DE PROYECTOS,True,,"{'id_university_type_subject': 1, 'type': 'Profesional', 'status': True}","{'id_university_qualification_type': 1, 'description': 'Numerica', 'status': True}","{'id_authorization_program': 18, 'resolution_number': '240-DIU', 'status': True, 'created_at': '2023-02-15 01:20:45', 'updated_at': '2023-02-15 01:20:45', 'id_program': 6, 'id_user': 1}","{'id_university_deparment': 2, 'id_faculty': 7, 'description': 'Escuela de Ingeniería de Sistemas y computación', 'status': True}","{'id_program': 6, 'full_name': 'Contaduría Publica'}"
1310,RESOLUCIÓN DE CONFLICTOS,RESOLUCIÓN DE CONFLICTOS,207046M,03:00:00,False,False,3,8,3,1,6,2,5,RESOLUCIÓN DE CONFLICTOS,True,,"{'id_university_type_subject': 3, 'type': 'Electiva profesional', 'status': True}","{'id_university_qualification_type': 1, 'description': 'Numerica', 'status': True}","{'id_authorization_program': 6, 'resolution_number': '011', 'status': True, 'created_at': '2023-01-16 13:57:22', 'updated_at': '2023-01-16 13:57:22', 'id_program': 5, 'id_user': 1}","{'id_university_deparment': 2, 'id_faculty': 7, 'description': 'Escuela de Ingeniería de Sistemas y computación', 'status': True}","{'id_program': 5, 'full_name': 'Trabajo social'}"
