id_day,day,id_teacher,full_assignments,id_university_period,id_day_time_slot,id_time_slot,start_time,end_time,id_headquarters
2,Tuesday,T017,False,3,15,7,18:20:00,21:20:00,1
4,Thursday,T106,False,5,26,2,10:00:00,13:00:00,1
4,Thursday,T023,True,10,32,8,18:20:00,22:20:00,1
4,Thursday,T112,False,5,29,5,14:00:00,17:00:00,1
1,Monday,T217,False,9,51,10,17:00:00,19:00:00,1
6,Saturday,T104,False,4,41,1,07:00:00,10:00:00,1
5,Friday,T106,True,10,36,4,13:00:00,16:00:00,1
1,Monday,T160,False,8,5,5,14:00:00,17:00:00,1
1,Monday,T097,False,3,3,3,09:00:00,12:00:00,1
3,Wednesday,T028,False,7,24,8,18:20:00,22:20:00,1
3,Wednesday,T072,False,9,17,1,07:00:00,10:00:00,1
2,Tuesday,T009,False,5,9,1,07:00:00,10:00:00,1
3,Wednesday,T011,False,4,20,4,13:00:00,16:00:00,1
4,Thursday,T058,True,10,25,1,07:00:00,10:00:00,1
3,Wednesday,T085,False,4,24,8,18:20:00,22:20:00,1
1,Monday,T134,False,6,6,6,15:00:00,18:00:00,1
1,Monday,T040,True,9,5,5,14:00:00,17:00:00,1
3,Wednesday,T016,False,7,17,1,07:00:00,10:00:00,1
6,Saturday,T007,False,4,48,8,18:20:00,22:20:00,1
2,Tuesday,T236,True,10,10,2,10:00:00,13:00:00,1
1,Monday,T066,False,4,8,8,18:20:00,22:20:00,1
4,Thursday,T181,False,7,30,6,15:00:00,18:00:00,1
2,Tuesday,T102,False,9,13,5,14:00:00,17:00:00,1
6,Saturday,T043,True,9,45,5,14:00:00,17:00:00,1
4,Thursday,T024,True,9,31,7,18:20:00,21:20:00,1
1,Monday,T084,True,5,5,5,14:00:00,17:00:00,1
4,Thursday,T102,True,4,30,6,15:00:00,18:00:00,1
3,Wednesday,T095,False,4,22,6,15:00:00,18:00:00,1
5,Friday,T043,False,4,40,8,18:20:00,22:20:00,1
4,Thursday,T100,False,4,27,3,09:00:00,12:00:00,1
1,Monday,T087,True,5,5,5,14:00:00,17:00:00,1
5,Friday,T097,False,5,40,8,18:20:00,22:20:00,1
3,Wednesday,T120,True,6,19,3,09:00:00,12:00:00,1
2,Tuesday,T043,True,8,15,7,18:20:00,21:20:00,1
3,Wednesday,T053,True,9,24,8,18:20:00,22:20:00,1
5,Friday,T042,True,8,39,7,18:20:00,21:20:00,1
4,Thursday,T094,True,3,29,5,14:00:00,17:00:00,1
4,Thursday,T004,False,5,25,1,07:00:00,10:00:00,1
3,Wednesday,T112,False,10,53,10,17:00:00,19:00:00,1
6,Saturday,T153,False,8,46,6,15:00:00,18:00:00,1
6,Saturday,T094,False,3,44,4,13:00:00,16:00:00,1
1,Monday,T107,False,7,61,12,06:00:00,09:00:00,1
1,Monday,T007,False,3,2,2,10:00:00,13:00:00,1
1,Monday,T017,True,7,2,2,10:00:00,13:00:00,1
4,Thursday,T072,True,9,29,5,14:00:00,17:00:00,1
1,Monday,T185,True,10,1,1,07:00:00,10:00:00,1
5,Friday,T136,False,5,37,5,14:00:00,17:00:00,1
4,Thursday,T061,True,7,30,6,15:00:00,18:00:00,1
3,Wednesday,T062,True,10,23,7,18:20:00,21:20:00,1
4,Thursday,T107,False,5,32,8,18:20:00,22:20:00,1
6,Saturday,T107,False,10,68,13,05:00:00,08:00:00,1
1,Monday,T066,False,4,4,4,13:00:00,16:00:00,1
2,Tuesday,T011,True,9,9,1,07:00:00,10:00:00,1
4,Thursday,T095,False,3,27,3,09:00:00,12:00:00,1
4,Thursday,T133,False,6,25,1,07:00:00,10:00:00,1
5,Friday,T016,False,6,34,2,10:00:00,13:00:00,1
2,Tuesday,T014,True,3,13,5,14:00:00,17:00:00,1
4,Thursday,T003,True,7,29,5,14:00:00,17:00:00,1
6,Saturday,T126,True,4,41,1,07:00:00,10:00:00,1
4,Thursday,T018,True,6,29,5,14:00:00,17:00:00,1
3,Wednesday,T058,True,9,19,3,09:00:00,12:00:00,1
2,Tuesday,T107,False,5,16,8,18:20:00,22:20:00,1
4,Thursday,T113,False,6,27,3,09:00:00,12:00:00,1
6,Saturday,T107,False,7,48,8,18:20:00,22:20:00,1
4,Thursday,T107,True,10,31,7,18:20:00,21:20:00,1
6,Saturday,T061,False,3,44,4,13:00:00,16:00:00,1
4,Thursday,T066,False,3,27,3,09:00:00,12:00:00,1
2,Tuesday,T066,False,7,16,8,18:20:00,22:20:00,1
5,Friday,T106,True,10,40,8,18:20:00,22:20:00,1
5,Friday,T107,False,9,35,3,09:00:00,12:00:00,1
3,Wednesday,T112,False,7,24,8,18:20:00,22:20:00,1
4,Thursday,T027,True,8,27,3,09:00:00,12:00:00,1
3,Wednesday,T131,False,4,21,5,14:00:00,17:00:00,1
2,Tuesday,T048,True,3,9,1,07:00:00,10:00:00,1
5,Friday,T026,True,6,34,2,10:00:00,13:00:00,1
4,Thursday,T018,True,4,29,5,14:00:00,17:00:00,1
3,Wednesday,T103,True,5,21,5,14:00:00,17:00:00,1
4,Thursday,T160,False,7,26,2,10:00:00,13:00:00,1
1,Monday,T158,True,8,5,5,14:00:00,17:00:00,1
1,Monday,T107,False,4,5,5,14:00:00,17:00:00,1
5,Friday,T036,True,6,39,7,18:20:00,21:20:00,1
4,Thursday,T152,True,8,25,1,07:00:00,10:00:00,1
5,Friday,T003,True,9,40,8,18:20:00,22:20:00,1
3,Wednesday,T005,False,3,19,3,09:00:00,12:00:00,1
2,Tuesday,T012,True,3,15,7,18:20:00,21:20:00,1
3,Wednesday,T068,False,7,22,6,15:00:00,18:00:00,1
4,Thursday,T193,True,7,25,1,07:00:00,10:00:00,1
5,Friday,T112,False,9,33,1,07:00:00,10:00:00,1
6,Saturday,T112,False,10,48,8,18:20:00,22:20:00,1
5,Friday,T062,True,9,33,1,07:00:00,10:00:00,1
4,Thursday,T100,False,5,27,3,09:00:00,12:00:00,1
3,Wednesday,T090,True,5,22,6,15:00:00,18:00:00,1
3,Wednesday,T111,True,7,17,1,07:00:00,10:00:00,1
1,Monday,T221,False,9,5,5,14:00:00,17:00:00,1
3,Wednesday,T113,False,7,20,4,13:00:00,16:00:00,1
1,Monday,T107,False,10,4,4,13:00:00,16:00:00,1
1,Monday,T111,True,4,7,7,18:20:00,21:20:00,1
2,Tuesday,T118,False,4,9,1,07:00:00,10:00:00,1
1,Monday,T106,False,7,8,8,18:20:00,22:20:00,1
5,Friday,T134,False,6,35,3,09:00:00,12:00:00,1
3,Wednesday,T057,False,5,20,4,13:00:00,16:00:00,1
5,Friday,T112,False,5,35,3,09:00:00,12:00:00,1
6,Saturday,T112,False,8,67,10,17:00:00,19:00:00,1
5,Friday,T019,False,10,38,6,15:00:00,18:00:00,1
6,Saturday,T009,False,4,42,2,10:00:00,13:00:00,1
6,Saturday,T235,True,9,41,1,07:00:00,10:00:00,1
6,Saturday,T099,True,5,41,1,07:00:00,10:00:00,1
3,Wednesday,T112,False,6,22,6,15:00:00,18:00:00,1
6,Saturday,T096,False,7,45,5,14:00:00,17:00:00,1
4,Thursday,T066,True,7,31,7,18:20:00,21:20:00,1
5,Friday,T002,False,3,34,2,10:00:00,13:00:00,1
1,Monday,T128,True,7,7,7,18:20:00,21:20:00,1
1,Monday,T055,True,4,1,1,07:00:00,10:00:00,1
2,Tuesday,T072,False,5,10,2,10:00:00,13:00:00,1
6,Saturday,T042,True,8,66,11,17:00:00,20:00:00,1
2,Tuesday,T112,False,9,62,12,06:00:00,09:00:00,1
3,Wednesday,T025,False,7,17,1,07:00:00,10:00:00,1
3,Wednesday,T062,False,5,17,1,07:00:00,10:00:00,1
1,Monday,T175,True,6,7,7,18:20:00,21:20:00,1
6,Saturday,T128,False,7,42,2,10:00:00,13:00:00,1
4,Thursday,T021,True,8,31,7,18:20:00,21:20:00,1
4,Thursday,T018,True,4,26,2,10:00:00,13:00:00,1
2,Tuesday,T112,False,9,49,9,06:00:00,09:00:00,1
3,Wednesday,T066,False,4,20,4,13:00:00,16:00:00,1
1,Monday,T094,False,4,2,2,10:00:00,13:00:00,1
6,Saturday,T186,False,10,45,5,14:00:00,17:00:00,1
3,Wednesday,T087,False,7,23,7,18:20:00,21:20:00,1
4,Thursday,T041,True,4,25,1,07:00:00,10:00:00,1
4,Thursday,T016,True,6,25,1,07:00:00,10:00:00,1
5,Friday,T061,True,6,33,1,07:00:00,10:00:00,1
6,Saturday,T227,True,10,45,5,14:00:00,17:00:00,1
2,Tuesday,T025,False,5,10,2,10:00:00,13:00:00,1
6,Saturday,T053,False,6,47,7,18:20:00,21:20:00,1
3,Wednesday,T107,False,10,18,2,10:00:00,13:00:00,1
4,Thursday,T026,True,8,30,6,15:00:00,18:00:00,1
3,Wednesday,T066,False,7,22,6,15:00:00,18:00:00,1
5,Friday,T041,False,7,39,7,18:20:00,21:20:00,1
5,Friday,T047,False,4,34,2,10:00:00,13:00:00,1
3,Wednesday,T056,True,7,21,5,14:00:00,17:00:00,1
6,Saturday,T019,True,10,41,1,07:00:00,10:00:00,1
4,Thursday,T149,True,8,26,2,10:00:00,13:00:00,1
1,Monday,T060,True,9,6,6,15:00:00,18:00:00,1
4,Thursday,T201,True,10,31,7,18:20:00,21:20:00,1
1,Monday,T112,False,10,3,3,09:00:00,12:00:00,1
3,Wednesday,T091,True,7,18,2,10:00:00,13:00:00,1
3,Wednesday,T026,False,4,23,7,18:20:00,21:20:00,1
5,Friday,T107,False,7,35,3,09:00:00,12:00:00,1
5,Friday,T140,False,6,33,1,07:00:00,10:00:00,1
3,Wednesday,T033,False,3,22,6,15:00:00,18:00:00,1
4,Thursday,T184,True,9,29,5,14:00:00,17:00:00,1
1,Monday,T236,True,9,2,2,10:00:00,13:00:00,1
1,Monday,T080,False,3,5,5,14:00:00,17:00:00,1
2,Tuesday,T016,True,6,13,5,14:00:00,17:00:00,1
5,Friday,T105,False,9,38,6,15:00:00,18:00:00,1
4,Thursday,T032,True,6,30,6,15:00:00,18:00:00,1
4,Thursday,T249,True,10,31,7,18:20:00,21:20:00,1
3,Wednesday,T002,False,7,18,2,10:00:00,13:00:00,1
3,Wednesday,T107,False,10,53,10,17:00:00,19:00:00,1
2,Tuesday,T055,True,5,15,7,18:20:00,21:20:00,1
2,Tuesday,T079,True,5,14,6,15:00:00,18:00:00,1
1,Monday,T107,False,4,2,2,10:00:00,13:00:00,1
5,Friday,T105,False,8,35,3,09:00:00,12:00:00,1
4,Thursday,T016,False,8,27,3,09:00:00,12:00:00,1
6,Saturday,T107,False,4,46,6,15:00:00,18:00:00,1
6,Saturday,T112,False,3,41,1,07:00:00,10:00:00,1
3,Wednesday,T034,False,3,18,2,10:00:00,13:00:00,1
3,Wednesday,T096,False,7,24,8,18:20:00,22:20:00,1
2,Tuesday,T094,True,7,12,4,13:00:00,16:00:00,1
3,Wednesday,T112,False,5,22,6,15:00:00,18:00:00,1
2,Tuesday,T090,False,5,14,6,15:00:00,18:00:00,1
4,Thursday,T036,True,9,31,7,18:20:00,21:20:00,1
1,Monday,T102,True,8,5,5,14:00:00,17:00:00,1
5,Friday,T080,True,10,33,1,07:00:00,10:00:00,1
6,Saturday,T107,False,6,42,2,10:00:00,13:00:00,1
2,Tuesday,T002,False,5,10,2,10:00:00,13:00:00,1
2,Tuesday,T025,False,8,9,1,07:00:00,10:00:00,1
4,Thursday,T025,False,10,30,6,15:00:00,18:00:00,1
6,Saturday,T119,False,4,44,4,13:00:00,16:00:00,1
2,Tuesday,T044,True,4,15,7,18:20:00,21:20:00,1
6,Saturday,T112,False,9,45,5,14:00:00,17:00:00,1
1,Monday,T016,False,3,2,2,10:00:00,13:00:00,1
1,Monday,T107,False,9,51,10,17:00:00,19:00:00,1
4,Thursday,T078,False,3,29,5,14:00:00,17:00:00,1
2,Tuesday,T066,False,3,14,6,15:00:00,18:00:00,1
6,Saturday,T130,True,6,46,6,15:00:00,18:00:00,1
4,Thursday,T176,True,7,26,2,10:00:00,13:00:00,1
1,Monday,T057,False,9,8,8,18:20:00,22:20:00,1
3,Wednesday,T087,False,9,24,8,18:20:00,22:20:00,1
6,Saturday,T085,True,9,46,6,15:00:00,18:00:00,1
5,Friday,T047,False,3,39,7,18:20:00,21:20:00,1
3,Wednesday,T108,False,7,17,1,07:00:00,10:00:00,1
6,Saturday,T160,True,8,42,2,10:00:00,13:00:00,1
2,Tuesday,T176,False,7,16,8,18:20:00,22:20:00,1
3,Wednesday,T094,False,7,20,4,13:00:00,16:00:00,1
3,Wednesday,T013,False,3,22,6,15:00:00,18:00:00,1
2,Tuesday,T151,False,4,10,2,10:00:00,13:00:00,1
5,Friday,T047,False,7,34,2,10:00:00,13:00:00,1
2,Tuesday,T026,True,4,13,5,14:00:00,17:00:00,1
2,Tuesday,T195,False,9,13,5,14:00:00,17:00:00,1
1,Monday,T112,False,9,5,5,14:00:00,17:00:00,1
1,Monday,T112,False,9,3,3,09:00:00,12:00:00,1
4,Thursday,T154,False,7,27,3,09:00:00,12:00:00,1
2,Tuesday,T001,True,10,11,3,09:00:00,12:00:00,1
3,Wednesday,T016,False,8,21,5,14:00:00,17:00:00,1
1,Monday,T084,True,3,1,1,07:00:00,10:00:00,1
1,Monday,T075,True,6,5,5,14:00:00,17:00:00,1
5,Friday,T112,False,8,33,1,07:00:00,10:00:00,1
2,Tuesday,T066,False,3,12,4,13:00:00,16:00:00,1
4,Thursday,T131,False,8,30,6,15:00:00,18:00:00,1
1,Monday,T107,False,10,3,3,09:00:00,12:00:00,1
2,Tuesday,T113,False,6,9,1,07:00:00,10:00:00,1
2,Tuesday,T108,True,6,13,5,14:00:00,17:00:00,1
5,Friday,T041,True,8,38,6,15:00:00,18:00:00,1
5,Friday,T203,True,9,37,5,14:00:00,17:00:00,1
6,Saturday,T051,False,5,46,6,15:00:00,18:00:00,1
4,Thursday,T227,True,9,30,6,15:00:00,18:00:00,1
6,Saturday,T053,True,6,67,10,17:00:00,19:00:00,1
3,Wednesday,T169,True,6,22,6,15:00:00,18:00:00,1
4,Thursday,T005,True,8,25,1,07:00:00,10:00:00,1
1,Monday,T112,False,5,2,2,10:00:00,13:00:00,1
5,Friday,T179,True,9,38,6,15:00:00,18:00:00,1
2,Tuesday,T121,True,6,13,5,14:00:00,17:00:00,1
3,Wednesday,T002,False,7,22,6,15:00:00,18:00:00,1
1,Monday,T016,True,9,8,8,18:20:00,22:20:00,1
6,Saturday,T137,False,4,41,1,07:00:00,10:00:00,1
1,Monday,T023,False,8,6,6,15:00:00,18:00:00,1
4,Thursday,T107,False,3,32,8,18:20:00,22:20:00,1
1,Monday,T057,False,4,6,6,15:00:00,18:00:00,1
5,Friday,T018,True,7,33,1,07:00:00,10:00:00,1
4,Thursday,T033,True,5,31,7,18:20:00,21:20:00,1
6,Saturday,T235,True,9,42,2,10:00:00,13:00:00,1
1,Monday,T121,True,6,5,5,14:00:00,17:00:00,1
1,Monday,T033,True,7,5,5,14:00:00,17:00:00,1
3,Wednesday,T041,False,7,23,7,18:20:00,21:20:00,1
2,Tuesday,T174,True,9,9,1,07:00:00,10:00:00,1
4,Thursday,T113,True,9,25,1,07:00:00,10:00:00,1
5,Friday,T086,True,9,34,2,10:00:00,13:00:00,1
2,Tuesday,T057,False,7,12,4,13:00:00,16:00:00,1
5,Friday,T107,False,10,36,4,13:00:00,16:00:00,1
3,Wednesday,T112,False,9,63,12,06:00:00,09:00:00,1
2,Tuesday,T083,False,6,9,1,07:00:00,10:00:00,1
4,Thursday,T107,False,9,31,7,18:20:00,21:20:00,1
2,Tuesday,T007,True,7,16,8,18:20:00,22:20:00,1
3,Wednesday,T027,True,4,21,5,14:00:00,17:00:00,1
1,Monday,T107,False,9,8,8,18:20:00,22:20:00,1
5,Friday,T105,True,10,39,7,18:20:00,21:20:00,1
3,Wednesday,T043,True,10,22,6,15:00:00,18:00:00,1
1,Monday,T108,True,7,8,8,18:20:00,22:20:00,1
4,Thursday,T112,False,5,25,1,07:00:00,10:00:00,1
3,Wednesday,T033,False,3,24,8,18:20:00,22:20:00,1
5,Friday,T043,True,9,37,5,14:00:00,17:00:00,1
6,Saturday,T070,True,3,41,1,07:00:00,10:00:00,1
3,Wednesday,T121,False,5,19,3,09:00:00,12:00:00,1
3,Wednesday,T063,True,5,22,6,15:00:00,18:00:00,1
2,Tuesday,T105,False,10,14,6,15:00:00,18:00:00,1
1,Monday,T101,True,4,7,7,18:20:00,21:20:00,1
1,Monday,T163,False,7,2,2,10:00:00,13:00:00,1
4,Thursday,T002,False,3,28,4,13:00:00,16:00:00,1
3,Wednesday,T043,False,7,17,1,07:00:00,10:00:00,1
5,Friday,T043,False,8,39,7,18:20:00,21:20:00,1
2,Tuesday,T121,True,8,13,5,14:00:00,17:00:00,1
4,Thursday,T107,False,10,59,11,17:00:00,20:00:00,1
3,Wednesday,T112,False,7,20,4,13:00:00,16:00:00,1
2,Tuesday,T062,False,7,11,3,09:00:00,12:00:00,1
4,Thursday,T093,True,9,31,7,18:20:00,21:20:00,1
3,Wednesday,T149,True,8,23,7,18:20:00,21:20:00,1
2,Tuesday,T160,True,7,12,4,13:00:00,16:00:00,1
5,Friday,T131,False,6,33,1,07:00:00,10:00:00,1
6,Saturday,T005,True,3,41,1,07:00:00,10:00:00,1
2,Tuesday,T072,False,8,9,1,07:00:00,10:00:00,1
6,Saturday,T167,False,6,41,1,07:00:00,10:00:00,1
4,Thursday,T003,False,3,31,7,18:20:00,21:20:00,1
3,Wednesday,T063,False,6,18,2,10:00:00,13:00:00,1
1,Monday,T060,True,3,1,1,07:00:00,10:00:00,1
2,Tuesday,T058,False,6,15,7,18:20:00,21:20:00,1
6,Saturday,T115,True,3,41,1,07:00:00,10:00:00,1
2,Tuesday,T017,False,4,10,2,10:00:00,13:00:00,1
5,Friday,T043,True,5,39,7,18:20:00,21:20:00,1
1,Monday,T106,False,4,2,2,10:00:00,13:00:00,1
2,Tuesday,T085,False,5,16,8,18:20:00,22:20:00,1
2,Tuesday,T119,False,4,15,7,18:20:00,21:20:00,1
4,Thursday,T098,True,6,25,1,07:00:00,10:00:00,1
1,Monday,T043,False,3,2,2,10:00:00,13:00:00,1
6,Saturday,T109,True,3,42,2,10:00:00,13:00:00,1
6,Saturday,T108,True,9,45,5,14:00:00,17:00:00,1
4,Thursday,T186,True,8,31,7,18:20:00,21:20:00,1
3,Wednesday,T061,True,9,18,2,10:00:00,13:00:00,1
6,Saturday,T107,False,5,45,5,14:00:00,17:00:00,1
1,Monday,T114,True,9,1,1,07:00:00,10:00:00,1
6,Saturday,T007,False,8,41,1,07:00:00,10:00:00,1
3,Wednesday,T037,True,7,21,5,14:00:00,17:00:00,1
5,Friday,T185,False,8,37,5,14:00:00,17:00:00,1
5,Friday,T074,False,9,40,8,18:20:00,22:20:00,1
4,Thursday,T026,True,10,30,6,15:00:00,18:00:00,1
4,Thursday,T107,False,4,30,6,15:00:00,18:00:00,1
6,Saturday,T112,False,9,43,3,09:00:00,12:00:00,1
4,Thursday,T058,False,3,29,5,14:00:00,17:00:00,1
3,Wednesday,T016,False,4,19,3,09:00:00,12:00:00,1
1,Monday,T057,False,10,5,5,14:00:00,17:00:00,1
4,Thursday,T034,True,4,27,3,09:00:00,12:00:00,1
3,Wednesday,T062,False,3,17,1,07:00:00,10:00:00,1
2,Tuesday,T054,True,9,9,1,07:00:00,10:00:00,1
2,Tuesday,T016,True,3,12,4,13:00:00,16:00:00,1
4,Thursday,T068,False,6,25,1,07:00:00,10:00:00,1
3,Wednesday,T112,False,5,17,1,07:00:00,10:00:00,1
2,Tuesday,T107,False,3,14,6,15:00:00,18:00:00,1
3,Wednesday,T097,False,3,22,6,15:00:00,18:00:00,1
4,Thursday,T086,True,7,26,2,10:00:00,13:00:00,1
1,Monday,T192,True,8,5,5,14:00:00,17:00:00,1
3,Wednesday,T100,False,5,19,3,09:00:00,12:00:00,1
5,Friday,T191,True,7,38,6,15:00:00,18:00:00,1
3,Wednesday,T078,False,3,18,2,10:00:00,13:00:00,1
3,Wednesday,T078,False,4,18,2,10:00:00,13:00:00,1
2,Tuesday,T086,True,6,10,2,10:00:00,13:00:00,1
5,Friday,T118,False,7,34,2,10:00:00,13:00:00,1
2,Tuesday,T151,False,10,9,1,07:00:00,10:00:00,1
2,Tuesday,T007,False,4,10,2,10:00:00,13:00:00,1
1,Monday,T112,False,10,6,6,15:00:00,18:00:00,1
4,Thursday,T061,True,8,26,2,10:00:00,13:00:00,1
3,Wednesday,T041,True,3,22,6,15:00:00,18:00:00,1
5,Friday,T131,False,4,38,6,15:00:00,18:00:00,1
2,Tuesday,T032,True,3,15,7,18:20:00,21:20:00,1
2,Tuesday,T072,True,4,9,1,07:00:00,10:00:00,1
6,Saturday,T177,False,7,43,3,09:00:00,12:00:00,1
6,Saturday,T112,False,10,45,5,14:00:00,17:00:00,1
1,Monday,T099,True,3,6,6,15:00:00,18:00:00,1
2,Tuesday,T005,False,4,16,8,18:20:00,22:20:00,1
5,Friday,T065,True,5,38,6,15:00:00,18:00:00,1
2,Tuesday,T107,False,5,13,5,14:00:00,17:00:00,1
2,Tuesday,T185,True,10,15,7,18:20:00,21:20:00,1
2,Tuesday,T173,False,6,10,2,10:00:00,13:00:00,1
5,Friday,T105,True,4,37,5,14:00:00,17:00:00,1
3,Wednesday,T037,True,4,21,5,14:00:00,17:00:00,1
4,Thursday,T018,True,9,29,5,14:00:00,17:00:00,1
4,Thursday,T033,True,9,25,1,07:00:00,10:00:00,1
5,Friday,T078,False,3,34,2,10:00:00,13:00:00,1
3,Wednesday,T011,False,3,22,6,15:00:00,18:00:00,1
3,Wednesday,T095,True,3,20,4,13:00:00,16:00:00,1
2,Tuesday,T086,True,5,13,5,14:00:00,17:00:00,1
2,Tuesday,T008,False,6,9,1,07:00:00,10:00:00,1
6,Saturday,T126,True,4,42,2,10:00:00,13:00:00,1
4,Thursday,T140,True,5,27,3,09:00:00,12:00:00,1
1,Monday,T025,False,7,1,1,07:00:00,10:00:00,1
4,Thursday,T003,True,4,27,3,09:00:00,12:00:00,1
3,Wednesday,T027,True,7,21,5,14:00:00,17:00:00,1
2,Tuesday,T201,True,9,15,7,18:20:00,21:20:00,1
5,Friday,T107,False,7,37,5,14:00:00,17:00:00,1
4,Thursday,T016,True,5,25,1,07:00:00,10:00:00,1
1,Monday,T112,False,5,8,8,18:20:00,22:20:00,1
4,Thursday,T070,False,6,30,6,15:00:00,18:00:00,1
2,Tuesday,T033,False,3,16,8,18:20:00,22:20:00,1
2,Tuesday,T043,True,4,15,7,18:20:00,21:20:00,1
2,Tuesday,T119,False,6,14,6,15:00:00,18:00:00,1
5,Friday,T062,True,8,33,1,07:00:00,10:00:00,1
4,Thursday,T086,False,7,29,5,14:00:00,17:00:00,1
1,Monday,T038,True,7,7,7,18:20:00,21:20:00,1
5,Friday,T125,True,8,34,2,10:00:00,13:00:00,1
5,Friday,T043,False,3,34,2,10:00:00,13:00:00,1
4,Thursday,T004,False,6,25,1,07:00:00,10:00:00,1
2,Tuesday,T002,False,4,10,2,10:00:00,13:00:00,1
4,Thursday,T053,True,9,31,7,18:20:00,21:20:00,1
2,Tuesday,T015,True,9,15,7,18:20:00,21:20:00,1
1,Monday,T154,False,7,2,2,10:00:00,13:00:00,1
2,Tuesday,T054,True,6,9,1,07:00:00,10:00:00,1
6,Saturday,T003,False,10,41,1,07:00:00,10:00:00,1
3,Wednesday,T063,True,4,22,6,15:00:00,18:00:00,1
3,Wednesday,T011,False,9,17,1,07:00:00,10:00:00,1
4,Thursday,T047,True,6,25,1,07:00:00,10:00:00,1
3,Wednesday,T011,True,6,22,6,15:00:00,18:00:00,1
5,Friday,T203,True,8,37,5,14:00:00,17:00:00,1
3,Wednesday,T015,False,4,23,7,18:20:00,21:20:00,1
5,Friday,T131,True,10,35,3,09:00:00,12:00:00,1
1,Monday,T118,False,7,5,5,14:00:00,17:00:00,1
4,Thursday,T010,False,4,31,7,18:20:00,21:20:00,1
4,Thursday,T021,True,5,30,6,15:00:00,18:00:00,1
2,Tuesday,T016,False,7,49,9,06:00:00,09:00:00,1
4,Thursday,T036,True,10,31,7,18:20:00,21:20:00,1
3,Wednesday,T107,False,7,22,6,15:00:00,18:00:00,1
1,Monday,T098,True,9,1,1,07:00:00,10:00:00,1
4,Thursday,T078,False,3,26,2,10:00:00,13:00:00,1
2,Tuesday,T068,False,3,13,5,14:00:00,17:00:00,1
5,Friday,T205,True,7,37,5,14:00:00,17:00:00,1
2,Tuesday,T034,True,6,14,6,15:00:00,18:00:00,1
1,Monday,T148,True,8,7,7,18:20:00,21:20:00,1
6,Saturday,T153,True,8,45,5,14:00:00,17:00:00,1
6,Saturday,T099,False,3,43,3,09:00:00,12:00:00,1
3,Wednesday,T107,True,5,19,3,09:00:00,12:00:00,1
4,Thursday,T069,False,6,26,2,10:00:00,13:00:00,1
4,Thursday,T061,True,4,25,1,07:00:00,10:00:00,1
1,Monday,T060,True,5,5,5,14:00:00,17:00:00,1
2,Tuesday,T013,False,4,14,6,15:00:00,18:00:00,1
4,Thursday,T112,False,5,31,7,18:20:00,21:20:00,1
4,Thursday,T026,True,6,29,5,14:00:00,17:00:00,1
1,Monday,T078,False,4,1,1,07:00:00,10:00:00,1
3,Wednesday,T080,False,4,17,1,07:00:00,10:00:00,1
2,Tuesday,T081,True,10,14,6,15:00:00,18:00:00,1
2,Tuesday,T185,False,7,12,4,13:00:00,16:00:00,1
2,Tuesday,T031,False,6,12,4,13:00:00,16:00:00,1
1,Monday,T112,False,10,56,11,17:00:00,20:00:00,1
3,Wednesday,T052,False,3,22,6,15:00:00,18:00:00,1
1,Monday,T121,True,9,6,6,15:00:00,18:00:00,1
4,Thursday,T087,True,7,25,1,07:00:00,10:00:00,1
6,Saturday,T108,False,10,43,3,09:00:00,12:00:00,1
3,Wednesday,T013,False,7,24,8,18:20:00,22:20:00,1
6,Saturday,T112,False,5,47,7,18:20:00,21:20:00,1
6,Saturday,T011,True,9,45,5,14:00:00,17:00:00,1
1,Monday,T080,True,5,7,7,18:20:00,21:20:00,1
6,Saturday,T055,False,4,47,7,18:20:00,21:20:00,1
2,Tuesday,T025,False,4,10,2,10:00:00,13:00:00,1
2,Tuesday,T073,False,3,9,1,07:00:00,10:00:00,1
1,Monday,T033,True,10,7,7,18:20:00,21:20:00,1
3,Wednesday,T006,False,4,23,7,18:20:00,21:20:00,1
2,Tuesday,T162,False,6,10,2,10:00:00,13:00:00,1
2,Tuesday,T102,False,3,13,5,14:00:00,17:00:00,1
5,Friday,T107,False,9,60,11,17:00:00,20:00:00,1
2,Tuesday,T087,True,7,9,1,07:00:00,10:00:00,1
3,Wednesday,T027,True,9,18,2,10:00:00,13:00:00,1
2,Tuesday,T037,True,9,13,5,14:00:00,17:00:00,1
4,Thursday,T112,False,8,30,6,15:00:00,18:00:00,1
5,Friday,T107,False,8,40,8,18:20:00,22:20:00,1
6,Saturday,T004,True,3,41,1,07:00:00,10:00:00,1
6,Saturday,T048,True,9,41,1,07:00:00,10:00:00,1
2,Tuesday,T090,False,4,15,7,18:20:00,21:20:00,1
4,Thursday,T075,False,8,27,3,09:00:00,12:00:00,1
5,Friday,T007,True,10,37,5,14:00:00,17:00:00,1
6,Saturday,T051,False,3,44,4,13:00:00,16:00:00,1
5,Friday,T112,False,10,60,11,17:00:00,20:00:00,1
3,Wednesday,T036,False,7,23,7,18:20:00,21:20:00,1
1,Monday,T172,False,8,5,5,14:00:00,17:00:00,1
2,Tuesday,T085,False,3,16,8,18:20:00,22:20:00,1
2,Tuesday,T149,True,7,9,1,07:00:00,10:00:00,1
3,Wednesday,T087,True,4,23,7,18:20:00,21:20:00,1
3,Wednesday,T013,False,5,23,7,18:20:00,21:20:00,1
2,Tuesday,T172,False,7,9,1,07:00:00,10:00:00,1
3,Wednesday,T003,False,4,17,1,07:00:00,10:00:00,1
1,Monday,T148,True,6,7,7,18:20:00,21:20:00,1
6,Saturday,T050,False,8,43,3,09:00:00,12:00:00,1
3,Wednesday,T021,False,7,21,5,14:00:00,17:00:00,1
4,Thursday,T176,True,8,30,6,15:00:00,18:00:00,1
5,Friday,T003,True,9,34,2,10:00:00,13:00:00,1
2,Tuesday,T121,False,5,12,4,13:00:00,16:00:00,1
4,Thursday,T004,True,4,25,1,07:00:00,10:00:00,1
4,Thursday,T094,False,5,27,3,09:00:00,12:00:00,1
5,Friday,T016,False,8,35,3,09:00:00,12:00:00,1
5,Friday,T044,False,4,35,3,09:00:00,12:00:00,1
6,Saturday,T107,False,7,67,10,17:00:00,19:00:00,1
4,Thursday,T130,True,4,31,7,18:20:00,21:20:00,1
2,Tuesday,T178,False,7,16,8,18:20:00,22:20:00,1
4,Thursday,T195,False,9,30,6,15:00:00,18:00:00,1
5,Friday,T028,False,3,39,7,18:20:00,21:20:00,1
2,Tuesday,T066,False,5,9,1,07:00:00,10:00:00,1
6,Saturday,T165,True,9,66,11,17:00:00,20:00:00,1
3,Wednesday,T011,True,10,21,5,14:00:00,17:00:00,1
2,Tuesday,T159,False,6,9,1,07:00:00,10:00:00,1
2,Tuesday,T043,False,7,10,2,10:00:00,13:00:00,1
4,Thursday,T028,False,3,31,7,18:20:00,21:20:00,1
2,Tuesday,T057,True,8,14,6,15:00:00,18:00:00,1
2,Tuesday,T047,False,5,11,3,09:00:00,12:00:00,1
3,Wednesday,T056,True,9,19,3,09:00:00,12:00:00,1
4,Thursday,T041,False,8,31,7,18:20:00,21:20:00,1
3,Wednesday,T210,False,8,17,1,07:00:00,10:00:00,1
1,Monday,T025,True,4,1,1,07:00:00,10:00:00,1
4,Thursday,T140,False,5,29,5,14:00:00,17:00:00,1
6,Saturday,T094,False,7,46,6,15:00:00,18:00:00,1
2,Tuesday,T005,True,7,10,2,10:00:00,13:00:00,1
6,Saturday,T107,True,3,43,3,09:00:00,12:00:00,1
4,Thursday,T133,False,9,25,1,07:00:00,10:00:00,1
4,Thursday,T016,True,8,25,1,07:00:00,10:00:00,1
1,Monday,T192,True,8,3,3,09:00:00,12:00:00,1
2,Tuesday,T066,True,10,15,7,18:20:00,21:20:00,1
1,Monday,T016,True,5,7,7,18:20:00,21:20:00,1
6,Saturday,T161,True,6,45,5,14:00:00,17:00:00,1
1,Monday,T016,False,7,2,2,10:00:00,13:00:00,1
2,Tuesday,T081,True,4,9,1,07:00:00,10:00:00,1
6,Saturday,T158,False,10,45,5,14:00:00,17:00:00,1
3,Wednesday,T033,False,8,23,7,18:20:00,21:20:00,1
1,Monday,T100,False,5,1,1,07:00:00,10:00:00,1
4,Thursday,T093,True,4,29,5,14:00:00,17:00:00,1
3,Wednesday,T027,False,3,21,5,14:00:00,17:00:00,1
2,Tuesday,T107,False,3,11,3,09:00:00,12:00:00,1
4,Thursday,T091,False,4,27,3,09:00:00,12:00:00,1
3,Wednesday,T017,False,7,24,8,18:20:00,22:20:00,1
1,Monday,T215,False,10,5,5,14:00:00,17:00:00,1
4,Thursday,T016,False,3,26,2,10:00:00,13:00:00,1
2,Tuesday,T027,True,8,13,5,14:00:00,17:00:00,1
2,Tuesday,T099,False,3,14,6,15:00:00,18:00:00,1
4,Thursday,T030,True,6,31,7,18:20:00,21:20:00,1
3,Wednesday,T078,False,4,24,8,18:20:00,22:20:00,1
6,Saturday,T107,False,4,45,5,14:00:00,17:00:00,1
2,Tuesday,T107,False,9,10,2,10:00:00,13:00:00,1
2,Tuesday,T032,False,4,14,6,15:00:00,18:00:00,1
4,Thursday,T025,True,7,29,5,14:00:00,17:00:00,1
1,Monday,T101,False,7,7,7,18:20:00,21:20:00,1
3,Wednesday,T181,False,7,19,3,09:00:00,12:00:00,1
6,Saturday,T108,True,10,45,5,14:00:00,17:00:00,1
5,Friday,T072,True,4,33,1,07:00:00,10:00:00,1
5,Friday,T081,False,4,34,2,10:00:00,13:00:00,1
1,Monday,T087,True,5,2,2,10:00:00,13:00:00,1
2,Tuesday,T112,False,7,14,6,15:00:00,18:00:00,1
5,Friday,T058,False,3,37,5,14:00:00,17:00:00,1
4,Thursday,T002,False,5,25,1,07:00:00,10:00:00,1
5,Friday,T156,True,9,38,6,15:00:00,18:00:00,1
2,Tuesday,T086,False,7,13,5,14:00:00,17:00:00,1
2,Tuesday,T133,False,5,9,1,07:00:00,10:00:00,1
6,Saturday,T022,False,3,42,2,10:00:00,13:00:00,1
3,Wednesday,T013,True,9,22,6,15:00:00,18:00:00,1
2,Tuesday,T026,True,5,13,5,14:00:00,17:00:00,1
2,Tuesday,T004,True,10,13,5,14:00:00,17:00:00,1
4,Thursday,T112,False,7,29,5,14:00:00,17:00:00,1
3,Wednesday,T143,False,5,20,4,13:00:00,16:00:00,1
1,Monday,T047,True,4,1,1,07:00:00,10:00:00,1
3,Wednesday,T063,False,3,21,5,14:00:00,17:00:00,1
4,Thursday,T025,True,3,29,5,14:00:00,17:00:00,1
5,Friday,T125,True,4,38,6,15:00:00,18:00:00,1
2,Tuesday,T091,True,9,14,6,15:00:00,18:00:00,1
3,Wednesday,T076,False,3,23,7,18:20:00,21:20:00,1
2,Tuesday,T032,False,8,15,7,18:20:00,21:20:00,1
6,Saturday,T170,False,10,46,6,15:00:00,18:00:00,1
1,Monday,T060,True,7,5,5,14:00:00,17:00:00,1
4,Thursday,T107,False,3,27,3,09:00:00,12:00:00,1
3,Wednesday,T112,False,6,17,1,07:00:00,10:00:00,1
5,Friday,T152,False,6,39,7,18:20:00,21:20:00,1
5,Friday,T107,False,3,34,2,10:00:00,13:00:00,1
1,Monday,T066,False,6,7,7,18:20:00,21:20:00,1
6,Saturday,T009,True,6,66,11,17:00:00,20:00:00,1
5,Friday,T107,False,7,36,4,13:00:00,16:00:00,1
1,Monday,T052,True,5,2,2,10:00:00,13:00:00,1
3,Wednesday,T091,False,3,19,3,09:00:00,12:00:00,1
2,Tuesday,T216,True,9,13,5,14:00:00,17:00:00,1
5,Friday,T148,True,10,33,1,07:00:00,10:00:00,1
4,Thursday,T016,False,9,27,3,09:00:00,12:00:00,1
1,Monday,T107,False,8,6,6,15:00:00,18:00:00,1
2,Tuesday,T053,False,4,14,6,15:00:00,18:00:00,1
3,Wednesday,T091,False,3,21,5,14:00:00,17:00:00,1
1,Monday,T057,False,9,5,5,14:00:00,17:00:00,1
4,Thursday,T086,True,5,27,3,09:00:00,12:00:00,1
5,Friday,T107,False,8,38,6,15:00:00,18:00:00,1
2,Tuesday,T080,False,10,13,5,14:00:00,17:00:00,1
4,Thursday,T027,False,7,29,5,14:00:00,17:00:00,1
5,Friday,T103,False,3,33,1,07:00:00,10:00:00,1
3,Wednesday,T066,False,7,63,12,06:00:00,09:00:00,1
4,Thursday,T010,True,3,30,6,15:00:00,18:00:00,1
1,Monday,T107,False,4,1,1,07:00:00,10:00:00,1
6,Saturday,T112,False,5,45,5,14:00:00,17:00:00,1
2,Tuesday,T108,True,6,16,8,18:20:00,22:20:00,1
1,Monday,T162,False,7,2,2,10:00:00,13:00:00,1
4,Thursday,T002,False,7,26,2,10:00:00,13:00:00,1
1,Monday,T099,False,6,1,1,07:00:00,10:00:00,1
1,Monday,T057,False,7,8,8,18:20:00,22:20:00,1
3,Wednesday,T140,False,10,17,1,07:00:00,10:00:00,1
1,Monday,T057,False,6,4,4,13:00:00,16:00:00,1
5,Friday,T154,True,8,39,7,18:20:00,21:20:00,1
2,Tuesday,T010,False,4,9,1,07:00:00,10:00:00,1
2,Tuesday,T063,True,5,15,7,18:20:00,21:20:00,1
4,Thursday,T112,False,10,25,1,07:00:00,10:00:00,1
2,Tuesday,T074,False,8,10,2,10:00:00,13:00:00,1
2,Tuesday,T064,True,7,15,7,18:20:00,21:20:00,1
2,Tuesday,T054,True,3,9,1,07:00:00,10:00:00,1
1,Monday,T232,True,10,1,1,07:00:00,10:00:00,1
3,Wednesday,T120,True,6,22,6,15:00:00,18:00:00,1
2,Tuesday,T025,False,5,14,6,15:00:00,18:00:00,1
6,Saturday,T085,False,7,46,6,15:00:00,18:00:00,1
3,Wednesday,T103,False,5,17,1,07:00:00,10:00:00,1
5,Friday,T016,False,3,34,2,10:00:00,13:00:00,1
5,Friday,T174,True,9,37,5,14:00:00,17:00:00,1
6,Saturday,T096,False,6,46,6,15:00:00,18:00:00,1
1,Monday,T151,True,9,2,2,10:00:00,13:00:00,1
2,Tuesday,T003,False,3,10,2,10:00:00,13:00:00,1
5,Friday,T099,False,8,38,6,15:00:00,18:00:00,1
1,Monday,T066,True,8,7,7,18:20:00,21:20:00,1
5,Friday,T100,True,8,33,1,07:00:00,10:00:00,1
2,Tuesday,T081,True,8,9,1,07:00:00,10:00:00,1
4,Thursday,T015,False,3,30,6,15:00:00,18:00:00,1
3,Wednesday,T003,True,8,21,5,14:00:00,17:00:00,1
5,Friday,T107,False,8,34,2,10:00:00,13:00:00,1
4,Thursday,T100,False,3,32,8,18:20:00,22:20:00,1
3,Wednesday,T011,False,4,23,7,18:20:00,21:20:00,1
2,Tuesday,T017,False,7,16,8,18:20:00,22:20:00,1
5,Friday,T024,True,7,39,7,18:20:00,21:20:00,1
3,Wednesday,T056,True,9,21,5,14:00:00,17:00:00,1
6,Saturday,T003,False,10,43,3,09:00:00,12:00:00,1
2,Tuesday,T088,False,3,10,2,10:00:00,13:00:00,1
2,Tuesday,T008,False,5,10,2,10:00:00,13:00:00,1
5,Friday,T058,False,7,34,2,10:00:00,13:00:00,1
3,Wednesday,T078,False,3,24,8,18:20:00,22:20:00,1
4,Thursday,T027,True,5,29,5,14:00:00,17:00:00,1
4,Thursday,T120,True,7,25,1,07:00:00,10:00:00,1
3,Wednesday,T113,False,5,19,3,09:00:00,12:00:00,1
6,Saturday,T094,True,6,41,1,07:00:00,10:00:00,1
3,Wednesday,T003,False,7,18,2,10:00:00,13:00:00,1
5,Friday,T003,False,10,33,1,07:00:00,10:00:00,1
4,Thursday,T081,False,5,27,3,09:00:00,12:00:00,1
6,Saturday,T009,True,6,41,1,07:00:00,10:00:00,1
2,Tuesday,T107,False,6,15,7,18:20:00,21:20:00,1
1,Monday,T007,False,3,1,1,07:00:00,10:00:00,1
2,Tuesday,T027,True,6,13,5,14:00:00,17:00:00,1
4,Thursday,T167,False,8,25,1,07:00:00,10:00:00,1
3,Wednesday,T149,False,7,63,12,06:00:00,09:00:00,1
3,Wednesday,T027,False,3,19,3,09:00:00,12:00:00,1
5,Friday,T118,False,7,33,1,07:00:00,10:00:00,1
4,Thursday,T004,True,7,29,5,14:00:00,17:00:00,1
2,Tuesday,T031,False,5,13,5,14:00:00,17:00:00,1
3,Wednesday,T177,True,6,63,12,06:00:00,09:00:00,1
1,Monday,T030,False,9,6,6,15:00:00,18:00:00,1
2,Tuesday,T121,True,7,13,5,14:00:00,17:00:00,1
2,Tuesday,T112,False,8,16,8,18:20:00,22:20:00,1
1,Monday,T045,False,3,8,8,18:20:00,22:20:00,1
1,Monday,T180,False,6,5,5,14:00:00,17:00:00,1
2,Tuesday,T033,False,7,15,7,18:20:00,21:20:00,1
2,Tuesday,T003,False,3,13,5,14:00:00,17:00:00,1
2,Tuesday,T005,False,6,12,4,13:00:00,16:00:00,1
3,Wednesday,T007,False,7,24,8,18:20:00,22:20:00,1
5,Friday,T107,False,4,33,1,07:00:00,10:00:00,1
3,Wednesday,T105,False,5,18,2,10:00:00,13:00:00,1
5,Friday,T219,True,9,34,2,10:00:00,13:00:00,1
1,Monday,T112,False,8,61,12,06:00:00,09:00:00,1
6,Saturday,T070,True,7,45,5,14:00:00,17:00:00,1
3,Wednesday,T126,False,4,21,5,14:00:00,17:00:00,1
1,Monday,T078,False,4,5,5,14:00:00,17:00:00,1
4,Thursday,T025,False,5,25,1,07:00:00,10:00:00,1
5,Friday,T219,False,8,33,1,07:00:00,10:00:00,1
4,Thursday,T027,True,3,29,5,14:00:00,17:00:00,1
6,Saturday,T019,True,8,41,1,07:00:00,10:00:00,1
4,Thursday,T222,True,10,30,6,15:00:00,18:00:00,1
4,Thursday,T091,False,4,30,6,15:00:00,18:00:00,1
5,Friday,T208,True,10,34,2,10:00:00,13:00:00,1
6,Saturday,T030,True,8,46,6,15:00:00,18:00:00,1
3,Wednesday,T124,True,5,21,5,14:00:00,17:00:00,1
3,Wednesday,T016,False,7,19,3,09:00:00,12:00:00,1
2,Tuesday,T111,True,7,14,6,15:00:00,18:00:00,1
6,Saturday,T170,False,8,46,6,15:00:00,18:00:00,1
4,Thursday,T041,True,8,30,6,15:00:00,18:00:00,1
6,Saturday,T176,True,7,45,5,14:00:00,17:00:00,1
3,Wednesday,T041,True,10,23,7,18:20:00,21:20:00,1
6,Saturday,T119,False,5,42,2,10:00:00,13:00:00,1
1,Monday,T107,False,7,8,8,18:20:00,22:20:00,1
3,Wednesday,T112,False,8,50,9,06:00:00,09:00:00,1
1,Monday,T057,False,4,4,4,13:00:00,16:00:00,1
1,Monday,T107,False,4,3,3,09:00:00,12:00:00,1
3,Wednesday,T029,True,8,18,2,10:00:00,13:00:00,1
2,Tuesday,T002,False,4,13,5,14:00:00,17:00:00,1
5,Friday,T100,True,6,34,2,10:00:00,13:00:00,1
4,Thursday,T118,False,7,26,2,10:00:00,13:00:00,1
3,Wednesday,T034,False,7,22,6,15:00:00,18:00:00,1
3,Wednesday,T185,False,7,18,2,10:00:00,13:00:00,1
4,Thursday,T099,False,4,32,8,18:20:00,22:20:00,1
5,Friday,T237,True,9,37,5,14:00:00,17:00:00,1
4,Thursday,T015,True,10,31,7,18:20:00,21:20:00,1
2,Tuesday,T066,False,7,14,6,15:00:00,18:00:00,1
3,Wednesday,T036,False,9,23,7,18:20:00,21:20:00,1
4,Thursday,T105,False,3,31,7,18:20:00,21:20:00,1
4,Thursday,T107,False,7,64,12,06:00:00,09:00:00,1
3,Wednesday,T034,False,4,19,3,09:00:00,12:00:00,1
2,Tuesday,T107,False,7,12,4,13:00:00,16:00:00,1
1,Monday,T094,False,5,6,6,15:00:00,18:00:00,1
4,Thursday,T107,False,7,54,10,17:00:00,19:00:00,1
2,Tuesday,T047,False,3,15,7,18:20:00,21:20:00,1
2,Tuesday,T094,False,7,14,6,15:00:00,18:00:00,1
4,Thursday,T107,False,8,28,4,13:00:00,16:00:00,1
1,Monday,T152,True,9,5,5,14:00:00,17:00:00,1
5,Friday,T168,True,7,34,2,10:00:00,13:00:00,1
4,Thursday,T053,False,6,32,8,18:20:00,22:20:00,1
5,Friday,T108,True,7,37,5,14:00:00,17:00:00,1
6,Saturday,T112,False,5,48,8,18:20:00,22:20:00,1
3,Wednesday,T107,False,4,24,8,18:20:00,22:20:00,1
1,Monday,T100,True,7,5,5,14:00:00,17:00:00,1
3,Wednesday,T021,True,3,23,7,18:20:00,21:20:00,1
3,Wednesday,T078,False,4,17,1,07:00:00,10:00:00,1
5,Friday,T055,False,3,34,2,10:00:00,13:00:00,1
5,Friday,T112,False,10,34,2,10:00:00,13:00:00,1
4,Thursday,T010,True,6,25,1,07:00:00,10:00:00,1
3,Wednesday,T192,False,7,18,2,10:00:00,13:00:00,1
3,Wednesday,T177,False,7,50,9,06:00:00,09:00:00,1
3,Wednesday,T229,False,9,21,5,14:00:00,17:00:00,1
2,Tuesday,T158,True,6,9,1,07:00:00,10:00:00,1
4,Thursday,T032,False,8,30,6,15:00:00,18:00:00,1
6,Saturday,T107,False,10,47,7,18:20:00,21:20:00,1
1,Monday,T106,False,3,1,1,07:00:00,10:00:00,1
4,Thursday,T094,False,3,28,4,13:00:00,16:00:00,1
2,Tuesday,T121,True,10,14,6,15:00:00,18:00:00,1
1,Monday,T087,False,5,7,7,18:20:00,21:20:00,1
6,Saturday,T112,False,8,68,13,05:00:00,08:00:00,1
4,Thursday,T107,False,9,54,10,17:00:00,19:00:00,1
2,Tuesday,T121,True,5,11,3,09:00:00,12:00:00,1
1,Monday,T144,False,7,5,5,14:00:00,17:00:00,1
2,Tuesday,T054,True,5,9,1,07:00:00,10:00:00,1
4,Thursday,T021,False,7,30,6,15:00:00,18:00:00,1
4,Thursday,T169,True,10,26,2,10:00:00,13:00:00,1
2,Tuesday,T046,False,6,9,1,07:00:00,10:00:00,1
3,Wednesday,T034,True,10,18,2,10:00:00,13:00:00,1
1,Monday,T112,False,10,2,2,10:00:00,13:00:00,1
3,Wednesday,T063,True,8,23,7,18:20:00,21:20:00,1
2,Tuesday,T144,True,10,10,2,10:00:00,13:00:00,1
3,Wednesday,T128,False,4,23,7,18:20:00,21:20:00,1
3,Wednesday,T119,False,5,23,7,18:20:00,21:20:00,1
1,Monday,T070,False,7,7,7,18:20:00,21:20:00,1
5,Friday,T103,True,3,37,5,14:00:00,17:00:00,1
2,Tuesday,T107,False,5,9,1,07:00:00,10:00:00,1
1,Monday,T238,True,10,3,3,09:00:00,12:00:00,1
5,Friday,T038,False,3,39,7,18:20:00,21:20:00,1
3,Wednesday,T002,False,3,18,2,10:00:00,13:00:00,1
4,Thursday,T144,False,7,29,5,14:00:00,17:00:00,1
5,Friday,T107,False,9,55,10,17:00:00,19:00:00,1
1,Monday,T053,False,9,7,7,18:20:00,21:20:00,1
4,Thursday,T031,False,3,26,2,10:00:00,13:00:00,1
3,Wednesday,T076,False,4,22,6,15:00:00,18:00:00,1
2,Tuesday,T062,False,3,14,6,15:00:00,18:00:00,1
1,Monday,T055,False,4,4,4,13:00:00,16:00:00,1
6,Saturday,T096,False,7,44,4,13:00:00,16:00:00,1
5,Friday,T128,True,4,33,1,07:00:00,10:00:00,1
3,Wednesday,T107,False,5,20,4,13:00:00,16:00:00,1
4,Thursday,T094,False,5,31,7,18:20:00,21:20:00,1
1,Monday,T094,False,5,1,1,07:00:00,10:00:00,1
4,Thursday,T213,False,8,26,2,10:00:00,13:00:00,1
6,Saturday,T107,False,7,43,3,09:00:00,12:00:00,1
5,Friday,T152,False,7,39,7,18:20:00,21:20:00,1
6,Saturday,T019,False,9,43,3,09:00:00,12:00:00,1
3,Wednesday,T036,False,4,24,8,18:20:00,22:20:00,1
2,Tuesday,T185,True,7,15,7,18:20:00,21:20:00,1
3,Wednesday,T118,False,7,21,5,14:00:00,17:00:00,1
3,Wednesday,T026,True,3,17,1,07:00:00,10:00:00,1
1,Monday,T087,False,8,6,6,15:00:00,18:00:00,1
3,Wednesday,T070,False,9,22,6,15:00:00,18:00:00,1
3,Wednesday,T026,True,3,18,2,10:00:00,13:00:00,1
6,Saturday,T096,False,5,47,7,18:20:00,21:20:00,1
2,Tuesday,T057,False,7,11,3,09:00:00,12:00:00,1
4,Thursday,T087,False,4,26,2,10:00:00,13:00:00,1
4,Thursday,T016,True,7,25,1,07:00:00,10:00:00,1
4,Thursday,T030,False,7,25,1,07:00:00,10:00:00,1
2,Tuesday,T091,True,10,13,5,14:00:00,17:00:00,1
4,Thursday,T098,True,7,31,7,18:20:00,21:20:00,1
2,Tuesday,T033,False,7,14,6,15:00:00,18:00:00,1
6,Saturday,T085,False,7,47,7,18:20:00,21:20:00,1
1,Monday,T060,True,7,6,6,15:00:00,18:00:00,1
3,Wednesday,T034,False,3,19,3,09:00:00,12:00:00,1
6,Saturday,T117,False,3,45,5,14:00:00,17:00:00,1
6,Saturday,T107,False,4,48,8,18:20:00,22:20:00,1
5,Friday,T100,False,7,40,8,18:20:00,22:20:00,1
5,Friday,T107,False,3,37,5,14:00:00,17:00:00,1
3,Wednesday,T080,True,8,22,6,15:00:00,18:00:00,1
2,Tuesday,T110,True,7,13,5,14:00:00,17:00:00,1
3,Wednesday,T185,False,9,24,8,18:20:00,22:20:00,1
4,Thursday,T091,False,3,29,5,14:00:00,17:00:00,1
6,Saturday,T102,False,4,41,1,07:00:00,10:00:00,1
1,Monday,T078,False,3,3,3,09:00:00,12:00:00,1
2,Tuesday,T002,False,3,12,4,13:00:00,16:00:00,1
2,Tuesday,T016,False,3,16,8,18:20:00,22:20:00,1
6,Saturday,T087,True,7,42,2,10:00:00,13:00:00,1
3,Wednesday,T084,True,10,23,7,18:20:00,21:20:00,1
2,Tuesday,T078,False,3,11,3,09:00:00,12:00:00,1
2,Tuesday,T015,True,5,15,7,18:20:00,21:20:00,1
3,Wednesday,T107,False,9,50,9,06:00:00,09:00:00,1
5,Friday,T027,True,3,34,2,10:00:00,13:00:00,1
2,Tuesday,T110,True,4,13,5,14:00:00,17:00:00,1
6,Saturday,T091,False,3,46,6,15:00:00,18:00:00,1
3,Wednesday,T097,False,3,18,2,10:00:00,13:00:00,1
2,Tuesday,T201,True,9,14,6,15:00:00,18:00:00,1
1,Monday,T094,False,5,4,4,13:00:00,16:00:00,1
4,Thursday,T214,False,8,27,3,09:00:00,12:00:00,1
4,Thursday,T029,True,5,26,2,10:00:00,13:00:00,1
6,Saturday,T051,True,8,46,6,15:00:00,18:00:00,1
2,Tuesday,T083,True,5,10,2,10:00:00,13:00:00,1
5,Friday,T156,True,7,38,6,15:00:00,18:00:00,1
3,Wednesday,T094,True,8,18,2,10:00:00,13:00:00,1
4,Thursday,T112,False,7,59,11,17:00:00,20:00:00,1
3,Wednesday,T012,False,5,19,3,09:00:00,12:00:00,1
6,Saturday,T047,False,3,42,2,10:00:00,13:00:00,1
3,Wednesday,T121,True,10,21,5,14:00:00,17:00:00,1
3,Wednesday,T119,True,7,23,7,18:20:00,21:20:00,1
6,Saturday,T087,False,8,42,2,10:00:00,13:00:00,1
2,Tuesday,T011,False,4,10,2,10:00:00,13:00:00,1
4,Thursday,T052,True,4,28,4,13:00:00,16:00:00,1
6,Saturday,T185,False,7,42,2,10:00:00,13:00:00,1
2,Tuesday,T094,True,9,15,7,18:20:00,21:20:00,1
6,Saturday,T107,False,10,67,10,17:00:00,19:00:00,1
6,Saturday,T170,False,10,45,5,14:00:00,17:00:00,1
5,Friday,T091,False,4,33,1,07:00:00,10:00:00,1
2,Tuesday,T110,True,4,11,3,09:00:00,12:00:00,1
2,Tuesday,T098,True,6,15,7,18:20:00,21:20:00,1
3,Wednesday,T075,True,9,21,5,14:00:00,17:00:00,1
2,Tuesday,T019,False,3,14,6,15:00:00,18:00:00,1
2,Tuesday,T103,False,3,9,1,07:00:00,10:00:00,1
1,Monday,T009,False,3,7,7,18:20:00,21:20:00,1
3,Wednesday,T003,False,8,17,1,07:00:00,10:00:00,1
1,Monday,T060,True,4,2,2,10:00:00,13:00:00,1
2,Tuesday,T121,True,4,14,6,15:00:00,18:00:00,1
4,Thursday,T005,True,9,26,2,10:00:00,13:00:00,1
4,Thursday,T038,False,7,31,7,18:20:00,21:20:00,1
5,Friday,T107,False,9,65,12,06:00:00,09:00:00,1
5,Friday,T041,True,3,38,6,15:00:00,18:00:00,1
2,Tuesday,T179,True,9,14,6,15:00:00,18:00:00,1
3,Wednesday,T064,True,6,18,2,10:00:00,13:00:00,1
5,Friday,T003,True,8,34,2,10:00:00,13:00:00,1
5,Friday,T093,True,6,39,7,18:20:00,21:20:00,1
5,Friday,T103,True,5,34,2,10:00:00,13:00:00,1
3,Wednesday,T138,True,4,23,7,18:20:00,21:20:00,1
3,Wednesday,T007,False,6,24,8,18:20:00,22:20:00,1
6,Saturday,T007,True,7,41,1,07:00:00,10:00:00,1
5,Friday,T062,True,7,33,1,07:00:00,10:00:00,1
4,Thursday,T107,False,8,30,6,15:00:00,18:00:00,1
5,Friday,T064,True,7,39,7,18:20:00,21:20:00,1
1,Monday,T199,False,8,5,5,14:00:00,17:00:00,1
3,Wednesday,T102,True,10,22,6,15:00:00,18:00:00,1
2,Tuesday,T112,False,8,11,3,09:00:00,12:00:00,1
4,Thursday,T004,True,5,27,3,09:00:00,12:00:00,1
3,Wednesday,T188,False,7,17,1,07:00:00,10:00:00,1
3,Wednesday,T170,True,8,18,2,10:00:00,13:00:00,1
1,Monday,T094,False,4,1,1,07:00:00,10:00:00,1
4,Thursday,T026,True,9,26,2,10:00:00,13:00:00,1
3,Wednesday,T058,False,6,18,2,10:00:00,13:00:00,1
3,Wednesday,T112,False,7,23,7,18:20:00,21:20:00,1
1,Monday,T107,False,8,3,3,09:00:00,12:00:00,1
4,Thursday,T102,True,4,31,7,18:20:00,21:20:00,1
2,Tuesday,T079,True,9,14,6,15:00:00,18:00:00,1
3,Wednesday,T028,False,6,17,1,07:00:00,10:00:00,1
5,Friday,T208,False,9,33,1,07:00:00,10:00:00,1
1,Monday,T099,False,7,6,6,15:00:00,18:00:00,1
5,Friday,T107,False,5,37,5,14:00:00,17:00:00,1
2,Tuesday,T025,False,3,13,5,14:00:00,17:00:00,1
2,Tuesday,T107,False,7,49,9,06:00:00,09:00:00,1
5,Friday,T107,False,8,65,12,06:00:00,09:00:00,1
3,Wednesday,T076,False,4,21,5,14:00:00,17:00:00,1
5,Friday,T066,False,7,36,4,13:00:00,16:00:00,1
2,Tuesday,T111,True,3,10,2,10:00:00,13:00:00,1
1,Monday,T112,False,10,5,5,14:00:00,17:00:00,1
1,Monday,T044,True,10,7,7,18:20:00,21:20:00,1
3,Wednesday,T041,False,3,18,2,10:00:00,13:00:00,1
1,Monday,T222,True,8,1,1,07:00:00,10:00:00,1
2,Tuesday,T147,True,5,13,5,14:00:00,17:00:00,1
4,Thursday,T149,False,8,31,7,18:20:00,21:20:00,1
4,Thursday,T094,True,8,30,6,15:00:00,18:00:00,1
5,Friday,T226,False,9,37,5,14:00:00,17:00:00,1
1,Monday,T087,True,3,1,1,07:00:00,10:00:00,1
1,Monday,T043,True,10,7,7,18:20:00,21:20:00,1
3,Wednesday,T076,False,7,21,5,14:00:00,17:00:00,1
1,Monday,T053,True,7,7,7,18:20:00,21:20:00,1
3,Wednesday,T045,True,10,23,7,18:20:00,21:20:00,1
3,Wednesday,T119,True,4,23,7,18:20:00,21:20:00,1
6,Saturday,T096,True,6,68,13,05:00:00,08:00:00,1
5,Friday,T078,False,4,36,4,13:00:00,16:00:00,1
6,Saturday,T051,False,7,42,2,10:00:00,13:00:00,1
6,Saturday,T010,True,4,46,6,15:00:00,18:00:00,1
3,Wednesday,T001,True,5,19,3,09:00:00,12:00:00,1
2,Tuesday,T112,False,8,62,12,06:00:00,09:00:00,1
2,Tuesday,T080,True,4,9,1,07:00:00,10:00:00,1
1,Monday,T057,False,8,6,6,15:00:00,18:00:00,1
3,Wednesday,T121,False,10,17,1,07:00:00,10:00:00,1
5,Friday,T026,True,6,38,6,15:00:00,18:00:00,1
6,Saturday,T019,True,4,41,1,07:00:00,10:00:00,1
1,Monday,T047,True,6,1,1,07:00:00,10:00:00,1
2,Tuesday,T033,False,7,12,4,13:00:00,16:00:00,1
2,Tuesday,T181,True,6,9,1,07:00:00,10:00:00,1
1,Monday,T112,False,7,56,11,17:00:00,20:00:00,1
4,Thursday,T213,False,8,25,1,07:00:00,10:00:00,1
2,Tuesday,T025,True,10,9,1,07:00:00,10:00:00,1
1,Monday,T102,True,7,5,5,14:00:00,17:00:00,1
3,Wednesday,T026,True,10,21,5,14:00:00,17:00:00,1
2,Tuesday,T107,False,8,10,2,10:00:00,13:00:00,1
2,Tuesday,T025,True,10,13,5,14:00:00,17:00:00,1
4,Thursday,T087,False,3,26,2,10:00:00,13:00:00,1
2,Tuesday,T079,True,7,14,6,15:00:00,18:00:00,1
6,Saturday,T128,True,4,46,6,15:00:00,18:00:00,1
2,Tuesday,T084,True,6,10,2,10:00:00,13:00:00,1
3,Wednesday,T017,False,3,20,4,13:00:00,16:00:00,1
6,Saturday,T070,False,5,45,5,14:00:00,17:00:00,1
4,Thursday,T005,True,7,25,1,07:00:00,10:00:00,1
1,Monday,T142,False,5,1,1,07:00:00,10:00:00,1
3,Wednesday,T042,False,7,18,2,10:00:00,13:00:00,1
3,Wednesday,T043,False,3,17,1,07:00:00,10:00:00,1
6,Saturday,T094,False,7,42,2,10:00:00,13:00:00,1
5,Friday,T113,False,3,39,7,18:20:00,21:20:00,1
4,Thursday,T017,True,9,25,1,07:00:00,10:00:00,1
5,Friday,T087,False,4,37,5,14:00:00,17:00:00,1
4,Thursday,T019,True,10,31,7,18:20:00,21:20:00,1
5,Friday,T226,False,9,38,6,15:00:00,18:00:00,1
1,Monday,T087,False,3,7,7,18:20:00,21:20:00,1
6,Saturday,T043,True,4,46,6,15:00:00,18:00:00,1
5,Friday,T034,True,3,39,7,18:20:00,21:20:00,1
2,Tuesday,T033,True,8,15,7,18:20:00,21:20:00,1
5,Friday,T154,True,9,39,7,18:20:00,21:20:00,1
3,Wednesday,T008,False,6,17,1,07:00:00,10:00:00,1
3,Wednesday,T096,True,10,22,6,15:00:00,18:00:00,1
5,Friday,T112,False,9,55,10,17:00:00,19:00:00,1
3,Wednesday,T048,True,5,24,8,18:20:00,22:20:00,1
1,Monday,T084,True,3,5,5,14:00:00,17:00:00,1
5,Friday,T168,True,10,34,2,10:00:00,13:00:00,1
1,Monday,T078,False,3,1,1,07:00:00,10:00:00,1
5,Friday,T144,True,7,34,2,10:00:00,13:00:00,1
6,Saturday,T111,False,7,46,6,15:00:00,18:00:00,1
4,Thursday,T195,False,9,29,5,14:00:00,17:00:00,1
3,Wednesday,T076,False,8,18,2,10:00:00,13:00:00,1
6,Saturday,T043,True,8,45,5,14:00:00,17:00:00,1
5,Friday,T094,False,7,35,3,09:00:00,12:00:00,1
5,Friday,T093,True,10,39,7,18:20:00,21:20:00,1
4,Thursday,T025,False,3,25,1,07:00:00,10:00:00,1
5,Friday,T107,False,4,37,5,14:00:00,17:00:00,1
4,Thursday,T012,False,5,31,7,18:20:00,21:20:00,1
2,Tuesday,T098,True,8,15,7,18:20:00,21:20:00,1
6,Saturday,T053,False,4,43,3,09:00:00,12:00:00,1
1,Monday,T114,True,7,6,6,15:00:00,18:00:00,1
3,Wednesday,T051,True,10,17,1,07:00:00,10:00:00,1
2,Tuesday,T086,False,4,10,2,10:00:00,13:00:00,1
5,Friday,T107,False,8,39,7,18:20:00,21:20:00,1
3,Wednesday,T067,False,5,21,5,14:00:00,17:00:00,1
4,Thursday,T107,False,7,59,11,17:00:00,20:00:00,1
3,Wednesday,T144,True,8,18,2,10:00:00,13:00:00,1
3,Wednesday,T024,True,3,23,7,18:20:00,21:20:00,1
1,Monday,T032,False,8,7,7,18:20:00,21:20:00,1
1,Monday,T105,False,5,2,2,10:00:00,13:00:00,1
5,Friday,T094,False,3,33,1,07:00:00,10:00:00,1
2,Tuesday,T083,False,4,9,1,07:00:00,10:00:00,1
3,Wednesday,T061,True,10,17,1,07:00:00,10:00:00,1
3,Wednesday,T002,False,8,19,3,09:00:00,12:00:00,1
4,Thursday,T054,True,10,25,1,07:00:00,10:00:00,1
3,Wednesday,T043,False,4,17,1,07:00:00,10:00:00,1
2,Tuesday,T107,False,7,15,7,18:20:00,21:20:00,1
5,Friday,T112,False,7,39,7,18:20:00,21:20:00,1
3,Wednesday,T094,True,10,17,1,07:00:00,10:00:00,1
5,Friday,T016,False,4,35,3,09:00:00,12:00:00,1
1,Monday,T066,True,8,1,1,07:00:00,10:00:00,1
5,Friday,T094,False,5,35,3,09:00:00,12:00:00,1
5,Friday,T095,False,3,37,5,14:00:00,17:00:00,1
3,Wednesday,T076,False,7,18,2,10:00:00,13:00:00,1
3,Wednesday,T043,False,3,18,2,10:00:00,13:00:00,1
2,Tuesday,T071,False,3,10,2,10:00:00,13:00:00,1
1,Monday,T010,True,8,7,7,18:20:00,21:20:00,1
1,Monday,T094,False,3,6,6,15:00:00,18:00:00,1
1,Monday,T197,True,10,7,7,18:20:00,21:20:00,1
2,Tuesday,T098,True,7,15,7,18:20:00,21:20:00,1
2,Tuesday,T002,False,4,12,4,13:00:00,16:00:00,1
4,Thursday,T169,True,8,31,7,18:20:00,21:20:00,1
2,Tuesday,T112,False,10,13,5,14:00:00,17:00:00,1
2,Tuesday,T070,True,6,13,5,14:00:00,17:00:00,1
2,Tuesday,T213,False,8,10,2,10:00:00,13:00:00,1
5,Friday,T093,True,4,37,5,14:00:00,17:00:00,1
1,Monday,T010,False,5,1,1,07:00:00,10:00:00,1
2,Tuesday,T010,False,10,11,3,09:00:00,12:00:00,1
1,Monday,T112,False,8,6,6,15:00:00,18:00:00,1
3,Wednesday,T093,False,6,19,3,09:00:00,12:00:00,1
2,Tuesday,T016,False,7,16,8,18:20:00,22:20:00,1
3,Wednesday,T098,False,3,23,7,18:20:00,21:20:00,1
2,Tuesday,T031,False,5,9,1,07:00:00,10:00:00,1
3,Wednesday,T149,False,9,18,2,10:00:00,13:00:00,1
2,Tuesday,T108,True,7,16,8,18:20:00,22:20:00,1
1,Monday,T052,True,10,5,5,14:00:00,17:00:00,1
3,Wednesday,T003,True,3,23,7,18:20:00,21:20:00,1
1,Monday,T130,False,4,7,7,18:20:00,21:20:00,1
2,Tuesday,T107,False,8,13,5,14:00:00,17:00:00,1
3,Wednesday,T043,False,4,18,2,10:00:00,13:00:00,1
6,Saturday,T107,False,10,41,1,07:00:00,10:00:00,1
4,Thursday,T087,False,7,26,2,10:00:00,13:00:00,1
1,Monday,T154,False,7,6,6,15:00:00,18:00:00,1
4,Thursday,T034,False,9,26,2,10:00:00,13:00:00,1
2,Tuesday,T097,False,3,10,2,10:00:00,13:00:00,1
4,Thursday,T107,False,3,29,5,14:00:00,17:00:00,1
2,Tuesday,T028,False,4,16,8,18:20:00,22:20:00,1
4,Thursday,T005,True,8,26,2,10:00:00,13:00:00,1
2,Tuesday,T099,True,8,14,6,15:00:00,18:00:00,1
3,Wednesday,T066,False,7,53,10,17:00:00,19:00:00,1
2,Tuesday,T080,False,3,13,5,14:00:00,17:00:00,1
3,Wednesday,T023,True,3,24,8,18:20:00,22:20:00,1
2,Tuesday,T133,True,6,9,1,07:00:00,10:00:00,1
5,Friday,T068,True,5,33,1,07:00:00,10:00:00,1
4,Thursday,T025,False,7,30,6,15:00:00,18:00:00,1
1,Monday,T099,False,7,7,7,18:20:00,21:20:00,1
2,Tuesday,T160,False,7,10,2,10:00:00,13:00:00,1
1,Monday,T132,False,5,7,7,18:20:00,21:20:00,1
4,Thursday,T164,False,8,25,1,07:00:00,10:00:00,1
5,Friday,T130,True,8,39,7,18:20:00,21:20:00,1
2,Tuesday,T131,False,6,11,3,09:00:00,12:00:00,1
4,Thursday,T043,True,4,26,2,10:00:00,13:00:00,1
2,Tuesday,T063,True,5,13,5,14:00:00,17:00:00,1
6,Saturday,T043,True,5,46,6,15:00:00,18:00:00,1
6,Saturday,T066,True,6,45,5,14:00:00,17:00:00,1
6,Saturday,T107,False,8,67,10,17:00:00,19:00:00,1
3,Wednesday,T053,False,3,18,2,10:00:00,13:00:00,1
6,Saturday,T126,True,7,42,2,10:00:00,13:00:00,1
2,Tuesday,T066,False,7,57,11,17:00:00,20:00:00,1
3,Wednesday,T107,False,4,22,6,15:00:00,18:00:00,1
3,Wednesday,T034,True,5,21,5,14:00:00,17:00:00,1
3,Wednesday,T068,True,9,18,2,10:00:00,13:00:00,1
3,Wednesday,T127,False,4,22,6,15:00:00,18:00:00,1
3,Wednesday,T107,False,9,17,1,07:00:00,10:00:00,1
4,Thursday,T017,True,3,25,1,07:00:00,10:00:00,1
3,Wednesday,T057,False,7,20,4,13:00:00,16:00:00,1
4,Thursday,T003,False,10,25,1,07:00:00,10:00:00,1
6,Saturday,T043,True,5,45,5,14:00:00,17:00:00,1
5,Friday,T189,True,9,37,5,14:00:00,17:00:00,1
3,Wednesday,T061,False,3,18,2,10:00:00,13:00:00,1
5,Friday,T185,False,7,37,5,14:00:00,17:00:00,1
5,Friday,T128,False,5,33,1,07:00:00,10:00:00,1
5,Friday,T105,False,5,37,5,14:00:00,17:00:00,1
3,Wednesday,T113,False,6,19,3,09:00:00,12:00:00,1
3,Wednesday,T072,True,6,21,5,14:00:00,17:00:00,1
6,Saturday,T041,False,10,41,1,07:00:00,10:00:00,1
4,Thursday,T005,True,6,25,1,07:00:00,10:00:00,1
2,Tuesday,T062,False,4,15,7,18:20:00,21:20:00,1
2,Tuesday,T131,False,4,10,2,10:00:00,13:00:00,1
4,Thursday,T006,True,8,25,1,07:00:00,10:00:00,1
4,Thursday,T058,True,9,27,3,09:00:00,12:00:00,1
2,Tuesday,T133,True,9,9,1,07:00:00,10:00:00,1
4,Thursday,T042,True,6,31,7,18:20:00,21:20:00,1
6,Saturday,T053,False,3,46,6,15:00:00,18:00:00,1
6,Saturday,T019,True,3,41,1,07:00:00,10:00:00,1
5,Friday,T084,False,4,39,7,18:20:00,21:20:00,1
4,Thursday,T032,True,5,31,7,18:20:00,21:20:00,1
2,Tuesday,T107,False,8,15,7,18:20:00,21:20:00,1
4,Thursday,T174,True,8,29,5,14:00:00,17:00:00,1
1,Monday,T093,True,3,2,2,10:00:00,13:00:00,1
1,Monday,T066,False,7,5,5,14:00:00,17:00:00,1
3,Wednesday,T072,True,8,21,5,14:00:00,17:00:00,1
3,Wednesday,T029,True,9,21,5,14:00:00,17:00:00,1
5,Friday,T069,True,4,34,2,10:00:00,13:00:00,1
5,Friday,T047,True,9,33,1,07:00:00,10:00:00,1
1,Monday,T106,False,3,2,2,10:00:00,13:00:00,1
5,Friday,T018,True,8,34,2,10:00:00,13:00:00,1
4,Thursday,T085,False,10,32,8,18:20:00,22:20:00,1
3,Wednesday,T026,True,9,22,6,15:00:00,18:00:00,1
1,Monday,T108,True,9,8,8,18:20:00,22:20:00,1
4,Thursday,T070,True,8,30,6,15:00:00,18:00:00,1
1,Monday,T038,False,3,7,7,18:20:00,21:20:00,1
1,Monday,T019,True,9,8,8,18:20:00,22:20:00,1
2,Tuesday,T192,False,9,9,1,07:00:00,10:00:00,1
2,Tuesday,T113,True,8,13,5,14:00:00,17:00:00,1
5,Friday,T097,False,7,40,8,18:20:00,22:20:00,1
1,Monday,T121,False,6,1,1,07:00:00,10:00:00,1
4,Thursday,T017,True,10,29,5,14:00:00,17:00:00,1
5,Friday,T185,False,7,34,2,10:00:00,13:00:00,1
1,Monday,T105,True,5,5,5,14:00:00,17:00:00,1
2,Tuesday,T020,False,3,9,1,07:00:00,10:00:00,1
6,Saturday,T051,False,4,47,7,18:20:00,21:20:00,1
2,Tuesday,T091,False,3,10,2,10:00:00,13:00:00,1
3,Wednesday,T056,False,7,19,3,09:00:00,12:00:00,1
1,Monday,T166,False,7,6,6,15:00:00,18:00:00,1
4,Thursday,T054,True,3,25,1,07:00:00,10:00:00,1
4,Thursday,T026,True,6,30,6,15:00:00,18:00:00,1
6,Saturday,T161,True,6,46,6,15:00:00,18:00:00,1
5,Friday,T102,True,4,38,6,15:00:00,18:00:00,1
2,Tuesday,T149,True,10,15,7,18:20:00,21:20:00,1
3,Wednesday,T086,False,9,17,1,07:00:00,10:00:00,1
5,Friday,T219,False,10,35,3,09:00:00,12:00:00,1
3,Wednesday,T108,False,7,19,3,09:00:00,12:00:00,1
5,Friday,T097,False,3,38,6,15:00:00,18:00:00,1
2,Tuesday,T006,True,9,15,7,18:20:00,21:20:00,1
2,Tuesday,T106,True,10,16,8,18:20:00,22:20:00,1
4,Thursday,T107,False,7,30,6,15:00:00,18:00:00,1
1,Monday,T112,False,7,5,5,14:00:00,17:00:00,1
2,Tuesday,T090,False,5,15,7,18:20:00,21:20:00,1
4,Thursday,T034,False,10,26,2,10:00:00,13:00:00,1
5,Friday,T093,True,3,39,7,18:20:00,21:20:00,1
2,Tuesday,T001,True,4,11,3,09:00:00,12:00:00,1
3,Wednesday,T081,True,4,17,1,07:00:00,10:00:00,1
5,Friday,T198,True,9,38,6,15:00:00,18:00:00,1
4,Thursday,T097,False,3,31,7,18:20:00,21:20:00,1
5,Friday,T176,False,7,38,6,15:00:00,18:00:00,1
4,Thursday,T052,True,3,30,6,15:00:00,18:00:00,1
2,Tuesday,T017,True,7,9,1,07:00:00,10:00:00,1
5,Friday,T094,False,3,40,8,18:20:00,22:20:00,1
3,Wednesday,T001,False,6,17,1,07:00:00,10:00:00,1
2,Tuesday,T204,True,7,9,1,07:00:00,10:00:00,1
1,Monday,T101,True,4,1,1,07:00:00,10:00:00,1
3,Wednesday,T094,False,3,24,8,18:20:00,22:20:00,1
1,Monday,T121,False,7,6,6,15:00:00,18:00:00,1
1,Monday,T152,True,9,6,6,15:00:00,18:00:00,1
2,Tuesday,T045,False,3,14,6,15:00:00,18:00:00,1
3,Wednesday,T094,False,5,19,3,09:00:00,12:00:00,1
1,Monday,T234,False,9,4,4,13:00:00,16:00:00,1
5,Friday,T094,False,5,39,7,18:20:00,21:20:00,1
2,Tuesday,T025,False,7,13,5,14:00:00,17:00:00,1
4,Thursday,T184,False,7,26,2,10:00:00,13:00:00,1
1,Monday,T148,True,10,1,1,07:00:00,10:00:00,1
2,Tuesday,T033,False,7,13,5,14:00:00,17:00:00,1
2,Tuesday,T108,True,8,15,7,18:20:00,21:20:00,1
6,Saturday,T081,False,4,41,1,07:00:00,10:00:00,1
5,Friday,T061,True,6,34,2,10:00:00,13:00:00,1
3,Wednesday,T121,True,7,22,6,15:00:00,18:00:00,1
5,Friday,T133,False,5,34,2,10:00:00,13:00:00,1
1,Monday,T033,True,3,7,7,18:20:00,21:20:00,1
3,Wednesday,T074,True,5,23,7,18:20:00,21:20:00,1
1,Monday,T060,False,9,2,2,10:00:00,13:00:00,1
6,Saturday,T155,False,5,46,6,15:00:00,18:00:00,1
3,Wednesday,T029,True,9,18,2,10:00:00,13:00:00,1
2,Tuesday,T091,True,9,13,5,14:00:00,17:00:00,1
5,Friday,T038,True,5,39,7,18:20:00,21:20:00,1
2,Tuesday,T058,False,3,13,5,14:00:00,17:00:00,1
6,Saturday,T070,False,6,41,1,07:00:00,10:00:00,1
3,Wednesday,T064,False,5,18,2,10:00:00,13:00:00,1
3,Wednesday,T066,False,4,22,6,15:00:00,18:00:00,1
5,Friday,T107,False,10,55,10,17:00:00,19:00:00,1
1,Monday,T066,False,7,56,11,17:00:00,20:00:00,1
3,Wednesday,T003,True,8,22,6,15:00:00,18:00:00,1
4,Thursday,T029,True,10,26,2,10:00:00,13:00:00,1
3,Wednesday,T057,False,3,17,1,07:00:00,10:00:00,1
2,Tuesday,T069,False,4,13,5,14:00:00,17:00:00,1
1,Monday,T112,False,8,8,8,18:20:00,22:20:00,1
2,Tuesday,T026,False,7,15,7,18:20:00,21:20:00,1
4,Thursday,T016,True,10,25,1,07:00:00,10:00:00,1
2,Tuesday,T031,False,3,9,1,07:00:00,10:00:00,1
4,Thursday,T005,True,10,25,1,07:00:00,10:00:00,1
3,Wednesday,T107,False,7,63,12,06:00:00,09:00:00,1
4,Thursday,T234,True,9,29,5,14:00:00,17:00:00,1
2,Tuesday,T113,True,8,9,1,07:00:00,10:00:00,1
1,Monday,T016,True,10,8,8,18:20:00,22:20:00,1
2,Tuesday,T005,True,5,10,2,10:00:00,13:00:00,1
2,Tuesday,T102,True,5,9,1,07:00:00,10:00:00,1
6,Saturday,T030,False,7,48,8,18:20:00,22:20:00,1
1,Monday,T196,True,10,6,6,15:00:00,18:00:00,1
2,Tuesday,T076,False,3,12,4,13:00:00,16:00:00,1
4,Thursday,T041,True,3,25,1,07:00:00,10:00:00,1
2,Tuesday,T058,False,3,9,1,07:00:00,10:00:00,1
1,Monday,T053,True,8,8,8,18:20:00,22:20:00,1
6,Saturday,T112,False,9,48,8,18:20:00,22:20:00,1
5,Friday,T112,False,9,37,5,14:00:00,17:00:00,1
6,Saturday,T019,False,3,46,6,15:00:00,18:00:00,1
3,Wednesday,T099,False,3,22,6,15:00:00,18:00:00,1
3,Wednesday,T081,False,5,17,1,07:00:00,10:00:00,1
5,Friday,T060,False,7,33,1,07:00:00,10:00:00,1
2,Tuesday,T107,False,4,14,6,15:00:00,18:00:00,1
1,Monday,T170,True,6,7,7,18:20:00,21:20:00,1
2,Tuesday,T107,False,5,14,6,15:00:00,18:00:00,1
5,Friday,T087,False,7,39,7,18:20:00,21:20:00,1
2,Tuesday,T183,True,10,14,6,15:00:00,18:00:00,1
4,Thursday,T081,False,3,25,1,07:00:00,10:00:00,1
3,Wednesday,T056,False,9,17,1,07:00:00,10:00:00,1
1,Monday,T215,True,9,5,5,14:00:00,17:00:00,1
3,Wednesday,T009,False,7,17,1,07:00:00,10:00:00,1
3,Wednesday,T090,True,3,22,6,15:00:00,18:00:00,1
4,Thursday,T031,False,3,28,4,13:00:00,16:00:00,1
6,Saturday,T102,False,4,42,2,10:00:00,13:00:00,1
3,Wednesday,T010,False,5,20,4,13:00:00,16:00:00,1
2,Tuesday,T145,True,7,15,7,18:20:00,21:20:00,1
6,Saturday,T112,False,8,47,7,18:20:00,21:20:00,1
3,Wednesday,T107,False,7,20,4,13:00:00,16:00:00,1
4,Thursday,T016,False,7,64,12,06:00:00,09:00:00,1
4,Thursday,T021,False,10,30,6,15:00:00,18:00:00,1
4,Thursday,T107,False,6,25,1,07:00:00,10:00:00,1
2,Tuesday,T097,False,3,13,5,14:00:00,17:00:00,1
2,Tuesday,T012,False,5,15,7,18:20:00,21:20:00,1
2,Tuesday,T017,True,10,10,2,10:00:00,13:00:00,1
6,Saturday,T094,False,3,45,5,14:00:00,17:00:00,1
2,Tuesday,T094,True,5,9,1,07:00:00,10:00:00,1
6,Saturday,T070,True,9,41,1,07:00:00,10:00:00,1
5,Friday,T007,True,8,40,8,18:20:00,22:20:00,1
1,Monday,T172,False,7,1,1,07:00:00,10:00:00,1
4,Thursday,T097,False,3,27,3,09:00:00,12:00:00,1
4,Thursday,T026,True,7,29,5,14:00:00,17:00:00,1
4,Thursday,T058,False,5,25,1,07:00:00,10:00:00,1
2,Tuesday,T131,True,4,9,1,07:00:00,10:00:00,1
2,Tuesday,T016,True,5,13,5,14:00:00,17:00:00,1
2,Tuesday,T144,True,10,9,1,07:00:00,10:00:00,1
3,Wednesday,T065,False,3,23,7,18:20:00,21:20:00,1
1,Monday,T217,False,9,5,5,14:00:00,17:00:00,1
1,Monday,T123,False,5,3,3,09:00:00,12:00:00,1
1,Monday,T153,True,6,6,6,15:00:00,18:00:00,1
5,Friday,T065,True,5,39,7,18:20:00,21:20:00,1
2,Tuesday,T032,False,7,15,7,18:20:00,21:20:00,1
5,Friday,T202,True,7,37,5,14:00:00,17:00:00,1
3,Wednesday,T102,True,9,21,5,14:00:00,17:00:00,1
3,Wednesday,T029,True,7,23,7,18:20:00,21:20:00,1
5,Friday,T051,True,6,39,7,18:20:00,21:20:00,1
1,Monday,T060,True,3,2,2,10:00:00,13:00:00,1
2,Tuesday,T108,False,6,10,2,10:00:00,13:00:00,1
5,Friday,T112,False,9,36,4,13:00:00,16:00:00,1
2,Tuesday,T030,True,7,9,1,07:00:00,10:00:00,1
2,Tuesday,T133,True,8,10,2,10:00:00,13:00:00,1
3,Wednesday,T061,True,9,22,6,15:00:00,18:00:00,1
2,Tuesday,T061,True,3,10,2,10:00:00,13:00:00,1
3,Wednesday,T016,False,8,22,6,15:00:00,18:00:00,1
2,Tuesday,T025,False,4,9,1,07:00:00,10:00:00,1
6,Saturday,T107,False,8,68,13,05:00:00,08:00:00,1
5,Friday,T110,True,5,37,5,14:00:00,17:00:00,1
5,Friday,T217,True,10,39,7,18:20:00,21:20:00,1
5,Friday,T102,False,3,36,4,13:00:00,16:00:00,1
1,Monday,T010,True,7,7,7,18:20:00,21:20:00,1
2,Tuesday,T131,False,9,9,1,07:00:00,10:00:00,1
2,Tuesday,T081,True,3,9,1,07:00:00,10:00:00,1
1,Monday,T094,False,7,5,5,14:00:00,17:00:00,1
1,Monday,T097,False,3,6,6,15:00:00,18:00:00,1
3,Wednesday,T088,False,5,17,1,07:00:00,10:00:00,1
2,Tuesday,T045,False,4,12,4,13:00:00,16:00:00,1
3,Wednesday,T066,False,3,24,8,18:20:00,22:20:00,1
6,Saturday,T186,False,10,46,6,15:00:00,18:00:00,1
4,Thursday,T112,False,8,29,5,14:00:00,17:00:00,1
5,Friday,T042,False,7,38,6,15:00:00,18:00:00,1
1,Monday,T014,False,3,7,7,18:20:00,21:20:00,1
5,Friday,T083,False,3,33,1,07:00:00,10:00:00,1
3,Wednesday,T043,True,6,18,2,10:00:00,13:00:00,1
2,Tuesday,T072,False,4,10,2,10:00:00,13:00:00,1
2,Tuesday,T066,False,3,11,3,09:00:00,12:00:00,1
2,Tuesday,T199,False,8,13,5,14:00:00,17:00:00,1
1,Monday,T053,True,4,8,8,18:20:00,22:20:00,1
3,Wednesday,T095,True,4,21,5,14:00:00,17:00:00,1
6,Saturday,T043,False,5,47,7,18:20:00,21:20:00,1
4,Thursday,T107,False,7,27,3,09:00:00,12:00:00,1
3,Wednesday,T066,False,4,18,2,10:00:00,13:00:00,1
5,Friday,T113,False,6,33,1,07:00:00,10:00:00,1
2,Tuesday,T120,True,8,9,1,07:00:00,10:00:00,1
1,Monday,T078,True,3,7,7,18:20:00,21:20:00,1
4,Thursday,T107,False,10,27,3,09:00:00,12:00:00,1
3,Wednesday,T078,False,4,19,3,09:00:00,12:00:00,1
5,Friday,T094,True,3,39,7,18:20:00,21:20:00,1
4,Thursday,T081,False,5,29,5,14:00:00,17:00:00,1
5,Friday,T113,False,8,35,3,09:00:00,12:00:00,1
4,Thursday,T069,False,3,29,5,14:00:00,17:00:00,1
2,Tuesday,T199,False,8,11,3,09:00:00,12:00:00,1
3,Wednesday,T112,False,9,18,2,10:00:00,13:00:00,1
3,Wednesday,T026,True,8,21,5,14:00:00,17:00:00,1
3,Wednesday,T091,False,3,17,1,07:00:00,10:00:00,1
5,Friday,T031,True,7,37,5,14:00:00,17:00:00,1
1,Monday,T113,False,8,2,2,10:00:00,13:00:00,1
3,Wednesday,T131,False,4,22,6,15:00:00,18:00:00,1
3,Wednesday,T076,True,4,18,2,10:00:00,13:00:00,1
4,Thursday,T187,True,7,29,5,14:00:00,17:00:00,1
4,Thursday,T003,True,9,30,6,15:00:00,18:00:00,1
1,Monday,T170,True,7,6,6,15:00:00,18:00:00,1
1,Monday,T114,True,10,6,6,15:00:00,18:00:00,1
4,Thursday,T164,True,7,29,5,14:00:00,17:00:00,1
3,Wednesday,T066,False,4,24,8,18:20:00,22:20:00,1
4,Thursday,T112,False,10,59,11,17:00:00,20:00:00,1
5,Friday,T055,False,3,36,4,13:00:00,16:00:00,1
2,Tuesday,T066,False,7,62,12,06:00:00,09:00:00,1
3,Wednesday,T112,False,10,63,12,06:00:00,09:00:00,1
4,Thursday,T011,True,8,31,7,18:20:00,21:20:00,1
6,Saturday,T107,False,9,67,10,17:00:00,19:00:00,1
3,Wednesday,T097,True,3,23,7,18:20:00,21:20:00,1
1,Monday,T066,True,5,7,7,18:20:00,21:20:00,1
1,Monday,T041,True,9,7,7,18:20:00,21:20:00,1
1,Monday,T154,True,8,7,7,18:20:00,21:20:00,1
6,Saturday,T112,False,7,66,11,17:00:00,20:00:00,1
3,Wednesday,T043,True,9,23,7,18:20:00,21:20:00,1
3,Wednesday,T112,False,7,58,11,17:00:00,20:00:00,1
3,Wednesday,T043,True,8,17,1,07:00:00,10:00:00,1
3,Wednesday,T069,False,3,18,2,10:00:00,13:00:00,1
4,Thursday,T034,True,6,29,5,14:00:00,17:00:00,1
5,Friday,T167,True,8,37,5,14:00:00,17:00:00,1
6,Saturday,T126,False,5,44,4,13:00:00,16:00:00,1
5,Friday,T086,False,3,36,4,13:00:00,16:00:00,1
3,Wednesday,T138,True,5,23,7,18:20:00,21:20:00,1
2,Tuesday,T061,True,10,14,6,15:00:00,18:00:00,1
2,Tuesday,T088,True,3,9,1,07:00:00,10:00:00,1
4,Thursday,T105,False,4,32,8,18:20:00,22:20:00,1
6,Saturday,T030,False,8,42,2,10:00:00,13:00:00,1
4,Thursday,T010,False,4,27,3,09:00:00,12:00:00,1
5,Friday,T053,False,4,40,8,18:20:00,22:20:00,1
1,Monday,T044,True,9,6,6,15:00:00,18:00:00,1
3,Wednesday,T061,True,6,18,2,10:00:00,13:00:00,1
5,Friday,T003,False,3,35,3,09:00:00,12:00:00,1
3,Wednesday,T061,False,7,21,5,14:00:00,17:00:00,1
1,Monday,T107,False,8,2,2,10:00:00,13:00:00,1
3,Wednesday,T107,False,9,19,3,09:00:00,12:00:00,1
4,Thursday,T047,False,8,27,3,09:00:00,12:00:00,1
5,Friday,T062,True,8,39,7,18:20:00,21:20:00,1
2,Tuesday,T016,False,3,13,5,14:00:00,17:00:00,1
5,Friday,T016,False,10,34,2,10:00:00,13:00:00,1
4,Thursday,T003,False,7,26,2,10:00:00,13:00:00,1
4,Thursday,T164,True,8,27,3,09:00:00,12:00:00,1
4,Thursday,T091,False,5,29,5,14:00:00,17:00:00,1
4,Thursday,T086,True,10,26,2,10:00:00,13:00:00,1
1,Monday,T080,False,3,1,1,07:00:00,10:00:00,1
1,Monday,T184,True,9,1,1,07:00:00,10:00:00,1
4,Thursday,T106,True,8,32,8,18:20:00,22:20:00,1
3,Wednesday,T076,False,10,18,2,10:00:00,13:00:00,1
2,Tuesday,T246,False,10,11,3,09:00:00,12:00:00,1
5,Friday,T011,True,10,34,2,10:00:00,13:00:00,1
1,Monday,T038,True,10,7,7,18:20:00,21:20:00,1
4,Thursday,T111,False,3,31,7,18:20:00,21:20:00,1
2,Tuesday,T107,False,7,9,1,07:00:00,10:00:00,1
4,Thursday,T015,True,10,30,6,15:00:00,18:00:00,1
1,Monday,T017,True,3,4,4,13:00:00,16:00:00,1
2,Tuesday,T016,True,7,12,4,13:00:00,16:00:00,1
1,Monday,T066,True,10,1,1,07:00:00,10:00:00,1
2,Tuesday,T216,True,10,9,1,07:00:00,10:00:00,1
4,Thursday,T043,True,7,25,1,07:00:00,10:00:00,1
6,Saturday,T130,True,9,45,5,14:00:00,17:00:00,1
2,Tuesday,T156,True,5,15,7,18:20:00,21:20:00,1
1,Monday,T106,True,6,2,2,10:00:00,13:00:00,1
5,Friday,T199,False,9,34,2,10:00:00,13:00:00,1
6,Saturday,T135,True,4,43,3,09:00:00,12:00:00,1
3,Wednesday,T063,True,6,23,7,18:20:00,21:20:00,1
3,Wednesday,T036,False,5,24,8,18:20:00,22:20:00,1
2,Tuesday,T080,True,8,11,3,09:00:00,12:00:00,1
4,Thursday,T038,False,4,32,8,18:20:00,22:20:00,1
3,Wednesday,T121,False,5,20,4,13:00:00,16:00:00,1
2,Tuesday,T048,False,6,9,1,07:00:00,10:00:00,1
2,Tuesday,T034,True,8,10,2,10:00:00,13:00:00,1
2,Tuesday,T145,True,9,15,7,18:20:00,21:20:00,1
6,Saturday,T228,True,9,45,5,14:00:00,17:00:00,1
4,Thursday,T018,True,3,25,1,07:00:00,10:00:00,1
3,Wednesday,T107,False,5,18,2,10:00:00,13:00:00,1
2,Tuesday,T047,True,4,14,6,15:00:00,18:00:00,1
4,Thursday,T015,True,9,30,6,15:00:00,18:00:00,1
1,Monday,T055,False,3,2,2,10:00:00,13:00:00,1
5,Friday,T108,True,10,37,5,14:00:00,17:00:00,1
3,Wednesday,T044,False,4,21,5,14:00:00,17:00:00,1
5,Friday,T144,False,7,36,4,13:00:00,16:00:00,1
2,Tuesday,T176,True,10,10,2,10:00:00,13:00:00,1
2,Tuesday,T063,True,6,10,2,10:00:00,13:00:00,1
6,Saturday,T055,False,3,46,6,15:00:00,18:00:00,1
6,Saturday,T050,False,5,42,2,10:00:00,13:00:00,1
4,Thursday,T241,False,10,26,2,10:00:00,13:00:00,1
4,Thursday,T112,False,8,32,8,18:20:00,22:20:00,1
3,Wednesday,T003,False,4,21,5,14:00:00,17:00:00,1
3,Wednesday,T105,True,5,17,1,07:00:00,10:00:00,1
5,Friday,T100,False,5,40,8,18:20:00,22:20:00,1
4,Thursday,T027,True,9,29,5,14:00:00,17:00:00,1
5,Friday,T069,False,4,33,1,07:00:00,10:00:00,1
3,Wednesday,T033,True,6,23,7,18:20:00,21:20:00,1
3,Wednesday,T100,True,3,22,6,15:00:00,18:00:00,1
4,Thursday,T058,False,7,25,1,07:00:00,10:00:00,1
6,Saturday,T050,True,7,41,1,07:00:00,10:00:00,1
1,Monday,T094,False,3,3,3,09:00:00,12:00:00,1
4,Thursday,T120,False,4,26,2,10:00:00,13:00:00,1
2,Tuesday,T121,True,5,10,2,10:00:00,13:00:00,1
1,Monday,T102,True,8,6,6,15:00:00,18:00:00,1
3,Wednesday,T053,False,4,24,8,18:20:00,22:20:00,1
3,Wednesday,T121,False,5,18,2,10:00:00,13:00:00,1
4,Thursday,T144,False,7,26,2,10:00:00,13:00:00,1
1,Monday,T174,False,9,6,6,15:00:00,18:00:00,1
3,Wednesday,T185,False,7,19,3,09:00:00,12:00:00,1
1,Monday,T184,True,10,5,5,14:00:00,17:00:00,1
1,Monday,T229,True,9,5,5,14:00:00,17:00:00,1
3,Wednesday,T169,True,6,17,1,07:00:00,10:00:00,1
2,Tuesday,T149,False,7,62,12,06:00:00,09:00:00,1
5,Friday,T109,True,8,36,4,13:00:00,16:00:00,1
4,Thursday,T041,False,7,31,7,18:20:00,21:20:00,1
5,Friday,T027,True,3,33,1,07:00:00,10:00:00,1
5,Friday,T034,True,7,34,2,10:00:00,13:00:00,1
6,Saturday,T135,False,4,41,1,07:00:00,10:00:00,1
5,Friday,T044,True,3,35,3,09:00:00,12:00:00,1
5,Friday,T107,False,4,39,7,18:20:00,21:20:00,1
3,Wednesday,T102,False,4,19,3,09:00:00,12:00:00,1
4,Thursday,T069,True,8,29,5,14:00:00,17:00:00,1
1,Monday,T010,False,5,2,2,10:00:00,13:00:00,1
1,Monday,T107,False,7,4,4,13:00:00,16:00:00,1
1,Monday,T107,False,8,56,11,17:00:00,20:00:00,1
3,Wednesday,T078,False,4,22,6,15:00:00,18:00:00,1
3,Wednesday,T031,False,5,18,2,10:00:00,13:00:00,1
4,Thursday,T199,False,9,26,2,10:00:00,13:00:00,1
1,Monday,T025,False,3,7,7,18:20:00,21:20:00,1
5,Friday,T069,False,6,38,6,15:00:00,18:00:00,1
5,Friday,T144,False,10,34,2,10:00:00,13:00:00,1
5,Friday,T225,False,10,33,1,07:00:00,10:00:00,1
3,Wednesday,T107,False,8,20,4,13:00:00,16:00:00,1
1,Monday,T108,True,9,5,5,14:00:00,17:00:00,1
4,Thursday,T002,False,3,26,2,10:00:00,13:00:00,1
4,Thursday,T107,False,5,28,4,13:00:00,16:00:00,1
5,Friday,T198,True,10,39,7,18:20:00,21:20:00,1
1,Monday,T062,True,7,7,7,18:20:00,21:20:00,1
4,Thursday,T066,True,10,31,7,18:20:00,21:20:00,1
5,Friday,T002,True,4,34,2,10:00:00,13:00:00,1
6,Saturday,T030,False,5,47,7,18:20:00,21:20:00,1
5,Friday,T023,False,8,35,3,09:00:00,12:00:00,1
4,Thursday,T064,True,10,26,2,10:00:00,13:00:00,1
6,Saturday,T107,False,10,44,4,13:00:00,16:00:00,1
4,Thursday,T008,False,6,25,1,07:00:00,10:00:00,1
6,Saturday,T201,False,7,47,7,18:20:00,21:20:00,1
5,Friday,T043,False,4,34,2,10:00:00,13:00:00,1
4,Thursday,T013,False,3,30,6,15:00:00,18:00:00,1
3,Wednesday,T121,False,6,20,4,13:00:00,16:00:00,1
3,Wednesday,T086,False,7,21,5,14:00:00,17:00:00,1
5,Friday,T148,True,7,33,1,07:00:00,10:00:00,1
4,Thursday,T006,True,10,26,2,10:00:00,13:00:00,1
4,Thursday,T034,False,10,30,6,15:00:00,18:00:00,1
4,Thursday,T032,False,3,30,6,15:00:00,18:00:00,1
6,Saturday,T010,False,4,45,5,14:00:00,17:00:00,1
3,Wednesday,T120,True,5,19,3,09:00:00,12:00:00,1
2,Tuesday,T079,True,8,15,7,18:20:00,21:20:00,1
5,Friday,T224,True,8,37,5,14:00:00,17:00:00,1
2,Tuesday,T025,True,4,13,5,14:00:00,17:00:00,1
1,Monday,T010,False,5,7,7,18:20:00,21:20:00,1
6,Saturday,T107,False,5,44,4,13:00:00,16:00:00,1
1,Monday,T184,True,7,2,2,10:00:00,13:00:00,1
5,Friday,T112,False,8,39,7,18:20:00,21:20:00,1
5,Friday,T072,False,3,34,2,10:00:00,13:00:00,1
2,Tuesday,T078,False,4,13,5,14:00:00,17:00:00,1
5,Friday,T053,True,9,39,7,18:20:00,21:20:00,1
2,Tuesday,T133,False,10,9,1,07:00:00,10:00:00,1
3,Wednesday,T126,False,4,22,6,15:00:00,18:00:00,1
2,Tuesday,T041,True,6,14,6,15:00:00,18:00:00,1
2,Tuesday,T011,False,4,9,1,07:00:00,10:00:00,1
6,Saturday,T019,True,5,45,5,14:00:00,17:00:00,1
5,Friday,T068,True,5,37,5,14:00:00,17:00:00,1
3,Wednesday,T042,False,7,22,6,15:00:00,18:00:00,1
1,Monday,T057,False,9,7,7,18:20:00,21:20:00,1
5,Friday,T168,True,10,37,5,14:00:00,17:00:00,1
3,Wednesday,T105,True,3,17,1,07:00:00,10:00:00,1
6,Saturday,T153,True,8,47,7,18:20:00,21:20:00,1
4,Thursday,T023,True,9,32,8,18:20:00,22:20:00,1
5,Friday,T172,False,10,37,5,14:00:00,17:00:00,1
4,Thursday,T140,True,4,27,3,09:00:00,12:00:00,1
5,Friday,T017,False,3,39,7,18:20:00,21:20:00,1
3,Wednesday,T087,False,10,22,6,15:00:00,18:00:00,1
6,Saturday,T119,False,4,41,1,07:00:00,10:00:00,1
2,Tuesday,T112,False,7,11,3,09:00:00,12:00:00,1
5,Friday,T034,True,10,34,2,10:00:00,13:00:00,1
5,Friday,T031,True,5,33,1,07:00:00,10:00:00,1
1,Monday,T173,False,7,5,5,14:00:00,17:00:00,1
4,Thursday,T176,True,9,30,6,15:00:00,18:00:00,1
6,Saturday,T043,True,3,46,6,15:00:00,18:00:00,1
6,Saturday,T135,False,4,42,2,10:00:00,13:00:00,1
3,Wednesday,T158,False,6,17,1,07:00:00,10:00:00,1
5,Friday,T144,False,10,33,1,07:00:00,10:00:00,1
4,Thursday,T001,True,5,26,2,10:00:00,13:00:00,1
1,Monday,T045,True,3,7,7,18:20:00,21:20:00,1
4,Thursday,T088,False,3,25,1,07:00:00,10:00:00,1
2,Tuesday,T078,False,3,10,2,10:00:00,13:00:00,1
4,Thursday,T185,False,7,30,6,15:00:00,18:00:00,1
6,Saturday,T130,True,8,46,6,15:00:00,18:00:00,1
4,Thursday,T078,False,4,31,7,18:20:00,21:20:00,1
6,Saturday,T094,False,7,44,4,13:00:00,16:00:00,1
6,Saturday,T043,True,6,45,5,14:00:00,17:00:00,1
4,Thursday,T063,False,5,27,3,09:00:00,12:00:00,1
5,Friday,T100,True,8,34,2,10:00:00,13:00:00,1
5,Friday,T105,False,10,37,5,14:00:00,17:00:00,1
5,Friday,T112,False,7,55,10,17:00:00,19:00:00,1
3,Wednesday,T107,False,10,19,3,09:00:00,12:00:00,1
1,Monday,T057,False,5,5,5,14:00:00,17:00:00,1
5,Friday,T001,False,7,33,1,07:00:00,10:00:00,1
2,Tuesday,T070,True,10,13,5,14:00:00,17:00:00,1
5,Friday,T112,False,8,65,12,06:00:00,09:00:00,1
3,Wednesday,T002,False,10,19,3,09:00:00,12:00:00,1
5,Friday,T028,True,3,33,1,07:00:00,10:00:00,1
3,Wednesday,T043,True,8,22,6,15:00:00,18:00:00,1
1,Monday,T170,True,10,8,8,18:20:00,22:20:00,1
3,Wednesday,T053,True,4,17,1,07:00:00,10:00:00,1
2,Tuesday,T087,False,4,13,5,14:00:00,17:00:00,1
6,Saturday,T112,False,6,41,1,07:00:00,10:00:00,1
4,Thursday,T185,False,7,27,3,09:00:00,12:00:00,1
3,Wednesday,T012,True,4,23,7,18:20:00,21:20:00,1
3,Wednesday,T070,False,7,23,7,18:20:00,21:20:00,1
4,Thursday,T246,True,10,26,2,10:00:00,13:00:00,1
4,Thursday,T028,False,4,32,8,18:20:00,22:20:00,1
4,Thursday,T152,True,8,31,7,18:20:00,21:20:00,1
3,Wednesday,T075,True,9,17,1,07:00:00,10:00:00,1
2,Tuesday,T066,False,7,12,4,13:00:00,16:00:00,1
4,Thursday,T093,True,6,26,2,10:00:00,13:00:00,1
2,Tuesday,T080,True,3,9,1,07:00:00,10:00:00,1
2,Tuesday,T074,True,3,11,3,09:00:00,12:00:00,1
3,Wednesday,T011,True,4,21,5,14:00:00,17:00:00,1
5,Friday,T076,False,4,34,2,10:00:00,13:00:00,1
4,Thursday,T030,True,3,31,7,18:20:00,21:20:00,1
3,Wednesday,T100,False,5,17,1,07:00:00,10:00:00,1
3,Wednesday,T017,False,5,23,7,18:20:00,21:20:00,1
6,Saturday,T114,False,3,42,2,10:00:00,13:00:00,1
3,Wednesday,T107,False,8,19,3,09:00:00,12:00:00,1
2,Tuesday,T019,True,5,15,7,18:20:00,21:20:00,1
4,Thursday,T066,False,7,54,10,17:00:00,19:00:00,1
2,Tuesday,T025,False,7,14,6,15:00:00,18:00:00,1
3,Wednesday,T001,True,3,17,1,07:00:00,10:00:00,1
4,Thursday,T027,True,10,29,5,14:00:00,17:00:00,1
6,Saturday,T026,False,4,47,7,18:20:00,21:20:00,1
5,Friday,T107,False,7,39,7,18:20:00,21:20:00,1
3,Wednesday,T181,True,7,17,1,07:00:00,10:00:00,1
6,Saturday,T050,False,4,44,4,13:00:00,16:00:00,1
3,Wednesday,T080,True,4,19,3,09:00:00,12:00:00,1
6,Saturday,T094,True,4,41,1,07:00:00,10:00:00,1
2,Tuesday,T103,False,6,9,1,07:00:00,10:00:00,1
6,Saturday,T019,False,4,42,2,10:00:00,13:00:00,1
3,Wednesday,T005,True,5,21,5,14:00:00,17:00:00,1
1,Monday,T053,True,6,7,7,18:20:00,21:20:00,1
4,Thursday,T075,False,7,25,1,07:00:00,10:00:00,1
4,Thursday,T054,True,7,25,1,07:00:00,10:00:00,1
4,Thursday,T112,True,10,26,2,10:00:00,13:00:00,1
2,Tuesday,T098,True,4,15,7,18:20:00,21:20:00,1
2,Tuesday,T102,False,4,11,3,09:00:00,12:00:00,1
3,Wednesday,T043,False,3,23,7,18:20:00,21:20:00,1
6,Saturday,T117,False,3,44,4,13:00:00,16:00:00,1
5,Friday,T006,True,5,33,1,07:00:00,10:00:00,1
3,Wednesday,T060,False,8,17,1,07:00:00,10:00:00,1
6,Saturday,T112,False,5,46,6,15:00:00,18:00:00,1
1,Monday,T062,True,6,7,7,18:20:00,21:20:00,1
1,Monday,T107,False,10,8,8,18:20:00,22:20:00,1
5,Friday,T053,True,6,39,7,18:20:00,21:20:00,1
4,Thursday,T032,True,7,31,7,18:20:00,21:20:00,1
3,Wednesday,T144,False,7,17,1,07:00:00,10:00:00,1
2,Tuesday,T160,False,7,9,1,07:00:00,10:00:00,1
1,Monday,T098,False,4,7,7,18:20:00,21:20:00,1
6,Saturday,T048,False,4,41,1,07:00:00,10:00:00,1
3,Wednesday,T107,False,10,50,9,06:00:00,09:00:00,1
5,Friday,T219,True,10,37,5,14:00:00,17:00:00,1
1,Monday,T066,False,7,4,4,13:00:00,16:00:00,1
4,Thursday,T187,False,7,26,2,10:00:00,13:00:00,1
5,Friday,T233,True,10,38,6,15:00:00,18:00:00,1
5,Friday,T091,False,3,37,5,14:00:00,17:00:00,1
5,Friday,T129,True,4,33,1,07:00:00,10:00:00,1
3,Wednesday,T026,False,9,19,3,09:00:00,12:00:00,1
4,Thursday,T034,False,4,30,6,15:00:00,18:00:00,1
4,Thursday,T027,True,9,26,2,10:00:00,13:00:00,1
5,Friday,T112,False,9,38,6,15:00:00,18:00:00,1
2,Tuesday,T047,True,5,9,1,07:00:00,10:00:00,1
2,Tuesday,T112,True,5,9,1,07:00:00,10:00:00,1
4,Thursday,T007,False,7,32,8,18:20:00,22:20:00,1
4,Thursday,T038,True,8,31,7,18:20:00,21:20:00,1
2,Tuesday,T169,True,7,15,7,18:20:00,21:20:00,1
4,Thursday,T025,False,10,29,5,14:00:00,17:00:00,1
4,Thursday,T004,True,6,26,2,10:00:00,13:00:00,1
2,Tuesday,T108,True,4,12,4,13:00:00,16:00:00,1
1,Monday,T032,False,7,7,7,18:20:00,21:20:00,1
5,Friday,T003,False,4,34,2,10:00:00,13:00:00,1
5,Friday,T048,True,4,38,6,15:00:00,18:00:00,1
3,Wednesday,T015,False,5,22,6,15:00:00,18:00:00,1
2,Tuesday,T041,False,5,14,6,15:00:00,18:00:00,1
2,Tuesday,T003,False,7,15,7,18:20:00,21:20:00,1
5,Friday,T049,True,3,33,1,07:00:00,10:00:00,1
2,Tuesday,T119,True,6,15,7,18:20:00,21:20:00,1
3,Wednesday,T008,False,3,22,6,15:00:00,18:00:00,1
3,Wednesday,T095,False,3,22,6,15:00:00,18:00:00,1
3,Wednesday,T121,False,5,21,5,14:00:00,17:00:00,1
2,Tuesday,T127,True,5,13,5,14:00:00,17:00:00,1
4,Thursday,T056,True,3,30,6,15:00:00,18:00:00,1
5,Friday,T078,False,4,39,7,18:20:00,21:20:00,1
2,Tuesday,T084,True,5,15,7,18:20:00,21:20:00,1
5,Friday,T018,False,6,34,2,10:00:00,13:00:00,1
5,Friday,T096,True,10,39,7,18:20:00,21:20:00,1
2,Tuesday,T005,True,8,9,1,07:00:00,10:00:00,1
1,Monday,T047,True,7,1,1,07:00:00,10:00:00,1
4,Thursday,T015,True,9,31,7,18:20:00,21:20:00,1
1,Monday,T032,False,4,6,6,15:00:00,18:00:00,1
2,Tuesday,T074,True,4,15,7,18:20:00,21:20:00,1
4,Thursday,T102,False,5,29,5,14:00:00,17:00:00,1
3,Wednesday,T061,True,8,21,5,14:00:00,17:00:00,1
1,Monday,T112,False,9,7,7,18:20:00,21:20:00,1
6,Saturday,T043,True,7,46,6,15:00:00,18:00:00,1
5,Friday,T027,True,6,34,2,10:00:00,13:00:00,1
5,Friday,T169,True,9,39,7,18:20:00,21:20:00,1
5,Friday,T075,False,3,34,2,10:00:00,13:00:00,1
3,Wednesday,T053,True,8,24,8,18:20:00,22:20:00,1
5,Friday,T078,True,3,33,1,07:00:00,10:00:00,1
4,Thursday,T048,False,4,30,6,15:00:00,18:00:00,1
4,Thursday,T176,False,8,25,1,07:00:00,10:00:00,1
4,Thursday,T025,False,6,29,5,14:00:00,17:00:00,1
6,Saturday,T043,False,4,47,7,18:20:00,21:20:00,1
4,Thursday,T038,True,5,31,7,18:20:00,21:20:00,1
1,Monday,T052,True,8,6,6,15:00:00,18:00:00,1
4,Thursday,T015,True,8,30,6,15:00:00,18:00:00,1
3,Wednesday,T011,False,4,22,6,15:00:00,18:00:00,1
2,Tuesday,T107,False,8,16,8,18:20:00,22:20:00,1
5,Friday,T167,False,10,33,1,07:00:00,10:00:00,1
6,Saturday,T009,True,3,41,1,07:00:00,10:00:00,1
2,Tuesday,T107,False,10,12,4,13:00:00,16:00:00,1
2,Tuesday,T004,True,6,11,3,09:00:00,12:00:00,1
4,Thursday,T159,True,6,31,7,18:20:00,21:20:00,1
5,Friday,T069,True,5,37,5,14:00:00,17:00:00,1
3,Wednesday,T143,True,6,21,5,14:00:00,17:00:00,1
5,Friday,T185,False,10,33,1,07:00:00,10:00:00,1
1,Monday,T044,True,10,6,6,15:00:00,18:00:00,1
2,Tuesday,T107,False,5,11,3,09:00:00,12:00:00,1
2,Tuesday,T025,True,6,13,5,14:00:00,17:00:00,1
4,Thursday,T097,False,3,29,5,14:00:00,17:00:00,1
3,Wednesday,T094,True,5,23,7,18:20:00,21:20:00,1
3,Wednesday,T121,True,9,22,6,15:00:00,18:00:00,1
1,Monday,T078,False,3,2,2,10:00:00,13:00:00,1
6,Saturday,T070,False,6,42,2,10:00:00,13:00:00,1
3,Wednesday,T112,False,7,17,1,07:00:00,10:00:00,1
2,Tuesday,T112,False,5,14,6,15:00:00,18:00:00,1
3,Wednesday,T107,False,8,58,11,17:00:00,20:00:00,1
4,Thursday,T018,True,9,26,2,10:00:00,13:00:00,1
1,Monday,T113,False,4,3,3,09:00:00,12:00:00,1
1,Monday,T112,False,5,4,4,13:00:00,16:00:00,1
3,Wednesday,T065,False,4,21,5,14:00:00,17:00:00,1
1,Monday,T033,False,3,6,6,15:00:00,18:00:00,1
2,Tuesday,T094,False,8,14,6,15:00:00,18:00:00,1
3,Wednesday,T003,False,3,17,1,07:00:00,10:00:00,1
5,Friday,T136,False,5,33,1,07:00:00,10:00:00,1
3,Wednesday,T062,False,7,23,7,18:20:00,21:20:00,1
5,Friday,T065,False,3,37,5,14:00:00,17:00:00,1
5,Friday,T107,False,10,33,1,07:00:00,10:00:00,1
2,Tuesday,T027,True,9,10,2,10:00:00,13:00:00,1
3,Wednesday,T064,True,9,17,1,07:00:00,10:00:00,1
3,Wednesday,T017,True,5,21,5,14:00:00,17:00:00,1
2,Tuesday,T162,True,6,9,1,07:00:00,10:00:00,1
1,Monday,T019,True,8,8,8,18:20:00,22:20:00,1
1,Monday,T084,True,4,5,5,14:00:00,17:00:00,1
3,Wednesday,T118,True,8,17,1,07:00:00,10:00:00,1
6,Saturday,T119,False,4,42,2,10:00:00,13:00:00,1
1,Monday,T112,False,9,1,1,07:00:00,10:00:00,1
4,Thursday,T066,True,3,31,7,18:20:00,21:20:00,1
4,Thursday,T131,True,5,30,6,15:00:00,18:00:00,1
4,Thursday,T133,False,7,26,2,10:00:00,13:00:00,1
2,Tuesday,T107,False,3,12,4,13:00:00,16:00:00,1
5,Friday,T181,True,10,38,6,15:00:00,18:00:00,1
5,Friday,T166,False,7,38,6,15:00:00,18:00:00,1
3,Wednesday,T165,True,10,22,6,15:00:00,18:00:00,1
4,Thursday,T015,True,4,30,6,15:00:00,18:00:00,1
3,Wednesday,T107,False,10,22,6,15:00:00,18:00:00,1
5,Friday,T017,True,6,38,6,15:00:00,18:00:00,1
4,Thursday,T068,True,3,25,1,07:00:00,10:00:00,1
6,Saturday,T112,False,3,46,6,15:00:00,18:00:00,1
1,Monday,T014,False,3,6,6,15:00:00,18:00:00,1
4,Thursday,T053,True,10,31,7,18:20:00,21:20:00,1
2,Tuesday,T005,False,3,10,2,10:00:00,13:00:00,1
1,Monday,T118,True,7,6,6,15:00:00,18:00:00,1
2,Tuesday,T107,True,3,10,2,10:00:00,13:00:00,1
3,Wednesday,T011,False,4,24,8,18:20:00,22:20:00,1
4,Thursday,T196,False,8,26,2,10:00:00,13:00:00,1
2,Tuesday,T147,False,5,14,6,15:00:00,18:00:00,1
4,Thursday,T121,False,5,25,1,07:00:00,10:00:00,1
2,Tuesday,T112,False,8,49,9,06:00:00,09:00:00,1
1,Monday,T217,False,9,1,1,07:00:00,10:00:00,1
3,Wednesday,T003,False,4,19,3,09:00:00,12:00:00,1
3,Wednesday,T026,True,4,21,5,14:00:00,17:00:00,1
3,Wednesday,T076,False,4,17,1,07:00:00,10:00:00,1
3,Wednesday,T143,False,5,17,1,07:00:00,10:00:00,1
5,Friday,T023,False,8,40,8,18:20:00,22:20:00,1
5,Friday,T034,True,7,38,6,15:00:00,18:00:00,1
1,Monday,T118,True,8,5,5,14:00:00,17:00:00,1
1,Monday,T107,False,8,7,7,18:20:00,21:20:00,1
4,Thursday,T025,False,10,25,1,07:00:00,10:00:00,1
1,Monday,T047,False,4,4,4,13:00:00,16:00:00,1
4,Thursday,T005,True,6,28,4,13:00:00,16:00:00,1
6,Saturday,T107,False,6,41,1,07:00:00,10:00:00,1
3,Wednesday,T152,True,10,23,7,18:20:00,21:20:00,1
4,Thursday,T013,False,10,32,8,18:20:00,22:20:00,1
6,Saturday,T047,False,3,46,6,15:00:00,18:00:00,1
1,Monday,T101,True,3,1,1,07:00:00,10:00:00,1
4,Thursday,T233,True,9,30,6,15:00:00,18:00:00,1
5,Friday,T047,True,4,33,1,07:00:00,10:00:00,1
5,Friday,T025,True,8,34,2,10:00:00,13:00:00,1
2,Tuesday,T131,True,9,13,5,14:00:00,17:00:00,1
6,Saturday,T019,True,3,42,2,10:00:00,13:00:00,1
1,Monday,T078,False,4,2,2,10:00:00,13:00:00,1
4,Thursday,T100,False,5,32,8,18:20:00,22:20:00,1
3,Wednesday,T057,False,4,22,6,15:00:00,18:00:00,1
2,Tuesday,T038,False,5,15,7,18:20:00,21:20:00,1
1,Monday,T025,False,8,5,5,14:00:00,17:00:00,1
5,Friday,T078,True,3,39,7,18:20:00,21:20:00,1
4,Thursday,T091,False,5,26,2,10:00:00,13:00:00,1
5,Friday,T042,True,9,39,7,18:20:00,21:20:00,1
4,Thursday,T010,True,5,26,2,10:00:00,13:00:00,1
4,Thursday,T003,False,5,31,7,18:20:00,21:20:00,1
2,Tuesday,T062,False,4,9,1,07:00:00,10:00:00,1
2,Tuesday,T057,False,7,9,1,07:00:00,10:00:00,1
3,Wednesday,T042,False,4,20,4,13:00:00,16:00:00,1
2,Tuesday,T173,True,6,13,5,14:00:00,17:00:00,1
4,Thursday,T112,False,8,28,4,13:00:00,16:00:00,1
3,Wednesday,T003,False,7,17,1,07:00:00,10:00:00,1
3,Wednesday,T220,True,8,18,2,10:00:00,13:00:00,1
3,Wednesday,T053,False,3,17,1,07:00:00,10:00:00,1
2,Tuesday,T108,True,5,13,5,14:00:00,17:00:00,1
6,Saturday,T051,True,9,66,11,17:00:00,20:00:00,1
5,Friday,T078,False,3,40,8,18:20:00,22:20:00,1
5,Friday,T131,False,8,33,1,07:00:00,10:00:00,1
5,Friday,T133,False,4,33,1,07:00:00,10:00:00,1
4,Thursday,T107,False,4,31,7,18:20:00,21:20:00,1
6,Saturday,T066,False,6,46,6,15:00:00,18:00:00,1
6,Saturday,T050,False,6,44,4,13:00:00,16:00:00,1
5,Friday,T180,False,7,34,2,10:00:00,13:00:00,1
3,Wednesday,T006,False,7,17,1,07:00:00,10:00:00,1
4,Thursday,T013,True,9,25,1,07:00:00,10:00:00,1
5,Friday,T078,False,4,34,2,10:00:00,13:00:00,1
1,Monday,T100,True,7,6,6,15:00:00,18:00:00,1
4,Thursday,T068,True,6,27,3,09:00:00,12:00:00,1
6,Saturday,T066,False,7,68,13,05:00:00,08:00:00,1
4,Thursday,T066,False,3,30,6,15:00:00,18:00:00,1
4,Thursday,T061,True,5,29,5,14:00:00,17:00:00,1
6,Saturday,T066,False,6,47,7,18:20:00,21:20:00,1
3,Wednesday,T075,False,8,21,5,14:00:00,17:00:00,1
1,Monday,T112,False,3,2,2,10:00:00,13:00:00,1
4,Thursday,T064,True,6,31,7,18:20:00,21:20:00,1
5,Friday,T068,True,5,34,2,10:00:00,13:00:00,1
5,Friday,T094,False,5,40,8,18:20:00,22:20:00,1
1,Monday,T160,False,8,3,3,09:00:00,12:00:00,1
3,Wednesday,T149,True,7,23,7,18:20:00,21:20:00,1
6,Saturday,T130,True,8,47,7,18:20:00,21:20:00,1
3,Wednesday,T026,True,9,21,5,14:00:00,17:00:00,1
4,Thursday,T112,False,10,64,12,06:00:00,09:00:00,1
3,Wednesday,T112,False,8,63,12,06:00:00,09:00:00,1
5,Friday,T107,True,5,38,6,15:00:00,18:00:00,1
3,Wednesday,T072,True,7,21,5,14:00:00,17:00:00,1
3,Wednesday,T113,True,9,22,6,15:00:00,18:00:00,1
2,Tuesday,T173,False,7,9,1,07:00:00,10:00:00,1
2,Tuesday,T041,True,10,15,7,18:20:00,21:20:00,1
5,Friday,T066,False,7,38,6,15:00:00,18:00:00,1
4,Thursday,T005,False,7,26,2,10:00:00,13:00:00,1
3,Wednesday,T017,False,7,17,1,07:00:00,10:00:00,1
2,Tuesday,T107,False,10,13,5,14:00:00,17:00:00,1
4,Thursday,T008,False,7,25,1,07:00:00,10:00:00,1
4,Thursday,T075,True,8,29,5,14:00:00,17:00:00,1
1,Monday,T040,True,8,5,5,14:00:00,17:00:00,1
3,Wednesday,T113,False,9,18,2,10:00:00,13:00:00,1
3,Wednesday,T105,True,10,21,5,14:00:00,17:00:00,1
4,Thursday,T068,True,10,26,2,10:00:00,13:00:00,1
3,Wednesday,T042,False,7,21,5,14:00:00,17:00:00,1
4,Thursday,T098,False,7,25,1,07:00:00,10:00:00,1
1,Monday,T121,True,8,5,5,14:00:00,17:00:00,1
2,Tuesday,T041,False,5,15,7,18:20:00,21:20:00,1
3,Wednesday,T179,False,7,22,6,15:00:00,18:00:00,1
5,Friday,T123,False,5,35,3,09:00:00,12:00:00,1
2,Tuesday,T078,False,4,10,2,10:00:00,13:00:00,1
2,Tuesday,T039,False,4,15,7,18:20:00,21:20:00,1
3,Wednesday,T056,True,9,22,6,15:00:00,18:00:00,1
2,Tuesday,T112,False,7,10,2,10:00:00,13:00:00,1
2,Tuesday,T112,False,7,62,12,06:00:00,09:00:00,1
4,Thursday,T099,True,10,30,6,15:00:00,18:00:00,1
6,Saturday,T087,False,3,42,2,10:00:00,13:00:00,1
2,Tuesday,T144,True,6,10,2,10:00:00,13:00:00,1
3,Wednesday,T066,False,4,19,3,09:00:00,12:00:00,1
6,Saturday,T130,False,7,47,7,18:20:00,21:20:00,1
6,Saturday,T110,False,8,42,2,10:00:00,13:00:00,1
2,Tuesday,T005,True,4,9,1,07:00:00,10:00:00,1
2,Tuesday,T097,False,7,14,6,15:00:00,18:00:00,1
2,Tuesday,T197,False,8,15,7,18:20:00,21:20:00,1
5,Friday,T008,False,7,33,1,07:00:00,10:00:00,1
6,Saturday,T112,False,7,41,1,07:00:00,10:00:00,1
2,Tuesday,T145,True,8,15,7,18:20:00,21:20:00,1
5,Friday,T016,False,5,34,2,10:00:00,13:00:00,1
6,Saturday,T051,False,4,43,3,09:00:00,12:00:00,1
1,Monday,T075,True,6,4,4,13:00:00,16:00:00,1
1,Monday,T112,False,7,4,4,13:00:00,16:00:00,1
3,Wednesday,T210,False,10,19,3,09:00:00,12:00:00,1
6,Saturday,T176,False,7,46,6,15:00:00,18:00:00,1
3,Wednesday,T094,True,7,23,7,18:20:00,21:20:00,1
3,Wednesday,T112,False,9,53,10,17:00:00,19:00:00,1
3,Wednesday,T015,False,3,24,8,18:20:00,22:20:00,1
3,Wednesday,T107,False,9,63,12,06:00:00,09:00:00,1
2,Tuesday,T061,False,8,13,5,14:00:00,17:00:00,1
4,Thursday,T112,False,9,64,12,06:00:00,09:00:00,1
6,Saturday,T130,True,4,47,7,18:20:00,21:20:00,1
5,Friday,T226,False,10,38,6,15:00:00,18:00:00,1
6,Saturday,T112,False,10,67,10,17:00:00,19:00:00,1
2,Tuesday,T005,True,9,12,4,13:00:00,16:00:00,1
4,Thursday,T107,False,8,25,1,07:00:00,10:00:00,1
3,Wednesday,T121,True,6,19,3,09:00:00,12:00:00,1
2,Tuesday,T112,False,5,13,5,14:00:00,17:00:00,1
6,Saturday,T009,True,7,42,2,10:00:00,13:00:00,1
4,Thursday,T112,False,5,28,4,13:00:00,16:00:00,1
2,Tuesday,T112,False,9,15,7,18:20:00,21:20:00,1
2,Tuesday,T001,False,7,9,1,07:00:00,10:00:00,1
1,Monday,T039,True,6,7,7,18:20:00,21:20:00,1
6,Saturday,T051,False,7,44,4,13:00:00,16:00:00,1
4,Thursday,T070,False,5,30,6,15:00:00,18:00:00,1
1,Monday,T040,True,7,5,5,14:00:00,17:00:00,1
1,Monday,T238,False,10,1,1,07:00:00,10:00:00,1
1,Monday,T078,False,3,6,6,15:00:00,18:00:00,1
2,Tuesday,T009,False,7,9,1,07:00:00,10:00:00,1
2,Tuesday,T038,False,4,15,7,18:20:00,21:20:00,1
4,Thursday,T112,False,9,30,6,15:00:00,18:00:00,1
1,Monday,T078,False,3,5,5,14:00:00,17:00:00,1
6,Saturday,T022,False,3,41,1,07:00:00,10:00:00,1
4,Thursday,T192,True,8,26,2,10:00:00,13:00:00,1
6,Saturday,T009,True,9,41,1,07:00:00,10:00:00,1
1,Monday,T078,False,4,8,8,18:20:00,22:20:00,1
3,Wednesday,T003,False,3,18,2,10:00:00,13:00:00,1
5,Friday,T016,False,4,33,1,07:00:00,10:00:00,1
2,Tuesday,T144,True,5,9,1,07:00:00,10:00:00,1
4,Thursday,T043,False,4,25,1,07:00:00,10:00:00,1
1,Monday,T057,False,4,2,2,10:00:00,13:00:00,1
5,Friday,T069,False,4,36,4,13:00:00,16:00:00,1
2,Tuesday,T150,False,4,14,6,15:00:00,18:00:00,1
1,Monday,T160,True,6,5,5,14:00:00,17:00:00,1
3,Wednesday,T066,False,7,19,3,09:00:00,12:00:00,1
1,Monday,T118,True,10,3,3,09:00:00,12:00:00,1
4,Thursday,T075,True,5,25,1,07:00:00,10:00:00,1
5,Friday,T016,False,7,65,12,06:00:00,09:00:00,1
5,Friday,T119,True,10,38,6,15:00:00,18:00:00,1
1,Monday,T041,True,7,6,6,15:00:00,18:00:00,1
5,Friday,T125,False,5,37,5,14:00:00,17:00:00,1
5,Friday,T226,False,10,37,5,14:00:00,17:00:00,1
4,Thursday,T018,True,3,29,5,14:00:00,17:00:00,1
2,Tuesday,T009,False,4,9,1,07:00:00,10:00:00,1
1,Monday,T025,True,10,5,5,14:00:00,17:00:00,1
4,Thursday,T001,False,10,25,1,07:00:00,10:00:00,1
3,Wednesday,T021,False,7,18,2,10:00:00,13:00:00,1
6,Saturday,T107,False,4,44,4,13:00:00,16:00:00,1
2,Tuesday,T082,True,3,10,2,10:00:00,13:00:00,1
3,Wednesday,T091,False,5,19,3,09:00:00,12:00:00,1
1,Monday,T170,False,9,1,1,07:00:00,10:00:00,1
4,Thursday,T234,True,10,31,7,18:20:00,21:20:00,1
2,Tuesday,T048,True,4,10,2,10:00:00,13:00:00,1
2,Tuesday,T027,True,10,10,2,10:00:00,13:00:00,1
3,Wednesday,T032,True,9,23,7,18:20:00,21:20:00,1
3,Wednesday,T023,True,4,24,8,18:20:00,22:20:00,1
3,Wednesday,T061,True,6,17,1,07:00:00,10:00:00,1
4,Thursday,T061,True,7,25,1,07:00:00,10:00:00,1
1,Monday,T107,False,10,2,2,10:00:00,13:00:00,1
2,Tuesday,T074,True,10,15,7,18:20:00,21:20:00,1
4,Thursday,T015,True,6,31,7,18:20:00,21:20:00,1
2,Tuesday,T025,False,3,9,1,07:00:00,10:00:00,1
2,Tuesday,T113,False,5,15,7,18:20:00,21:20:00,1
5,Friday,T189,False,7,33,1,07:00:00,10:00:00,1
1,Monday,T236,False,9,5,5,14:00:00,17:00:00,1
2,Tuesday,T066,True,6,15,7,18:20:00,21:20:00,1
3,Wednesday,T140,False,9,17,1,07:00:00,10:00:00,1
1,Monday,T105,True,10,6,6,15:00:00,18:00:00,1
4,Thursday,T192,True,9,29,5,14:00:00,17:00:00,1
2,Tuesday,T004,True,8,13,5,14:00:00,17:00:00,1
6,Saturday,T112,False,3,47,7,18:20:00,21:20:00,1
2,Tuesday,T080,False,10,14,6,15:00:00,18:00:00,1
3,Wednesday,T038,False,3,23,7,18:20:00,21:20:00,1
3,Wednesday,T113,False,7,17,1,07:00:00,10:00:00,1
1,Monday,T217,False,9,56,11,17:00:00,20:00:00,1
1,Monday,T107,False,9,2,2,10:00:00,13:00:00,1
4,Thursday,T028,True,6,27,3,09:00:00,12:00:00,1
1,Monday,T107,False,5,2,2,10:00:00,13:00:00,1
4,Thursday,T010,False,7,30,6,15:00:00,18:00:00,1
6,Saturday,T030,False,8,41,1,07:00:00,10:00:00,1
5,Friday,T140,True,6,35,3,09:00:00,12:00:00,1
3,Wednesday,T072,True,3,21,5,14:00:00,17:00:00,1
3,Wednesday,T008,False,5,17,1,07:00:00,10:00:00,1
4,Thursday,T142,False,6,32,8,18:20:00,22:20:00,1
4,Thursday,T015,True,7,31,7,18:20:00,21:20:00,1
6,Saturday,T094,False,3,47,7,18:20:00,21:20:00,1
3,Wednesday,T081,False,6,18,2,10:00:00,13:00:00,1
5,Friday,T112,False,10,36,4,13:00:00,16:00:00,1
5,Friday,T055,False,3,37,5,14:00:00,17:00:00,1
6,Saturday,T064,False,4,46,6,15:00:00,18:00:00,1
6,Saturday,T137,False,4,43,3,09:00:00,12:00:00,1
3,Wednesday,T105,True,6,17,1,07:00:00,10:00:00,1
2,Tuesday,T112,False,8,13,5,14:00:00,17:00:00,1
4,Thursday,T072,False,10,27,3,09:00:00,12:00:00,1
3,Wednesday,T026,True,6,21,5,14:00:00,17:00:00,1
3,Wednesday,T084,False,9,17,1,07:00:00,10:00:00,1
4,Thursday,T006,True,3,30,6,15:00:00,18:00:00,1
4,Thursday,T086,True,3,26,2,10:00:00,13:00:00,1
4,Thursday,T083,True,3,25,1,07:00:00,10:00:00,1
2,Tuesday,T010,False,7,14,6,15:00:00,18:00:00,1
4,Thursday,T025,False,7,25,1,07:00:00,10:00:00,1
3,Wednesday,T066,True,4,23,7,18:20:00,21:20:00,1
3,Wednesday,T118,False,4,21,5,14:00:00,17:00:00,1
5,Friday,T141,False,4,34,2,10:00:00,13:00:00,1
6,Saturday,T029,False,7,42,2,10:00:00,13:00:00,1
5,Friday,T003,False,7,34,2,10:00:00,13:00:00,1
4,Thursday,T075,False,7,26,2,10:00:00,13:00:00,1
5,Friday,T042,False,4,40,8,18:20:00,22:20:00,1
2,Tuesday,T005,True,4,13,5,14:00:00,17:00:00,1
2,Tuesday,T179,False,8,14,6,15:00:00,18:00:00,1
6,Saturday,T047,True,8,46,6,15:00:00,18:00:00,1
3,Wednesday,T152,False,7,17,1,07:00:00,10:00:00,1
6,Saturday,T085,True,8,46,6,15:00:00,18:00:00,1
3,Wednesday,T003,True,8,19,3,09:00:00,12:00:00,1
6,Saturday,T094,False,3,48,8,18:20:00,22:20:00,1
4,Thursday,T027,True,7,26,2,10:00:00,13:00:00,1
2,Tuesday,T078,False,4,12,4,13:00:00,16:00:00,1
4,Thursday,T001,True,10,27,3,09:00:00,12:00:00,1
3,Wednesday,T074,True,10,18,2,10:00:00,13:00:00,1
5,Friday,T062,True,6,33,1,07:00:00,10:00:00,1
5,Friday,T024,False,5,39,7,18:20:00,21:20:00,1
1,Monday,T199,False,8,1,1,07:00:00,10:00:00,1
5,Friday,T012,True,8,33,1,07:00:00,10:00:00,1
5,Friday,T113,False,3,38,6,15:00:00,18:00:00,1
5,Friday,T022,False,3,40,8,18:20:00,22:20:00,1
4,Thursday,T128,False,7,25,1,07:00:00,10:00:00,1
1,Monday,T043,True,7,1,1,07:00:00,10:00:00,1
3,Wednesday,T112,False,7,21,5,14:00:00,17:00:00,1
4,Thursday,T066,False,3,29,5,14:00:00,17:00:00,1
4,Thursday,T160,False,7,25,1,07:00:00,10:00:00,1
3,Wednesday,T027,True,7,18,2,10:00:00,13:00:00,1
3,Wednesday,T041,True,9,22,6,15:00:00,18:00:00,1
5,Friday,T166,True,6,38,6,15:00:00,18:00:00,1
4,Thursday,T140,True,7,29,5,14:00:00,17:00:00,1
3,Wednesday,T099,True,8,22,6,15:00:00,18:00:00,1
6,Saturday,T217,False,8,45,5,14:00:00,17:00:00,1
2,Tuesday,T007,False,3,10,2,10:00:00,13:00:00,1
4,Thursday,T007,False,6,32,8,18:20:00,22:20:00,1
1,Monday,T163,False,7,6,6,15:00:00,18:00:00,1
2,Tuesday,T107,False,10,57,11,17:00:00,20:00:00,1
4,Thursday,T094,False,3,25,1,07:00:00,10:00:00,1
1,Monday,T087,False,8,1,1,07:00:00,10:00:00,1
3,Wednesday,T041,False,8,23,7,18:20:00,21:20:00,1
2,Tuesday,T085,False,6,16,8,18:20:00,22:20:00,1
4,Thursday,T041,True,6,30,6,15:00:00,18:00:00,1
1,Monday,T008,False,9,1,1,07:00:00,10:00:00,1
2,Tuesday,T107,False,10,11,3,09:00:00,12:00:00,1
5,Friday,T097,False,3,34,2,10:00:00,13:00:00,1
1,Monday,T075,True,9,5,5,14:00:00,17:00:00,1
2,Tuesday,T119,False,6,49,9,06:00:00,09:00:00,1
5,Friday,T102,False,4,37,5,14:00:00,17:00:00,1
3,Wednesday,T003,True,5,21,5,14:00:00,17:00:00,1
1,Monday,T070,True,6,6,6,15:00:00,18:00:00,1
6,Saturday,T186,False,7,46,6,15:00:00,18:00:00,1
3,Wednesday,T102,False,5,18,2,10:00:00,13:00:00,1
2,Tuesday,T017,False,6,10,2,10:00:00,13:00:00,1
2,Tuesday,T107,False,8,11,3,09:00:00,12:00:00,1
1,Monday,T107,False,10,51,10,17:00:00,19:00:00,1
1,Monday,T052,True,8,3,3,09:00:00,12:00:00,1
3,Wednesday,T118,False,8,19,3,09:00:00,12:00:00,1
2,Tuesday,T007,False,8,16,8,18:20:00,22:20:00,1
5,Friday,T041,True,5,38,6,15:00:00,18:00:00,1
2,Tuesday,T069,False,5,11,3,09:00:00,12:00:00,1
6,Saturday,T124,False,5,43,3,09:00:00,12:00:00,1
6,Saturday,T061,False,3,43,3,09:00:00,12:00:00,1
1,Monday,T017,True,8,2,2,10:00:00,13:00:00,1
2,Tuesday,T034,False,3,11,3,09:00:00,12:00:00,1
4,Thursday,T011,True,8,26,2,10:00:00,13:00:00,1
2,Tuesday,T012,True,10,15,7,18:20:00,21:20:00,1
1,Monday,T098,True,10,1,1,07:00:00,10:00:00,1
5,Friday,T107,False,7,55,10,17:00:00,19:00:00,1
2,Tuesday,T057,False,5,12,4,13:00:00,16:00:00,1
1,Monday,T102,True,9,6,6,15:00:00,18:00:00,1
2,Tuesday,T017,False,5,12,4,13:00:00,16:00:00,1
5,Friday,T011,True,7,34,2,10:00:00,13:00:00,1
2,Tuesday,T107,False,6,16,8,18:20:00,22:20:00,1
2,Tuesday,T176,True,8,10,2,10:00:00,13:00:00,1
6,Saturday,T051,False,10,68,13,05:00:00,08:00:00,1
2,Tuesday,T100,False,4,14,6,15:00:00,18:00:00,1
2,Tuesday,T048,False,6,16,8,18:20:00,22:20:00,1
3,Wednesday,T007,False,8,24,8,18:20:00,22:20:00,1
3,Wednesday,T107,False,8,17,1,07:00:00,10:00:00,1
3,Wednesday,T112,False,7,50,9,06:00:00,09:00:00,1
3,Wednesday,T013,False,6,24,8,18:20:00,22:20:00,1
5,Friday,T048,True,3,34,2,10:00:00,13:00:00,1
1,Monday,T100,False,4,8,8,18:20:00,22:20:00,1
5,Friday,T055,False,4,37,5,14:00:00,17:00:00,1
3,Wednesday,T061,True,7,17,1,07:00:00,10:00:00,1
3,Wednesday,T005,False,7,18,2,10:00:00,13:00:00,1
4,Thursday,T061,False,4,29,5,14:00:00,17:00:00,1
1,Monday,T057,False,4,7,7,18:20:00,21:20:00,1
2,Tuesday,T051,False,4,15,7,18:20:00,21:20:00,1
2,Tuesday,T044,False,7,13,5,14:00:00,17:00:00,1
2,Tuesday,T112,False,8,52,10,17:00:00,19:00:00,1
5,Friday,T093,False,4,39,7,18:20:00,21:20:00,1
5,Friday,T095,False,3,39,7,18:20:00,21:20:00,1
3,Wednesday,T107,False,3,22,6,15:00:00,18:00:00,1
6,Saturday,T165,True,7,46,6,15:00:00,18:00:00,1
4,Thursday,T095,False,3,31,7,18:20:00,21:20:00,1
3,Wednesday,T011,False,4,18,2,10:00:00,13:00:00,1
2,Tuesday,T112,False,7,52,10,17:00:00,19:00:00,1
3,Wednesday,T013,True,4,17,1,07:00:00,10:00:00,1
1,Monday,T158,True,7,5,5,14:00:00,17:00:00,1
1,Monday,T100,True,4,5,5,14:00:00,17:00:00,1
1,Monday,T057,False,7,4,4,13:00:00,16:00:00,1
4,Thursday,T131,False,10,30,6,15:00:00,18:00:00,1
3,Wednesday,T090,True,4,17,1,07:00:00,10:00:00,1
1,Monday,T016,True,9,1,1,07:00:00,10:00:00,1
3,Wednesday,T061,True,8,18,2,10:00:00,13:00:00,1
1,Monday,T185,False,8,3,3,09:00:00,12:00:00,1
3,Wednesday,T144,False,7,20,4,13:00:00,16:00:00,1
4,Thursday,T087,False,5,26,2,10:00:00,13:00:00,1
2,Tuesday,T070,True,7,14,6,15:00:00,18:00:00,1
2,Tuesday,T021,True,8,15,7,18:20:00,21:20:00,1
4,Thursday,T091,False,3,28,4,13:00:00,16:00:00,1
1,Monday,T107,False,5,4,4,13:00:00,16:00:00,1
2,Tuesday,T001,True,5,10,2,10:00:00,13:00:00,1
2,Tuesday,T080,True,8,10,2,10:00:00,13:00:00,1
2,Tuesday,T112,False,7,16,8,18:20:00,22:20:00,1
4,Thursday,T107,False,7,26,2,10:00:00,13:00:00,1
2,Tuesday,T120,False,9,9,1,07:00:00,10:00:00,1
6,Saturday,T070,False,7,42,2,10:00:00,13:00:00,1
1,Monday,T160,True,6,3,3,09:00:00,12:00:00,1
5,Friday,T144,True,7,37,5,14:00:00,17:00:00,1
4,Thursday,T030,True,9,31,7,18:20:00,21:20:00,1
3,Wednesday,T068,True,4,21,5,14:00:00,17:00:00,1
3,Wednesday,T002,False,3,21,5,14:00:00,17:00:00,1
2,Tuesday,T083,True,5,9,1,07:00:00,10:00:00,1
3,Wednesday,T003,False,10,17,1,07:00:00,10:00:00,1
2,Tuesday,T016,False,4,13,5,14:00:00,17:00:00,1
3,Wednesday,T073,True,3,18,2,10:00:00,13:00:00,1
3,Wednesday,T107,False,4,20,4,13:00:00,16:00:00,1
2,Tuesday,T150,True,5,14,6,15:00:00,18:00:00,1
6,Saturday,T053,False,3,44,4,13:00:00,16:00:00,1
1,Monday,T163,False,7,3,3,09:00:00,12:00:00,1
5,Friday,T026,True,10,39,7,18:20:00,21:20:00,1
1,Monday,T040,False,3,4,4,13:00:00,16:00:00,1
4,Thursday,T061,False,4,26,2,10:00:00,13:00:00,1
3,Wednesday,T152,True,5,17,1,07:00:00,10:00:00,1
3,Wednesday,T143,True,6,22,6,15:00:00,18:00:00,1
4,Thursday,T058,False,3,25,1,07:00:00,10:00:00,1
3,Wednesday,T097,False,7,22,6,15:00:00,18:00:00,1
4,Thursday,T079,False,3,27,3,09:00:00,12:00:00,1
3,Wednesday,T044,True,8,18,2,10:00:00,13:00:00,1
5,Friday,T073,False,4,34,2,10:00:00,13:00:00,1
5,Friday,T096,False,4,39,7,18:20:00,21:20:00,1
3,Wednesday,T041,True,6,22,6,15:00:00,18:00:00,1
1,Monday,T025,True,3,1,1,07:00:00,10:00:00,1
5,Friday,T219,True,9,38,6,15:00:00,18:00:00,1
4,Thursday,T107,False,9,26,2,10:00:00,13:00:00,1
5,Friday,T233,True,9,38,6,15:00:00,18:00:00,1
5,Friday,T018,False,3,34,2,10:00:00,13:00:00,1
2,Tuesday,T057,False,4,12,4,13:00:00,16:00:00,1
2,Tuesday,T070,False,7,15,7,18:20:00,21:20:00,1
3,Wednesday,T107,False,8,50,9,06:00:00,09:00:00,1
6,Saturday,T053,True,9,45,5,14:00:00,17:00:00,1
5,Friday,T105,False,6,34,2,10:00:00,13:00:00,1
3,Wednesday,T169,True,8,18,2,10:00:00,13:00:00,1
1,Monday,T075,False,9,1,1,07:00:00,10:00:00,1
2,Tuesday,T092,True,7,13,5,14:00:00,17:00:00,1
4,Thursday,T017,False,4,25,1,07:00:00,10:00:00,1
2,Tuesday,T064,False,3,15,7,18:20:00,21:20:00,1
5,Friday,T018,False,7,37,5,14:00:00,17:00:00,1
3,Wednesday,T061,True,5,21,5,14:00:00,17:00:00,1
4,Thursday,T005,True,5,25,1,07:00:00,10:00:00,1
4,Thursday,T083,False,7,25,1,07:00:00,10:00:00,1
6,Saturday,T053,True,10,45,5,14:00:00,17:00:00,1
1,Monday,T100,False,5,2,2,10:00:00,13:00:00,1
4,Thursday,T062,False,7,31,7,18:20:00,21:20:00,1
4,Thursday,T102,False,5,30,6,15:00:00,18:00:00,1
2,Tuesday,T112,False,6,13,5,14:00:00,17:00:00,1
2,Tuesday,T112,False,10,62,12,06:00:00,09:00:00,1
4,Thursday,T070,True,10,30,6,15:00:00,18:00:00,1
2,Tuesday,T094,True,8,15,7,18:20:00,21:20:00,1
2,Tuesday,T066,True,4,15,7,18:20:00,21:20:00,1
2,Tuesday,T105,True,8,13,5,14:00:00,17:00:00,1
5,Friday,T026,True,4,39,7,18:20:00,21:20:00,1
4,Thursday,T005,True,9,29,5,14:00:00,17:00:00,1
4,Thursday,T053,True,6,31,7,18:20:00,21:20:00,1
2,Tuesday,T062,True,9,15,7,18:20:00,21:20:00,1
5,Friday,T112,False,10,35,3,09:00:00,12:00:00,1
3,Wednesday,T074,True,5,19,3,09:00:00,12:00:00,1
4,Thursday,T001,False,8,25,1,07:00:00,10:00:00,1
5,Friday,T031,False,4,33,1,07:00:00,10:00:00,1
3,Wednesday,T017,False,7,21,5,14:00:00,17:00:00,1
5,Friday,T030,True,4,39,7,18:20:00,21:20:00,1
2,Tuesday,T162,False,7,10,2,10:00:00,13:00:00,1
3,Wednesday,T017,True,10,24,8,18:20:00,22:20:00,1
4,Thursday,T043,True,5,30,6,15:00:00,18:00:00,1
1,Monday,T163,True,6,2,2,10:00:00,13:00:00,1
6,Saturday,T034,False,8,46,6,15:00:00,18:00:00,1
3,Wednesday,T006,False,6,24,8,18:20:00,22:20:00,1
3,Wednesday,T151,True,10,18,2,10:00:00,13:00:00,1
3,Wednesday,T097,False,3,21,5,14:00:00,17:00:00,1
4,Thursday,T087,True,8,31,7,18:20:00,21:20:00,1
2,Tuesday,T112,False,10,57,11,17:00:00,20:00:00,1
6,Saturday,T158,False,7,41,1,07:00:00,10:00:00,1
6,Saturday,T007,False,5,44,4,13:00:00,16:00:00,1
3,Wednesday,T121,True,8,22,6,15:00:00,18:00:00,1
1,Monday,T007,False,3,8,8,18:20:00,22:20:00,1
2,Tuesday,T113,False,6,16,8,18:20:00,22:20:00,1
5,Friday,T131,True,4,33,1,07:00:00,10:00:00,1
4,Thursday,T026,True,10,31,7,18:20:00,21:20:00,1
3,Wednesday,T027,False,5,19,3,09:00:00,12:00:00,1
4,Thursday,T047,True,10,25,1,07:00:00,10:00:00,1
4,Thursday,T185,False,8,27,3,09:00:00,12:00:00,1
3,Wednesday,T111,False,4,17,1,07:00:00,10:00:00,1
3,Wednesday,T033,False,7,21,5,14:00:00,17:00:00,1
3,Wednesday,T057,False,4,23,7,18:20:00,21:20:00,1
4,Thursday,T047,False,3,25,1,07:00:00,10:00:00,1
3,Wednesday,T107,False,5,21,5,14:00:00,17:00:00,1
2,Tuesday,T074,True,8,15,7,18:20:00,21:20:00,1
2,Tuesday,T001,False,9,9,1,07:00:00,10:00:00,1
6,Saturday,T107,False,10,42,2,10:00:00,13:00:00,1
4,Thursday,T019,False,3,30,6,15:00:00,18:00:00,1
1,Monday,T070,False,6,7,7,18:20:00,21:20:00,1
2,Tuesday,T001,True,6,11,3,09:00:00,12:00:00,1
5,Friday,T091,False,3,38,6,15:00:00,18:00:00,1
4,Thursday,T102,True,3,29,5,14:00:00,17:00:00,1
2,Tuesday,T053,True,7,15,7,18:20:00,21:20:00,1
4,Thursday,T086,True,8,26,2,10:00:00,13:00:00,1
4,Thursday,T087,False,3,31,7,18:20:00,21:20:00,1
5,Friday,T151,True,6,37,5,14:00:00,17:00:00,1
5,Friday,T065,False,5,37,5,14:00:00,17:00:00,1
6,Saturday,T009,True,5,41,1,07:00:00,10:00:00,1
4,Thursday,T032,True,7,30,6,15:00:00,18:00:00,1
4,Thursday,T017,False,3,31,7,18:20:00,21:20:00,1
2,Tuesday,T079,True,6,15,7,18:20:00,21:20:00,1
5,Friday,T112,False,8,34,2,10:00:00,13:00:00,1
1,Monday,T120,False,6,1,1,07:00:00,10:00:00,1
3,Wednesday,T013,False,3,18,2,10:00:00,13:00:00,1
2,Tuesday,T070,True,8,13,5,14:00:00,17:00:00,1
3,Wednesday,T029,True,8,21,5,14:00:00,17:00:00,1
3,Wednesday,T107,False,9,18,2,10:00:00,13:00:00,1
5,Friday,T094,False,4,37,5,14:00:00,17:00:00,1
5,Friday,T100,True,6,38,6,15:00:00,18:00:00,1
1,Monday,T107,False,6,5,5,14:00:00,17:00:00,1
2,Tuesday,T181,True,8,10,2,10:00:00,13:00:00,1
3,Wednesday,T234,True,10,22,6,15:00:00,18:00:00,1
2,Tuesday,T003,False,4,13,5,14:00:00,17:00:00,1
2,Tuesday,T043,True,5,15,7,18:20:00,21:20:00,1
6,Saturday,T070,True,3,47,7,18:20:00,21:20:00,1
5,Friday,T055,False,3,38,6,15:00:00,18:00:00,1
4,Thursday,T107,False,8,32,8,18:20:00,22:20:00,1
6,Saturday,T005,True,3,42,2,10:00:00,13:00:00,1
5,Friday,T182,True,7,33,1,07:00:00,10:00:00,1
3,Wednesday,T066,False,3,19,3,09:00:00,12:00:00,1
2,Tuesday,T070,False,3,15,7,18:20:00,21:20:00,1
5,Friday,T107,False,5,36,4,13:00:00,16:00:00,1
4,Thursday,T024,True,5,31,7,18:20:00,21:20:00,1
6,Saturday,T112,False,9,46,6,15:00:00,18:00:00,1
2,Tuesday,T044,False,6,14,6,15:00:00,18:00:00,1
4,Thursday,T112,False,8,54,10,17:00:00,19:00:00,1
6,Saturday,T167,False,7,41,1,07:00:00,10:00:00,1
5,Friday,T219,False,10,38,6,15:00:00,18:00:00,1
2,Tuesday,T019,True,6,16,8,18:20:00,22:20:00,1
3,Wednesday,T066,False,7,50,9,06:00:00,09:00:00,1
4,Thursday,T078,False,4,25,1,07:00:00,10:00:00,1
4,Thursday,T027,False,8,25,1,07:00:00,10:00:00,1
4,Thursday,T061,True,8,30,6,15:00:00,18:00:00,1
2,Tuesday,T176,True,10,9,1,07:00:00,10:00:00,1
5,Friday,T148,True,7,39,7,18:20:00,21:20:00,1
5,Friday,T095,False,3,34,2,10:00:00,13:00:00,1
2,Tuesday,T069,False,3,13,5,14:00:00,17:00:00,1
1,Monday,T044,True,9,7,7,18:20:00,21:20:00,1
2,Tuesday,T044,False,6,16,8,18:20:00,22:20:00,1
6,Saturday,T111,False,6,47,7,18:20:00,21:20:00,1
4,Thursday,T097,False,3,32,8,18:20:00,22:20:00,1
3,Wednesday,T057,True,6,18,2,10:00:00,13:00:00,1
2,Tuesday,T112,True,6,9,1,07:00:00,10:00:00,1
3,Wednesday,T112,False,8,18,2,10:00:00,13:00:00,1
6,Saturday,T066,False,7,45,5,14:00:00,17:00:00,1
1,Monday,T043,False,5,6,6,15:00:00,18:00:00,1
2,Tuesday,T001,False,10,9,1,07:00:00,10:00:00,1
1,Monday,T112,False,10,61,12,06:00:00,09:00:00,1
1,Monday,T060,True,5,2,2,10:00:00,13:00:00,1
4,Thursday,T026,True,8,26,2,10:00:00,13:00:00,1
5,Friday,T179,True,8,38,6,15:00:00,18:00:00,1
6,Saturday,T047,False,4,47,7,18:20:00,21:20:00,1
2,Tuesday,T004,False,8,11,3,09:00:00,12:00:00,1
2,Tuesday,T047,True,9,9,1,07:00:00,10:00:00,1
5,Friday,T202,True,7,34,2,10:00:00,13:00:00,1
4,Thursday,T230,True,9,25,1,07:00:00,10:00:00,1
3,Wednesday,T012,True,3,19,3,09:00:00,12:00:00,1
5,Friday,T003,False,10,37,5,14:00:00,17:00:00,1
6,Saturday,T107,False,4,43,3,09:00:00,12:00:00,1
5,Friday,T028,False,7,40,8,18:20:00,22:20:00,1
6,Saturday,T130,True,10,45,5,14:00:00,17:00:00,1
5,Friday,T031,False,5,37,5,14:00:00,17:00:00,1
3,Wednesday,T062,True,8,18,2,10:00:00,13:00:00,1
2,Tuesday,T025,True,9,14,6,15:00:00,18:00:00,1
6,Saturday,T093,True,10,45,5,14:00:00,17:00:00,1
2,Tuesday,T131,False,4,14,6,15:00:00,18:00:00,1
3,Wednesday,T057,True,6,17,1,07:00:00,10:00:00,1
1,Monday,T008,False,5,5,5,14:00:00,17:00:00,1
2,Tuesday,T107,False,9,9,1,07:00:00,10:00:00,1
4,Thursday,T089,True,5,29,5,14:00:00,17:00:00,1
3,Wednesday,T061,True,7,18,2,10:00:00,13:00:00,1
4,Thursday,T087,False,4,25,1,07:00:00,10:00:00,1
2,Tuesday,T076,True,4,13,5,14:00:00,17:00:00,1
1,Monday,T112,False,7,8,8,18:20:00,22:20:00,1
2,Tuesday,T192,True,10,10,2,10:00:00,13:00:00,1
4,Thursday,T001,False,4,30,6,15:00:00,18:00:00,1
5,Friday,T024,True,8,39,7,18:20:00,21:20:00,1
1,Monday,T192,False,8,1,1,07:00:00,10:00:00,1
2,Tuesday,T033,False,4,14,6,15:00:00,18:00:00,1
5,Friday,T097,True,5,37,5,14:00:00,17:00:00,1
1,Monday,T017,True,6,1,1,07:00:00,10:00:00,1
3,Wednesday,T090,False,3,21,5,14:00:00,17:00:00,1
2,Tuesday,T100,False,4,16,8,18:20:00,22:20:00,1
5,Friday,T111,True,6,33,1,07:00:00,10:00:00,1
5,Friday,T085,False,10,40,8,18:20:00,22:20:00,1
2,Tuesday,T112,False,5,10,2,10:00:00,13:00:00,1
4,Thursday,T058,False,8,25,1,07:00:00,10:00:00,1
1,Monday,T238,True,9,3,3,09:00:00,12:00:00,1
2,Tuesday,T013,False,7,15,7,18:20:00,21:20:00,1
4,Thursday,T070,True,4,30,6,15:00:00,18:00:00,1
2,Tuesday,T219,True,10,11,3,09:00:00,12:00:00,1
6,Saturday,T007,False,3,42,2,10:00:00,13:00:00,1
2,Tuesday,T043,True,7,15,7,18:20:00,21:20:00,1
5,Friday,T158,True,8,39,7,18:20:00,21:20:00,1
4,Thursday,T185,True,9,31,7,18:20:00,21:20:00,1
2,Tuesday,T025,True,9,9,1,07:00:00,10:00:00,1
5,Friday,T070,False,3,39,7,18:20:00,21:20:00,1
1,Monday,T078,False,4,6,6,15:00:00,18:00:00,1
1,Monday,T053,False,6,8,8,18:20:00,22:20:00,1
1,Monday,T008,False,8,7,7,18:20:00,21:20:00,1
6,Saturday,T091,True,3,45,5,14:00:00,17:00:00,1
4,Thursday,T094,False,5,30,6,15:00:00,18:00:00,1
5,Friday,T030,False,6,39,7,18:20:00,21:20:00,1
2,Tuesday,T112,True,7,9,1,07:00:00,10:00:00,1
3,Wednesday,T112,False,9,17,1,07:00:00,10:00:00,1
3,Wednesday,T081,True,7,17,1,07:00:00,10:00:00,1
1,Monday,T052,True,10,3,3,09:00:00,12:00:00,1
1,Monday,T025,False,5,1,1,07:00:00,10:00:00,1
1,Monday,T090,False,5,7,7,18:20:00,21:20:00,1
6,Saturday,T019,True,6,41,1,07:00:00,10:00:00,1
3,Wednesday,T102,True,5,17,1,07:00:00,10:00:00,1
3,Wednesday,T112,False,9,21,5,14:00:00,17:00:00,1
4,Thursday,T007,True,9,32,8,18:20:00,22:20:00,1
4,Thursday,T002,False,4,26,2,10:00:00,13:00:00,1
3,Wednesday,T112,False,9,19,3,09:00:00,12:00:00,1
1,Monday,T019,False,5,6,6,15:00:00,18:00:00,1
5,Friday,T102,False,5,38,6,15:00:00,18:00:00,1
1,Monday,T158,False,7,1,1,07:00:00,10:00:00,1
1,Monday,T052,True,6,6,6,15:00:00,18:00:00,1
3,Wednesday,T068,False,3,22,6,15:00:00,18:00:00,1
1,Monday,T217,False,9,2,2,10:00:00,13:00:00,1
2,Tuesday,T015,True,3,14,6,15:00:00,18:00:00,1
2,Tuesday,T066,False,4,13,5,14:00:00,17:00:00,1
1,Monday,T174,False,9,5,5,14:00:00,17:00:00,1
2,Tuesday,T170,True,10,14,6,15:00:00,18:00:00,1
3,Wednesday,T053,True,3,24,8,18:20:00,22:20:00,1
1,Monday,T087,True,5,1,1,07:00:00,10:00:00,1
6,Saturday,T087,False,4,46,6,15:00:00,18:00:00,1
3,Wednesday,T107,False,7,50,9,06:00:00,09:00:00,1
4,Thursday,T196,True,7,30,6,15:00:00,18:00:00,1
1,Monday,T028,False,5,1,1,07:00:00,10:00:00,1
6,Saturday,T112,False,7,47,7,18:20:00,21:20:00,1
5,Friday,T141,False,7,37,5,14:00:00,17:00:00,1
5,Friday,T113,False,7,34,2,10:00:00,13:00:00,1
5,Friday,T224,True,8,40,8,18:20:00,22:20:00,1
2,Tuesday,T031,True,9,14,6,15:00:00,18:00:00,1
3,Wednesday,T107,False,3,17,1,07:00:00,10:00:00,1
3,Wednesday,T003,True,6,22,6,15:00:00,18:00:00,1
4,Thursday,T112,False,8,27,3,09:00:00,12:00:00,1
3,Wednesday,T002,False,6,18,2,10:00:00,13:00:00,1
5,Friday,T164,False,6,37,5,14:00:00,17:00:00,1
1,Monday,T019,True,6,7,7,18:20:00,21:20:00,1
2,Tuesday,T045,False,3,16,8,18:20:00,22:20:00,1
2,Tuesday,T165,False,6,14,6,15:00:00,18:00:00,1
3,Wednesday,T107,False,5,23,7,18:20:00,21:20:00,1
6,Saturday,T051,False,10,42,2,10:00:00,13:00:00,1
3,Wednesday,T080,False,4,22,6,15:00:00,18:00:00,1
3,Wednesday,T176,True,10,17,1,07:00:00,10:00:00,1
1,Monday,T095,True,4,7,7,18:20:00,21:20:00,1
5,Friday,T076,True,8,34,2,10:00:00,13:00:00,1
1,Monday,T160,True,10,7,7,18:20:00,21:20:00,1
4,Thursday,T008,False,8,25,1,07:00:00,10:00:00,1
2,Tuesday,T064,True,8,10,2,10:00:00,13:00:00,1
6,Saturday,T107,False,10,48,8,18:20:00,22:20:00,1
2,Tuesday,T099,False,4,14,6,15:00:00,18:00:00,1
2,Tuesday,T111,False,8,14,6,15:00:00,18:00:00,1
6,Saturday,T023,False,9,47,7,18:20:00,21:20:00,1
4,Thursday,T112,False,9,28,4,13:00:00,16:00:00,1
4,Thursday,T056,True,9,26,2,10:00:00,13:00:00,1
6,Saturday,T070,False,3,42,2,10:00:00,13:00:00,1
3,Wednesday,T061,False,3,21,5,14:00:00,17:00:00,1
5,Friday,T027,True,4,34,2,10:00:00,13:00:00,1
5,Friday,T064,True,6,39,7,18:20:00,21:20:00,1
5,Friday,T178,False,7,36,4,13:00:00,16:00:00,1
5,Friday,T094,True,8,39,7,18:20:00,21:20:00,1
1,Monday,T185,True,9,1,1,07:00:00,10:00:00,1
5,Friday,T093,False,3,33,1,07:00:00,10:00:00,1
3,Wednesday,T095,False,4,18,2,10:00:00,13:00:00,1
1,Monday,T153,True,5,7,7,18:20:00,21:20:00,1
1,Monday,T112,False,6,3,3,09:00:00,12:00:00,1
2,Tuesday,T185,True,7,10,2,10:00:00,13:00:00,1
2,Tuesday,T008,True,3,13,5,14:00:00,17:00:00,1
4,Thursday,T035,False,10,29,5,14:00:00,17:00:00,1
6,Saturday,T096,True,6,45,5,14:00:00,17:00:00,1
6,Saturday,T047,False,6,47,7,18:20:00,21:20:00,1
5,Friday,T176,False,7,65,12,06:00:00,09:00:00,1
5,Friday,T080,False,9,34,2,10:00:00,13:00:00,1
5,Friday,T042,False,7,40,8,18:20:00,22:20:00,1
4,Thursday,T054,True,8,25,1,07:00:00,10:00:00,1
1,Monday,T114,True,9,2,2,10:00:00,13:00:00,1
4,Thursday,T107,False,10,26,2,10:00:00,13:00:00,1
5,Friday,T142,True,4,39,7,18:20:00,21:20:00,1
3,Wednesday,T078,False,3,22,6,15:00:00,18:00:00,1
5,Friday,T018,False,4,36,4,13:00:00,16:00:00,1
6,Saturday,T130,True,10,47,7,18:20:00,21:20:00,1
2,Tuesday,T063,True,8,10,2,10:00:00,13:00:00,1
5,Friday,T112,False,7,40,8,18:20:00,22:20:00,1
6,Saturday,T107,False,7,46,6,15:00:00,18:00:00,1
3,Wednesday,T011,True,8,18,2,10:00:00,13:00:00,1
4,Thursday,T070,False,3,25,1,07:00:00,10:00:00,1
1,Monday,T009,True,5,1,1,07:00:00,10:00:00,1
5,Friday,T023,True,8,37,5,14:00:00,17:00:00,1
1,Monday,T017,True,7,5,5,14:00:00,17:00:00,1
3,Wednesday,T058,False,6,17,1,07:00:00,10:00:00,1
2,Tuesday,T144,True,7,13,5,14:00:00,17:00:00,1
6,Saturday,T128,False,6,43,3,09:00:00,12:00:00,1
2,Tuesday,T093,True,7,15,7,18:20:00,21:20:00,1
1,Monday,T041,False,8,6,6,15:00:00,18:00:00,1
3,Wednesday,T121,True,8,19,3,09:00:00,12:00:00,1
5,Friday,T106,True,8,40,8,18:20:00,22:20:00,1
2,Tuesday,T070,False,8,14,6,15:00:00,18:00:00,1
2,Tuesday,T010,False,8,11,3,09:00:00,12:00:00,1
5,Friday,T018,True,4,34,2,10:00:00,13:00:00,1
2,Tuesday,T066,False,4,16,8,18:20:00,22:20:00,1
6,Saturday,T112,False,5,41,1,07:00:00,10:00:00,1
2,Tuesday,T028,True,3,9,1,07:00:00,10:00:00,1
3,Wednesday,T028,True,4,24,8,18:20:00,22:20:00,1
3,Wednesday,T094,False,5,17,1,07:00:00,10:00:00,1
5,Friday,T003,True,6,40,8,18:20:00,22:20:00,1
2,Tuesday,T016,False,10,9,1,07:00:00,10:00:00,1
2,Tuesday,T154,False,7,10,2,10:00:00,13:00:00,1
3,Wednesday,T026,True,6,22,6,15:00:00,18:00:00,1
6,Saturday,T107,False,9,41,1,07:00:00,10:00:00,1
5,Friday,T026,False,7,39,7,18:20:00,21:20:00,1
3,Wednesday,T142,True,9,17,1,07:00:00,10:00:00,1
3,Wednesday,T013,True,3,23,7,18:20:00,21:20:00,1
4,Thursday,T032,True,6,31,7,18:20:00,21:20:00,1
4,Thursday,T016,True,4,25,1,07:00:00,10:00:00,1
3,Wednesday,T057,False,7,21,5,14:00:00,17:00:00,1
5,Friday,T112,False,7,36,4,13:00:00,16:00:00,1
6,Saturday,T030,True,10,45,5,14:00:00,17:00:00,1
3,Wednesday,T016,False,3,19,3,09:00:00,12:00:00,1
3,Wednesday,T112,False,9,24,8,18:20:00,22:20:00,1
5,Friday,T112,False,10,39,7,18:20:00,21:20:00,1
4,Thursday,T240,True,10,29,5,14:00:00,17:00:00,1
5,Friday,T107,False,3,39,7,18:20:00,21:20:00,1
5,Friday,T087,True,3,39,7,18:20:00,21:20:00,1
6,Saturday,T102,False,4,48,8,18:20:00,22:20:00,1
4,Thursday,T176,False,7,32,8,18:20:00,22:20:00,1
5,Friday,T007,False,7,40,8,18:20:00,22:20:00,1
5,Friday,T076,True,5,35,3,09:00:00,12:00:00,1
3,Wednesday,T112,False,8,22,6,15:00:00,18:00:00,1
3,Wednesday,T012,True,8,23,7,18:20:00,21:20:00,1
5,Friday,T112,False,10,37,5,14:00:00,17:00:00,1
3,Wednesday,T006,False,4,17,1,07:00:00,10:00:00,1
4,Thursday,T107,False,7,25,1,07:00:00,10:00:00,1
5,Friday,T224,True,8,38,6,15:00:00,18:00:00,1
3,Wednesday,T118,False,10,19,3,09:00:00,12:00:00,1
2,Tuesday,T107,True,10,15,7,18:20:00,21:20:00,1
1,Monday,T230,True,10,5,5,14:00:00,17:00:00,1
4,Thursday,T029,True,4,30,6,15:00:00,18:00:00,1
2,Tuesday,T007,True,5,16,8,18:20:00,22:20:00,1
3,Wednesday,T185,False,7,17,1,07:00:00,10:00:00,1
2,Tuesday,T107,False,8,14,6,15:00:00,18:00:00,1
2,Tuesday,T121,True,5,14,6,15:00:00,18:00:00,1
3,Wednesday,T094,True,9,17,1,07:00:00,10:00:00,1
1,Monday,T112,False,9,51,10,17:00:00,19:00:00,1
4,Thursday,T001,False,9,25,1,07:00:00,10:00:00,1
2,Tuesday,T058,False,3,14,6,15:00:00,18:00:00,1
1,Monday,T017,True,6,2,2,10:00:00,13:00:00,1
3,Wednesday,T021,False,5,21,5,14:00:00,17:00:00,1
2,Tuesday,T185,False,8,15,7,18:20:00,21:20:00,1
4,Thursday,T068,True,4,26,2,10:00:00,13:00:00,1
3,Wednesday,T112,False,7,18,2,10:00:00,13:00:00,1
2,Tuesday,T219,False,10,9,1,07:00:00,10:00:00,1
5,Friday,T156,True,9,39,7,18:20:00,21:20:00,1
6,Saturday,T010,True,3,47,7,18:20:00,21:20:00,1
5,Friday,T113,False,6,35,3,09:00:00,12:00:00,1
4,Thursday,T058,False,9,25,1,07:00:00,10:00:00,1
5,Friday,T038,True,9,39,7,18:20:00,21:20:00,1
3,Wednesday,T079,False,3,20,4,13:00:00,16:00:00,1
4,Thursday,T061,True,6,25,1,07:00:00,10:00:00,1
1,Monday,T066,True,4,7,7,18:20:00,21:20:00,1
2,Tuesday,T064,True,8,14,6,15:00:00,18:00:00,1
5,Friday,T078,False,4,40,8,18:20:00,22:20:00,1
5,Friday,T053,True,8,39,7,18:20:00,21:20:00,1
2,Tuesday,T121,True,6,14,6,15:00:00,18:00:00,1
6,Saturday,T066,False,7,67,10,17:00:00,19:00:00,1
3,Wednesday,T021,False,7,17,1,07:00:00,10:00:00,1
1,Monday,T112,False,7,51,10,17:00:00,19:00:00,1
3,Wednesday,T112,False,8,23,7,18:20:00,21:20:00,1
4,Thursday,T027,True,10,27,3,09:00:00,12:00:00,1
2,Tuesday,T084,False,3,15,7,18:20:00,21:20:00,1
3,Wednesday,T011,True,3,17,1,07:00:00,10:00:00,1
1,Monday,T101,True,5,7,7,18:20:00,21:20:00,1
6,Saturday,T170,False,8,45,5,14:00:00,17:00:00,1
2,Tuesday,T017,False,5,13,5,14:00:00,17:00:00,1
1,Monday,T017,True,7,1,1,07:00:00,10:00:00,1
5,Friday,T031,False,8,33,1,07:00:00,10:00:00,1
5,Friday,T042,False,3,39,7,18:20:00,21:20:00,1
2,Tuesday,T004,False,9,9,1,07:00:00,10:00:00,1
1,Monday,T159,False,6,7,7,18:20:00,21:20:00,1
3,Wednesday,T063,False,9,18,2,10:00:00,13:00:00,1
6,Saturday,T171,False,6,42,2,10:00:00,13:00:00,1
4,Thursday,T001,False,3,26,2,10:00:00,13:00:00,1
1,Monday,T093,False,3,1,1,07:00:00,10:00:00,1
5,Friday,T108,True,8,38,6,15:00:00,18:00:00,1
4,Thursday,T009,False,8,25,1,07:00:00,10:00:00,1
5,Friday,T058,False,3,33,1,07:00:00,10:00:00,1
4,Thursday,T097,False,7,32,8,18:20:00,22:20:00,1
4,Thursday,T133,False,10,26,2,10:00:00,13:00:00,1
3,Wednesday,T002,True,7,17,1,07:00:00,10:00:00,1
3,Wednesday,T220,True,9,21,5,14:00:00,17:00:00,1
1,Monday,T096,True,3,7,7,18:20:00,21:20:00,1
1,Monday,T107,False,5,6,6,15:00:00,18:00:00,1
1,Monday,T178,False,7,8,8,18:20:00,22:20:00,1
5,Friday,T076,True,7,34,2,10:00:00,13:00:00,1
4,Thursday,T025,False,4,26,2,10:00:00,13:00:00,1
4,Thursday,T017,False,7,32,8,18:20:00,22:20:00,1
4,Thursday,T098,True,6,31,7,18:20:00,21:20:00,1
1,Monday,T107,False,6,3,3,09:00:00,12:00:00,1
2,Tuesday,T107,False,8,9,1,07:00:00,10:00:00,1
4,Thursday,T110,False,5,30,6,15:00:00,18:00:00,1
4,Thursday,T058,False,4,25,1,07:00:00,10:00:00,1
5,Friday,T024,True,4,38,6,15:00:00,18:00:00,1
3,Wednesday,T080,True,10,17,1,07:00:00,10:00:00,1
3,Wednesday,T057,False,4,18,2,10:00:00,13:00:00,1
5,Friday,T034,True,4,35,3,09:00:00,12:00:00,1
6,Saturday,T043,True,8,47,7,18:20:00,21:20:00,1
3,Wednesday,T002,True,8,17,1,07:00:00,10:00:00,1
6,Saturday,T053,True,7,45,5,14:00:00,17:00:00,1
3,Wednesday,T005,True,6,17,1,07:00:00,10:00:00,1
6,Saturday,T167,True,8,43,3,09:00:00,12:00:00,1
1,Monday,T043,True,6,1,1,07:00:00,10:00:00,1
5,Friday,T043,False,7,37,5,14:00:00,17:00:00,1
3,Wednesday,T102,False,10,17,1,07:00:00,10:00:00,1
2,Tuesday,T010,False,7,12,4,13:00:00,16:00:00,1
2,Tuesday,T017,True,9,9,1,07:00:00,10:00:00,1
2,Tuesday,T043,False,4,10,2,10:00:00,13:00:00,1
2,Tuesday,T013,False,5,14,6,15:00:00,18:00:00,1
1,Monday,T102,True,10,5,5,14:00:00,17:00:00,1
5,Friday,T112,False,10,38,6,15:00:00,18:00:00,1
2,Tuesday,T084,True,7,10,2,10:00:00,13:00:00,1
2,Tuesday,T120,True,4,9,1,07:00:00,10:00:00,1
3,Wednesday,T140,True,9,19,3,09:00:00,12:00:00,1
2,Tuesday,T079,True,3,15,7,18:20:00,21:20:00,1
1,Monday,T139,True,4,1,1,07:00:00,10:00:00,1
5,Friday,T107,False,7,60,11,17:00:00,20:00:00,1
6,Saturday,T112,False,7,42,2,10:00:00,13:00:00,1
1,Monday,T082,True,9,2,2,10:00:00,13:00:00,1
4,Thursday,T112,True,6,26,2,10:00:00,13:00:00,1
4,Thursday,T099,True,8,31,7,18:20:00,21:20:00,1
4,Thursday,T003,False,9,26,2,10:00:00,13:00:00,1
4,Thursday,T001,True,9,27,3,09:00:00,12:00:00,1
2,Tuesday,T034,False,8,14,6,15:00:00,18:00:00,1
1,Monday,T105,True,8,6,6,15:00:00,18:00:00,1
1,Monday,T069,True,8,1,1,07:00:00,10:00:00,1
2,Tuesday,T070,True,9,14,6,15:00:00,18:00:00,1
2,Tuesday,T004,True,9,13,5,14:00:00,17:00:00,1
3,Wednesday,T003,False,5,17,1,07:00:00,10:00:00,1
5,Friday,T113,True,8,33,1,07:00:00,10:00:00,1
6,Saturday,T112,False,10,43,3,09:00:00,12:00:00,1
2,Tuesday,T097,False,4,16,8,18:20:00,22:20:00,1
1,Monday,T091,True,4,3,3,09:00:00,12:00:00,1
3,Wednesday,T093,False,6,24,8,18:20:00,22:20:00,1
5,Friday,T060,False,6,33,1,07:00:00,10:00:00,1
3,Wednesday,T061,False,4,21,5,14:00:00,17:00:00,1
2,Tuesday,T005,True,7,9,1,07:00:00,10:00:00,1
4,Thursday,T062,False,8,25,1,07:00:00,10:00:00,1
2,Tuesday,T001,False,3,9,1,07:00:00,10:00:00,1
4,Thursday,T003,True,3,29,5,14:00:00,17:00:00,1
4,Thursday,T112,False,9,59,11,17:00:00,20:00:00,1
4,Thursday,T034,False,3,26,2,10:00:00,13:00:00,1
2,Tuesday,T068,True,3,9,1,07:00:00,10:00:00,1
2,Tuesday,T021,True,5,14,6,15:00:00,18:00:00,1
3,Wednesday,T011,True,7,22,6,15:00:00,18:00:00,1
1,Monday,T114,True,8,6,6,15:00:00,18:00:00,1
5,Friday,T009,False,7,33,1,07:00:00,10:00:00,1
4,Thursday,T107,False,5,29,5,14:00:00,17:00:00,1
1,Monday,T101,True,6,1,1,07:00:00,10:00:00,1
3,Wednesday,T043,True,8,23,7,18:20:00,21:20:00,1
6,Saturday,T217,True,8,41,1,07:00:00,10:00:00,1
1,Monday,T097,False,3,5,5,14:00:00,17:00:00,1
3,Wednesday,T016,False,4,17,1,07:00:00,10:00:00,1
3,Wednesday,T112,False,10,18,2,10:00:00,13:00:00,1
3,Wednesday,T107,False,3,21,5,14:00:00,17:00:00,1
6,Saturday,T126,False,5,42,2,10:00:00,13:00:00,1
5,Friday,T144,False,7,35,3,09:00:00,12:00:00,1
1,Monday,T111,False,3,2,2,10:00:00,13:00:00,1
2,Tuesday,T215,True,8,13,5,14:00:00,17:00:00,1
3,Wednesday,T098,True,5,19,3,09:00:00,12:00:00,1
2,Tuesday,T057,False,7,10,2,10:00:00,13:00:00,1
6,Saturday,T197,True,8,45,5,14:00:00,17:00:00,1
6,Saturday,T011,True,4,46,6,15:00:00,18:00:00,1
4,Thursday,T107,False,4,32,8,18:20:00,22:20:00,1
4,Thursday,T159,False,7,30,6,15:00:00,18:00:00,1
4,Thursday,T006,True,7,31,7,18:20:00,21:20:00,1
6,Saturday,T199,False,8,46,6,15:00:00,18:00:00,1
5,Friday,T107,False,9,40,8,18:20:00,22:20:00,1
5,Friday,T131,False,4,34,2,10:00:00,13:00:00,1
1,Monday,T200,True,7,7,7,18:20:00,21:20:00,1
2,Tuesday,T097,False,4,14,6,15:00:00,18:00:00,1
3,Wednesday,T105,False,5,21,5,14:00:00,17:00:00,1
4,Thursday,T080,False,6,25,1,07:00:00,10:00:00,1
4,Thursday,T160,False,8,25,1,07:00:00,10:00:00,1
5,Friday,T119,True,9,38,6,15:00:00,18:00:00,1
4,Thursday,T007,False,3,31,7,18:20:00,21:20:00,1
3,Wednesday,T010,False,7,17,1,07:00:00,10:00:00,1
6,Saturday,T102,False,4,45,5,14:00:00,17:00:00,1
4,Thursday,T025,True,6,27,3,09:00:00,12:00:00,1
5,Friday,T100,True,4,34,2,10:00:00,13:00:00,1
1,Monday,T062,True,4,7,7,18:20:00,21:20:00,1
3,Wednesday,T026,True,5,22,6,15:00:00,18:00:00,1
1,Monday,T009,False,7,1,1,07:00:00,10:00:00,1
5,Friday,T091,False,4,37,5,14:00:00,17:00:00,1
4,Thursday,T107,False,5,31,7,18:20:00,21:20:00,1
4,Thursday,T026,False,7,32,8,18:20:00,22:20:00,1
4,Thursday,T196,True,8,30,6,15:00:00,18:00:00,1
1,Monday,T053,False,3,6,6,15:00:00,18:00:00,1
2,Tuesday,T054,True,8,9,1,07:00:00,10:00:00,1
3,Wednesday,T041,False,4,22,6,15:00:00,18:00:00,1
5,Friday,T107,False,10,40,8,18:20:00,22:20:00,1
6,Saturday,T167,False,10,43,3,09:00:00,12:00:00,1
5,Friday,T112,False,5,38,6,15:00:00,18:00:00,1
2,Tuesday,T087,False,7,10,2,10:00:00,13:00:00,1
2,Tuesday,T112,False,7,12,4,13:00:00,16:00:00,1
1,Monday,T033,True,9,7,7,18:20:00,21:20:00,1
6,Saturday,T009,True,10,41,1,07:00:00,10:00:00,1
1,Monday,T184,True,7,1,1,07:00:00,10:00:00,1
5,Friday,T081,True,8,33,1,07:00:00,10:00:00,1
5,Friday,T033,True,5,33,1,07:00:00,10:00:00,1
6,Saturday,T051,True,3,46,6,15:00:00,18:00:00,1
2,Tuesday,T017,False,5,15,7,18:20:00,21:20:00,1
5,Friday,T189,True,7,37,5,14:00:00,17:00:00,1
4,Thursday,T167,True,7,26,2,10:00:00,13:00:00,1
6,Saturday,T107,False,9,43,3,09:00:00,12:00:00,1
4,Thursday,T112,False,10,28,4,13:00:00,16:00:00,1
2,Tuesday,T118,False,7,10,2,10:00:00,13:00:00,1
6,Saturday,T047,False,5,47,7,18:20:00,21:20:00,1
2,Tuesday,T160,False,8,14,6,15:00:00,18:00:00,1
5,Friday,T011,True,10,39,7,18:20:00,21:20:00,1
4,Thursday,T096,False,5,31,7,18:20:00,21:20:00,1
1,Monday,T060,True,7,7,7,18:20:00,21:20:00,1
4,Thursday,T055,True,3,31,7,18:20:00,21:20:00,1
2,Tuesday,T133,False,5,10,2,10:00:00,13:00:00,1
4,Thursday,T066,False,3,28,4,13:00:00,16:00:00,1
3,Wednesday,T091,True,7,17,1,07:00:00,10:00:00,1
2,Tuesday,T112,True,8,9,1,07:00:00,10:00:00,1
6,Saturday,T112,False,9,67,10,17:00:00,19:00:00,1
6,Saturday,T019,True,6,45,5,14:00:00,17:00:00,1
6,Saturday,T094,True,9,41,1,07:00:00,10:00:00,1
1,Monday,T184,True,10,2,2,10:00:00,13:00:00,1
2,Tuesday,T070,True,4,14,6,15:00:00,18:00:00,1
3,Wednesday,T061,True,5,18,2,10:00:00,13:00:00,1
6,Saturday,T003,False,5,48,8,18:20:00,22:20:00,1
5,Friday,T217,True,9,40,8,18:20:00,22:20:00,1
5,Friday,T042,True,4,39,7,18:20:00,21:20:00,1
3,Wednesday,T091,False,6,18,2,10:00:00,13:00:00,1
2,Tuesday,T075,False,8,9,1,07:00:00,10:00:00,1
3,Wednesday,T073,False,4,17,1,07:00:00,10:00:00,1
5,Friday,T081,False,4,33,1,07:00:00,10:00:00,1
1,Monday,T009,False,3,1,1,07:00:00,10:00:00,1
5,Friday,T028,True,4,33,1,07:00:00,10:00:00,1
2,Tuesday,T151,False,5,10,2,10:00:00,13:00:00,1
3,Wednesday,T064,True,5,19,3,09:00:00,12:00:00,1
2,Tuesday,T066,False,7,10,2,10:00:00,13:00:00,1
4,Thursday,T058,False,7,26,2,10:00:00,13:00:00,1
4,Thursday,T196,True,10,29,5,14:00:00,17:00:00,1
6,Saturday,T030,False,8,47,7,18:20:00,21:20:00,1
1,Monday,T199,True,7,8,8,18:20:00,22:20:00,1
2,Tuesday,T086,True,5,11,3,09:00:00,12:00:00,1
3,Wednesday,T013,True,10,23,7,18:20:00,21:20:00,1
6,Saturday,T108,False,9,48,8,18:20:00,22:20:00,1
6,Saturday,T107,False,9,45,5,14:00:00,17:00:00,1
6,Saturday,T066,True,10,41,1,07:00:00,10:00:00,1
5,Friday,T076,True,3,35,3,09:00:00,12:00:00,1
3,Wednesday,T079,True,3,21,5,14:00:00,17:00:00,1
2,Tuesday,T108,False,7,12,4,13:00:00,16:00:00,1
6,Saturday,T070,False,5,41,1,07:00:00,10:00:00,1
2,Tuesday,T085,False,8,15,7,18:20:00,21:20:00,1
5,Friday,T218,True,9,39,7,18:20:00,21:20:00,1
3,Wednesday,T057,False,5,22,6,15:00:00,18:00:00,1
6,Saturday,T107,False,4,47,7,18:20:00,21:20:00,1
1,Monday,T112,False,9,2,2,10:00:00,13:00:00,1
5,Friday,T112,False,9,65,12,06:00:00,09:00:00,1
2,Tuesday,T215,False,8,9,1,07:00:00,10:00:00,1
6,Saturday,T081,False,4,42,2,10:00:00,13:00:00,1
3,Wednesday,T107,True,4,19,3,09:00:00,12:00:00,1
3,Wednesday,T112,False,9,58,11,17:00:00,20:00:00,1
5,Friday,T029,True,3,37,5,14:00:00,17:00:00,1
1,Monday,T123,False,5,1,1,07:00:00,10:00:00,1
6,Saturday,T091,False,3,44,4,13:00:00,16:00:00,1
6,Saturday,T117,True,3,46,6,15:00:00,18:00:00,1
6,Saturday,T091,False,3,47,7,18:20:00,21:20:00,1
1,Monday,T047,False,7,2,2,10:00:00,13:00:00,1
6,Saturday,T007,True,4,41,1,07:00:00,10:00:00,1
3,Wednesday,T053,True,10,24,8,18:20:00,22:20:00,1
4,Thursday,T003,True,3,26,2,10:00:00,13:00:00,1
3,Wednesday,T041,True,6,23,7,18:20:00,21:20:00,1
4,Thursday,T184,True,7,25,1,07:00:00,10:00:00,1
2,Tuesday,T107,False,10,52,10,17:00:00,19:00:00,1
2,Tuesday,T028,True,3,15,7,18:20:00,21:20:00,1
4,Thursday,T112,False,9,25,1,07:00:00,10:00:00,1
2,Tuesday,T112,False,10,49,9,06:00:00,09:00:00,1
2,Tuesday,T060,False,7,9,1,07:00:00,10:00:00,1
1,Monday,T148,True,5,7,7,18:20:00,21:20:00,1
6,Saturday,T030,True,4,47,7,18:20:00,21:20:00,1
5,Friday,T166,True,6,39,7,18:20:00,21:20:00,1
5,Friday,T107,False,10,65,12,06:00:00,09:00:00,1
5,Friday,T068,True,6,33,1,07:00:00,10:00:00,1
1,Monday,T241,True,10,7,7,18:20:00,21:20:00,1
5,Friday,T075,False,10,33,1,07:00:00,10:00:00,1
3,Wednesday,T003,False,3,21,5,14:00:00,17:00:00,1
3,Wednesday,T065,False,3,21,5,14:00:00,17:00:00,1
6,Saturday,T053,False,6,46,6,15:00:00,18:00:00,1
2,Tuesday,T015,True,6,14,6,15:00:00,18:00:00,1
3,Wednesday,T192,False,7,17,1,07:00:00,10:00:00,1
5,Friday,T047,True,7,33,1,07:00:00,10:00:00,1
5,Friday,T245,True,10,37,5,14:00:00,17:00:00,1
2,Tuesday,T044,True,5,15,7,18:20:00,21:20:00,1
4,Thursday,T083,True,6,26,2,10:00:00,13:00:00,1
3,Wednesday,T112,False,5,24,8,18:20:00,22:20:00,1
3,Wednesday,T062,True,5,23,7,18:20:00,21:20:00,1
1,Monday,T113,False,7,3,3,09:00:00,12:00:00,1
3,Wednesday,T148,True,8,23,7,18:20:00,21:20:00,1
3,Wednesday,T013,True,10,22,6,15:00:00,18:00:00,1
1,Monday,T025,True,3,2,2,10:00:00,13:00:00,1
4,Thursday,T160,False,7,29,5,14:00:00,17:00:00,1
2,Tuesday,T121,False,7,12,4,13:00:00,16:00:00,1
5,Friday,T056,True,3,35,3,09:00:00,12:00:00,1
3,Wednesday,T037,False,3,22,6,15:00:00,18:00:00,1
4,Thursday,T112,True,7,26,2,10:00:00,13:00:00,1
4,Thursday,T002,False,3,30,6,15:00:00,18:00:00,1
4,Thursday,T149,True,5,25,1,07:00:00,10:00:00,1
5,Friday,T018,True,10,33,1,07:00:00,10:00:00,1
2,Tuesday,T031,False,3,11,3,09:00:00,12:00:00,1
5,Friday,T141,False,4,37,5,14:00:00,17:00:00,1
3,Wednesday,T005,True,6,18,2,10:00:00,13:00:00,1
4,Thursday,T066,False,7,64,12,06:00:00,09:00:00,1
4,Thursday,T107,False,3,25,1,07:00:00,10:00:00,1
6,Saturday,T065,True,4,42,2,10:00:00,13:00:00,1
4,Thursday,T003,True,9,29,5,14:00:00,17:00:00,1
1,Monday,T087,True,4,1,1,07:00:00,10:00:00,1
3,Wednesday,T118,True,7,22,6,15:00:00,18:00:00,1
1,Monday,T172,False,7,2,2,10:00:00,13:00:00,1
4,Thursday,T107,False,9,32,8,18:20:00,22:20:00,1
2,Tuesday,T107,False,10,49,9,06:00:00,09:00:00,1
4,Thursday,T010,True,10,25,1,07:00:00,10:00:00,1
3,Wednesday,T149,False,6,24,8,18:20:00,22:20:00,1
3,Wednesday,T053,False,4,18,2,10:00:00,13:00:00,1
6,Saturday,T137,False,4,44,4,13:00:00,16:00:00,1
3,Wednesday,T058,True,5,19,3,09:00:00,12:00:00,1
1,Monday,T106,True,5,3,3,09:00:00,12:00:00,1
3,Wednesday,T149,False,7,17,1,07:00:00,10:00:00,1
3,Wednesday,T087,True,8,23,7,18:20:00,21:20:00,1
5,Friday,T102,False,4,39,7,18:20:00,21:20:00,1
1,Monday,T057,True,9,6,6,15:00:00,18:00:00,1
3,Wednesday,T005,True,3,17,1,07:00:00,10:00:00,1
6,Saturday,T112,False,7,46,6,15:00:00,18:00:00,1
6,Saturday,T047,True,8,44,4,13:00:00,16:00:00,1
4,Thursday,T164,True,8,28,4,13:00:00,16:00:00,1
3,Wednesday,T076,True,6,21,5,14:00:00,17:00:00,1
1,Monday,T112,False,3,3,3,09:00:00,12:00:00,1
1,Monday,T057,False,5,4,4,13:00:00,16:00:00,1
5,Friday,T107,False,9,37,5,14:00:00,17:00:00,1
5,Friday,T035,True,3,37,5,14:00:00,17:00:00,1
3,Wednesday,T058,False,6,20,4,13:00:00,16:00:00,1
3,Wednesday,T113,False,8,18,2,10:00:00,13:00:00,1
5,Friday,T038,True,6,39,7,18:20:00,21:20:00,1
2,Tuesday,T032,False,3,14,6,15:00:00,18:00:00,1
2,Tuesday,T078,False,4,16,8,18:20:00,22:20:00,1
3,Wednesday,T112,False,5,23,7,18:20:00,21:20:00,1
3,Wednesday,T108,False,6,22,6,15:00:00,18:00:00,1
1,Monday,T144,False,7,1,1,07:00:00,10:00:00,1
4,Thursday,T112,True,10,29,5,14:00:00,17:00:00,1
1,Monday,T114,False,7,1,1,07:00:00,10:00:00,1
2,Tuesday,T017,False,4,16,8,18:20:00,22:20:00,1
3,Wednesday,T002,False,3,20,4,13:00:00,16:00:00,1
4,Thursday,T053,True,4,32,8,18:20:00,22:20:00,1
5,Friday,T099,False,6,33,1,07:00:00,10:00:00,1
4,Thursday,T234,True,10,30,6,15:00:00,18:00:00,1
1,Monday,T091,False,3,2,2,10:00:00,13:00:00,1
3,Wednesday,T009,False,3,17,1,07:00:00,10:00:00,1
6,Saturday,T176,False,7,41,1,07:00:00,10:00:00,1
3,Wednesday,T103,False,5,18,2,10:00:00,13:00:00,1
1,Monday,T031,False,3,6,6,15:00:00,18:00:00,1
3,Wednesday,T107,True,3,23,7,18:20:00,21:20:00,1
5,Friday,T008,False,6,33,1,07:00:00,10:00:00,1
4,Thursday,T013,True,3,26,2,10:00:00,13:00:00,1
4,Thursday,T010,True,7,31,7,18:20:00,21:20:00,1
4,Thursday,T003,True,8,30,6,15:00:00,18:00:00,1
4,Thursday,T107,False,8,29,5,14:00:00,17:00:00,1
5,Friday,T009,True,10,33,1,07:00:00,10:00:00,1
4,Thursday,T112,False,7,31,7,18:20:00,21:20:00,1
4,Thursday,T159,False,6,26,2,10:00:00,13:00:00,1
3,Wednesday,T017,True,9,24,8,18:20:00,22:20:00,1
4,Thursday,T056,False,10,30,6,15:00:00,18:00:00,1
1,Monday,T016,False,4,2,2,10:00:00,13:00:00,1
6,Saturday,T070,True,10,41,1,07:00:00,10:00:00,1
2,Tuesday,T120,True,5,9,1,07:00:00,10:00:00,1
2,Tuesday,T112,False,5,16,8,18:20:00,22:20:00,1
3,Wednesday,T107,False,7,58,11,17:00:00,20:00:00,1
3,Wednesday,T107,False,4,18,2,10:00:00,13:00:00,1
3,Wednesday,T061,True,3,17,1,07:00:00,10:00:00,1
3,Wednesday,T159,False,7,22,6,15:00:00,18:00:00,1
2,Tuesday,T048,True,5,10,2,10:00:00,13:00:00,1
2,Tuesday,T017,False,3,12,4,13:00:00,16:00:00,1
4,Thursday,T069,False,6,28,4,13:00:00,16:00:00,1
5,Friday,T112,False,7,60,11,17:00:00,20:00:00,1
5,Friday,T012,True,7,33,1,07:00:00,10:00:00,1
5,Friday,T085,False,4,40,8,18:20:00,22:20:00,1
3,Wednesday,T185,False,7,22,6,15:00:00,18:00:00,1
3,Wednesday,T031,False,8,17,1,07:00:00,10:00:00,1
3,Wednesday,T011,True,5,22,6,15:00:00,18:00:00,1
4,Thursday,T056,True,5,26,2,10:00:00,13:00:00,1
5,Friday,T230,False,10,37,5,14:00:00,17:00:00,1
1,Monday,T060,False,5,8,8,18:20:00,22:20:00,1
2,Tuesday,T110,True,8,13,5,14:00:00,17:00:00,1
3,Wednesday,T125,True,6,22,6,15:00:00,18:00:00,1
2,Tuesday,T033,True,3,10,2,10:00:00,13:00:00,1
2,Tuesday,T012,True,4,15,7,18:20:00,21:20:00,1
2,Tuesday,T169,True,6,15,7,18:20:00,21:20:00,1
3,Wednesday,T048,False,8,23,7,18:20:00,21:20:00,1
4,Thursday,T026,True,10,26,2,10:00:00,13:00:00,1
5,Friday,T174,True,8,38,6,15:00:00,18:00:00,1
2,Tuesday,T016,True,10,11,3,09:00:00,12:00:00,1
5,Friday,T087,True,10,39,7,18:20:00,21:20:00,1
4,Thursday,T034,True,3,27,3,09:00:00,12:00:00,1
4,Thursday,T132,True,4,31,7,18:20:00,21:20:00,1
5,Friday,T018,False,3,33,1,07:00:00,10:00:00,1
1,Monday,T053,False,5,4,4,13:00:00,16:00:00,1
4,Thursday,T197,True,7,31,7,18:20:00,21:20:00,1
3,Wednesday,T012,True,9,23,7,18:20:00,21:20:00,1
2,Tuesday,T017,True,5,10,2,10:00:00,13:00:00,1
5,Friday,T026,False,5,33,1,07:00:00,10:00:00,1
6,Saturday,T047,False,3,45,5,14:00:00,17:00:00,1
4,Thursday,T100,True,5,29,5,14:00:00,17:00:00,1
3,Wednesday,T055,True,5,23,7,18:20:00,21:20:00,1
1,Monday,T101,True,5,1,1,07:00:00,10:00:00,1
3,Wednesday,T070,False,3,17,1,07:00:00,10:00:00,1
2,Tuesday,T177,False,6,14,6,15:00:00,18:00:00,1
5,Friday,T081,True,9,33,1,07:00:00,10:00:00,1
4,Thursday,T078,False,4,32,8,18:20:00,22:20:00,1
5,Friday,T091,False,3,36,4,13:00:00,16:00:00,1
2,Tuesday,T016,False,4,14,6,15:00:00,18:00:00,1
3,Wednesday,T063,False,4,23,7,18:20:00,21:20:00,1
2,Tuesday,T084,True,9,9,1,07:00:00,10:00:00,1
6,Saturday,T019,True,8,45,5,14:00:00,17:00:00,1
1,Monday,T078,False,4,3,3,09:00:00,12:00:00,1
4,Thursday,T066,False,7,59,11,17:00:00,20:00:00,1
3,Wednesday,T144,False,7,19,3,09:00:00,12:00:00,1
4,Thursday,T017,False,4,27,3,09:00:00,12:00:00,1
1,Monday,T057,True,10,7,7,18:20:00,21:20:00,1
4,Thursday,T112,False,5,32,8,18:20:00,22:20:00,1
5,Friday,T026,True,7,37,5,14:00:00,17:00:00,1
3,Wednesday,T112,False,7,22,6,15:00:00,18:00:00,1
3,Wednesday,T017,True,10,23,7,18:20:00,21:20:00,1
1,Monday,T078,True,4,7,7,18:20:00,21:20:00,1
3,Wednesday,T094,False,4,22,6,15:00:00,18:00:00,1
2,Tuesday,T064,True,7,10,2,10:00:00,13:00:00,1
6,Saturday,T113,False,3,41,1,07:00:00,10:00:00,1
1,Monday,T163,False,7,4,4,13:00:00,16:00:00,1
3,Wednesday,T094,True,8,17,1,07:00:00,10:00:00,1
1,Monday,T196,True,8,6,6,15:00:00,18:00:00,1
4,Thursday,T131,True,10,29,5,14:00:00,17:00:00,1
4,Thursday,T085,False,4,31,7,18:20:00,21:20:00,1
1,Monday,T016,False,8,3,3,09:00:00,12:00:00,1
2,Tuesday,T151,True,9,10,2,10:00:00,13:00:00,1
4,Thursday,T018,False,6,30,6,15:00:00,18:00:00,1
4,Thursday,T107,False,8,26,2,10:00:00,13:00:00,1
5,Friday,T098,True,3,33,1,07:00:00,10:00:00,1
6,Saturday,T080,True,3,42,2,10:00:00,13:00:00,1
1,Monday,T017,True,5,2,2,10:00:00,13:00:00,1
3,Wednesday,T081,False,7,18,2,10:00:00,13:00:00,1
2,Tuesday,T075,True,7,9,1,07:00:00,10:00:00,1
6,Saturday,T154,True,7,45,5,14:00:00,17:00:00,1
4,Thursday,T102,False,3,30,6,15:00:00,18:00:00,1
3,Wednesday,T027,True,5,22,6,15:00:00,18:00:00,1
4,Thursday,T144,False,7,28,4,13:00:00,16:00:00,1
2,Tuesday,T112,False,10,9,1,07:00:00,10:00:00,1
2,Tuesday,T108,False,4,10,2,10:00:00,13:00:00,1
3,Wednesday,T174,True,6,22,6,15:00:00,18:00:00,1
4,Thursday,T107,False,8,59,11,17:00:00,20:00:00,1
6,Saturday,T050,False,4,42,2,10:00:00,13:00:00,1
2,Tuesday,T003,False,5,16,8,18:20:00,22:20:00,1
3,Wednesday,T107,False,8,23,7,18:20:00,21:20:00,1
1,Monday,T091,False,3,4,4,13:00:00,16:00:00,1
5,Friday,T107,False,5,34,2,10:00:00,13:00:00,1
1,Monday,T087,True,3,2,2,10:00:00,13:00:00,1
4,Thursday,T029,False,5,28,4,13:00:00,16:00:00,1
4,Thursday,T068,True,4,25,1,07:00:00,10:00:00,1
3,Wednesday,T058,True,4,17,1,07:00:00,10:00:00,1
3,Wednesday,T041,True,3,17,1,07:00:00,10:00:00,1
4,Thursday,T001,True,3,25,1,07:00:00,10:00:00,1
3,Wednesday,T074,True,7,18,2,10:00:00,13:00:00,1
5,Friday,T006,True,4,38,6,15:00:00,18:00:00,1
4,Thursday,T094,False,5,32,8,18:20:00,22:20:00,1
4,Thursday,T107,False,4,27,3,09:00:00,12:00:00,1
2,Tuesday,T107,False,5,12,4,13:00:00,16:00:00,1
1,Monday,T113,False,3,7,7,18:20:00,21:20:00,1
1,Monday,T134,True,4,3,3,09:00:00,12:00:00,1
5,Friday,T107,True,4,38,6,15:00:00,18:00:00,1
6,Saturday,T126,True,5,41,1,07:00:00,10:00:00,1
2,Tuesday,T006,True,10,15,7,18:20:00,21:20:00,1
4,Thursday,T002,False,3,27,3,09:00:00,12:00:00,1
4,Thursday,T025,False,3,26,2,10:00:00,13:00:00,1
6,Saturday,T124,False,5,45,5,14:00:00,17:00:00,1
5,Friday,T112,False,9,60,11,17:00:00,20:00:00,1
6,Saturday,T043,True,10,45,5,14:00:00,17:00:00,1
2,Tuesday,T043,True,4,9,1,07:00:00,10:00:00,1
2,Tuesday,T087,False,5,10,2,10:00:00,13:00:00,1
6,Saturday,T176,False,7,42,2,10:00:00,13:00:00,1
1,Monday,T084,True,6,5,5,14:00:00,17:00:00,1
3,Wednesday,T066,False,4,21,5,14:00:00,17:00:00,1
5,Friday,T056,False,4,37,5,14:00:00,17:00:00,1
1,Monday,T008,True,5,7,7,18:20:00,21:20:00,1
2,Tuesday,T178,False,6,16,8,18:20:00,22:20:00,1
1,Monday,T148,True,8,1,1,07:00:00,10:00:00,1
1,Monday,T047,True,5,1,1,07:00:00,10:00:00,1
1,Monday,T107,False,6,7,7,18:20:00,21:20:00,1
5,Friday,T070,True,8,38,6,15:00:00,18:00:00,1
4,Thursday,T001,False,4,29,5,14:00:00,17:00:00,1
4,Thursday,T026,True,4,29,5,14:00:00,17:00:00,1
2,Tuesday,T003,False,5,9,1,07:00:00,10:00:00,1
5,Friday,T130,True,7,37,5,14:00:00,17:00:00,1
4,Thursday,T066,False,7,25,1,07:00:00,10:00:00,1
3,Wednesday,T107,False,7,24,8,18:20:00,22:20:00,1
4,Thursday,T100,False,5,28,4,13:00:00,16:00:00,1
6,Saturday,T104,False,4,42,2,10:00:00,13:00:00,1
2,Tuesday,T005,True,7,13,5,14:00:00,17:00:00,1
5,Friday,T107,False,10,60,11,17:00:00,20:00:00,1
1,Monday,T009,True,4,1,1,07:00:00,10:00:00,1
2,Tuesday,T123,False,5,10,2,10:00:00,13:00:00,1
1,Monday,T118,True,9,5,5,14:00:00,17:00:00,1
4,Thursday,T017,True,10,25,1,07:00:00,10:00:00,1
1,Monday,T159,False,7,7,7,18:20:00,21:20:00,1
6,Saturday,T149,True,10,45,5,14:00:00,17:00:00,1
6,Saturday,T048,True,7,41,1,07:00:00,10:00:00,1
1,Monday,T173,False,6,3,3,09:00:00,12:00:00,1
1,Monday,T107,False,8,5,5,14:00:00,17:00:00,1
5,Friday,T035,False,3,33,1,07:00:00,10:00:00,1
4,Thursday,T066,False,7,30,6,15:00:00,18:00:00,1
1,Monday,T112,False,9,6,6,15:00:00,18:00:00,1
2,Tuesday,T114,False,7,14,6,15:00:00,18:00:00,1
3,Wednesday,T130,False,4,23,7,18:20:00,21:20:00,1
3,Wednesday,T037,True,6,21,5,14:00:00,17:00:00,1
3,Wednesday,T032,False,3,23,7,18:20:00,21:20:00,1
2,Tuesday,T068,True,3,10,2,10:00:00,13:00:00,1
2,Tuesday,T016,True,6,12,4,13:00:00,16:00:00,1
4,Thursday,T062,True,9,31,7,18:20:00,21:20:00,1
2,Tuesday,T118,False,5,11,3,09:00:00,12:00:00,1
5,Friday,T112,False,8,60,11,17:00:00,20:00:00,1
4,Thursday,T199,False,9,25,1,07:00:00,10:00:00,1
6,Saturday,T107,False,3,41,1,07:00:00,10:00:00,1
3,Wednesday,T118,False,4,17,1,07:00:00,10:00:00,1
5,Friday,T058,False,3,34,2,10:00:00,13:00:00,1
3,Wednesday,T185,False,7,20,4,13:00:00,16:00:00,1
2,Tuesday,T078,False,3,14,6,15:00:00,18:00:00,1
4,Thursday,T069,True,7,29,5,14:00:00,17:00:00,1
6,Saturday,T126,True,6,41,1,07:00:00,10:00:00,1
2,Tuesday,T070,False,4,15,7,18:20:00,21:20:00,1
3,Wednesday,T121,False,4,18,2,10:00:00,13:00:00,1
6,Saturday,T093,False,4,44,4,13:00:00,16:00:00,1
2,Tuesday,T107,False,10,62,12,06:00:00,09:00:00,1
2,Tuesday,T076,True,4,11,3,09:00:00,12:00:00,1
2,Tuesday,T028,False,7,13,5,14:00:00,17:00:00,1
2,Tuesday,T016,False,9,9,1,07:00:00,10:00:00,1
2,Tuesday,T209,True,10,10,2,10:00:00,13:00:00,1
5,Friday,T119,False,4,39,7,18:20:00,21:20:00,1
4,Thursday,T081,False,5,25,1,07:00:00,10:00:00,1
2,Tuesday,T112,False,8,14,6,15:00:00,18:00:00,1
2,Tuesday,T145,False,6,16,8,18:20:00,22:20:00,1
4,Thursday,T064,True,9,26,2,10:00:00,13:00:00,1
3,Wednesday,T042,False,5,22,6,15:00:00,18:00:00,1
3,Wednesday,T042,True,7,23,7,18:20:00,21:20:00,1
1,Monday,T217,False,9,3,3,09:00:00,12:00:00,1
5,Friday,T158,True,6,39,7,18:20:00,21:20:00,1
3,Wednesday,T076,True,8,22,6,15:00:00,18:00:00,1
1,Monday,T021,True,10,7,7,18:20:00,21:20:00,1
4,Thursday,T062,True,3,25,1,07:00:00,10:00:00,1
4,Thursday,T078,False,3,32,8,18:20:00,22:20:00,1
6,Saturday,T080,False,3,43,3,09:00:00,12:00:00,1
4,Thursday,T107,False,5,30,6,15:00:00,18:00:00,1
4,Thursday,T112,False,8,31,7,18:20:00,21:20:00,1
3,Wednesday,T006,False,3,22,6,15:00:00,18:00:00,1
3,Wednesday,T023,True,10,21,5,14:00:00,17:00:00,1
3,Wednesday,T121,False,9,18,2,10:00:00,13:00:00,1
5,Friday,T199,False,9,33,1,07:00:00,10:00:00,1
6,Saturday,T094,False,5,48,8,18:20:00,22:20:00,1
3,Wednesday,T010,True,4,21,5,14:00:00,17:00:00,1
1,Monday,T236,False,10,2,2,10:00:00,13:00:00,1
4,Thursday,T024,True,7,31,7,18:20:00,21:20:00,1
1,Monday,T075,True,7,5,5,14:00:00,17:00:00,1
1,Monday,T091,False,3,5,5,14:00:00,17:00:00,1
4,Thursday,T003,False,7,25,1,07:00:00,10:00:00,1
3,Wednesday,T061,True,9,21,5,14:00:00,17:00:00,1
2,Tuesday,T033,False,5,15,7,18:20:00,21:20:00,1
3,Wednesday,T002,False,3,22,6,15:00:00,18:00:00,1
5,Friday,T009,True,8,33,1,07:00:00,10:00:00,1
5,Friday,T096,False,3,39,7,18:20:00,21:20:00,1
6,Saturday,T050,False,6,43,3,09:00:00,12:00:00,1
2,Tuesday,T061,True,10,13,5,14:00:00,17:00:00,1
2,Tuesday,T094,False,4,15,7,18:20:00,21:20:00,1
3,Wednesday,T175,True,9,22,6,15:00:00,18:00:00,1
2,Tuesday,T154,True,6,15,7,18:20:00,21:20:00,1
2,Tuesday,T047,True,8,13,5,14:00:00,17:00:00,1
3,Wednesday,T016,False,3,24,8,18:20:00,22:20:00,1
6,Saturday,T052,True,9,41,1,07:00:00,10:00:00,1
5,Friday,T078,False,4,35,3,09:00:00,12:00:00,1
5,Friday,T107,False,7,33,1,07:00:00,10:00:00,1
2,Tuesday,T112,False,8,12,4,13:00:00,16:00:00,1
3,Wednesday,T078,False,4,23,7,18:20:00,21:20:00,1
4,Thursday,T107,False,3,28,4,13:00:00,16:00:00,1
2,Tuesday,T075,True,8,10,2,10:00:00,13:00:00,1
6,Saturday,T111,True,5,47,7,18:20:00,21:20:00,1
4,Thursday,T097,False,7,30,6,15:00:00,18:00:00,1
1,Monday,T066,False,4,1,1,07:00:00,10:00:00,1
3,Wednesday,T075,True,6,21,5,14:00:00,17:00:00,1
1,Monday,T221,True,8,3,3,09:00:00,12:00:00,1
1,Monday,T041,True,10,6,6,15:00:00,18:00:00,1
5,Friday,T041,True,6,38,6,15:00:00,18:00:00,1
3,Wednesday,T066,False,7,24,8,18:20:00,22:20:00,1
1,Monday,T040,True,3,5,5,14:00:00,17:00:00,1
4,Thursday,T056,False,7,29,5,14:00:00,17:00:00,1
2,Tuesday,T069,False,3,9,1,07:00:00,10:00:00,1
3,Wednesday,T011,True,9,21,5,14:00:00,17:00:00,1
2,Tuesday,T107,False,3,9,1,07:00:00,10:00:00,1
5,Friday,T122,True,4,38,6,15:00:00,18:00:00,1
4,Thursday,T164,False,7,27,3,09:00:00,12:00:00,1
2,Tuesday,T076,True,3,11,3,09:00:00,12:00:00,1
1,Monday,T016,False,6,2,2,10:00:00,13:00:00,1
5,Friday,T107,False,4,36,4,13:00:00,16:00:00,1
1,Monday,T070,False,5,7,7,18:20:00,21:20:00,1
5,Friday,T199,False,8,33,1,07:00:00,10:00:00,1
1,Monday,T082,False,9,5,5,14:00:00,17:00:00,1
4,Thursday,T094,False,3,30,6,15:00:00,18:00:00,1
1,Monday,T094,False,3,8,8,18:20:00,22:20:00,1
1,Monday,T112,False,7,1,1,07:00:00,10:00:00,1
2,Tuesday,T246,False,10,9,1,07:00:00,10:00:00,1
6,Saturday,T007,True,9,43,3,09:00:00,12:00:00,1
1,Monday,T118,True,10,5,5,14:00:00,17:00:00,1
2,Tuesday,T017,True,4,13,5,14:00:00,17:00:00,1
6,Saturday,T007,False,6,42,2,10:00:00,13:00:00,1
2,Tuesday,T107,False,4,12,4,13:00:00,16:00:00,1
6,Saturday,T107,False,6,43,3,09:00:00,12:00:00,1
3,Wednesday,T066,False,7,17,1,07:00:00,10:00:00,1
2,Tuesday,T041,True,8,14,6,15:00:00,18:00:00,1
3,Wednesday,T112,False,5,21,5,14:00:00,17:00:00,1
1,Monday,T170,False,8,6,6,15:00:00,18:00:00,1
3,Wednesday,T140,False,10,18,2,10:00:00,13:00:00,1
6,Saturday,T107,False,10,45,5,14:00:00,17:00:00,1
1,Monday,T062,True,5,7,7,18:20:00,21:20:00,1
2,Tuesday,T131,False,6,12,4,13:00:00,16:00:00,1
5,Friday,T100,True,6,33,1,07:00:00,10:00:00,1
3,Wednesday,T107,False,9,23,7,18:20:00,21:20:00,1
1,Monday,T060,False,4,5,5,14:00:00,17:00:00,1
4,Thursday,T112,False,8,59,11,17:00:00,20:00:00,1
4,Thursday,T002,False,5,26,2,10:00:00,13:00:00,1
2,Tuesday,T185,False,7,13,5,14:00:00,17:00:00,1
3,Wednesday,T017,False,4,20,4,13:00:00,16:00:00,1
2,Tuesday,T025,True,5,9,1,07:00:00,10:00:00,1
5,Friday,T009,True,5,33,1,07:00:00,10:00:00,1
3,Wednesday,T093,True,6,23,7,18:20:00,21:20:00,1
3,Wednesday,T107,False,9,58,11,17:00:00,20:00:00,1
1,Monday,T077,False,3,5,5,14:00:00,17:00:00,1
1,Monday,T016,True,4,7,7,18:20:00,21:20:00,1
3,Wednesday,T090,False,4,22,6,15:00:00,18:00:00,1
3,Wednesday,T018,False,6,20,4,13:00:00,16:00:00,1
1,Monday,T025,True,4,5,5,14:00:00,17:00:00,1
5,Friday,T112,False,5,40,8,18:20:00,22:20:00,1
4,Thursday,T152,False,7,25,1,07:00:00,10:00:00,1
4,Thursday,T068,True,6,29,5,14:00:00,17:00:00,1
3,Wednesday,T027,False,6,17,1,07:00:00,10:00:00,1
5,Friday,T156,True,8,38,6,15:00:00,18:00:00,1
5,Friday,T054,False,10,39,7,18:20:00,21:20:00,1
6,Saturday,T130,True,7,46,6,15:00:00,18:00:00,1
1,Monday,T044,True,8,7,7,18:20:00,21:20:00,1
5,Friday,T107,False,8,37,5,14:00:00,17:00:00,1
4,Thursday,T091,False,3,30,6,15:00:00,18:00:00,1
3,Wednesday,T107,False,9,53,10,17:00:00,19:00:00,1
2,Tuesday,T080,True,9,9,1,07:00:00,10:00:00,1
6,Saturday,T030,True,5,46,6,15:00:00,18:00:00,1
4,Thursday,T078,False,4,30,6,15:00:00,18:00:00,1
3,Wednesday,T057,False,5,21,5,14:00:00,17:00:00,1
3,Wednesday,T118,True,6,21,5,14:00:00,17:00:00,1
3,Wednesday,T107,False,10,24,8,18:20:00,22:20:00,1
4,Thursday,T026,False,5,29,5,14:00:00,17:00:00,1
3,Wednesday,T028,False,4,17,1,07:00:00,10:00:00,1
4,Thursday,T005,False,6,26,2,10:00:00,13:00:00,1
4,Thursday,T018,True,3,26,2,10:00:00,13:00:00,1
6,Saturday,T020,False,3,47,7,18:20:00,21:20:00,1
1,Monday,T057,False,6,6,6,15:00:00,18:00:00,1
2,Tuesday,T013,True,7,14,6,15:00:00,18:00:00,1
2,Tuesday,T045,True,3,13,5,14:00:00,17:00:00,1
3,Wednesday,T009,False,5,17,1,07:00:00,10:00:00,1
3,Wednesday,T068,True,7,21,5,14:00:00,17:00:00,1
2,Tuesday,T113,True,9,13,5,14:00:00,17:00:00,1
1,Monday,T032,False,7,6,6,15:00:00,18:00:00,1
2,Tuesday,T097,False,7,16,8,18:20:00,22:20:00,1
2,Tuesday,T108,True,10,16,8,18:20:00,22:20:00,1
4,Thursday,T005,False,5,26,2,10:00:00,13:00:00,1
4,Thursday,T058,False,6,26,2,10:00:00,13:00:00,1
1,Monday,T070,True,7,6,6,15:00:00,18:00:00,1
3,Wednesday,T080,True,8,21,5,14:00:00,17:00:00,1
5,Friday,T149,True,9,39,7,18:20:00,21:20:00,1
4,Thursday,T107,False,9,29,5,14:00:00,17:00:00,1
4,Thursday,T185,False,7,26,2,10:00:00,13:00:00,1
4,Thursday,T107,False,7,31,7,18:20:00,21:20:00,1
2,Tuesday,T107,False,10,16,8,18:20:00,22:20:00,1
3,Wednesday,T107,False,10,21,5,14:00:00,17:00:00,1
1,Monday,T094,False,3,4,4,13:00:00,16:00:00,1
5,Friday,T042,False,6,39,7,18:20:00,21:20:00,1
2,Tuesday,T009,False,3,15,7,18:20:00,21:20:00,1
6,Saturday,T003,True,5,45,5,14:00:00,17:00:00,1
1,Monday,T184,True,8,2,2,10:00:00,13:00:00,1
2,Tuesday,T027,True,3,11,3,09:00:00,12:00:00,1
4,Thursday,T067,True,3,26,2,10:00:00,13:00:00,1
1,Monday,T057,False,7,2,2,10:00:00,13:00:00,1
2,Tuesday,T107,False,9,49,9,06:00:00,09:00:00,1
1,Monday,T107,False,3,5,5,14:00:00,17:00:00,1
2,Tuesday,T121,False,4,9,1,07:00:00,10:00:00,1
2,Tuesday,T107,False,7,62,12,06:00:00,09:00:00,1
3,Wednesday,T057,False,6,21,5,14:00:00,17:00:00,1
2,Tuesday,T072,False,3,11,3,09:00:00,12:00:00,1
2,Tuesday,T015,True,7,15,7,18:20:00,21:20:00,1
3,Wednesday,T053,True,5,17,1,07:00:00,10:00:00,1
5,Friday,T125,True,7,37,5,14:00:00,17:00:00,1
1,Monday,T121,False,7,1,1,07:00:00,10:00:00,1
1,Monday,T034,True,10,2,2,10:00:00,13:00:00,1
6,Saturday,T199,True,10,45,5,14:00:00,17:00:00,1
4,Thursday,T056,False,10,29,5,14:00:00,17:00:00,1
1,Monday,T045,False,4,6,6,15:00:00,18:00:00,1
3,Wednesday,T054,True,6,17,1,07:00:00,10:00:00,1
5,Friday,T060,False,7,34,2,10:00:00,13:00:00,1
5,Friday,T053,False,4,37,5,14:00:00,17:00:00,1
5,Friday,T024,True,5,38,6,15:00:00,18:00:00,1
3,Wednesday,T006,True,10,23,7,18:20:00,21:20:00,1
4,Thursday,T164,False,10,25,1,07:00:00,10:00:00,1
5,Friday,T019,False,3,38,6,15:00:00,18:00:00,1
5,Friday,T024,True,10,38,6,15:00:00,18:00:00,1
2,Tuesday,T063,False,3,11,3,09:00:00,12:00:00,1
4,Thursday,T001,False,6,25,1,07:00:00,10:00:00,1
4,Thursday,T061,False,9,29,5,14:00:00,17:00:00,1
3,Wednesday,T076,True,10,23,7,18:20:00,21:20:00,1
1,Monday,T208,False,10,1,1,07:00:00,10:00:00,1
3,Wednesday,T058,True,8,18,2,10:00:00,13:00:00,1
3,Wednesday,T107,False,10,63,12,06:00:00,09:00:00,1
4,Thursday,T113,False,3,30,6,15:00:00,18:00:00,1
2,Tuesday,T107,False,4,15,7,18:20:00,21:20:00,1
3,Wednesday,T124,True,5,19,3,09:00:00,12:00:00,1
2,Tuesday,T185,False,7,14,6,15:00:00,18:00:00,1
4,Thursday,T003,True,8,29,5,14:00:00,17:00:00,1
2,Tuesday,T031,True,9,13,5,14:00:00,17:00:00,1
3,Wednesday,T099,True,9,22,6,15:00:00,18:00:00,1
5,Friday,T176,True,9,34,2,10:00:00,13:00:00,1
5,Friday,T041,True,3,33,1,07:00:00,10:00:00,1
1,Monday,T107,False,8,8,8,18:20:00,22:20:00,1
4,Thursday,T025,False,9,25,1,07:00:00,10:00:00,1
6,Saturday,T050,False,5,41,1,07:00:00,10:00:00,1
1,Monday,T112,False,8,4,4,13:00:00,16:00:00,1
4,Thursday,T002,False,4,27,3,09:00:00,12:00:00,1
6,Saturday,T094,False,3,46,6,15:00:00,18:00:00,1
2,Tuesday,T116,True,3,11,3,09:00:00,12:00:00,1
4,Thursday,T058,False,6,25,1,07:00:00,10:00:00,1
4,Thursday,T100,False,7,25,1,07:00:00,10:00:00,1
5,Friday,T010,False,4,38,6,15:00:00,18:00:00,1
3,Wednesday,T016,False,4,18,2,10:00:00,13:00:00,1
1,Monday,T172,False,10,5,5,14:00:00,17:00:00,1
1,Monday,T081,False,6,4,4,13:00:00,16:00:00,1
2,Tuesday,T199,True,9,16,8,18:20:00,22:20:00,1
2,Tuesday,T033,True,3,9,1,07:00:00,10:00:00,1
4,Thursday,T054,True,6,31,7,18:20:00,21:20:00,1
2,Tuesday,T083,False,7,10,2,10:00:00,13:00:00,1
3,Wednesday,T051,False,9,18,2,10:00:00,13:00:00,1
5,Friday,T151,False,6,33,1,07:00:00,10:00:00,1
2,Tuesday,T091,False,3,15,7,18:20:00,21:20:00,1
5,Friday,T047,False,8,35,3,09:00:00,12:00:00,1
6,Saturday,T112,False,8,46,6,15:00:00,18:00:00,1
3,Wednesday,T003,True,9,19,3,09:00:00,12:00:00,1
4,Thursday,T027,True,3,27,3,09:00:00,12:00:00,1
3,Wednesday,T004,True,3,17,1,07:00:00,10:00:00,1
3,Wednesday,T076,False,5,18,2,10:00:00,13:00:00,1
2,Tuesday,T091,True,3,13,5,14:00:00,17:00:00,1
2,Tuesday,T131,True,8,13,5,14:00:00,17:00:00,1
5,Friday,T097,False,7,38,6,15:00:00,18:00:00,1
3,Wednesday,T102,True,6,23,7,18:20:00,21:20:00,1
1,Monday,T010,False,6,8,8,18:20:00,22:20:00,1
6,Saturday,T167,True,9,41,1,07:00:00,10:00:00,1
1,Monday,T248,False,10,2,2,10:00:00,13:00:00,1
2,Tuesday,T196,True,8,9,1,07:00:00,10:00:00,1
1,Monday,T112,False,9,56,11,17:00:00,20:00:00,1
1,Monday,T014,True,3,1,1,07:00:00,10:00:00,1
4,Thursday,T078,False,4,27,3,09:00:00,12:00:00,1
4,Thursday,T107,False,5,25,1,07:00:00,10:00:00,1
6,Saturday,T104,False,3,41,1,07:00:00,10:00:00,1
2,Tuesday,T094,True,5,12,4,13:00:00,16:00:00,1
5,Friday,T042,True,7,39,7,18:20:00,21:20:00,1
3,Wednesday,T127,True,5,21,5,14:00:00,17:00:00,1
6,Saturday,T007,True,3,41,1,07:00:00,10:00:00,1
4,Thursday,T016,False,4,26,2,10:00:00,13:00:00,1
6,Saturday,T007,False,3,48,8,18:20:00,22:20:00,1
3,Wednesday,T028,True,6,19,3,09:00:00,12:00:00,1
3,Wednesday,T041,True,7,22,6,15:00:00,18:00:00,1
3,Wednesday,T099,False,5,22,6,15:00:00,18:00:00,1
3,Wednesday,T051,True,7,17,1,07:00:00,10:00:00,1
5,Friday,T230,True,10,33,1,07:00:00,10:00:00,1
1,Monday,T057,True,3,2,2,10:00:00,13:00:00,1
2,Tuesday,T107,False,6,9,1,07:00:00,10:00:00,1
5,Friday,T102,True,3,37,5,14:00:00,17:00:00,1
3,Wednesday,T038,False,4,24,8,18:20:00,22:20:00,1
4,Thursday,T056,False,7,26,2,10:00:00,13:00:00,1
3,Wednesday,T148,False,10,18,2,10:00:00,13:00:00,1
4,Thursday,T051,False,4,31,7,18:20:00,21:20:00,1
3,Wednesday,T006,False,8,22,6,15:00:00,18:00:00,1
2,Tuesday,T002,False,3,11,3,09:00:00,12:00:00,1
4,Thursday,T170,True,10,29,5,14:00:00,17:00:00,1
1,Monday,T069,False,4,5,5,14:00:00,17:00:00,1
5,Friday,T100,False,5,37,5,14:00:00,17:00:00,1
5,Friday,T112,False,7,38,6,15:00:00,18:00:00,1
1,Monday,T070,True,8,6,6,15:00:00,18:00:00,1
2,Tuesday,T005,True,9,13,5,14:00:00,17:00:00,1
5,Friday,T009,False,9,33,1,07:00:00,10:00:00,1
4,Thursday,T107,False,4,25,1,07:00:00,10:00:00,1
5,Friday,T107,False,4,34,2,10:00:00,13:00:00,1
6,Saturday,T034,True,6,45,5,14:00:00,17:00:00,1
2,Tuesday,T102,True,8,10,2,10:00:00,13:00:00,1
2,Tuesday,T160,False,7,13,5,14:00:00,17:00:00,1
1,Monday,T047,False,5,4,4,13:00:00,16:00:00,1
5,Friday,T047,True,3,33,1,07:00:00,10:00:00,1
5,Friday,T105,False,7,34,2,10:00:00,13:00:00,1
2,Tuesday,T111,False,8,13,5,14:00:00,17:00:00,1
4,Thursday,T003,True,5,29,5,14:00:00,17:00:00,1
2,Tuesday,T013,True,5,9,1,07:00:00,10:00:00,1
2,Tuesday,T107,False,7,14,6,15:00:00,18:00:00,1
1,Monday,T107,False,10,6,6,15:00:00,18:00:00,1
4,Thursday,T185,False,7,28,4,13:00:00,16:00:00,1
3,Wednesday,T107,False,4,23,7,18:20:00,21:20:00,1
6,Saturday,T111,False,6,46,6,15:00:00,18:00:00,1
6,Saturday,T107,False,8,42,2,10:00:00,13:00:00,1
3,Wednesday,T031,True,3,21,5,14:00:00,17:00:00,1
3,Wednesday,T041,True,5,23,7,18:20:00,21:20:00,1
4,Thursday,T018,True,6,26,2,10:00:00,13:00:00,1
3,Wednesday,T063,True,7,23,7,18:20:00,21:20:00,1
1,Monday,T060,False,6,8,8,18:20:00,22:20:00,1
5,Friday,T099,False,4,38,6,15:00:00,18:00:00,1
3,Wednesday,T027,False,4,17,1,07:00:00,10:00:00,1
2,Tuesday,T047,True,4,13,5,14:00:00,17:00:00,1
2,Tuesday,T031,False,3,13,5,14:00:00,17:00:00,1
5,Friday,T108,False,6,36,4,13:00:00,16:00:00,1
3,Wednesday,T107,False,5,22,6,15:00:00,18:00:00,1
5,Friday,T107,False,7,38,6,15:00:00,18:00:00,1
2,Tuesday,T005,True,10,11,3,09:00:00,12:00:00,1
2,Tuesday,T057,False,3,15,7,18:20:00,21:20:00,1
2,Tuesday,T121,True,7,14,6,15:00:00,18:00:00,1
5,Friday,T189,True,7,38,6,15:00:00,18:00:00,1
4,Thursday,T094,False,3,32,8,18:20:00,22:20:00,1
2,Tuesday,T003,True,7,10,2,10:00:00,13:00:00,1
1,Monday,T044,True,7,7,7,18:20:00,21:20:00,1
2,Tuesday,T041,True,8,15,7,18:20:00,21:20:00,1
5,Friday,T106,True,8,34,2,10:00:00,13:00:00,1
3,Wednesday,T031,True,3,17,1,07:00:00,10:00:00,1
1,Monday,T007,False,4,8,8,18:20:00,22:20:00,1
1,Monday,T055,True,5,1,1,07:00:00,10:00:00,1
2,Tuesday,T048,True,3,10,2,10:00:00,13:00:00,1
1,Monday,T172,False,8,1,1,07:00:00,10:00:00,1
6,Saturday,T069,False,4,44,4,13:00:00,16:00:00,1
6,Saturday,T093,False,10,41,1,07:00:00,10:00:00,1
1,Monday,T045,False,4,4,4,13:00:00,16:00:00,1
4,Thursday,T107,False,8,27,3,09:00:00,12:00:00,1
2,Tuesday,T121,True,4,13,5,14:00:00,17:00:00,1
5,Friday,T154,False,7,33,1,07:00:00,10:00:00,1
2,Tuesday,T015,False,4,15,7,18:20:00,21:20:00,1
1,Monday,T107,False,10,56,11,17:00:00,20:00:00,1
6,Saturday,T165,False,7,41,1,07:00:00,10:00:00,1
6,Saturday,T118,True,5,45,5,14:00:00,17:00:00,1
5,Friday,T009,False,4,39,7,18:20:00,21:20:00,1
4,Thursday,T001,True,6,27,3,09:00:00,12:00:00,1
1,Monday,T091,False,3,3,3,09:00:00,12:00:00,1
3,Wednesday,T118,True,6,18,2,10:00:00,13:00:00,1
4,Thursday,T019,True,9,31,7,18:20:00,21:20:00,1
5,Friday,T112,False,9,34,2,10:00:00,13:00:00,1
5,Friday,T108,True,6,38,6,15:00:00,18:00:00,1
1,Monday,T192,True,7,6,6,15:00:00,18:00:00,1
2,Tuesday,T007,True,10,16,8,18:20:00,22:20:00,1
5,Friday,T078,False,3,35,3,09:00:00,12:00:00,1
4,Thursday,T111,True,4,31,7,18:20:00,21:20:00,1
5,Friday,T112,False,7,35,3,09:00:00,12:00:00,1
6,Saturday,T112,False,5,42,2,10:00:00,13:00:00,1
1,Monday,T060,True,6,1,1,07:00:00,10:00:00,1
1,Monday,T052,True,10,6,6,15:00:00,18:00:00,1
6,Saturday,T126,False,6,42,2,10:00:00,13:00:00,1
5,Friday,T024,True,3,38,6,15:00:00,18:00:00,1
3,Wednesday,T002,False,5,18,2,10:00:00,13:00:00,1
5,Friday,T051,True,5,39,7,18:20:00,21:20:00,1
6,Saturday,T051,False,5,47,7,18:20:00,21:20:00,1
2,Tuesday,T107,False,9,14,6,15:00:00,18:00:00,1
1,Monday,T100,False,3,8,8,18:20:00,22:20:00,1
4,Thursday,T032,True,4,31,7,18:20:00,21:20:00,1
5,Friday,T060,False,10,39,7,18:20:00,21:20:00,1
2,Tuesday,T006,True,8,15,7,18:20:00,21:20:00,1
2,Tuesday,T144,True,5,10,2,10:00:00,13:00:00,1
2,Tuesday,T103,True,6,11,3,09:00:00,12:00:00,1
3,Wednesday,T176,True,8,23,7,18:20:00,21:20:00,1
6,Saturday,T102,True,10,46,6,15:00:00,18:00:00,1
1,Monday,T107,False,7,3,3,09:00:00,12:00:00,1
4,Thursday,T140,False,5,25,1,07:00:00,10:00:00,1
6,Saturday,T019,True,9,41,1,07:00:00,10:00:00,1
4,Thursday,T174,True,10,30,6,15:00:00,18:00:00,1
5,Friday,T123,False,5,33,1,07:00:00,10:00:00,1
2,Tuesday,T066,False,7,52,10,17:00:00,19:00:00,1
1,Monday,T025,False,7,5,5,14:00:00,17:00:00,1
3,Wednesday,T243,True,10,21,5,14:00:00,17:00:00,1
2,Tuesday,T111,False,9,10,2,10:00:00,13:00:00,1
4,Thursday,T055,False,3,25,1,07:00:00,10:00:00,1
3,Wednesday,T096,True,8,23,7,18:20:00,21:20:00,1
5,Friday,T087,True,3,36,4,13:00:00,16:00:00,1
1,Monday,T044,False,4,7,7,18:20:00,21:20:00,1
6,Saturday,T009,False,6,47,7,18:20:00,21:20:00,1
2,Tuesday,T107,False,9,52,10,17:00:00,19:00:00,1
4,Thursday,T075,True,10,30,6,15:00:00,18:00:00,1
2,Tuesday,T091,False,3,14,6,15:00:00,18:00:00,1
6,Saturday,T176,False,6,42,2,10:00:00,13:00:00,1
1,Monday,T105,False,6,2,2,10:00:00,13:00:00,1
1,Monday,T101,False,7,1,1,07:00:00,10:00:00,1
1,Monday,T016,True,6,1,1,07:00:00,10:00:00,1
2,Tuesday,T044,True,6,13,5,14:00:00,17:00:00,1
1,Monday,T055,False,4,3,3,09:00:00,12:00:00,1
2,Tuesday,T095,False,3,10,2,10:00:00,13:00:00,1
6,Saturday,T107,False,5,41,1,07:00:00,10:00:00,1
6,Saturday,T185,False,7,44,4,13:00:00,16:00:00,1
3,Wednesday,T070,False,4,23,7,18:20:00,21:20:00,1
4,Thursday,T140,False,5,30,6,15:00:00,18:00:00,1
2,Tuesday,T110,True,6,14,6,15:00:00,18:00:00,1
2,Tuesday,T087,True,8,15,7,18:20:00,21:20:00,1
5,Friday,T107,False,5,40,8,18:20:00,22:20:00,1
3,Wednesday,T009,False,8,17,1,07:00:00,10:00:00,1
4,Thursday,T100,False,7,29,5,14:00:00,17:00:00,1
1,Monday,T120,True,4,1,1,07:00:00,10:00:00,1
2,Tuesday,T045,False,4,13,5,14:00:00,17:00:00,1
2,Tuesday,T107,False,8,57,11,17:00:00,20:00:00,1
5,Friday,T148,True,5,33,1,07:00:00,10:00:00,1
3,Wednesday,T043,False,7,18,2,10:00:00,13:00:00,1
3,Wednesday,T058,False,5,17,1,07:00:00,10:00:00,1
2,Tuesday,T070,False,3,9,1,07:00:00,10:00:00,1
3,Wednesday,T069,False,3,21,5,14:00:00,17:00:00,1
3,Wednesday,T015,False,5,23,7,18:20:00,21:20:00,1
2,Tuesday,T032,False,7,14,6,15:00:00,18:00:00,1
5,Friday,T149,True,7,39,7,18:20:00,21:20:00,1
6,Saturday,T110,False,8,41,1,07:00:00,10:00:00,1
5,Friday,T056,True,4,33,1,07:00:00,10:00:00,1
3,Wednesday,T031,False,3,19,3,09:00:00,12:00:00,1
6,Saturday,T239,True,9,42,2,10:00:00,13:00:00,1
1,Monday,T033,True,6,5,5,14:00:00,17:00:00,1
1,Monday,T094,True,3,5,5,14:00:00,17:00:00,1
3,Wednesday,T043,True,9,22,6,15:00:00,18:00:00,1
3,Wednesday,T112,False,5,19,3,09:00:00,12:00:00,1
1,Monday,T121,True,10,5,5,14:00:00,17:00:00,1
6,Saturday,T093,True,4,47,7,18:20:00,21:20:00,1
1,Monday,T057,False,7,1,1,07:00:00,10:00:00,1
3,Wednesday,T112,True,10,23,7,18:20:00,21:20:00,1
4,Thursday,T107,False,9,30,6,15:00:00,18:00:00,1
4,Thursday,T107,False,10,32,8,18:20:00,22:20:00,1
3,Wednesday,T015,False,7,23,7,18:20:00,21:20:00,1
3,Wednesday,T041,False,4,23,7,18:20:00,21:20:00,1
4,Thursday,T130,False,5,25,1,07:00:00,10:00:00,1
2,Tuesday,T016,False,4,15,7,18:20:00,21:20:00,1
5,Friday,T176,True,8,38,6,15:00:00,18:00:00,1
2,Tuesday,T098,True,3,9,1,07:00:00,10:00:00,1
5,Friday,T111,False,3,39,7,18:20:00,21:20:00,1
3,Wednesday,T120,True,4,17,1,07:00:00,10:00:00,1
3,Wednesday,T037,True,9,21,5,14:00:00,17:00:00,1
4,Thursday,T018,True,10,26,2,10:00:00,13:00:00,1
2,Tuesday,T111,False,6,9,1,07:00:00,10:00:00,1
5,Friday,T107,False,8,55,10,17:00:00,19:00:00,1
5,Friday,T003,True,7,40,8,18:20:00,22:20:00,1
2,Tuesday,T194,True,7,13,5,14:00:00,17:00:00,1
1,Monday,T107,False,10,5,5,14:00:00,17:00:00,1
2,Tuesday,T007,True,3,9,1,07:00:00,10:00:00,1
5,Friday,T112,False,8,35,3,09:00:00,12:00:00,1
3,Wednesday,T081,True,4,21,5,14:00:00,17:00:00,1
4,Thursday,T112,False,10,32,8,18:20:00,22:20:00,1
2,Tuesday,T177,False,7,62,12,06:00:00,09:00:00,1
4,Thursday,T013,True,3,31,7,18:20:00,21:20:00,1
6,Saturday,T096,True,3,47,7,18:20:00,21:20:00,1
3,Wednesday,T107,False,8,24,8,18:20:00,22:20:00,1
5,Friday,T198,True,9,39,7,18:20:00,21:20:00,1
5,Friday,T107,False,10,39,7,18:20:00,21:20:00,1
6,Saturday,T085,True,3,42,2,10:00:00,13:00:00,1
6,Saturday,T034,True,5,45,5,14:00:00,17:00:00,1
4,Thursday,T164,False,7,26,2,10:00:00,13:00:00,1
2,Tuesday,T108,True,8,13,5,14:00:00,17:00:00,1
6,Saturday,T107,False,8,66,11,17:00:00,20:00:00,1
2,Tuesday,T016,False,7,9,1,07:00:00,10:00:00,1
4,Thursday,T013,True,7,30,6,15:00:00,18:00:00,1
3,Wednesday,T013,False,7,18,2,10:00:00,13:00:00,1
3,Wednesday,T165,True,8,22,6,15:00:00,18:00:00,1
3,Wednesday,T107,False,8,21,5,14:00:00,17:00:00,1
3,Wednesday,T084,True,9,18,2,10:00:00,13:00:00,1
3,Wednesday,T005,False,5,18,2,10:00:00,13:00:00,1
6,Saturday,T053,True,6,45,5,14:00:00,17:00:00,1
3,Wednesday,T021,True,7,23,7,18:20:00,21:20:00,1
6,Saturday,T044,False,4,45,5,14:00:00,17:00:00,1
3,Wednesday,T094,False,5,18,2,10:00:00,13:00:00,1
5,Friday,T105,False,7,37,5,14:00:00,17:00:00,1
1,Monday,T222,True,9,7,7,18:20:00,21:20:00,1
6,Saturday,T114,False,7,45,5,14:00:00,17:00:00,1
4,Thursday,T131,True,8,29,5,14:00:00,17:00:00,1
4,Thursday,T012,False,5,27,3,09:00:00,12:00:00,1
4,Thursday,T011,True,6,30,6,15:00:00,18:00:00,1
2,Tuesday,T010,False,3,9,1,07:00:00,10:00:00,1
6,Saturday,T022,False,3,47,7,18:20:00,21:20:00,1
5,Friday,T202,False,8,38,6,15:00:00,18:00:00,1
1,Monday,T208,False,8,3,3,09:00:00,12:00:00,1
3,Wednesday,T124,True,4,19,3,09:00:00,12:00:00,1
6,Saturday,T107,False,7,41,1,07:00:00,10:00:00,1
6,Saturday,T053,True,8,45,5,14:00:00,17:00:00,1
2,Tuesday,T087,False,7,13,5,14:00:00,17:00:00,1
3,Wednesday,T065,False,4,22,6,15:00:00,18:00:00,1
5,Friday,T107,False,6,40,8,18:20:00,22:20:00,1
6,Saturday,T107,False,8,43,3,09:00:00,12:00:00,1
5,Friday,T097,True,6,39,7,18:20:00,21:20:00,1
1,Monday,T130,True,9,1,1,07:00:00,10:00:00,1
1,Monday,T120,False,7,6,6,15:00:00,18:00:00,1
5,Friday,T083,True,5,34,2,10:00:00,13:00:00,1
6,Saturday,T019,True,7,45,5,14:00:00,17:00:00,1
1,Monday,T107,False,3,4,4,13:00:00,16:00:00,1
4,Thursday,T080,True,6,27,3,09:00:00,12:00:00,1
3,Wednesday,T061,True,4,18,2,10:00:00,13:00:00,1
2,Tuesday,T005,True,5,9,1,07:00:00,10:00:00,1
1,Monday,T040,True,10,5,5,14:00:00,17:00:00,1
6,Saturday,T096,True,3,46,6,15:00:00,18:00:00,1
5,Friday,T100,True,5,34,2,10:00:00,13:00:00,1
2,Tuesday,T047,True,6,15,7,18:20:00,21:20:00,1
3,Wednesday,T160,True,6,21,5,14:00:00,17:00:00,1
2,Tuesday,T144,False,7,11,3,09:00:00,12:00:00,1
3,Wednesday,T094,True,9,18,2,10:00:00,13:00:00,1
2,Tuesday,T078,False,4,11,3,09:00:00,12:00:00,1
1,Monday,T057,False,5,7,7,18:20:00,21:20:00,1
5,Friday,T025,False,9,33,1,07:00:00,10:00:00,1
2,Tuesday,T004,False,10,9,1,07:00:00,10:00:00,1
5,Friday,T002,False,4,35,3,09:00:00,12:00:00,1
1,Monday,T085,False,10,8,8,18:20:00,22:20:00,1
5,Friday,T041,False,7,38,6,15:00:00,18:00:00,1
2,Tuesday,T033,True,4,13,5,14:00:00,17:00:00,1
6,Saturday,T126,False,7,44,4,13:00:00,16:00:00,1
4,Thursday,T026,True,8,29,5,14:00:00,17:00:00,1
1,Monday,T033,True,8,5,5,14:00:00,17:00:00,1
4,Thursday,T247,True,10,26,2,10:00:00,13:00:00,1
5,Friday,T047,False,6,35,3,09:00:00,12:00:00,1
1,Monday,T107,False,9,1,1,07:00:00,10:00:00,1
2,Tuesday,T053,False,4,16,8,18:20:00,22:20:00,1
1,Monday,T185,False,7,6,6,15:00:00,18:00:00,1
1,Monday,T070,True,5,6,6,15:00:00,18:00:00,1
2,Tuesday,T002,True,3,9,1,07:00:00,10:00:00,1
4,Thursday,T112,False,7,30,6,15:00:00,18:00:00,1
3,Wednesday,T048,True,7,24,8,18:20:00,22:20:00,1
1,Monday,T195,True,7,5,5,14:00:00,17:00:00,1
4,Thursday,T016,False,5,26,2,10:00:00,13:00:00,1
2,Tuesday,T131,False,4,13,5,14:00:00,17:00:00,1
5,Friday,T061,False,4,33,1,07:00:00,10:00:00,1
3,Wednesday,T080,True,4,21,5,14:00:00,17:00:00,1
4,Thursday,T128,False,5,31,7,18:20:00,21:20:00,1
4,Thursday,T087,True,3,29,5,14:00:00,17:00:00,1
6,Saturday,T112,False,3,45,5,14:00:00,17:00:00,1
2,Tuesday,T083,False,4,10,2,10:00:00,13:00:00,1
4,Thursday,T053,False,3,25,1,07:00:00,10:00:00,1
5,Friday,T162,False,7,33,1,07:00:00,10:00:00,1
5,Friday,T091,False,3,39,7,18:20:00,21:20:00,1
4,Thursday,T112,False,9,32,8,18:20:00,22:20:00,1
2,Tuesday,T031,True,4,13,5,14:00:00,17:00:00,1
2,Tuesday,T034,False,3,10,2,10:00:00,13:00:00,1
4,Thursday,T112,False,9,31,7,18:20:00,21:20:00,1
3,Wednesday,T170,True,9,22,6,15:00:00,18:00:00,1
2,Tuesday,T144,True,6,13,5,14:00:00,17:00:00,1
6,Saturday,T043,False,7,47,7,18:20:00,21:20:00,1
3,Wednesday,T112,False,8,24,8,18:20:00,22:20:00,1
1,Monday,T078,False,4,4,4,13:00:00,16:00:00,1
3,Wednesday,T078,False,4,21,5,14:00:00,17:00:00,1
5,Friday,T042,False,3,40,8,18:20:00,22:20:00,1
5,Friday,T083,True,5,33,1,07:00:00,10:00:00,1
5,Friday,T100,False,5,35,3,09:00:00,12:00:00,1
3,Wednesday,T181,True,9,17,1,07:00:00,10:00:00,1
2,Tuesday,T017,False,6,9,1,07:00:00,10:00:00,1
4,Thursday,T061,True,7,26,2,10:00:00,13:00:00,1
5,Friday,T107,False,8,35,3,09:00:00,12:00:00,1
1,Monday,T057,True,5,8,8,18:20:00,22:20:00,1
1,Monday,T094,True,5,5,5,14:00:00,17:00:00,1
6,Saturday,T009,True,8,41,1,07:00:00,10:00:00,1
6,Saturday,T112,False,10,44,4,13:00:00,16:00:00,1
4,Thursday,T197,True,9,26,2,10:00:00,13:00:00,1
1,Monday,T052,False,6,4,4,13:00:00,16:00:00,1
4,Thursday,T223,True,8,26,2,10:00:00,13:00:00,1
3,Wednesday,T029,True,6,21,5,14:00:00,17:00:00,1
4,Thursday,T112,True,8,26,2,10:00:00,13:00:00,1
3,Wednesday,T063,False,5,23,7,18:20:00,21:20:00,1
4,Thursday,T106,False,7,32,8,18:20:00,22:20:00,1
3,Wednesday,T112,False,9,22,6,15:00:00,18:00:00,1
1,Monday,T047,True,3,1,1,07:00:00,10:00:00,1
4,Thursday,T058,True,8,27,3,09:00:00,12:00:00,1
2,Tuesday,T110,True,10,10,2,10:00:00,13:00:00,1
4,Thursday,T062,True,6,27,3,09:00:00,12:00:00,1
5,Friday,T203,True,7,39,7,18:20:00,21:20:00,1
4,Thursday,T045,True,10,31,7,18:20:00,21:20:00,1
2,Tuesday,T105,True,9,10,2,10:00:00,13:00:00,1
4,Thursday,T054,True,9,25,1,07:00:00,10:00:00,1
6,Saturday,T070,True,9,45,5,14:00:00,17:00:00,1
6,Saturday,T112,False,7,68,13,05:00:00,08:00:00,1
2,Tuesday,T017,True,5,9,1,07:00:00,10:00:00,1
6,Saturday,T051,True,3,42,2,10:00:00,13:00:00,1
5,Friday,T106,True,7,40,8,18:20:00,22:20:00,1
2,Tuesday,T170,True,9,14,6,15:00:00,18:00:00,1
2,Tuesday,T016,False,8,9,1,07:00:00,10:00:00,1
1,Monday,T060,False,6,5,5,14:00:00,17:00:00,1
2,Tuesday,T027,True,6,10,2,10:00:00,13:00:00,1
4,Thursday,T048,False,4,31,7,18:20:00,21:20:00,1
1,Monday,T107,False,7,51,10,17:00:00,19:00:00,1
4,Thursday,T054,True,4,25,1,07:00:00,10:00:00,1
1,Monday,T185,False,7,2,2,10:00:00,13:00:00,1
3,Wednesday,T084,True,8,18,2,10:00:00,13:00:00,1
4,Thursday,T002,False,5,30,6,15:00:00,18:00:00,1
4,Thursday,T013,True,8,31,7,18:20:00,21:20:00,1
3,Wednesday,T006,False,5,23,7,18:20:00,21:20:00,1
4,Thursday,T209,False,9,29,5,14:00:00,17:00:00,1
4,Thursday,T005,True,7,28,4,13:00:00,16:00:00,1
6,Saturday,T201,False,7,46,6,15:00:00,18:00:00,1
5,Friday,T018,True,10,34,2,10:00:00,13:00:00,1
4,Thursday,T100,True,4,29,5,14:00:00,17:00:00,1
2,Tuesday,T031,False,9,9,1,07:00:00,10:00:00,1
5,Friday,T107,False,10,38,6,15:00:00,18:00:00,1
3,Wednesday,T121,False,6,17,1,07:00:00,10:00:00,1
2,Tuesday,T066,False,4,12,4,13:00:00,16:00:00,1
4,Thursday,T041,False,4,31,7,18:20:00,21:20:00,1
6,Saturday,T048,False,6,41,1,07:00:00,10:00:00,1
5,Friday,T016,False,7,33,1,07:00:00,10:00:00,1
5,Friday,T065,False,3,39,7,18:20:00,21:20:00,1
3,Wednesday,T112,False,7,63,12,06:00:00,09:00:00,1
3,Wednesday,T118,True,5,19,3,09:00:00,12:00:00,1
2,Tuesday,T112,False,9,9,1,07:00:00,10:00:00,1
3,Wednesday,T121,True,10,22,6,15:00:00,18:00:00,1
4,Thursday,T031,False,3,29,5,14:00:00,17:00:00,1
5,Friday,T172,False,7,33,1,07:00:00,10:00:00,1
3,Wednesday,T087,True,10,24,8,18:20:00,22:20:00,1
1,Monday,T053,False,3,5,5,14:00:00,17:00:00,1
2,Tuesday,T015,True,8,14,6,15:00:00,18:00:00,1
2,Tuesday,T027,False,10,14,6,15:00:00,18:00:00,1
2,Tuesday,T107,False,3,15,7,18:20:00,21:20:00,1
2,Tuesday,T105,True,5,13,5,14:00:00,17:00:00,1
2,Tuesday,T027,True,7,10,2,10:00:00,13:00:00,1
3,Wednesday,T113,False,6,21,5,14:00:00,17:00:00,1
2,Tuesday,T084,True,4,9,1,07:00:00,10:00:00,1
6,Saturday,T051,True,6,45,5,14:00:00,17:00:00,1
3,Wednesday,T091,True,10,18,2,10:00:00,13:00:00,1
2,Tuesday,T108,True,9,13,5,14:00:00,17:00:00,1
4,Thursday,T004,False,5,28,4,13:00:00,16:00:00,1
6,Saturday,T099,False,6,41,1,07:00:00,10:00:00,1
4,Thursday,T006,True,8,31,7,18:20:00,21:20:00,1
6,Saturday,T030,True,4,46,6,15:00:00,18:00:00,1
1,Monday,T105,False,5,7,7,18:20:00,21:20:00,1
2,Tuesday,T016,True,6,15,7,18:20:00,21:20:00,1
2,Tuesday,T063,True,4,15,7,18:20:00,21:20:00,1
4,Thursday,T133,False,8,25,1,07:00:00,10:00:00,1
2,Tuesday,T027,True,10,13,5,14:00:00,17:00:00,1
6,Saturday,T096,False,7,42,2,10:00:00,13:00:00,1
2,Tuesday,T094,False,3,13,5,14:00:00,17:00:00,1
6,Saturday,T096,True,8,46,6,15:00:00,18:00:00,1
3,Wednesday,T047,False,3,17,1,07:00:00,10:00:00,1
2,Tuesday,T103,False,3,13,5,14:00:00,17:00:00,1
3,Wednesday,T058,False,3,17,1,07:00:00,10:00:00,1
2,Tuesday,T112,True,10,16,8,18:20:00,22:20:00,1
1,Monday,T094,False,3,7,7,18:20:00,21:20:00,1
2,Tuesday,T074,True,5,11,3,09:00:00,12:00:00,1
3,Wednesday,T078,False,3,17,1,07:00:00,10:00:00,1
3,Wednesday,T084,True,3,23,7,18:20:00,21:20:00,1
3,Wednesday,T093,False,7,18,2,10:00:00,13:00:00,1
1,Monday,T096,False,4,7,7,18:20:00,21:20:00,1
5,Friday,T176,True,9,38,6,15:00:00,18:00:00,1
4,Thursday,T027,False,10,26,2,10:00:00,13:00:00,1
4,Thursday,T070,True,6,29,5,14:00:00,17:00:00,1
4,Thursday,T100,False,7,32,8,18:20:00,22:20:00,1
2,Tuesday,T004,True,9,11,3,09:00:00,12:00:00,1
1,Monday,T062,False,7,3,3,09:00:00,12:00:00,1
5,Friday,T154,False,7,35,3,09:00:00,12:00:00,1
4,Thursday,T192,True,8,25,1,07:00:00,10:00:00,1
3,Wednesday,T063,True,10,18,2,10:00:00,13:00:00,1
5,Friday,T100,True,5,33,1,07:00:00,10:00:00,1
5,Friday,T077,True,3,38,6,15:00:00,18:00:00,1
1,Monday,T113,False,7,1,1,07:00:00,10:00:00,1
4,Thursday,T176,True,9,29,5,14:00:00,17:00:00,1
3,Wednesday,T100,False,5,18,2,10:00:00,13:00:00,1
5,Friday,T189,False,9,33,1,07:00:00,10:00:00,1
5,Friday,T136,False,5,36,4,13:00:00,16:00:00,1
1,Monday,T121,True,9,5,5,14:00:00,17:00:00,1
3,Wednesday,T036,False,8,23,7,18:20:00,21:20:00,1
5,Friday,T078,False,4,38,6,15:00:00,18:00:00,1
1,Monday,T162,False,7,4,4,13:00:00,16:00:00,1
6,Saturday,T182,False,9,45,5,14:00:00,17:00:00,1
6,Saturday,T009,True,5,42,2,10:00:00,13:00:00,1
4,Thursday,T055,False,3,30,6,15:00:00,18:00:00,1
3,Wednesday,T058,False,7,17,1,07:00:00,10:00:00,1
3,Wednesday,T038,True,6,23,7,18:20:00,21:20:00,1
5,Friday,T062,True,10,34,2,10:00:00,13:00:00,1
5,Friday,T083,False,3,34,2,10:00:00,13:00:00,1
1,Monday,T017,False,8,5,5,14:00:00,17:00:00,1
2,Tuesday,T001,True,9,11,3,09:00:00,12:00:00,1
1,Monday,T078,False,3,4,4,13:00:00,16:00:00,1
3,Wednesday,T131,False,7,17,1,07:00:00,10:00:00,1
1,Monday,T016,True,10,1,1,07:00:00,10:00:00,1
2,Tuesday,T110,True,8,14,6,15:00:00,18:00:00,1
6,Saturday,T053,False,3,42,2,10:00:00,13:00:00,1
2,Tuesday,T108,True,6,12,4,13:00:00,16:00:00,1
5,Friday,T030,False,5,39,7,18:20:00,21:20:00,1
1,Monday,T026,False,7,7,7,18:20:00,21:20:00,1
6,Saturday,T053,False,3,43,3,09:00:00,12:00:00,1
4,Thursday,T107,False,7,29,5,14:00:00,17:00:00,1
5,Friday,T095,False,3,38,6,15:00:00,18:00:00,1
3,Wednesday,T002,False,5,17,1,07:00:00,10:00:00,1
5,Friday,T111,True,8,37,5,14:00:00,17:00:00,1
5,Friday,T136,False,4,37,5,14:00:00,17:00:00,1
5,Friday,T066,False,7,35,3,09:00:00,12:00:00,1
1,Monday,T185,False,7,3,3,09:00:00,12:00:00,1
2,Tuesday,T047,False,9,11,3,09:00:00,12:00:00,1
3,Wednesday,T119,False,7,22,6,15:00:00,18:00:00,1
1,Monday,T114,True,8,5,5,14:00:00,17:00:00,1
1,Monday,T057,True,8,8,8,18:20:00,22:20:00,1
6,Saturday,T047,False,8,47,7,18:20:00,21:20:00,1
4,Thursday,T174,False,8,26,2,10:00:00,13:00:00,1
4,Thursday,T086,True,3,29,5,14:00:00,17:00:00,1
5,Friday,T113,False,4,37,5,14:00:00,17:00:00,1
6,Saturday,T047,False,5,46,6,15:00:00,18:00:00,1
4,Thursday,T058,True,5,27,3,09:00:00,12:00:00,1
3,Wednesday,T016,False,7,50,9,06:00:00,09:00:00,1
1,Monday,T066,False,7,7,7,18:20:00,21:20:00,1
5,Friday,T206,False,8,40,8,18:20:00,22:20:00,1
2,Tuesday,T112,False,9,10,2,10:00:00,13:00:00,1
4,Thursday,T164,False,7,25,1,07:00:00,10:00:00,1
5,Friday,T070,True,4,38,6,15:00:00,18:00:00,1
4,Thursday,T220,True,10,31,7,18:20:00,21:20:00,1
4,Thursday,T154,True,7,25,1,07:00:00,10:00:00,1
3,Wednesday,T028,False,5,17,1,07:00:00,10:00:00,1
1,Monday,T183,True,9,2,2,10:00:00,13:00:00,1
5,Friday,T107,False,3,33,1,07:00:00,10:00:00,1
4,Thursday,T070,True,5,31,7,18:20:00,21:20:00,1
2,Tuesday,T045,False,3,15,7,18:20:00,21:20:00,1
3,Wednesday,T070,False,3,23,7,18:20:00,21:20:00,1
1,Monday,T066,False,4,5,5,14:00:00,17:00:00,1
2,Tuesday,T085,False,4,16,8,18:20:00,22:20:00,1
6,Saturday,T137,True,4,46,6,15:00:00,18:00:00,1
4,Thursday,T106,False,5,25,1,07:00:00,10:00:00,1
2,Tuesday,T106,True,6,15,7,18:20:00,21:20:00,1
4,Thursday,T013,True,9,26,2,10:00:00,13:00:00,1
5,Friday,T081,False,4,38,6,15:00:00,18:00:00,1
4,Thursday,T107,False,8,64,12,06:00:00,09:00:00,1
2,Tuesday,T041,True,7,14,6,15:00:00,18:00:00,1
3,Wednesday,T169,True,8,23,7,18:20:00,21:20:00,1
5,Friday,T093,True,5,35,3,09:00:00,12:00:00,1
6,Saturday,T094,False,7,45,5,14:00:00,17:00:00,1
1,Monday,T112,False,8,56,11,17:00:00,20:00:00,1
4,Thursday,T078,False,3,25,1,07:00:00,10:00:00,1
6,Saturday,T094,False,5,43,3,09:00:00,12:00:00,1
3,Wednesday,T175,True,7,22,6,15:00:00,18:00:00,1
3,Wednesday,T095,False,4,23,7,18:20:00,21:20:00,1
6,Saturday,T185,False,7,47,7,18:20:00,21:20:00,1
1,Monday,T066,False,7,61,12,06:00:00,09:00:00,1
5,Friday,T069,True,5,34,2,10:00:00,13:00:00,1
4,Thursday,T055,True,6,25,1,07:00:00,10:00:00,1
1,Monday,T057,False,8,7,7,18:20:00,21:20:00,1
3,Wednesday,T176,True,8,17,1,07:00:00,10:00:00,1
4,Thursday,T025,False,7,27,3,09:00:00,12:00:00,1
6,Saturday,T030,False,8,43,3,09:00:00,12:00:00,1
3,Wednesday,T144,True,8,17,1,07:00:00,10:00:00,1
2,Tuesday,T029,True,3,13,5,14:00:00,17:00:00,1
4,Thursday,T066,True,5,26,2,10:00:00,13:00:00,1
1,Monday,T185,True,10,5,5,14:00:00,17:00:00,1
6,Saturday,T070,False,7,41,1,07:00:00,10:00:00,1
4,Thursday,T041,True,7,30,6,15:00:00,18:00:00,1
6,Saturday,T121,False,7,41,1,07:00:00,10:00:00,1
2,Tuesday,T170,True,9,13,5,14:00:00,17:00:00,1
2,Tuesday,T043,True,7,9,1,07:00:00,10:00:00,1
1,Monday,T172,True,6,3,3,09:00:00,12:00:00,1
1,Monday,T033,False,6,6,6,15:00:00,18:00:00,1
1,Monday,T112,False,7,7,7,18:20:00,21:20:00,1
3,Wednesday,T025,True,3,23,7,18:20:00,21:20:00,1
3,Wednesday,T017,False,4,24,8,18:20:00,22:20:00,1
3,Wednesday,T076,True,5,21,5,14:00:00,17:00:00,1
2,Tuesday,T107,False,9,12,4,13:00:00,16:00:00,1
6,Saturday,T051,True,10,66,11,17:00:00,20:00:00,1
3,Wednesday,T006,False,7,23,7,18:20:00,21:20:00,1
6,Saturday,T112,False,8,42,2,10:00:00,13:00:00,1
3,Wednesday,T043,True,6,22,6,15:00:00,18:00:00,1
3,Wednesday,T001,True,4,19,3,09:00:00,12:00:00,1
3,Wednesday,T118,True,4,19,3,09:00:00,12:00:00,1
2,Tuesday,T013,True,6,9,1,07:00:00,10:00:00,1
4,Thursday,T033,True,7,26,2,10:00:00,13:00:00,1
2,Tuesday,T070,True,9,13,5,14:00:00,17:00:00,1
5,Friday,T112,False,7,33,1,07:00:00,10:00:00,1
1,Monday,T084,True,8,7,7,18:20:00,21:20:00,1
3,Wednesday,T107,False,8,18,2,10:00:00,13:00:00,1
5,Friday,T061,True,4,38,6,15:00:00,18:00:00,1
4,Thursday,T003,False,3,25,1,07:00:00,10:00:00,1
5,Friday,T007,False,6,39,7,18:20:00,21:20:00,1
1,Monday,T017,False,3,7,7,18:20:00,21:20:00,1
1,Monday,T007,False,4,2,2,10:00:00,13:00:00,1
3,Wednesday,T057,False,7,18,2,10:00:00,13:00:00,1
4,Thursday,T036,True,7,31,7,18:20:00,21:20:00,1
5,Friday,T129,True,4,34,2,10:00:00,13:00:00,1
6,Saturday,T154,True,7,46,6,15:00:00,18:00:00,1
1,Monday,T008,False,8,1,1,07:00:00,10:00:00,1
1,Monday,T016,True,5,8,8,18:20:00,22:20:00,1
3,Wednesday,T027,True,5,21,5,14:00:00,17:00:00,1
5,Friday,T125,True,9,37,5,14:00:00,17:00:00,1
1,Monday,T040,True,4,5,5,14:00:00,17:00:00,1
4,Thursday,T005,True,4,26,2,10:00:00,13:00:00,1
5,Friday,T008,True,4,33,1,07:00:00,10:00:00,1
5,Friday,T102,True,5,39,7,18:20:00,21:20:00,1
2,Tuesday,T003,False,4,10,2,10:00:00,13:00:00,1
1,Monday,T010,False,7,1,1,07:00:00,10:00:00,1
4,Thursday,T069,True,7,26,2,10:00:00,13:00:00,1
1,Monday,T105,True,10,1,1,07:00:00,10:00:00,1
1,Monday,T057,False,5,1,1,07:00:00,10:00:00,1
4,Thursday,T037,True,6,29,5,14:00:00,17:00:00,1
2,Tuesday,T094,False,3,14,6,15:00:00,18:00:00,1
6,Saturday,T130,True,6,47,7,18:20:00,21:20:00,1
2,Tuesday,T025,True,8,14,6,15:00:00,18:00:00,1
2,Tuesday,T112,False,8,15,7,18:20:00,21:20:00,1
5,Friday,T097,True,4,37,5,14:00:00,17:00:00,1
6,Saturday,T051,True,5,45,5,14:00:00,17:00:00,1
1,Monday,T053,False,5,6,6,15:00:00,18:00:00,1
3,Wednesday,T066,False,3,18,2,10:00:00,13:00:00,1
6,Saturday,T107,False,5,46,6,15:00:00,18:00:00,1
1,Monday,T053,False,5,7,7,18:20:00,21:20:00,1
4,Thursday,T026,True,8,31,7,18:20:00,21:20:00,1
4,Thursday,T100,False,5,26,2,10:00:00,13:00:00,1
1,Monday,T052,True,8,5,5,14:00:00,17:00:00,1
3,Wednesday,T079,True,3,19,3,09:00:00,12:00:00,1
5,Friday,T112,False,7,65,12,06:00:00,09:00:00,1
4,Thursday,T066,True,4,31,7,18:20:00,21:20:00,1
4,Thursday,T149,True,5,26,2,10:00:00,13:00:00,1
1,Monday,T107,False,9,6,6,15:00:00,18:00:00,1
2,Tuesday,T100,True,3,16,8,18:20:00,22:20:00,1
1,Monday,T086,False,4,7,7,18:20:00,21:20:00,1
6,Saturday,T096,False,7,46,6,15:00:00,18:00:00,1
4,Thursday,T047,False,5,27,3,09:00:00,12:00:00,1
3,Wednesday,T033,True,9,17,1,07:00:00,10:00:00,1
2,Tuesday,T004,True,6,10,2,10:00:00,13:00:00,1
4,Thursday,T174,False,7,29,5,14:00:00,17:00:00,1
5,Friday,T112,False,8,55,10,17:00:00,19:00:00,1
3,Wednesday,T041,True,9,23,7,18:20:00,21:20:00,1
3,Wednesday,T181,True,6,17,1,07:00:00,10:00:00,1
1,Monday,T105,False,10,8,8,18:20:00,22:20:00,1
4,Thursday,T040,False,10,32,8,18:20:00,22:20:00,1
2,Tuesday,T154,False,7,12,4,13:00:00,16:00:00,1
6,Saturday,T048,True,7,42,2,10:00:00,13:00:00,1
1,Monday,T081,True,10,1,1,07:00:00,10:00:00,1
1,Monday,T101,True,6,7,7,18:20:00,21:20:00,1
1,Monday,T057,False,5,2,2,10:00:00,13:00:00,1
1,Monday,T017,False,5,7,7,18:20:00,21:20:00,1
2,Tuesday,T107,False,7,57,11,17:00:00,20:00:00,1
3,Wednesday,T107,False,6,17,1,07:00:00,10:00:00,1
4,Thursday,T015,False,7,30,6,15:00:00,18:00:00,1
4,Thursday,T048,True,3,26,2,10:00:00,13:00:00,1
5,Friday,T031,False,6,33,1,07:00:00,10:00:00,1
1,Monday,T174,False,7,1,1,07:00:00,10:00:00,1
6,Saturday,T050,False,3,42,2,10:00:00,13:00:00,1
4,Thursday,T061,True,10,29,5,14:00:00,17:00:00,1
5,Friday,T078,False,4,37,5,14:00:00,17:00:00,1
3,Wednesday,T143,False,7,19,3,09:00:00,12:00:00,1
3,Wednesday,T107,False,10,20,4,13:00:00,16:00:00,1
1,Monday,T105,True,3,7,7,18:20:00,21:20:00,1
2,Tuesday,T094,False,3,12,4,13:00:00,16:00:00,1
1,Monday,T097,False,3,8,8,18:20:00,22:20:00,1
3,Wednesday,T234,True,10,23,7,18:20:00,21:20:00,1
3,Wednesday,T107,False,7,17,1,07:00:00,10:00:00,1
2,Tuesday,T013,True,3,12,4,13:00:00,16:00:00,1
4,Thursday,T025,False,4,25,1,07:00:00,10:00:00,1
3,Wednesday,T013,False,5,17,1,07:00:00,10:00:00,1
5,Friday,T097,False,3,35,3,09:00:00,12:00:00,1
3,Wednesday,T024,False,5,24,8,18:20:00,22:20:00,1
3,Wednesday,T143,False,7,20,4,13:00:00,16:00:00,1
3,Wednesday,T176,True,7,17,1,07:00:00,10:00:00,1
4,Thursday,T176,True,10,31,7,18:20:00,21:20:00,1
2,Tuesday,T087,False,4,9,1,07:00:00,10:00:00,1
3,Wednesday,T002,True,6,17,1,07:00:00,10:00:00,1
2,Tuesday,T107,False,3,16,8,18:20:00,22:20:00,1
1,Monday,T107,False,6,2,2,10:00:00,13:00:00,1
4,Thursday,T192,True,9,30,6,15:00:00,18:00:00,1
6,Saturday,T107,False,9,46,6,15:00:00,18:00:00,1
3,Wednesday,T168,True,6,19,3,09:00:00,12:00:00,1
2,Tuesday,T025,True,7,11,3,09:00:00,12:00:00,1
4,Thursday,T036,True,8,31,7,18:20:00,21:20:00,1
5,Friday,T112,False,9,35,3,09:00:00,12:00:00,1
6,Saturday,T137,True,4,47,7,18:20:00,21:20:00,1
5,Friday,T001,True,4,38,6,15:00:00,18:00:00,1
3,Wednesday,T107,False,8,22,6,15:00:00,18:00:00,1
5,Friday,T144,False,7,33,1,07:00:00,10:00:00,1
1,Monday,T099,True,5,1,1,07:00:00,10:00:00,1
6,Saturday,T107,False,9,47,7,18:20:00,21:20:00,1
5,Friday,T107,True,10,35,3,09:00:00,12:00:00,1
2,Tuesday,T058,True,6,10,2,10:00:00,13:00:00,1
2,Tuesday,T201,True,8,15,7,18:20:00,21:20:00,1
4,Thursday,T078,False,4,28,4,13:00:00,16:00:00,1
1,Monday,T102,True,6,5,5,14:00:00,17:00:00,1
3,Wednesday,T090,False,4,19,3,09:00:00,12:00:00,1
1,Monday,T094,False,5,8,8,18:20:00,22:20:00,1
3,Wednesday,T112,False,9,50,9,06:00:00,09:00:00,1
3,Wednesday,T013,True,4,23,7,18:20:00,21:20:00,1
1,Monday,T118,True,9,3,3,09:00:00,12:00:00,1
1,Monday,T036,True,10,7,7,18:20:00,21:20:00,1
4,Thursday,T179,False,7,30,6,15:00:00,18:00:00,1
3,Wednesday,T003,False,5,19,3,09:00:00,12:00:00,1
5,Friday,T112,False,5,37,5,14:00:00,17:00:00,1
3,Wednesday,T076,True,6,23,7,18:20:00,21:20:00,1
3,Wednesday,T160,True,6,17,1,07:00:00,10:00:00,1
3,Wednesday,T009,False,3,23,7,18:20:00,21:20:00,1
6,Saturday,T102,False,4,46,6,15:00:00,18:00:00,1
1,Monday,T102,True,8,1,1,07:00:00,10:00:00,1
5,Friday,T219,True,9,37,5,14:00:00,17:00:00,1
2,Tuesday,T007,False,3,16,8,18:20:00,22:20:00,1
2,Tuesday,T133,True,8,9,1,07:00:00,10:00:00,1
2,Tuesday,T061,False,8,9,1,07:00:00,10:00:00,1
1,Monday,T100,False,5,6,6,15:00:00,18:00:00,1
2,Tuesday,T185,False,7,9,1,07:00:00,10:00:00,1
4,Thursday,T186,True,7,31,7,18:20:00,21:20:00,1
4,Thursday,T107,False,10,29,5,14:00:00,17:00:00,1
1,Monday,T112,False,10,1,1,07:00:00,10:00:00,1
5,Friday,T131,False,6,36,4,13:00:00,16:00:00,1
1,Monday,T148,True,6,1,1,07:00:00,10:00:00,1
4,Thursday,T107,False,4,29,5,14:00:00,17:00:00,1
4,Thursday,T093,False,7,26,2,10:00:00,13:00:00,1
3,Wednesday,T149,True,9,23,7,18:20:00,21:20:00,1
1,Monday,T006,True,9,1,1,07:00:00,10:00:00,1
3,Wednesday,T090,True,3,23,7,18:20:00,21:20:00,1
1,Monday,T017,False,4,2,2,10:00:00,13:00:00,1
2,Tuesday,T094,False,5,10,2,10:00:00,13:00:00,1
2,Tuesday,T064,False,10,13,5,14:00:00,17:00:00,1
1,Monday,T107,False,9,5,5,14:00:00,17:00:00,1
5,Friday,T053,True,5,39,7,18:20:00,21:20:00,1
3,Wednesday,T140,True,10,19,3,09:00:00,12:00:00,1
4,Thursday,T196,True,7,26,2,10:00:00,13:00:00,1
3,Wednesday,T038,False,5,23,7,18:20:00,21:20:00,1
4,Thursday,T031,False,3,25,1,07:00:00,10:00:00,1
2,Tuesday,T002,False,3,10,2,10:00:00,13:00:00,1
1,Monday,T112,False,10,7,7,18:20:00,21:20:00,1
1,Monday,T016,False,5,2,2,10:00:00,13:00:00,1
2,Tuesday,T017,False,6,14,6,15:00:00,18:00:00,1
3,Wednesday,T051,True,8,17,1,07:00:00,10:00:00,1
3,Wednesday,T061,True,5,17,1,07:00:00,10:00:00,1
2,Tuesday,T154,False,7,11,3,09:00:00,12:00:00,1
1,Monday,T016,True,7,1,1,07:00:00,10:00:00,1
6,Saturday,T094,True,7,41,1,07:00:00,10:00:00,1
4,Thursday,T034,True,3,30,6,15:00:00,18:00:00,1
5,Friday,T107,False,8,33,1,07:00:00,10:00:00,1
3,Wednesday,T056,True,10,19,3,09:00:00,12:00:00,1
1,Monday,T060,True,5,1,1,07:00:00,10:00:00,1
4,Thursday,T043,True,3,25,1,07:00:00,10:00:00,1
6,Saturday,T091,True,3,42,2,10:00:00,13:00:00,1
4,Thursday,T111,True,3,25,1,07:00:00,10:00:00,1
3,Wednesday,T156,True,6,23,7,18:20:00,21:20:00,1
2,Tuesday,T185,False,7,11,3,09:00:00,12:00:00,1
2,Tuesday,T083,False,6,10,2,10:00:00,13:00:00,1
4,Thursday,T025,False,9,26,2,10:00:00,13:00:00,1
6,Saturday,T112,False,9,42,2,10:00:00,13:00:00,1
4,Thursday,T015,False,3,32,8,18:20:00,22:20:00,1
5,Friday,T027,True,5,33,1,07:00:00,10:00:00,1
2,Tuesday,T046,False,8,9,1,07:00:00,10:00:00,1
1,Monday,T016,False,3,8,8,18:20:00,22:20:00,1
1,Monday,T107,False,5,3,3,09:00:00,12:00:00,1
1,Monday,T057,False,5,3,3,09:00:00,12:00:00,1
2,Tuesday,T094,False,5,13,5,14:00:00,17:00:00,1
5,Friday,T112,False,9,39,7,18:20:00,21:20:00,1
2,Tuesday,T121,False,4,10,2,10:00:00,13:00:00,1
1,Monday,T107,False,8,51,10,17:00:00,19:00:00,1
5,Friday,T002,True,5,33,1,07:00:00,10:00:00,1
3,Wednesday,T127,False,4,21,5,14:00:00,17:00:00,1
6,Saturday,T107,False,4,42,2,10:00:00,13:00:00,1
2,Tuesday,T058,True,5,11,3,09:00:00,12:00:00,1
1,Monday,T063,True,3,7,7,18:20:00,21:20:00,1
2,Tuesday,T088,True,4,9,1,07:00:00,10:00:00,1
5,Friday,T093,True,5,39,7,18:20:00,21:20:00,1
4,Thursday,T211,True,9,29,5,14:00:00,17:00:00,1
3,Wednesday,T078,False,3,20,4,13:00:00,16:00:00,1
3,Wednesday,T107,False,8,63,12,06:00:00,09:00:00,1
5,Friday,T112,False,5,33,1,07:00:00,10:00:00,1
1,Monday,T043,False,8,8,8,18:20:00,22:20:00,1
4,Thursday,T041,True,3,31,7,18:20:00,21:20:00,1
2,Tuesday,T081,True,4,10,2,10:00:00,13:00:00,1
5,Friday,T048,True,5,34,2,10:00:00,13:00:00,1
4,Thursday,T097,False,6,26,2,10:00:00,13:00:00,1
6,Saturday,T094,False,7,43,3,09:00:00,12:00:00,1
3,Wednesday,T100,True,4,19,3,09:00:00,12:00:00,1
5,Friday,T105,False,5,34,2,10:00:00,13:00:00,1
1,Monday,T106,False,7,1,1,07:00:00,10:00:00,1
6,Saturday,T094,False,5,47,7,18:20:00,21:20:00,1
1,Monday,T118,True,5,3,3,09:00:00,12:00:00,1
3,Wednesday,T207,True,8,22,6,15:00:00,18:00:00,1
2,Tuesday,T006,True,8,9,1,07:00:00,10:00:00,1
5,Friday,T125,True,8,37,5,14:00:00,17:00:00,1
1,Monday,T160,True,9,7,7,18:20:00,21:20:00,1
3,Wednesday,T085,False,3,24,8,18:20:00,22:20:00,1
2,Tuesday,T045,True,4,14,6,15:00:00,18:00:00,1
3,Wednesday,T107,False,7,19,3,09:00:00,12:00:00,1
1,Monday,T105,False,7,2,2,10:00:00,13:00:00,1
1,Monday,T107,False,9,56,11,17:00:00,20:00:00,1
5,Friday,T209,True,8,34,2,10:00:00,13:00:00,1
2,Tuesday,T070,True,5,15,7,18:20:00,21:20:00,1
5,Friday,T062,True,6,39,7,18:20:00,21:20:00,1
5,Friday,T031,False,7,34,2,10:00:00,13:00:00,1
3,Wednesday,T211,True,8,22,6,15:00:00,18:00:00,1
2,Tuesday,T094,False,3,11,3,09:00:00,12:00:00,1
4,Thursday,T025,False,5,30,6,15:00:00,18:00:00,1
3,Wednesday,T084,True,6,23,7,18:20:00,21:20:00,1
4,Thursday,T164,True,10,27,3,09:00:00,12:00:00,1
1,Monday,T033,False,5,6,6,15:00:00,18:00:00,1
4,Thursday,T005,True,8,29,5,14:00:00,17:00:00,1
5,Friday,T105,False,3,39,7,18:20:00,21:20:00,1
2,Tuesday,T107,False,9,16,8,18:20:00,22:20:00,1
6,Saturday,T007,False,7,45,5,14:00:00,17:00:00,1
2,Tuesday,T110,True,10,14,6,15:00:00,18:00:00,1
3,Wednesday,T003,True,6,21,5,14:00:00,17:00:00,1
6,Saturday,T170,True,10,47,7,18:20:00,21:20:00,1
4,Thursday,T097,False,3,26,2,10:00:00,13:00:00,1
1,Monday,T163,True,6,3,3,09:00:00,12:00:00,1
6,Saturday,T112,False,9,66,11,17:00:00,20:00:00,1
4,Thursday,T026,True,10,29,5,14:00:00,17:00:00,1
3,Wednesday,T072,False,4,19,3,09:00:00,12:00:00,1
2,Tuesday,T074,True,4,11,3,09:00:00,12:00:00,1
4,Thursday,T045,False,4,31,7,18:20:00,21:20:00,1
4,Thursday,T108,True,5,32,8,18:20:00,22:20:00,1
1,Monday,T163,False,7,5,5,14:00:00,17:00:00,1
1,Monday,T017,False,7,8,8,18:20:00,22:20:00,1
2,Tuesday,T121,True,9,14,6,15:00:00,18:00:00,1
5,Friday,T076,True,10,34,2,10:00:00,13:00:00,1
4,Thursday,T005,True,10,26,2,10:00:00,13:00:00,1
4,Thursday,T106,False,4,26,2,10:00:00,13:00:00,1
5,Friday,T087,False,5,39,7,18:20:00,21:20:00,1
1,Monday,T016,True,7,8,8,18:20:00,22:20:00,1
4,Thursday,T061,True,8,28,4,13:00:00,16:00:00,1
6,Saturday,T051,True,9,45,5,14:00:00,17:00:00,1
1,Monday,T176,False,9,1,1,07:00:00,10:00:00,1
4,Thursday,T107,False,4,28,4,13:00:00,16:00:00,1
4,Thursday,T100,False,7,26,2,10:00:00,13:00:00,1
2,Tuesday,T021,False,7,14,6,15:00:00,18:00:00,1
3,Wednesday,T112,False,10,19,3,09:00:00,12:00:00,1
4,Thursday,T046,False,8,29,5,14:00:00,17:00:00,1
4,Thursday,T112,False,10,30,6,15:00:00,18:00:00,1
5,Friday,T217,True,10,38,6,15:00:00,18:00:00,1
4,Thursday,T065,False,3,29,5,14:00:00,17:00:00,1
1,Monday,T112,False,3,8,8,18:20:00,22:20:00,1
2,Tuesday,T048,True,5,9,1,07:00:00,10:00:00,1
3,Wednesday,T112,False,5,18,2,10:00:00,13:00:00,1
1,Monday,T153,False,7,8,8,18:20:00,22:20:00,1
6,Saturday,T107,False,8,48,8,18:20:00,22:20:00,1
2,Tuesday,T228,True,9,9,1,07:00:00,10:00:00,1
6,Saturday,T186,False,7,47,7,18:20:00,21:20:00,1
1,Monday,T198,False,8,7,7,18:20:00,21:20:00,1
4,Thursday,T075,False,10,25,1,07:00:00,10:00:00,1
2,Tuesday,T053,False,3,13,5,14:00:00,17:00:00,1
3,Wednesday,T011,True,4,17,1,07:00:00,10:00:00,1
6,Saturday,T048,True,6,42,2,10:00:00,13:00:00,1
3,Wednesday,T107,False,4,17,1,07:00:00,10:00:00,1
6,Saturday,T003,False,6,48,8,18:20:00,22:20:00,1
6,Saturday,T102,False,4,47,7,18:20:00,21:20:00,1
3,Wednesday,T017,False,3,23,7,18:20:00,21:20:00,1
2,Tuesday,T033,False,5,13,5,14:00:00,17:00:00,1
1,Monday,T087,True,10,8,8,18:20:00,22:20:00,1
1,Monday,T208,True,9,2,2,10:00:00,13:00:00,1
2,Tuesday,T204,False,8,9,1,07:00:00,10:00:00,1
1,Monday,T057,False,9,1,1,07:00:00,10:00:00,1
3,Wednesday,T143,True,5,19,3,09:00:00,12:00:00,1
1,Monday,T121,False,7,4,4,13:00:00,16:00:00,1
2,Tuesday,T015,False,3,16,8,18:20:00,22:20:00,1
3,Wednesday,T042,True,5,24,8,18:20:00,22:20:00,1
6,Saturday,T017,False,10,46,6,15:00:00,18:00:00,1
2,Tuesday,T091,False,10,10,2,10:00:00,13:00:00,1
1,Monday,T112,False,10,51,10,17:00:00,19:00:00,1
5,Friday,T026,True,5,39,7,18:20:00,21:20:00,1
5,Friday,T102,False,7,36,4,13:00:00,16:00:00,1
1,Monday,T107,False,7,5,5,14:00:00,17:00:00,1
3,Wednesday,T216,True,8,22,6,15:00:00,18:00:00,1
3,Wednesday,T102,False,4,24,8,18:20:00,22:20:00,1
2,Tuesday,T112,False,9,16,8,18:20:00,22:20:00,1
2,Tuesday,T185,True,8,10,2,10:00:00,13:00:00,1
6,Saturday,T036,True,9,46,6,15:00:00,18:00:00,1
1,Monday,T057,False,10,6,6,15:00:00,18:00:00,1
6,Saturday,T084,False,4,46,6,15:00:00,18:00:00,1
1,Monday,T106,False,4,1,1,07:00:00,10:00:00,1
3,Wednesday,T143,False,5,21,5,14:00:00,17:00:00,1
3,Wednesday,T107,False,6,22,6,15:00:00,18:00:00,1
2,Tuesday,T218,True,8,15,7,18:20:00,21:20:00,1
4,Thursday,T029,True,7,29,5,14:00:00,17:00:00,1
6,Saturday,T107,False,8,46,6,15:00:00,18:00:00,1
4,Thursday,T164,False,7,28,4,13:00:00,16:00:00,1
3,Wednesday,T091,False,3,22,6,15:00:00,18:00:00,1
1,Monday,T107,False,3,2,2,10:00:00,13:00:00,1
1,Monday,T185,False,7,5,5,14:00:00,17:00:00,1
6,Saturday,T132,False,4,47,7,18:20:00,21:20:00,1
2,Tuesday,T118,False,7,9,1,07:00:00,10:00:00,1
2,Tuesday,T107,False,9,62,12,06:00:00,09:00:00,1
3,Wednesday,T034,False,3,22,6,15:00:00,18:00:00,1
5,Friday,T006,True,5,38,6,15:00:00,18:00:00,1
6,Saturday,T085,True,6,46,6,15:00:00,18:00:00,1
1,Monday,T098,False,7,1,1,07:00:00,10:00:00,1
6,Saturday,T017,True,9,66,11,17:00:00,20:00:00,1
2,Tuesday,T043,True,6,14,6,15:00:00,18:00:00,1
2,Tuesday,T183,True,7,14,6,15:00:00,18:00:00,1
3,Wednesday,T027,True,8,18,2,10:00:00,13:00:00,1
3,Wednesday,T112,False,8,19,3,09:00:00,12:00:00,1
2,Tuesday,T113,True,7,15,7,18:20:00,21:20:00,1
2,Tuesday,T085,False,10,16,8,18:20:00,22:20:00,1
5,Friday,T198,True,8,39,7,18:20:00,21:20:00,1
5,Friday,T027,True,4,33,1,07:00:00,10:00:00,1
4,Thursday,T070,False,6,31,7,18:20:00,21:20:00,1
5,Friday,T105,False,8,37,5,14:00:00,17:00:00,1
4,Thursday,T003,True,5,27,3,09:00:00,12:00:00,1
6,Saturday,T011,True,6,46,6,15:00:00,18:00:00,1
4,Thursday,T066,False,7,28,4,13:00:00,16:00:00,1
5,Friday,T068,False,5,36,4,13:00:00,16:00:00,1
4,Thursday,T013,True,7,31,7,18:20:00,21:20:00,1
5,Friday,T112,False,10,40,8,18:20:00,22:20:00,1
2,Tuesday,T002,False,7,10,2,10:00:00,13:00:00,1
2,Tuesday,T027,True,5,13,5,14:00:00,17:00:00,1
5,Friday,T185,False,7,33,1,07:00:00,10:00:00,1
3,Wednesday,T003,True,10,19,3,09:00:00,12:00:00,1
6,Saturday,T176,False,7,44,4,13:00:00,16:00:00,1
2,Tuesday,T107,False,10,10,2,10:00:00,13:00:00,1
1,Monday,T017,False,5,4,4,13:00:00,16:00:00,1
1,Monday,T033,True,6,7,7,18:20:00,21:20:00,1
5,Friday,T076,False,4,33,1,07:00:00,10:00:00,1
5,Friday,T107,False,5,33,1,07:00:00,10:00:00,1
5,Friday,T016,False,9,34,2,10:00:00,13:00:00,1
5,Friday,T105,True,9,39,7,18:20:00,21:20:00,1
4,Thursday,T099,False,3,30,6,15:00:00,18:00:00,1
4,Thursday,T187,True,7,27,3,09:00:00,12:00:00,1
5,Friday,T078,False,3,38,6,15:00:00,18:00:00,1
1,Monday,T107,False,3,6,6,15:00:00,18:00:00,1
1,Monday,T214,True,8,1,1,07:00:00,10:00:00,1
6,Saturday,T112,False,10,47,7,18:20:00,21:20:00,1
2,Tuesday,T107,False,3,13,5,14:00:00,17:00:00,1
6,Saturday,T019,False,8,43,3,09:00:00,12:00:00,1
2,Tuesday,T028,False,5,9,1,07:00:00,10:00:00,1
5,Friday,T107,False,5,35,3,09:00:00,12:00:00,1
2,Tuesday,T131,True,6,13,5,14:00:00,17:00:00,1
2,Tuesday,T108,True,9,16,8,18:20:00,22:20:00,1
2,Tuesday,T034,True,3,14,6,15:00:00,18:00:00,1
4,Thursday,T192,True,9,25,1,07:00:00,10:00:00,1
1,Monday,T047,True,9,1,1,07:00:00,10:00:00,1
2,Tuesday,T016,False,4,12,4,13:00:00,16:00:00,1
4,Thursday,T001,True,5,27,3,09:00:00,12:00:00,1
3,Wednesday,T078,False,3,19,3,09:00:00,12:00:00,1
6,Saturday,T170,True,7,45,5,14:00:00,17:00:00,1
3,Wednesday,T069,False,3,17,1,07:00:00,10:00:00,1
2,Tuesday,T107,True,4,10,2,10:00:00,13:00:00,1
3,Wednesday,T091,True,6,17,1,07:00:00,10:00:00,1
1,Monday,T185,False,7,4,4,13:00:00,16:00:00,1
6,Saturday,T055,False,3,44,4,13:00:00,16:00:00,1
6,Saturday,T154,True,9,66,11,17:00:00,20:00:00,1
3,Wednesday,T088,False,3,18,2,10:00:00,13:00:00,1
2,Tuesday,T053,False,3,14,6,15:00:00,18:00:00,1
6,Saturday,T138,False,4,46,6,15:00:00,18:00:00,1
4,Thursday,T076,False,3,26,2,10:00:00,13:00:00,1
1,Monday,T100,False,4,6,6,15:00:00,18:00:00,1
1,Monday,T148,True,9,1,1,07:00:00,10:00:00,1
3,Wednesday,T097,False,4,24,8,18:20:00,22:20:00,1
6,Saturday,T066,False,7,47,7,18:20:00,21:20:00,1
3,Wednesday,T062,True,3,23,7,18:20:00,21:20:00,1
2,Tuesday,T114,False,7,13,5,14:00:00,17:00:00,1
5,Friday,T136,True,5,35,3,09:00:00,12:00:00,1
5,Friday,T164,False,6,34,2,10:00:00,13:00:00,1
6,Saturday,T051,False,4,44,4,13:00:00,16:00:00,1
5,Friday,T112,False,7,34,2,10:00:00,13:00:00,1
6,Saturday,T112,False,10,66,11,17:00:00,20:00:00,1
3,Wednesday,T090,True,4,23,7,18:20:00,21:20:00,1
2,Tuesday,T121,False,7,11,3,09:00:00,12:00:00,1
2,Tuesday,T074,True,9,10,2,10:00:00,13:00:00,1
6,Saturday,T235,True,10,42,2,10:00:00,13:00:00,1
6,Saturday,T051,True,10,45,5,14:00:00,17:00:00,1
2,Tuesday,T027,False,6,49,9,06:00:00,09:00:00,1
6,Saturday,T104,True,3,45,5,14:00:00,17:00:00,1
1,Monday,T121,True,7,5,5,14:00:00,17:00:00,1
5,Friday,T219,False,10,33,1,07:00:00,10:00:00,1
2,Tuesday,T057,False,7,14,6,15:00:00,18:00:00,1
4,Thursday,T157,True,5,31,7,18:20:00,21:20:00,1
4,Thursday,T113,False,7,28,4,13:00:00,16:00:00,1
4,Thursday,T083,False,3,26,2,10:00:00,13:00:00,1
1,Monday,T047,False,3,4,4,13:00:00,16:00:00,1
3,Wednesday,T102,True,3,23,7,18:20:00,21:20:00,1
4,Thursday,T031,False,7,25,1,07:00:00,10:00:00,1
2,Tuesday,T078,False,3,13,5,14:00:00,17:00:00,1
3,Wednesday,T078,False,3,21,5,14:00:00,17:00:00,1
2,Tuesday,T217,True,8,14,6,15:00:00,18:00:00,1
1,Monday,T047,False,6,3,3,09:00:00,12:00:00,1
3,Wednesday,T017,True,10,21,5,14:00:00,17:00:00,1
2,Tuesday,T033,True,10,9,1,07:00:00,10:00:00,1
4,Thursday,T196,True,9,30,6,15:00:00,18:00:00,1
2,Tuesday,T063,True,9,10,2,10:00:00,13:00:00,1
2,Tuesday,T081,True,5,11,3,09:00:00,12:00:00,1
4,Thursday,T015,True,6,30,6,15:00:00,18:00:00,1
2,Tuesday,T113,False,7,11,3,09:00:00,12:00:00,1
6,Saturday,T107,False,7,42,2,10:00:00,13:00:00,1
2,Tuesday,T064,False,10,14,6,15:00:00,18:00:00,1
5,Friday,T112,False,4,37,5,14:00:00,17:00:00,1
4,Thursday,T086,False,6,26,2,10:00:00,13:00:00,1
2,Tuesday,T112,False,9,57,11,17:00:00,20:00:00,1
4,Thursday,T094,False,5,29,5,14:00:00,17:00:00,1
5,Friday,T003,True,10,35,3,09:00:00,12:00:00,1
4,Thursday,T154,True,6,25,1,07:00:00,10:00:00,1
4,Thursday,T094,False,7,29,5,14:00:00,17:00:00,1
1,Monday,T199,False,8,3,3,09:00:00,12:00:00,1
6,Saturday,T055,False,3,45,5,14:00:00,17:00:00,1
6,Saturday,T107,False,7,44,4,13:00:00,16:00:00,1
5,Friday,T024,True,3,39,7,18:20:00,21:20:00,1
2,Tuesday,T088,False,5,9,1,07:00:00,10:00:00,1
1,Monday,T112,False,7,3,3,09:00:00,12:00:00,1
3,Wednesday,T057,False,8,22,6,15:00:00,18:00:00,1
2,Tuesday,T244,True,10,13,5,14:00:00,17:00:00,1
3,Wednesday,T076,False,3,22,6,15:00:00,18:00:00,1
2,Tuesday,T031,False,6,9,1,07:00:00,10:00:00,1
2,Tuesday,T107,False,7,16,8,18:20:00,22:20:00,1
2,Tuesday,T061,False,10,10,2,10:00:00,13:00:00,1
4,Thursday,T099,False,5,30,6,15:00:00,18:00:00,1
3,Wednesday,T043,False,7,23,7,18:20:00,21:20:00,1
2,Tuesday,T047,False,3,9,1,07:00:00,10:00:00,1
1,Monday,T066,False,4,6,6,15:00:00,18:00:00,1
4,Thursday,T018,False,6,25,1,07:00:00,10:00:00,1
5,Friday,T107,False,7,34,2,10:00:00,13:00:00,1
1,Monday,T113,False,4,7,7,18:20:00,21:20:00,1
6,Saturday,T107,False,6,46,6,15:00:00,18:00:00,1
3,Wednesday,T058,False,3,18,2,10:00:00,13:00:00,1
2,Tuesday,T080,True,4,13,5,14:00:00,17:00:00,1
4,Thursday,T113,False,7,30,6,15:00:00,18:00:00,1
3,Wednesday,T027,True,9,21,5,14:00:00,17:00:00,1
2,Tuesday,T025,False,3,10,2,10:00:00,13:00:00,1
4,Thursday,T003,True,8,26,2,10:00:00,13:00:00,1
4,Thursday,T016,False,4,27,3,09:00:00,12:00:00,1
5,Friday,T097,False,4,40,8,18:20:00,22:20:00,1
5,Friday,T069,False,6,35,3,09:00:00,12:00:00,1
2,Tuesday,T001,False,3,10,2,10:00:00,13:00:00,1
5,Friday,T003,True,4,35,3,09:00:00,12:00:00,1
5,Friday,T019,True,7,39,7,18:20:00,21:20:00,1
2,Tuesday,T151,False,8,9,1,07:00:00,10:00:00,1
5,Friday,T245,True,10,34,2,10:00:00,13:00:00,1
1,Monday,T080,False,3,2,2,10:00:00,13:00:00,1
5,Friday,T176,False,7,37,5,14:00:00,17:00:00,1
6,Saturday,T064,False,4,47,7,18:20:00,21:20:00,1
5,Friday,T053,True,10,39,7,18:20:00,21:20:00,1
1,Monday,T107,False,5,1,1,07:00:00,10:00:00,1
3,Wednesday,T188,False,7,18,2,10:00:00,13:00:00,1
6,Saturday,T007,False,9,41,1,07:00:00,10:00:00,1
2,Tuesday,T088,False,4,15,7,18:20:00,21:20:00,1
2,Tuesday,T054,True,7,9,1,07:00:00,10:00:00,1
3,Wednesday,T112,False,10,21,5,14:00:00,17:00:00,1
1,Monday,T112,True,5,5,5,14:00:00,17:00:00,1
2,Tuesday,T107,False,9,57,11,17:00:00,20:00:00,1
3,Wednesday,T047,False,4,21,5,14:00:00,17:00:00,1
2,Tuesday,T204,False,8,10,2,10:00:00,13:00:00,1
5,Friday,T106,True,9,40,8,18:20:00,22:20:00,1
5,Friday,T189,True,8,35,3,09:00:00,12:00:00,1
5,Friday,T125,True,9,34,2,10:00:00,13:00:00,1
4,Thursday,T026,True,3,31,7,18:20:00,21:20:00,1
5,Friday,T076,True,4,39,7,18:20:00,21:20:00,1
6,Saturday,T030,False,7,46,6,15:00:00,18:00:00,1
3,Wednesday,T151,True,9,22,6,15:00:00,18:00:00,1
4,Thursday,T031,True,10,29,5,14:00:00,17:00:00,1
4,Thursday,T061,True,5,26,2,10:00:00,13:00:00,1
6,Saturday,T108,False,6,48,8,18:20:00,22:20:00,1
3,Wednesday,T070,True,6,21,5,14:00:00,17:00:00,1
1,Monday,T060,True,9,5,5,14:00:00,17:00:00,1
4,Thursday,T233,True,10,30,6,15:00:00,18:00:00,1
5,Friday,T038,False,4,40,8,18:20:00,22:20:00,1
1,Monday,T153,True,6,7,7,18:20:00,21:20:00,1
3,Wednesday,T120,False,6,17,1,07:00:00,10:00:00,1
5,Friday,T048,False,6,38,6,15:00:00,18:00:00,1
1,Monday,T057,False,7,6,6,15:00:00,18:00:00,1
1,Monday,T121,True,8,6,6,15:00:00,18:00:00,1
2,Tuesday,T196,True,9,9,1,07:00:00,10:00:00,1
2,Tuesday,T100,False,4,13,5,14:00:00,17:00:00,1
3,Wednesday,T064,False,4,23,7,18:20:00,21:20:00,1
2,Tuesday,T112,False,5,12,4,13:00:00,16:00:00,1
2,Tuesday,T037,True,8,13,5,14:00:00,17:00:00,1
2,Tuesday,T047,True,7,15,7,18:20:00,21:20:00,1
6,Saturday,T030,True,8,45,5,14:00:00,17:00:00,1
3,Wednesday,T061,True,4,17,1,07:00:00,10:00:00,1
1,Monday,T033,True,7,7,7,18:20:00,21:20:00,1
4,Thursday,T170,True,8,30,6,15:00:00,18:00:00,1
2,Tuesday,T072,True,10,9,1,07:00:00,10:00:00,1
4,Thursday,T053,True,8,31,7,18:20:00,21:20:00,1
5,Friday,T078,False,3,36,4,13:00:00,16:00:00,1
6,Saturday,T053,False,3,41,1,07:00:00,10:00:00,1
5,Friday,T053,False,3,33,1,07:00:00,10:00:00,1
3,Wednesday,T183,True,6,22,6,15:00:00,18:00:00,1
3,Wednesday,T016,False,7,20,4,13:00:00,16:00:00,1
2,Tuesday,T175,False,7,10,2,10:00:00,13:00:00,1
3,Wednesday,T106,False,7,24,8,18:20:00,22:20:00,1
5,Friday,T202,False,7,38,6,15:00:00,18:00:00,1
5,Friday,T047,True,10,33,1,07:00:00,10:00:00,1
5,Friday,T041,False,10,38,6,15:00:00,18:00:00,1
3,Wednesday,T107,False,10,58,11,17:00:00,20:00:00,1
6,Saturday,T034,True,7,45,5,14:00:00,17:00:00,1
4,Thursday,T112,False,7,64,12,06:00:00,09:00:00,1
6,Saturday,T165,False,7,42,2,10:00:00,13:00:00,1
4,Thursday,T112,True,5,26,2,10:00:00,13:00:00,1
5,Friday,T062,True,5,39,7,18:20:00,21:20:00,1
1,Monday,T017,False,4,8,8,18:20:00,22:20:00,1
4,Thursday,T142,True,6,26,2,10:00:00,13:00:00,1
2,Tuesday,T154,True,8,9,1,07:00:00,10:00:00,1
6,Saturday,T186,True,9,47,7,18:20:00,21:20:00,1
3,Wednesday,T144,False,7,18,2,10:00:00,13:00:00,1
3,Wednesday,T057,False,8,17,1,07:00:00,10:00:00,1
3,Wednesday,T011,True,3,23,7,18:20:00,21:20:00,1
3,Wednesday,T017,False,4,22,6,15:00:00,18:00:00,1
6,Saturday,T114,False,9,41,1,07:00:00,10:00:00,1
3,Wednesday,T027,True,10,18,2,10:00:00,13:00:00,1
3,Wednesday,T105,True,4,18,2,10:00:00,13:00:00,1
1,Monday,T118,True,6,5,5,14:00:00,17:00:00,1
4,Thursday,T003,True,10,27,3,09:00:00,12:00:00,1
5,Friday,T131,False,10,37,5,14:00:00,17:00:00,1
5,Friday,T206,False,8,37,5,14:00:00,17:00:00,1
2,Tuesday,T118,False,4,13,5,14:00:00,17:00:00,1
1,Monday,T070,True,3,1,1,07:00:00,10:00:00,1
2,Tuesday,T094,True,3,9,1,07:00:00,10:00:00,1
5,Friday,T107,False,3,36,4,13:00:00,16:00:00,1
4,Thursday,T021,True,4,31,7,18:20:00,21:20:00,1
4,Thursday,T093,True,6,31,7,18:20:00,21:20:00,1
2,Tuesday,T002,False,4,9,1,07:00:00,10:00:00,1
5,Friday,T036,False,4,40,8,18:20:00,22:20:00,1
1,Monday,T053,False,4,4,4,13:00:00,16:00:00,1
3,Wednesday,T099,True,6,17,1,07:00:00,10:00:00,1
5,Friday,T087,False,3,37,5,14:00:00,17:00:00,1
2,Tuesday,T099,False,4,16,8,18:20:00,22:20:00,1
4,Thursday,T013,True,6,30,6,15:00:00,18:00:00,1
1,Monday,T170,True,8,2,2,10:00:00,13:00:00,1
2,Tuesday,T084,True,9,15,7,18:20:00,21:20:00,1
2,Tuesday,T005,True,8,13,5,14:00:00,17:00:00,1
5,Friday,T001,True,4,37,5,14:00:00,17:00:00,1
4,Thursday,T107,False,9,64,12,06:00:00,09:00:00,1
4,Thursday,T002,False,3,29,5,14:00:00,17:00:00,1
4,Thursday,T009,True,6,25,1,07:00:00,10:00:00,1
1,Monday,T094,False,7,6,6,15:00:00,18:00:00,1
4,Thursday,T068,True,7,29,5,14:00:00,17:00:00,1
6,Saturday,T010,False,3,48,8,18:20:00,22:20:00,1
2,Tuesday,T199,False,8,9,1,07:00:00,10:00:00,1
2,Tuesday,T068,True,9,10,2,10:00:00,13:00:00,1
5,Friday,T131,False,7,33,1,07:00:00,10:00:00,1
3,Wednesday,T093,False,7,23,7,18:20:00,21:20:00,1
2,Tuesday,T152,True,7,13,5,14:00:00,17:00:00,1
1,Monday,T107,False,10,7,7,18:20:00,21:20:00,1
3,Wednesday,T001,True,5,18,2,10:00:00,13:00:00,1
2,Tuesday,T094,False,7,13,5,14:00:00,17:00:00,1
2,Tuesday,T120,True,5,13,5,14:00:00,17:00:00,1
6,Saturday,T007,False,6,45,5,14:00:00,17:00:00,1
5,Friday,T096,False,5,39,7,18:20:00,21:20:00,1
5,Friday,T031,True,8,35,3,09:00:00,12:00:00,1
5,Friday,T066,True,8,39,7,18:20:00,21:20:00,1
2,Tuesday,T217,True,10,9,1,07:00:00,10:00:00,1
2,Tuesday,T107,False,4,16,8,18:20:00,22:20:00,1
1,Monday,T081,False,6,5,5,14:00:00,17:00:00,1
5,Friday,T182,True,8,34,2,10:00:00,13:00:00,1
5,Friday,T183,False,10,39,7,18:20:00,21:20:00,1
1,Monday,T108,True,9,6,6,15:00:00,18:00:00,1
3,Wednesday,T010,True,9,17,1,07:00:00,10:00:00,1
3,Wednesday,T091,False,10,22,6,15:00:00,18:00:00,1
5,Friday,T053,False,4,38,6,15:00:00,18:00:00,1
4,Thursday,T013,True,6,31,7,18:20:00,21:20:00,1
4,Thursday,T011,True,5,29,5,14:00:00,17:00:00,1
1,Monday,T176,True,9,3,3,09:00:00,12:00:00,1
1,Monday,T017,True,4,5,5,14:00:00,17:00:00,1
3,Wednesday,T178,False,7,24,8,18:20:00,22:20:00,1
3,Wednesday,T076,True,9,22,6,15:00:00,18:00:00,1
3,Wednesday,T016,False,3,17,1,07:00:00,10:00:00,1
4,Thursday,T021,True,9,30,6,15:00:00,18:00:00,1
5,Friday,T107,False,7,40,8,18:20:00,22:20:00,1
3,Wednesday,T074,True,8,23,7,18:20:00,21:20:00,1
4,Thursday,T066,False,7,26,2,10:00:00,13:00:00,1
6,Saturday,T037,True,7,45,5,14:00:00,17:00:00,1
2,Tuesday,T017,False,8,9,1,07:00:00,10:00:00,1
4,Thursday,T098,True,8,31,7,18:20:00,21:20:00,1
5,Friday,T182,True,8,37,5,14:00:00,17:00:00,1
4,Thursday,T058,True,3,27,3,09:00:00,12:00:00,1
5,Friday,T149,False,7,65,12,06:00:00,09:00:00,1
3,Wednesday,T208,True,10,22,6,15:00:00,18:00:00,1
2,Tuesday,T116,True,3,13,5,14:00:00,17:00:00,1
3,Wednesday,T076,False,8,17,1,07:00:00,10:00:00,1
4,Thursday,T002,False,10,30,6,15:00:00,18:00:00,1
2,Tuesday,T105,False,5,10,2,10:00:00,13:00:00,1
3,Wednesday,T107,False,6,21,5,14:00:00,17:00:00,1
1,Monday,T061,False,10,1,1,07:00:00,10:00:00,1
4,Thursday,T164,True,10,28,4,13:00:00,16:00:00,1
4,Thursday,T121,True,5,27,3,09:00:00,12:00:00,1
2,Tuesday,T099,False,7,15,7,18:20:00,21:20:00,1
4,Thursday,T107,False,10,54,10,17:00:00,19:00:00,1
3,Wednesday,T095,True,3,18,2,10:00:00,13:00:00,1
4,Thursday,T064,False,4,31,7,18:20:00,21:20:00,1
5,Friday,T066,False,7,39,7,18:20:00,21:20:00,1
5,Friday,T003,True,3,37,5,14:00:00,17:00:00,1
3,Wednesday,T064,True,5,22,6,15:00:00,18:00:00,1
2,Tuesday,T110,True,9,13,5,14:00:00,17:00:00,1
4,Thursday,T025,True,5,27,3,09:00:00,12:00:00,1
6,Saturday,T094,True,5,42,2,10:00:00,13:00:00,1
2,Tuesday,T130,True,5,9,1,07:00:00,10:00:00,1
5,Friday,T107,False,3,35,3,09:00:00,12:00:00,1
1,Monday,T179,True,8,6,6,15:00:00,18:00:00,1
4,Thursday,T185,False,9,27,3,09:00:00,12:00:00,1
5,Friday,T072,False,3,33,1,07:00:00,10:00:00,1
5,Friday,T179,True,10,38,6,15:00:00,18:00:00,1
2,Tuesday,T041,True,7,15,7,18:20:00,21:20:00,1
2,Tuesday,T063,True,3,15,7,18:20:00,21:20:00,1
3,Wednesday,T039,False,4,23,7,18:20:00,21:20:00,1
3,Wednesday,T094,False,5,24,8,18:20:00,22:20:00,1
5,Friday,T133,False,5,33,1,07:00:00,10:00:00,1
2,Tuesday,T105,True,6,13,5,14:00:00,17:00:00,1
6,Saturday,T066,False,7,66,11,17:00:00,20:00:00,1
6,Saturday,T185,False,7,41,1,07:00:00,10:00:00,1
2,Tuesday,T151,False,9,9,1,07:00:00,10:00:00,1
4,Thursday,T009,True,7,25,1,07:00:00,10:00:00,1
1,Monday,T158,True,9,5,5,14:00:00,17:00:00,1
4,Thursday,T095,False,3,32,8,18:20:00,22:20:00,1
2,Tuesday,T105,True,7,13,5,14:00:00,17:00:00,1
4,Thursday,T047,False,5,25,1,07:00:00,10:00:00,1
5,Friday,T168,True,7,33,1,07:00:00,10:00:00,1
4,Thursday,T017,False,4,32,8,18:20:00,22:20:00,1
6,Saturday,T009,False,5,47,7,18:20:00,21:20:00,1
1,Monday,T112,False,7,61,12,06:00:00,09:00:00,1
2,Tuesday,T097,False,3,15,7,18:20:00,21:20:00,1
3,Wednesday,T112,False,7,19,3,09:00:00,12:00:00,1
6,Saturday,T107,False,10,66,11,17:00:00,20:00:00,1
1,Monday,T162,False,7,1,1,07:00:00,10:00:00,1
5,Friday,T170,False,8,39,7,18:20:00,21:20:00,1
4,Thursday,T107,False,9,59,11,17:00:00,20:00:00,1
2,Tuesday,T216,True,10,10,2,10:00:00,13:00:00,1
3,Wednesday,T066,False,7,18,2,10:00:00,13:00:00,1
1,Monday,T070,True,3,7,7,18:20:00,21:20:00,1
4,Thursday,T062,True,4,25,1,07:00:00,10:00:00,1
4,Thursday,T112,True,9,26,2,10:00:00,13:00:00,1
5,Friday,T104,False,4,34,2,10:00:00,13:00:00,1
5,Friday,T151,True,7,37,5,14:00:00,17:00:00,1
6,Saturday,T102,True,8,46,6,15:00:00,18:00:00,1
1,Monday,T102,True,10,6,6,15:00:00,18:00:00,1
6,Saturday,T004,True,10,43,3,09:00:00,12:00:00,1
4,Thursday,T100,False,5,25,1,07:00:00,10:00:00,1
4,Thursday,T018,False,4,25,1,07:00:00,10:00:00,1
2,Tuesday,T007,False,4,16,8,18:20:00,22:20:00,1
1,Monday,T094,False,5,7,7,18:20:00,21:20:00,1
2,Tuesday,T106,True,6,16,8,18:20:00,22:20:00,1
2,Tuesday,T044,False,7,15,7,18:20:00,21:20:00,1
1,Monday,T016,True,3,1,1,07:00:00,10:00:00,1
5,Friday,T024,True,6,39,7,18:20:00,21:20:00,1
4,Thursday,T094,True,6,25,1,07:00:00,10:00:00,1
2,Tuesday,T111,True,4,10,2,10:00:00,13:00:00,1
2,Tuesday,T154,False,7,16,8,18:20:00,22:20:00,1
4,Thursday,T008,False,4,31,7,18:20:00,21:20:00,1
1,Monday,T033,False,10,2,2,10:00:00,13:00:00,1
4,Thursday,T149,False,7,64,12,06:00:00,09:00:00,1
1,Monday,T153,True,7,6,6,15:00:00,18:00:00,1
2,Tuesday,T099,True,10,14,6,15:00:00,18:00:00,1
1,Monday,T041,True,5,6,6,15:00:00,18:00:00,1
2,Tuesday,T094,False,5,15,7,18:20:00,21:20:00,1
2,Tuesday,T058,False,6,16,8,18:20:00,22:20:00,1
3,Wednesday,T043,False,7,22,6,15:00:00,18:00:00,1
1,Monday,T108,True,8,8,8,18:20:00,22:20:00,1
1,Monday,T226,True,10,1,1,07:00:00,10:00:00,1
4,Thursday,T164,True,9,25,1,07:00:00,10:00:00,1
4,Thursday,T001,True,8,27,3,09:00:00,12:00:00,1
5,Friday,T107,False,9,34,2,10:00:00,13:00:00,1
3,Wednesday,T028,True,3,23,7,18:20:00,21:20:00,1
1,Monday,T105,False,4,8,8,18:20:00,22:20:00,1
6,Saturday,T185,False,7,46,6,15:00:00,18:00:00,1
1,Monday,T007,False,4,1,1,07:00:00,10:00:00,1
4,Thursday,T066,False,7,29,5,14:00:00,17:00:00,1
6,Saturday,T112,False,10,41,1,07:00:00,10:00:00,1
2,Tuesday,T007,True,4,9,1,07:00:00,10:00:00,1
2,Tuesday,T133,False,7,10,2,10:00:00,13:00:00,1
5,Friday,T128,True,5,39,7,18:20:00,21:20:00,1
5,Friday,T097,True,6,38,6,15:00:00,18:00:00,1
1,Monday,T010,False,8,2,2,10:00:00,13:00:00,1
2,Tuesday,T075,True,9,9,1,07:00:00,10:00:00,1
3,Wednesday,T057,False,3,23,7,18:20:00,21:20:00,1
5,Friday,T024,True,9,39,7,18:20:00,21:20:00,1
5,Friday,T047,False,5,35,3,09:00:00,12:00:00,1
3,Wednesday,T066,False,3,21,5,14:00:00,17:00:00,1
4,Thursday,T008,True,5,25,1,07:00:00,10:00:00,1
3,Wednesday,T121,True,6,22,6,15:00:00,18:00:00,1
5,Friday,T176,True,6,38,6,15:00:00,18:00:00,1
6,Saturday,T130,False,4,46,6,15:00:00,18:00:00,1
6,Saturday,T019,False,6,44,4,13:00:00,16:00:00,1
6,Saturday,T030,False,8,48,8,18:20:00,22:20:00,1
2,Tuesday,T005,True,3,9,1,07:00:00,10:00:00,1
6,Saturday,T094,False,4,45,5,14:00:00,17:00:00,1
1,Monday,T107,False,8,61,12,06:00:00,09:00:00,1
6,Saturday,T107,False,8,45,5,14:00:00,17:00:00,1
6,Saturday,T112,False,7,48,8,18:20:00,22:20:00,1
1,Monday,T180,True,6,2,2,10:00:00,13:00:00,1
3,Wednesday,T183,False,6,20,4,13:00:00,16:00:00,1
3,Wednesday,T091,True,10,21,5,14:00:00,17:00:00,1
3,Wednesday,T090,True,4,18,2,10:00:00,13:00:00,1
3,Wednesday,T121,True,9,21,5,14:00:00,17:00:00,1
3,Wednesday,T086,False,4,18,2,10:00:00,13:00:00,1
4,Thursday,T228,True,10,30,6,15:00:00,18:00:00,1
2,Tuesday,T173,False,6,9,1,07:00:00,10:00:00,1
2,Tuesday,T108,False,6,9,1,07:00:00,10:00:00,1
1,Monday,T113,False,4,1,1,07:00:00,10:00:00,1
2,Tuesday,T017,True,10,9,1,07:00:00,10:00:00,1
5,Friday,T069,False,5,33,1,07:00:00,10:00:00,1
3,Wednesday,T060,True,8,19,3,09:00:00,12:00:00,1
4,Thursday,T174,True,10,25,1,07:00:00,10:00:00,1
4,Thursday,T066,False,3,32,8,18:20:00,22:20:00,1
3,Wednesday,T127,True,5,20,4,13:00:00,16:00:00,1
4,Thursday,T018,True,7,26,2,10:00:00,13:00:00,1
5,Friday,T076,True,9,34,2,10:00:00,13:00:00,1
1,Monday,T105,True,9,1,1,07:00:00,10:00:00,1
2,Tuesday,T015,False,4,14,6,15:00:00,18:00:00,1
3,Wednesday,T053,True,6,17,1,07:00:00,10:00:00,1
5,Friday,T140,False,7,35,3,09:00:00,12:00:00,1
2,Tuesday,T099,True,9,13,5,14:00:00,17:00:00,1
4,Thursday,T094,False,5,25,1,07:00:00,10:00:00,1
3,Wednesday,T095,False,3,19,3,09:00:00,12:00:00,1
4,Thursday,T003,True,6,29,5,14:00:00,17:00:00,1
1,Monday,T172,False,6,1,1,07:00:00,10:00:00,1
5,Friday,T108,True,8,37,5,14:00:00,17:00:00,1
5,Friday,T109,True,9,36,4,13:00:00,16:00:00,1
2,Tuesday,T148,False,7,9,1,07:00:00,10:00:00,1
4,Thursday,T066,False,7,27,3,09:00:00,12:00:00,1
4,Thursday,T087,False,7,29,5,14:00:00,17:00:00,1
4,Thursday,T028,False,7,32,8,18:20:00,22:20:00,1
2,Tuesday,T176,True,7,9,1,07:00:00,10:00:00,1
1,Monday,T217,False,9,7,7,18:20:00,21:20:00,1
3,Wednesday,T086,True,4,21,5,14:00:00,17:00:00,1
2,Tuesday,T016,False,3,14,6,15:00:00,18:00:00,1
1,Monday,T101,False,3,8,8,18:20:00,22:20:00,1
5,Friday,T125,True,10,34,2,10:00:00,13:00:00,1
3,Wednesday,T074,True,4,19,3,09:00:00,12:00:00,1
1,Monday,T154,False,7,1,1,07:00:00,10:00:00,1
2,Tuesday,T123,False,5,12,4,13:00:00,16:00:00,1
6,Saturday,T107,False,10,46,6,15:00:00,18:00:00,1
5,Friday,T152,True,5,33,1,07:00:00,10:00:00,1
6,Saturday,T185,False,7,43,3,09:00:00,12:00:00,1
2,Tuesday,T064,True,9,10,2,10:00:00,13:00:00,1
3,Wednesday,T066,False,3,20,4,13:00:00,16:00:00,1
4,Thursday,T069,True,3,25,1,07:00:00,10:00:00,1
1,Monday,T052,False,5,6,6,15:00:00,18:00:00,1
6,Saturday,T042,False,4,41,1,07:00:00,10:00:00,1
2,Tuesday,T027,True,5,11,3,09:00:00,12:00:00,1
3,Wednesday,T091,False,3,18,2,10:00:00,13:00:00,1
4,Thursday,T192,True,10,26,2,10:00:00,13:00:00,1
2,Tuesday,T120,False,6,9,1,07:00:00,10:00:00,1
1,Monday,T114,True,7,5,5,14:00:00,17:00:00,1
3,Wednesday,T042,True,4,23,7,18:20:00,21:20:00,1
4,Thursday,T056,True,4,29,5,14:00:00,17:00:00,1
3,Wednesday,T210,False,10,17,1,07:00:00,10:00:00,1
2,Tuesday,T083,False,7,9,1,07:00:00,10:00:00,1
4,Thursday,T107,False,10,30,6,15:00:00,18:00:00,1
3,Wednesday,T076,False,3,21,5,14:00:00,17:00:00,1
5,Friday,T125,True,10,37,5,14:00:00,17:00:00,1
4,Thursday,T112,False,5,27,3,09:00:00,12:00:00,1
3,Wednesday,T003,True,7,21,5,14:00:00,17:00:00,1
6,Saturday,T165,True,10,42,2,10:00:00,13:00:00,1
6,Saturday,T051,False,10,41,1,07:00:00,10:00:00,1
5,Friday,T062,False,4,38,6,15:00:00,18:00:00,1
6,Saturday,T034,True,8,45,5,14:00:00,17:00:00,1
6,Saturday,T070,False,5,42,2,10:00:00,13:00:00,1
3,Wednesday,T084,True,5,23,7,18:20:00,21:20:00,1
6,Saturday,T021,False,8,46,6,15:00:00,18:00:00,1
5,Friday,T064,True,10,39,7,18:20:00,21:20:00,1
4,Thursday,T078,False,3,31,7,18:20:00,21:20:00,1
1,Monday,T010,False,5,4,4,13:00:00,16:00:00,1
2,Tuesday,T066,False,4,10,2,10:00:00,13:00:00,1
2,Tuesday,T094,False,5,11,3,09:00:00,12:00:00,1
3,Wednesday,T103,False,7,21,5,14:00:00,17:00:00,1
3,Wednesday,T096,True,10,23,7,18:20:00,21:20:00,1
1,Monday,T118,True,7,2,2,10:00:00,13:00:00,1
4,Thursday,T031,False,10,26,2,10:00:00,13:00:00,1
1,Monday,T032,False,8,6,6,15:00:00,18:00:00,1
5,Friday,T170,False,8,38,6,15:00:00,18:00:00,1
3,Wednesday,T031,True,6,18,2,10:00:00,13:00:00,1
3,Wednesday,T121,True,8,21,5,14:00:00,17:00:00,1
5,Friday,T107,False,6,33,1,07:00:00,10:00:00,1
2,Tuesday,T005,False,10,9,1,07:00:00,10:00:00,1
6,Saturday,T165,True,6,41,1,07:00:00,10:00:00,1
1,Monday,T062,True,10,6,6,15:00:00,18:00:00,1
2,Tuesday,T038,True,10,15,7,18:20:00,21:20:00,1
4,Thursday,T087,False,4,31,7,18:20:00,21:20:00,1
1,Monday,T118,True,4,5,5,14:00:00,17:00:00,1
3,Wednesday,T121,False,10,18,2,10:00:00,13:00:00,1
5,Friday,T011,True,4,39,7,18:20:00,21:20:00,1
6,Saturday,T112,False,6,43,3,09:00:00,12:00:00,1
3,Wednesday,T140,True,8,21,5,14:00:00,17:00:00,1
3,Wednesday,T151,True,9,21,5,14:00:00,17:00:00,1
5,Friday,T219,False,8,34,2,10:00:00,13:00:00,1
1,Monday,T025,False,3,5,5,14:00:00,17:00:00,1
4,Thursday,T112,False,7,27,3,09:00:00,12:00:00,1
1,Monday,T032,False,4,7,7,18:20:00,21:20:00,1
6,Saturday,T051,False,5,42,2,10:00:00,13:00:00,1
5,Friday,T185,False,7,35,3,09:00:00,12:00:00,1
1,Monday,T112,False,8,51,10,17:00:00,19:00:00,1
2,Tuesday,T091,True,9,10,2,10:00:00,13:00:00,1
4,Thursday,T069,False,4,29,5,14:00:00,17:00:00,1
2,Tuesday,T228,True,10,14,6,15:00:00,18:00:00,1
3,Wednesday,T091,False,3,23,7,18:20:00,21:20:00,1
3,Wednesday,T107,False,10,23,7,18:20:00,21:20:00,1
6,Saturday,T112,False,10,46,6,15:00:00,18:00:00,1
5,Friday,T003,True,5,35,3,09:00:00,12:00:00,1
3,Wednesday,T118,True,9,19,3,09:00:00,12:00:00,1
4,Thursday,T142,False,6,25,1,07:00:00,10:00:00,1
4,Thursday,T164,True,10,29,5,14:00:00,17:00:00,1
3,Wednesday,T008,False,4,22,6,15:00:00,18:00:00,1
1,Monday,T098,True,5,1,1,07:00:00,10:00:00,1
4,Thursday,T181,False,7,25,1,07:00:00,10:00:00,1
1,Monday,T112,False,9,8,8,18:20:00,22:20:00,1
6,Saturday,T043,True,7,45,5,14:00:00,17:00:00,1
1,Monday,T170,False,8,1,1,07:00:00,10:00:00,1
6,Saturday,T055,False,3,42,2,10:00:00,13:00:00,1
1,Monday,T060,True,6,2,2,10:00:00,13:00:00,1
4,Thursday,T024,True,6,31,7,18:20:00,21:20:00,1
4,Thursday,T112,False,7,28,4,13:00:00,16:00:00,1
5,Friday,T218,True,10,38,6,15:00:00,18:00:00,1
2,Tuesday,T031,True,6,14,6,15:00:00,18:00:00,1
2,Tuesday,T108,True,8,14,6,15:00:00,18:00:00,1
4,Thursday,T094,False,3,26,2,10:00:00,13:00:00,1
4,Thursday,T056,True,6,29,5,14:00:00,17:00:00,1
4,Thursday,T197,True,8,31,7,18:20:00,21:20:00,1
2,Tuesday,T041,True,10,14,6,15:00:00,18:00:00,1
4,Thursday,T027,False,10,30,6,15:00:00,18:00:00,1
3,Wednesday,T011,True,3,18,2,10:00:00,13:00:00,1
3,Wednesday,T076,False,4,23,7,18:20:00,21:20:00,1
1,Monday,T146,True,5,7,7,18:20:00,21:20:00,1
4,Thursday,T010,True,5,25,1,07:00:00,10:00:00,1
4,Thursday,T034,False,6,30,6,15:00:00,18:00:00,1
2,Tuesday,T121,True,9,13,5,14:00:00,17:00:00,1
4,Thursday,T006,True,5,31,7,18:20:00,21:20:00,1
6,Saturday,T051,True,5,44,4,13:00:00,16:00:00,1
5,Friday,T179,True,7,38,6,15:00:00,18:00:00,1
2,Tuesday,T121,True,9,11,3,09:00:00,12:00:00,1
3,Wednesday,T026,True,9,24,8,18:20:00,22:20:00,1
5,Friday,T055,True,3,39,7,18:20:00,21:20:00,1
4,Thursday,T041,True,5,31,7,18:20:00,21:20:00,1
5,Friday,T123,True,6,37,5,14:00:00,17:00:00,1
2,Tuesday,T180,True,6,13,5,14:00:00,17:00:00,1
2,Tuesday,T195,True,7,10,2,10:00:00,13:00:00,1
2,Tuesday,T196,True,10,9,1,07:00:00,10:00:00,1
2,Tuesday,T133,False,10,10,2,10:00:00,13:00:00,1
2,Tuesday,T108,True,7,13,5,14:00:00,17:00:00,1
1,Monday,T033,True,8,7,7,18:20:00,21:20:00,1
4,Thursday,T069,False,3,26,2,10:00:00,13:00:00,1
1,Monday,T128,True,8,7,7,18:20:00,21:20:00,1
1,Monday,T107,False,3,8,8,18:20:00,22:20:00,1
3,Wednesday,T143,True,6,19,3,09:00:00,12:00:00,1
3,Wednesday,T008,False,4,21,5,14:00:00,17:00:00,1
2,Tuesday,T071,False,3,13,5,14:00:00,17:00:00,1
6,Saturday,T176,False,6,41,1,07:00:00,10:00:00,1
1,Monday,T225,True,10,2,2,10:00:00,13:00:00,1
5,Friday,T070,False,3,33,1,07:00:00,10:00:00,1
3,Wednesday,T005,True,5,19,3,09:00:00,12:00:00,1
4,Thursday,T003,True,6,26,2,10:00:00,13:00:00,1
3,Wednesday,T057,True,4,17,1,07:00:00,10:00:00,1
6,Saturday,T051,False,10,43,3,09:00:00,12:00:00,1
5,Friday,T062,False,5,33,1,07:00:00,10:00:00,1
4,Thursday,T107,False,9,28,4,13:00:00,16:00:00,1
5,Friday,T018,True,8,33,1,07:00:00,10:00:00,1
1,Monday,T097,False,3,2,2,10:00:00,13:00:00,1
5,Friday,T122,True,4,37,5,14:00:00,17:00:00,1
4,Thursday,T093,False,6,27,3,09:00:00,12:00:00,1
5,Friday,T066,False,7,60,11,17:00:00,20:00:00,1
1,Monday,T033,False,9,5,5,14:00:00,17:00:00,1
1,Monday,T052,True,8,2,2,10:00:00,13:00:00,1
4,Thursday,T055,False,3,26,2,10:00:00,13:00:00,1
4,Thursday,T107,False,8,31,7,18:20:00,21:20:00,1
2,Tuesday,T032,False,4,15,7,18:20:00,21:20:00,1
3,Wednesday,T006,False,5,17,1,07:00:00,10:00:00,1
2,Tuesday,T112,False,9,14,6,15:00:00,18:00:00,1
3,Wednesday,T198,True,7,22,6,15:00:00,18:00:00,1
3,Wednesday,T099,True,4,22,6,15:00:00,18:00:00,1
1,Monday,T192,True,7,5,5,14:00:00,17:00:00,1
2,Tuesday,T012,True,10,14,6,15:00:00,18:00:00,1
3,Wednesday,T081,False,4,19,3,09:00:00,12:00:00,1
4,Thursday,T048,False,10,31,7,18:20:00,21:20:00,1
3,Wednesday,T120,False,4,18,2,10:00:00,13:00:00,1
6,Saturday,T009,True,7,41,1,07:00:00,10:00:00,1
3,Wednesday,T121,False,9,17,1,07:00:00,10:00:00,1
1,Monday,T107,False,3,7,7,18:20:00,21:20:00,1
1,Monday,T010,False,7,2,2,10:00:00,13:00:00,1
2,Tuesday,T062,False,3,15,7,18:20:00,21:20:00,1
4,Thursday,T107,False,7,32,8,18:20:00,22:20:00,1
1,Monday,T019,True,10,8,8,18:20:00,22:20:00,1
1,Monday,T033,True,5,7,7,18:20:00,21:20:00,1
4,Thursday,T065,False,3,31,7,18:20:00,21:20:00,1
3,Wednesday,T057,False,5,17,1,07:00:00,10:00:00,1
2,Tuesday,T094,False,5,16,8,18:20:00,22:20:00,1
2,Tuesday,T081,True,7,9,1,07:00:00,10:00:00,1
4,Thursday,T025,True,10,26,2,10:00:00,13:00:00,1
1,Monday,T053,False,3,8,8,18:20:00,22:20:00,1
3,Wednesday,T076,False,6,18,2,10:00:00,13:00:00,1
1,Monday,T232,True,9,7,7,18:20:00,21:20:00,1
1,Monday,T057,False,5,6,6,15:00:00,18:00:00,1
2,Tuesday,T212,True,8,14,6,15:00:00,18:00:00,1
6,Saturday,T043,True,9,66,11,17:00:00,20:00:00,1
4,Thursday,T028,False,7,29,5,14:00:00,17:00:00,1
4,Thursday,T037,True,5,29,5,14:00:00,17:00:00,1
4,Thursday,T099,False,6,25,1,07:00:00,10:00:00,1
2,Tuesday,T047,True,7,16,8,18:20:00,22:20:00,1
5,Friday,T174,True,9,38,6,15:00:00,18:00:00,1
6,Saturday,T047,False,3,43,3,09:00:00,12:00:00,1
4,Thursday,T053,False,3,26,2,10:00:00,13:00:00,1
4,Thursday,T074,True,3,27,3,09:00:00,12:00:00,1
2,Tuesday,T058,False,3,12,4,13:00:00,16:00:00,1
5,Friday,T136,True,4,35,3,09:00:00,12:00:00,1
4,Thursday,T018,True,8,29,5,14:00:00,17:00:00,1
5,Friday,T231,True,10,37,5,14:00:00,17:00:00,1
1,Monday,T066,False,4,2,2,10:00:00,13:00:00,1
5,Friday,T068,True,6,34,2,10:00:00,13:00:00,1
3,Wednesday,T051,True,3,23,7,18:20:00,21:20:00,1
1,Monday,T017,True,4,6,6,15:00:00,18:00:00,1
4,Thursday,T161,False,7,30,6,15:00:00,18:00:00,1
4,Thursday,T196,True,8,29,5,14:00:00,17:00:00,1
4,Thursday,T028,False,3,25,1,07:00:00,10:00:00,1
3,Wednesday,T011,False,3,20,4,13:00:00,16:00:00,1
4,Thursday,T176,True,8,27,3,09:00:00,12:00:00,1
5,Friday,T002,True,4,33,1,07:00:00,10:00:00,1
2,Tuesday,T172,False,7,13,5,14:00:00,17:00:00,1
4,Thursday,T047,True,7,25,1,07:00:00,10:00:00,1
3,Wednesday,T066,False,7,23,7,18:20:00,21:20:00,1
4,Thursday,T078,False,4,26,2,10:00:00,13:00:00,1
2,Tuesday,T064,True,3,13,5,14:00:00,17:00:00,1
5,Friday,T042,False,7,33,1,07:00:00,10:00:00,1
4,Thursday,T113,False,7,27,3,09:00:00,12:00:00,1
2,Tuesday,T066,False,3,16,8,18:20:00,22:20:00,1
4,Thursday,T028,False,5,25,1,07:00:00,10:00:00,1
2,Tuesday,T052,False,3,14,6,15:00:00,18:00:00,1
2,Tuesday,T192,True,10,9,1,07:00:00,10:00:00,1
2,Tuesday,T107,False,10,9,1,07:00:00,10:00:00,1
1,Monday,T112,False,8,1,1,07:00:00,10:00:00,1
1,Monday,T066,False,4,3,3,09:00:00,12:00:00,1
1,Monday,T025,False,7,6,6,15:00:00,18:00:00,1
4,Thursday,T033,False,7,30,6,15:00:00,18:00:00,1
3,Wednesday,T029,True,10,21,5,14:00:00,17:00:00,1
1,Monday,T112,False,6,1,1,07:00:00,10:00:00,1
3,Wednesday,T048,True,4,23,7,18:20:00,21:20:00,1
4,Thursday,T025,True,8,25,1,07:00:00,10:00:00,1
6,Saturday,T047,True,3,47,7,18:20:00,21:20:00,1
2,Tuesday,T063,True,7,10,2,10:00:00,13:00:00,1
4,Thursday,T142,False,6,31,7,18:20:00,21:20:00,1
5,Friday,T086,False,7,34,2,10:00:00,13:00:00,1
4,Thursday,T002,True,8,26,2,10:00:00,13:00:00,1
4,Thursday,T159,True,10,30,6,15:00:00,18:00:00,1
5,Friday,T097,True,3,37,5,14:00:00,17:00:00,1
3,Wednesday,T063,False,4,19,3,09:00:00,12:00:00,1
1,Monday,T110,False,4,5,5,14:00:00,17:00:00,1
2,Tuesday,T120,False,4,10,2,10:00:00,13:00:00,1
2,Tuesday,T037,True,10,13,5,14:00:00,17:00:00,1
2,Tuesday,T014,False,3,14,6,15:00:00,18:00:00,1
2,Tuesday,T063,False,4,14,6,15:00:00,18:00:00,1
3,Wednesday,T127,True,4,18,2,10:00:00,13:00:00,1
5,Friday,T076,False,4,35,3,09:00:00,12:00:00,1
5,Friday,T182,True,6,35,3,09:00:00,12:00:00,1
5,Friday,T031,True,5,34,2,10:00:00,13:00:00,1
1,Monday,T010,True,10,1,1,07:00:00,10:00:00,1
6,Saturday,T053,False,4,41,1,07:00:00,10:00:00,1
2,Tuesday,T094,False,3,16,8,18:20:00,22:20:00,1
4,Thursday,T164,True,9,26,2,10:00:00,13:00:00,1
3,Wednesday,T090,True,3,19,3,09:00:00,12:00:00,1
6,Saturday,T050,False,5,44,4,13:00:00,16:00:00,1
3,Wednesday,T108,False,3,22,6,15:00:00,18:00:00,1
5,Friday,T047,True,6,33,1,07:00:00,10:00:00,1
3,Wednesday,T108,False,4,22,6,15:00:00,18:00:00,1
5,Friday,T131,True,9,37,5,14:00:00,17:00:00,1
2,Tuesday,T044,False,5,13,5,14:00:00,17:00:00,1
4,Thursday,T112,False,8,25,1,07:00:00,10:00:00,1
6,Saturday,T007,False,7,46,6,15:00:00,18:00:00,1
2,Tuesday,T112,False,7,57,11,17:00:00,20:00:00,1
2,Tuesday,T041,False,3,9,1,07:00:00,10:00:00,1
4,Thursday,T094,False,3,27,3,09:00:00,12:00:00,1
4,Thursday,T029,True,6,29,5,14:00:00,17:00:00,1
1,Monday,T105,False,8,1,1,07:00:00,10:00:00,1
5,Friday,T065,False,3,38,6,15:00:00,18:00:00,1
2,Tuesday,T028,False,4,9,1,07:00:00,10:00:00,1
5,Friday,T069,False,6,39,7,18:20:00,21:20:00,1
2,Tuesday,T043,False,7,14,6,15:00:00,18:00:00,1
4,Thursday,T041,True,4,30,6,15:00:00,18:00:00,1
3,Wednesday,T017,False,5,20,4,13:00:00,16:00:00,1
5,Friday,T080,True,5,35,3,09:00:00,12:00:00,1
5,Friday,T105,True,3,37,5,14:00:00,17:00:00,1
3,Wednesday,T063,True,9,23,7,18:20:00,21:20:00,1
6,Saturday,T050,False,8,41,1,07:00:00,10:00:00,1
1,Monday,T196,True,9,6,6,15:00:00,18:00:00,1
2,Tuesday,T102,True,4,9,1,07:00:00,10:00:00,1
4,Thursday,T032,True,4,30,6,15:00:00,18:00:00,1
4,Thursday,T107,False,6,31,7,18:20:00,21:20:00,1
2,Tuesday,T145,True,10,15,7,18:20:00,21:20:00,1
4,Thursday,T056,False,6,25,1,07:00:00,10:00:00,1
5,Friday,T109,False,8,37,5,14:00:00,17:00:00,1
4,Thursday,T043,False,3,26,2,10:00:00,13:00:00,1
4,Thursday,T055,False,3,28,4,13:00:00,16:00:00,1
5,Friday,T185,False,9,37,5,14:00:00,17:00:00,1
1,Monday,T111,True,10,6,6,15:00:00,18:00:00,1
1,Monday,T146,True,5,6,6,15:00:00,18:00:00,1
3,Wednesday,T113,True,7,19,3,09:00:00,12:00:00,1
2,Tuesday,T099,False,7,14,6,15:00:00,18:00:00,1
6,Saturday,T107,False,9,68,13,05:00:00,08:00:00,1
5,Friday,T131,False,6,35,3,09:00:00,12:00:00,1
4,Thursday,T112,False,10,54,10,17:00:00,19:00:00,1
6,Saturday,T007,False,4,44,4,13:00:00,16:00:00,1
4,Thursday,T035,False,10,30,6,15:00:00,18:00:00,1
4,Thursday,T206,False,8,29,5,14:00:00,17:00:00,1
1,Monday,T060,False,4,8,8,18:20:00,22:20:00,1
2,Tuesday,T004,True,10,11,3,09:00:00,12:00:00,1
5,Friday,T061,False,4,34,2,10:00:00,13:00:00,1
2,Tuesday,T017,True,7,13,5,14:00:00,17:00:00,1
1,Monday,T100,False,5,5,5,14:00:00,17:00:00,1
4,Thursday,T186,True,9,31,7,18:20:00,21:20:00,1
4,Thursday,T044,True,4,29,5,14:00:00,17:00:00,1
5,Friday,T136,False,4,36,4,13:00:00,16:00:00,1
3,Wednesday,T140,False,8,17,1,07:00:00,10:00:00,1
1,Monday,T045,False,4,8,8,18:20:00,22:20:00,1
5,Friday,T189,False,8,33,1,07:00:00,10:00:00,1
2,Tuesday,T066,False,3,10,2,10:00:00,13:00:00,1
1,Monday,T016,True,5,1,1,07:00:00,10:00:00,1
4,Thursday,T075,False,8,25,1,07:00:00,10:00:00,1
3,Wednesday,T076,True,9,23,7,18:20:00,21:20:00,1
3,Wednesday,T021,False,4,23,7,18:20:00,21:20:00,1
3,Wednesday,T070,False,4,22,6,15:00:00,18:00:00,1
3,Wednesday,T043,True,9,17,1,07:00:00,10:00:00,1
6,Saturday,T233,True,9,43,3,09:00:00,12:00:00,1
3,Wednesday,T062,False,7,19,3,09:00:00,12:00:00,1
3,Wednesday,T008,False,5,18,2,10:00:00,13:00:00,1
4,Thursday,T172,False,7,25,1,07:00:00,10:00:00,1
1,Monday,T036,False,9,5,5,14:00:00,17:00:00,1
6,Saturday,T032,True,10,45,5,14:00:00,17:00:00,1
2,Tuesday,T094,False,4,16,8,18:20:00,22:20:00,1
5,Friday,T003,False,4,37,5,14:00:00,17:00:00,1
3,Wednesday,T098,True,4,23,7,18:20:00,21:20:00,1
4,Thursday,T133,False,6,26,2,10:00:00,13:00:00,1
4,Thursday,T026,True,4,30,6,15:00:00,18:00:00,1
3,Wednesday,T063,False,7,18,2,10:00:00,13:00:00,1
1,Monday,T120,False,4,2,2,10:00:00,13:00:00,1
1,Monday,T144,False,7,3,3,09:00:00,12:00:00,1
4,Thursday,T106,True,10,32,8,18:20:00,22:20:00,1
5,Friday,T103,False,3,34,2,10:00:00,13:00:00,1
5,Friday,T069,True,5,38,6,15:00:00,18:00:00,1
3,Wednesday,T112,False,10,24,8,18:20:00,22:20:00,1
2,Tuesday,T160,True,8,15,7,18:20:00,21:20:00,1
1,Monday,T112,False,9,61,12,06:00:00,09:00:00,1
5,Friday,T024,True,10,39,7,18:20:00,21:20:00,1
5,Friday,T107,False,7,65,12,06:00:00,09:00:00,1
4,Thursday,T093,False,7,31,7,18:20:00,21:20:00,1
6,Saturday,T218,True,10,45,5,14:00:00,17:00:00,1
4,Thursday,T006,True,10,31,7,18:20:00,21:20:00,1
2,Tuesday,T066,False,4,14,6,15:00:00,18:00:00,1
3,Wednesday,T081,True,4,22,6,15:00:00,18:00:00,1
3,Wednesday,T170,True,9,21,5,14:00:00,17:00:00,1
6,Saturday,T119,False,5,41,1,07:00:00,10:00:00,1
4,Thursday,T068,False,7,25,1,07:00:00,10:00:00,1
4,Thursday,T029,True,4,26,2,10:00:00,13:00:00,1
1,Monday,T153,True,9,5,5,14:00:00,17:00:00,1
1,Monday,T057,True,8,2,2,10:00:00,13:00:00,1
2,Tuesday,T012,True,9,14,6,15:00:00,18:00:00,1
2,Tuesday,T098,False,3,15,7,18:20:00,21:20:00,1
2,Tuesday,T045,False,4,15,7,18:20:00,21:20:00,1
4,Thursday,T091,False,4,26,2,10:00:00,13:00:00,1
2,Tuesday,T183,True,9,10,2,10:00:00,13:00:00,1
1,Monday,T217,False,9,8,8,18:20:00,22:20:00,1
6,Saturday,T148,False,10,41,1,07:00:00,10:00:00,1
6,Saturday,T051,False,4,46,6,15:00:00,18:00:00,1
2,Tuesday,T048,True,9,16,8,18:20:00,22:20:00,1
5,Friday,T100,False,7,37,5,14:00:00,17:00:00,1
1,Monday,T121,True,10,3,3,09:00:00,12:00:00,1
1,Monday,T043,True,3,7,7,18:20:00,21:20:00,1
5,Friday,T107,False,4,40,8,18:20:00,22:20:00,1
4,Thursday,T054,True,5,25,1,07:00:00,10:00:00,1
2,Tuesday,T087,True,5,9,1,07:00:00,10:00:00,1
1,Monday,T107,False,6,1,1,07:00:00,10:00:00,1
4,Thursday,T152,True,6,25,1,07:00:00,10:00:00,1
3,Wednesday,T002,False,9,18,2,10:00:00,13:00:00,1
4,Thursday,T047,True,4,30,6,15:00:00,18:00:00,1
2,Tuesday,T066,False,4,9,1,07:00:00,10:00:00,1
3,Wednesday,T027,True,6,22,6,15:00:00,18:00:00,1
4,Thursday,T029,True,5,29,5,14:00:00,17:00:00,1
5,Friday,T087,False,5,37,5,14:00:00,17:00:00,1
3,Wednesday,T045,True,10,22,6,15:00:00,18:00:00,1
6,Saturday,T137,True,4,42,2,10:00:00,13:00:00,1
4,Thursday,T107,False,10,28,4,13:00:00,16:00:00,1
2,Tuesday,T003,False,7,13,5,14:00:00,17:00:00,1
3,Wednesday,T063,False,3,23,7,18:20:00,21:20:00,1
2,Tuesday,T015,True,7,14,6,15:00:00,18:00:00,1
5,Friday,T105,True,9,37,5,14:00:00,17:00:00,1
5,Friday,T112,False,9,40,8,18:20:00,22:20:00,1
2,Tuesday,T162,False,7,9,1,07:00:00,10:00:00,1
2,Tuesday,T081,True,6,13,5,14:00:00,17:00:00,1
4,Thursday,T068,True,6,30,6,15:00:00,18:00:00,1
3,Wednesday,T001,False,6,19,3,09:00:00,12:00:00,1
1,Monday,T070,True,9,6,6,15:00:00,18:00:00,1
5,Friday,T107,False,4,35,3,09:00:00,12:00:00,1
6,Saturday,T022,False,3,44,4,13:00:00,16:00:00,1
4,Thursday,T005,False,7,30,6,15:00:00,18:00:00,1
6,Saturday,T170,False,8,47,7,18:20:00,21:20:00,1
2,Tuesday,T005,True,6,9,1,07:00:00,10:00:00,1
6,Saturday,T111,True,5,46,6,15:00:00,18:00:00,1
5,Friday,T102,False,9,33,1,07:00:00,10:00:00,1
4,Thursday,T133,False,10,25,1,07:00:00,10:00:00,1
2,Tuesday,T107,False,4,13,5,14:00:00,17:00:00,1
2,Tuesday,T107,False,9,11,3,09:00:00,12:00:00,1
2,Tuesday,T027,True,4,13,5,14:00:00,17:00:00,1
3,Wednesday,T030,False,5,23,7,18:20:00,21:20:00,1
3,Wednesday,T197,True,10,23,7,18:20:00,21:20:00,1
6,Saturday,T091,False,3,41,1,07:00:00,10:00:00,1
1,Monday,T094,False,3,1,1,07:00:00,10:00:00,1
4,Thursday,T086,False,5,31,7,18:20:00,21:20:00,1
5,Friday,T185,False,8,33,1,07:00:00,10:00:00,1
5,Friday,T016,True,3,33,1,07:00:00,10:00:00,1
1,Monday,T010,True,9,1,1,07:00:00,10:00:00,1
1,Monday,T153,True,5,5,5,14:00:00,17:00:00,1
1,Monday,T170,True,8,7,7,18:20:00,21:20:00,1
1,Monday,T098,True,9,2,2,10:00:00,13:00:00,1
6,Saturday,T107,False,9,66,11,17:00:00,20:00:00,1
3,Wednesday,T033,False,7,23,7,18:20:00,21:20:00,1
2,Tuesday,T112,False,10,12,4,13:00:00,16:00:00,1
4,Thursday,T094,True,4,31,7,18:20:00,21:20:00,1
4,Thursday,T047,False,8,25,1,07:00:00,10:00:00,1
4,Thursday,T066,False,3,26,2,10:00:00,13:00:00,1
2,Tuesday,T036,True,9,16,8,18:20:00,22:20:00,1
2,Tuesday,T033,True,10,15,7,18:20:00,21:20:00,1
5,Friday,T189,False,7,34,2,10:00:00,13:00:00,1
5,Friday,T107,False,9,36,4,13:00:00,16:00:00,1
1,Monday,T038,False,4,8,8,18:20:00,22:20:00,1
3,Wednesday,T091,True,8,17,1,07:00:00,10:00:00,1
5,Friday,T097,False,3,39,7,18:20:00,21:20:00,1
4,Thursday,T084,False,3,31,7,18:20:00,21:20:00,1
3,Wednesday,T128,True,5,23,7,18:20:00,21:20:00,1
3,Wednesday,T169,True,7,18,2,10:00:00,13:00:00,1
2,Tuesday,T064,False,9,14,6,15:00:00,18:00:00,1
1,Monday,T112,False,9,4,4,13:00:00,16:00:00,1
3,Wednesday,T065,True,4,23,7,18:20:00,21:20:00,1
4,Thursday,T015,False,5,30,6,15:00:00,18:00:00,1
4,Thursday,T013,True,8,30,6,15:00:00,18:00:00,1
5,Friday,T107,False,9,39,7,18:20:00,21:20:00,1
4,Thursday,T005,True,9,25,1,07:00:00,10:00:00,1
2,Tuesday,T244,True,10,10,2,10:00:00,13:00:00,1
3,Wednesday,T095,True,5,22,6,15:00:00,18:00:00,1
2,Tuesday,T107,False,7,52,10,17:00:00,19:00:00,1
5,Friday,T189,True,9,38,6,15:00:00,18:00:00,1
5,Friday,T095,False,3,35,3,09:00:00,12:00:00,1
3,Wednesday,T048,True,3,22,6,15:00:00,18:00:00,1
4,Thursday,T174,True,8,25,1,07:00:00,10:00:00,1
2,Tuesday,T177,True,10,15,7,18:20:00,21:20:00,1
1,Monday,T094,False,3,2,2,10:00:00,13:00:00,1
5,Friday,T048,False,4,34,2,10:00:00,13:00:00,1
1,Monday,T174,False,7,5,5,14:00:00,17:00:00,1
1,Monday,T215,True,9,1,1,07:00:00,10:00:00,1
1,Monday,T053,False,7,8,8,18:20:00,22:20:00,1
3,Wednesday,T121,False,8,17,1,07:00:00,10:00:00,1
4,Thursday,T083,False,7,26,2,10:00:00,13:00:00,1
5,Friday,T166,True,7,39,7,18:20:00,21:20:00,1
3,Wednesday,T142,True,10,23,7,18:20:00,21:20:00,1
4,Thursday,T041,False,3,26,2,10:00:00,13:00:00,1
2,Tuesday,T091,False,3,11,3,09:00:00,12:00:00,1
3,Wednesday,T131,False,7,18,2,10:00:00,13:00:00,1
1,Monday,T100,False,5,8,8,18:20:00,22:20:00,1
6,Saturday,T096,False,6,47,7,18:20:00,21:20:00,1
3,Wednesday,T013,True,8,17,1,07:00:00,10:00:00,1
4,Thursday,T144,True,9,29,5,14:00:00,17:00:00,1
4,Thursday,T013,True,5,31,7,18:20:00,21:20:00,1
5,Friday,T111,True,10,33,1,07:00:00,10:00:00,1
4,Thursday,T085,False,5,32,8,18:20:00,22:20:00,1
3,Wednesday,T034,False,7,18,2,10:00:00,13:00:00,1
2,Tuesday,T075,True,7,10,2,10:00:00,13:00:00,1
2,Tuesday,T069,False,5,14,6,15:00:00,18:00:00,1
2,Tuesday,T113,False,7,12,4,13:00:00,16:00:00,1
5,Friday,T070,True,10,38,6,15:00:00,18:00:00,1
2,Tuesday,T084,True,4,15,7,18:20:00,21:20:00,1
2,Tuesday,T112,False,10,52,10,17:00:00,19:00:00,1
3,Wednesday,T028,False,3,17,1,07:00:00,10:00:00,1
2,Tuesday,T031,True,4,9,1,07:00:00,10:00:00,1
3,Wednesday,T017,False,5,18,2,10:00:00,13:00:00,1
3,Wednesday,T113,False,6,18,2,10:00:00,13:00:00,1
2,Tuesday,T028,False,7,16,8,18:20:00,22:20:00,1
3,Wednesday,T017,True,6,21,5,14:00:00,17:00:00,1
3,Wednesday,T026,True,3,23,7,18:20:00,21:20:00,1
5,Friday,T095,False,3,36,4,13:00:00,16:00:00,1
3,Wednesday,T096,True,4,23,7,18:20:00,21:20:00,1
4,Thursday,T068,False,4,29,5,14:00:00,17:00:00,1
4,Thursday,T091,False,3,25,1,07:00:00,10:00:00,1
4,Thursday,T006,False,4,31,7,18:20:00,21:20:00,1
6,Saturday,T010,False,3,45,5,14:00:00,17:00:00,1
2,Tuesday,T004,True,8,9,1,07:00:00,10:00:00,1
1,Monday,T036,True,5,8,8,18:20:00,22:20:00,1
2,Tuesday,T034,True,7,14,6,15:00:00,18:00:00,1
4,Thursday,T133,False,8,29,5,14:00:00,17:00:00,1
2,Tuesday,T048,True,4,9,1,07:00:00,10:00:00,1
3,Wednesday,T113,True,9,21,5,14:00:00,17:00:00,1
2,Tuesday,T001,False,6,9,1,07:00:00,10:00:00,1
6,Saturday,T017,False,10,47,7,18:20:00,21:20:00,1
1,Monday,T174,True,10,1,1,07:00:00,10:00:00,1
5,Friday,T100,True,10,34,2,10:00:00,13:00:00,1
3,Wednesday,T012,False,8,18,2,10:00:00,13:00:00,1
3,Wednesday,T073,True,3,17,1,07:00:00,10:00:00,1
6,Saturday,T160,True,8,41,1,07:00:00,10:00:00,1
4,Thursday,T112,False,7,25,1,07:00:00,10:00:00,1
2,Tuesday,T110,True,10,13,5,14:00:00,17:00:00,1
2,Tuesday,T075,True,9,10,2,10:00:00,13:00:00,1
3,Wednesday,T041,True,4,17,1,07:00:00,10:00:00,1
1,Monday,T060,True,4,1,1,07:00:00,10:00:00,1
2,Tuesday,T213,False,8,9,1,07:00:00,10:00:00,1
4,Thursday,T056,True,6,26,2,10:00:00,13:00:00,1
6,Saturday,T003,True,5,46,6,15:00:00,18:00:00,1
6,Saturday,T019,True,4,45,5,14:00:00,17:00:00,1
3,Wednesday,T027,True,6,19,3,09:00:00,12:00:00,1
5,Friday,T174,True,9,33,1,07:00:00,10:00:00,1
6,Saturday,T050,True,7,42,2,10:00:00,13:00:00,1
1,Monday,T113,False,4,6,6,15:00:00,18:00:00,1
4,Thursday,T118,False,7,25,1,07:00:00,10:00:00,1
6,Saturday,T007,False,4,42,2,10:00:00,13:00:00,1
4,Thursday,T006,True,9,26,2,10:00:00,13:00:00,1
3,Wednesday,T128,False,7,17,1,07:00:00,10:00:00,1
2,Tuesday,T070,True,5,14,6,15:00:00,18:00:00,1
2,Tuesday,T031,False,4,11,3,09:00:00,12:00:00,1
1,Monday,T017,True,8,1,1,07:00:00,10:00:00,1
4,Thursday,T026,True,5,31,7,18:20:00,21:20:00,1
6,Saturday,T007,True,6,46,6,15:00:00,18:00:00,1
5,Friday,T125,True,9,33,1,07:00:00,10:00:00,1
6,Saturday,T071,False,3,46,6,15:00:00,18:00:00,1
4,Thursday,T144,True,9,26,2,10:00:00,13:00:00,1
4,Thursday,T169,True,10,31,7,18:20:00,21:20:00,1
4,Thursday,T062,False,7,27,3,09:00:00,12:00:00,1
5,Friday,T214,True,8,33,1,07:00:00,10:00:00,1
4,Thursday,T015,False,5,31,7,18:20:00,21:20:00,1
6,Saturday,T036,True,4,43,3,09:00:00,12:00:00,1
3,Wednesday,T018,False,6,22,6,15:00:00,18:00:00,1
5,Friday,T111,True,8,33,1,07:00:00,10:00:00,1
6,Saturday,T047,False,6,46,6,15:00:00,18:00:00,1
1,Monday,T087,True,4,2,2,10:00:00,13:00:00,1
3,Wednesday,T091,False,4,18,2,10:00:00,13:00:00,1
3,Wednesday,T031,False,9,17,1,07:00:00,10:00:00,1
2,Tuesday,T154,False,7,9,1,07:00:00,10:00:00,1
2,Tuesday,T001,True,5,11,3,09:00:00,12:00:00,1
6,Saturday,T199,False,8,45,5,14:00:00,17:00:00,1
4,Thursday,T025,False,6,25,1,07:00:00,10:00:00,1
5,Friday,T100,True,9,33,1,07:00:00,10:00:00,1
3,Wednesday,T074,True,3,19,3,09:00:00,12:00:00,1
3,Wednesday,T002,True,10,17,1,07:00:00,10:00:00,1
3,Wednesday,T016,False,5,17,1,07:00:00,10:00:00,1
3,Wednesday,T107,False,9,22,6,15:00:00,18:00:00,1
1,Monday,T016,False,7,61,12,06:00:00,09:00:00,1
1,Monday,T008,True,10,1,1,07:00:00,10:00:00,1
6,Saturday,T042,True,7,67,10,17:00:00,19:00:00,1
1,Monday,T107,False,7,56,11,17:00:00,20:00:00,1
5,Friday,T167,True,10,35,3,09:00:00,12:00:00,1
1,Monday,T107,False,9,4,4,13:00:00,16:00:00,1
3,Wednesday,T112,False,8,58,11,17:00:00,20:00:00,1
5,Friday,T032,True,8,38,6,15:00:00,18:00:00,1
2,Tuesday,T102,False,3,14,6,15:00:00,18:00:00,1
6,Saturday,T085,False,6,45,5,14:00:00,17:00:00,1
2,Tuesday,T027,True,7,13,5,14:00:00,17:00:00,1
1,Monday,T114,True,10,5,5,14:00:00,17:00:00,1
2,Tuesday,T066,False,7,15,7,18:20:00,21:20:00,1
1,Monday,T047,True,8,1,1,07:00:00,10:00:00,1
5,Friday,T125,True,10,33,1,07:00:00,10:00:00,1
1,Monday,T132,False,5,5,5,14:00:00,17:00:00,1
2,Tuesday,T185,True,10,9,1,07:00:00,10:00:00,1
2,Tuesday,T017,True,4,14,6,15:00:00,18:00:00,1
4,Thursday,T081,False,3,26,2,10:00:00,13:00:00,1
5,Friday,T094,True,7,34,2,10:00:00,13:00:00,1
2,Tuesday,T055,False,6,16,8,18:20:00,22:20:00,1
3,Wednesday,T144,False,7,21,5,14:00:00,17:00:00,1
2,Tuesday,T066,False,7,49,9,06:00:00,09:00:00,1
3,Wednesday,T102,True,4,17,1,07:00:00,10:00:00,1
4,Thursday,T078,False,3,30,6,15:00:00,18:00:00,1
6,Saturday,T167,False,6,42,2,10:00:00,13:00:00,1
4,Thursday,T061,False,9,30,6,15:00:00,18:00:00,1
6,Saturday,T155,False,5,47,7,18:20:00,21:20:00,1
1,Monday,T222,True,10,1,1,07:00:00,10:00:00,1
6,Saturday,T050,False,3,41,1,07:00:00,10:00:00,1
5,Friday,T100,False,4,35,3,09:00:00,12:00:00,1
4,Thursday,T181,False,7,27,3,09:00:00,12:00:00,1
5,Friday,T023,False,8,33,1,07:00:00,10:00:00,1
2,Tuesday,T112,False,5,15,7,18:20:00,21:20:00,1
3,Wednesday,T105,True,3,18,2,10:00:00,13:00:00,1
3,Wednesday,T091,False,5,18,2,10:00:00,13:00:00,1
2,Tuesday,T185,True,10,11,3,09:00:00,12:00:00,1
5,Friday,T064,True,3,39,7,18:20:00,21:20:00,1
3,Wednesday,T107,False,3,24,8,18:20:00,22:20:00,1
3,Wednesday,T062,False,4,23,7,18:20:00,21:20:00,1
4,Thursday,T061,True,5,25,1,07:00:00,10:00:00,1
2,Tuesday,T144,True,6,9,1,07:00:00,10:00:00,1
2,Tuesday,T032,False,8,14,6,15:00:00,18:00:00,1
2,Tuesday,T161,False,7,14,6,15:00:00,18:00:00,1
3,Wednesday,T011,False,3,24,8,18:20:00,22:20:00,1
1,Monday,T060,False,7,1,1,07:00:00,10:00:00,1
3,Wednesday,T066,False,7,58,11,17:00:00,20:00:00,1
3,Wednesday,T068,True,4,18,2,10:00:00,13:00:00,1
2,Tuesday,T097,False,3,16,8,18:20:00,22:20:00,1
2,Tuesday,T005,False,8,10,2,10:00:00,13:00:00,1
4,Thursday,T015,True,4,31,7,18:20:00,21:20:00,1
3,Wednesday,T112,False,5,20,4,13:00:00,16:00:00,1
6,Saturday,T007,False,7,42,2,10:00:00,13:00:00,1
5,Friday,T019,True,8,39,7,18:20:00,21:20:00,1
1,Monday,T177,False,7,61,12,06:00:00,09:00:00,1
2,Tuesday,T112,False,9,12,4,13:00:00,16:00:00,1
2,Tuesday,T078,False,4,9,1,07:00:00,10:00:00,1
3,Wednesday,T034,True,4,22,6,15:00:00,18:00:00,1
3,Wednesday,T172,False,7,17,1,07:00:00,10:00:00,1
5,Friday,T003,False,3,39,7,18:20:00,21:20:00,1
4,Thursday,T019,False,10,30,6,15:00:00,18:00:00,1
5,Friday,T112,False,8,37,5,14:00:00,17:00:00,1
3,Wednesday,T081,False,5,18,2,10:00:00,13:00:00,1
3,Wednesday,T107,False,9,24,8,18:20:00,22:20:00,1
4,Thursday,T181,False,7,28,4,13:00:00,16:00:00,1
1,Monday,T044,False,8,6,6,15:00:00,18:00:00,1
1,Monday,T174,False,7,6,6,15:00:00,18:00:00,1
4,Thursday,T107,False,10,64,12,06:00:00,09:00:00,1
3,Wednesday,T227,False,9,24,8,18:20:00,22:20:00,1
2,Tuesday,T110,True,3,13,5,14:00:00,17:00:00,1
2,Tuesday,T133,False,7,9,1,07:00:00,10:00:00,1
2,Tuesday,T183,True,8,14,6,15:00:00,18:00:00,1
3,Wednesday,T084,True,10,18,2,10:00:00,13:00:00,1
1,Monday,T080,True,3,7,7,18:20:00,21:20:00,1
1,Monday,T159,False,6,1,1,07:00:00,10:00:00,1
2,Tuesday,T048,False,7,15,7,18:20:00,21:20:00,1
3,Wednesday,T037,True,5,21,5,14:00:00,17:00:00,1
4,Thursday,T112,False,10,27,3,09:00:00,12:00:00,1
6,Saturday,T185,False,7,45,5,14:00:00,17:00:00,1
3,Wednesday,T005,False,7,17,1,07:00:00,10:00:00,1
5,Friday,T023,True,8,38,6,15:00:00,18:00:00,1
2,Tuesday,T072,False,4,11,3,09:00:00,12:00:00,1
3,Wednesday,T107,False,5,17,1,07:00:00,10:00:00,1
5,Friday,T107,False,9,33,1,07:00:00,10:00:00,1
2,Tuesday,T073,False,3,10,2,10:00:00,13:00:00,1
4,Thursday,T102,True,10,31,7,18:20:00,21:20:00,1
5,Friday,T107,False,8,36,4,13:00:00,16:00:00,1
3,Wednesday,T016,False,10,22,6,15:00:00,18:00:00,1
3,Wednesday,T094,True,10,18,2,10:00:00,13:00:00,1
4,Thursday,T064,True,5,30,6,15:00:00,18:00:00,1
5,Friday,T042,False,10,40,8,18:20:00,22:20:00,1
5,Friday,T075,True,3,33,1,07:00:00,10:00:00,1
2,Tuesday,T025,True,8,13,5,14:00:00,17:00:00,1
2,Tuesday,T108,True,9,15,7,18:20:00,21:20:00,1
1,Monday,T112,False,7,6,6,15:00:00,18:00:00,1
2,Tuesday,T008,False,4,9,1,07:00:00,10:00:00,1
5,Friday,T043,True,5,33,1,07:00:00,10:00:00,1
4,Thursday,T164,False,9,31,7,18:20:00,21:20:00,1
5,Friday,T099,True,3,38,6,15:00:00,18:00:00,1
3,Wednesday,T112,False,7,53,10,17:00:00,19:00:00,1
1,Monday,T107,False,8,1,1,07:00:00,10:00:00,1
5,Friday,T094,False,5,34,2,10:00:00,13:00:00,1
3,Wednesday,T070,False,6,23,7,18:20:00,21:20:00,1
4,Thursday,T003,True,6,30,6,15:00:00,18:00:00,1
3,Wednesday,T084,True,7,23,7,18:20:00,21:20:00,1
5,Friday,T111,True,9,33,1,07:00:00,10:00:00,1
4,Thursday,T159,False,7,31,7,18:20:00,21:20:00,1
5,Friday,T172,False,10,33,1,07:00:00,10:00:00,1
4,Thursday,T033,True,6,31,7,18:20:00,21:20:00,1
6,Saturday,T096,True,5,46,6,15:00:00,18:00:00,1
3,Wednesday,T107,False,7,23,7,18:20:00,21:20:00,1
3,Wednesday,T076,True,3,18,2,10:00:00,13:00:00,1
4,Thursday,T076,False,10,31,7,18:20:00,21:20:00,1
3,Wednesday,T112,False,9,20,4,13:00:00,16:00:00,1
3,Wednesday,T107,False,3,20,4,13:00:00,16:00:00,1
2,Tuesday,T133,True,6,10,2,10:00:00,13:00:00,1
4,Thursday,T010,False,7,27,3,09:00:00,12:00:00,1
4,Thursday,T098,True,8,25,1,07:00:00,10:00:00,1
2,Tuesday,T031,False,7,10,2,10:00:00,13:00:00,1
1,Monday,T025,True,9,6,6,15:00:00,18:00:00,1
3,Wednesday,T094,True,4,17,1,07:00:00,10:00:00,1
1,Monday,T026,True,4,7,7,18:20:00,21:20:00,1
3,Wednesday,T016,False,6,18,2,10:00:00,13:00:00,1
3,Wednesday,T020,False,3,17,1,07:00:00,10:00:00,1
2,Tuesday,T121,True,8,10,2,10:00:00,13:00:00,1
6,Saturday,T070,False,8,41,1,07:00:00,10:00:00,1
2,Tuesday,T107,True,5,10,2,10:00:00,13:00:00,1
6,Saturday,T165,True,10,41,1,07:00:00,10:00:00,1
4,Thursday,T196,True,9,29,5,14:00:00,17:00:00,1
4,Thursday,T107,False,7,28,4,13:00:00,16:00:00,1
4,Thursday,T094,True,9,30,6,15:00:00,18:00:00,1
3,Wednesday,T107,False,4,21,5,14:00:00,17:00:00,1
3,Wednesday,T058,True,10,19,3,09:00:00,12:00:00,1
3,Wednesday,T066,False,4,17,1,07:00:00,10:00:00,1
1,Monday,T081,True,9,6,6,15:00:00,18:00:00,1
2,Tuesday,T112,False,9,13,5,14:00:00,17:00:00,1
5,Friday,T112,False,5,39,7,18:20:00,21:20:00,1
4,Thursday,T196,False,8,25,1,07:00:00,10:00:00,1
1,Monday,T174,True,9,1,1,07:00:00,10:00:00,1
3,Wednesday,T091,False,5,21,5,14:00:00,17:00:00,1
5,Friday,T006,True,6,38,6,15:00:00,18:00:00,1
3,Wednesday,T112,False,8,21,5,14:00:00,17:00:00,1
3,Wednesday,T112,False,10,17,1,07:00:00,10:00:00,1
1,Monday,T025,False,7,3,3,09:00:00,12:00:00,1
3,Wednesday,T061,True,9,17,1,07:00:00,10:00:00,1
4,Thursday,T175,True,6,29,5,14:00:00,17:00:00,1
6,Saturday,T019,False,6,42,2,10:00:00,13:00:00,1
1,Monday,T112,True,6,6,6,15:00:00,18:00:00,1
3,Wednesday,T098,True,8,23,7,18:20:00,21:20:00,1
3,Wednesday,T098,True,7,17,1,07:00:00,10:00:00,1
4,Thursday,T016,True,9,25,1,07:00:00,10:00:00,1
4,Thursday,T038,True,9,31,7,18:20:00,21:20:00,1
1,Monday,T112,False,3,4,4,13:00:00,16:00:00,1
2,Tuesday,T107,True,7,10,2,10:00:00,13:00:00,1
1,Monday,T185,True,9,7,7,18:20:00,21:20:00,1
1,Monday,T078,False,3,8,8,18:20:00,22:20:00,1
4,Thursday,T008,False,4,25,1,07:00:00,10:00:00,1
3,Wednesday,T076,False,5,23,7,18:20:00,21:20:00,1
4,Thursday,T066,True,5,25,1,07:00:00,10:00:00,1
3,Wednesday,T002,True,9,17,1,07:00:00,10:00:00,1
5,Friday,T167,True,10,37,5,14:00:00,17:00:00,1
6,Saturday,T109,False,3,41,1,07:00:00,10:00:00,1
5,Friday,T131,True,7,34,2,10:00:00,13:00:00,1
4,Thursday,T149,True,8,25,1,07:00:00,10:00:00,1
2,Tuesday,T091,False,3,9,1,07:00:00,10:00:00,1
5,Friday,T081,True,10,33,1,07:00:00,10:00:00,1
3,Wednesday,T023,True,8,22,6,15:00:00,18:00:00,1
5,Friday,T110,True,5,35,3,09:00:00,12:00:00,1
5,Friday,T097,False,5,38,6,15:00:00,18:00:00,1
3,Wednesday,T072,False,10,17,1,07:00:00,10:00:00,1
3,Wednesday,T100,False,4,20,4,13:00:00,16:00:00,1
3,Wednesday,T099,True,10,22,6,15:00:00,18:00:00,1
4,Thursday,T246,True,10,25,1,07:00:00,10:00:00,1
4,Thursday,T053,True,3,32,8,18:20:00,22:20:00,1
1,Monday,T066,False,7,8,8,18:20:00,22:20:00,1
5,Friday,T001,True,8,35,3,09:00:00,12:00:00,1
6,Saturday,T093,True,9,45,5,14:00:00,17:00:00,1
2,Tuesday,T041,False,3,15,7,18:20:00,21:20:00,1
5,Friday,T043,False,3,33,1,07:00:00,10:00:00,1
1,Monday,T112,True,6,5,5,14:00:00,17:00:00,1
1,Monday,T025,False,5,6,6,15:00:00,18:00:00,1
1,Monday,T128,True,6,7,7,18:20:00,21:20:00,1
1,Monday,T153,True,10,7,7,18:20:00,21:20:00,1
5,Friday,T002,True,3,33,1,07:00:00,10:00:00,1
2,Tuesday,T066,False,3,13,5,14:00:00,17:00:00,1
3,Wednesday,T057,False,4,20,4,13:00:00,16:00:00,1
5,Friday,T091,False,4,34,2,10:00:00,13:00:00,1
5,Friday,T081,True,10,37,5,14:00:00,17:00:00,1
3,Wednesday,T087,True,9,58,11,17:00:00,20:00:00,1
4,Thursday,T068,True,7,26,2,10:00:00,13:00:00,1
4,Thursday,T144,True,8,26,2,10:00:00,13:00:00,1
2,Tuesday,T081,True,5,9,1,07:00:00,10:00:00,1
5,Friday,T087,True,4,39,7,18:20:00,21:20:00,1
2,Tuesday,T179,True,6,14,6,15:00:00,18:00:00,1
5,Friday,T001,False,8,33,1,07:00:00,10:00:00,1
2,Tuesday,T031,True,6,11,3,09:00:00,12:00:00,1
6,Saturday,T014,True,3,46,6,15:00:00,18:00:00,1
2,Tuesday,T039,False,7,14,6,15:00:00,18:00:00,1
6,Saturday,T004,True,3,42,2,10:00:00,13:00:00,1
3,Wednesday,T058,True,3,21,5,14:00:00,17:00:00,1
4,Thursday,T159,False,6,30,6,15:00:00,18:00:00,1
5,Friday,T041,False,3,34,2,10:00:00,13:00:00,1
2,Tuesday,T045,False,4,10,2,10:00:00,13:00:00,1
5,Friday,T230,False,10,38,6,15:00:00,18:00:00,1
4,Thursday,T069,True,6,30,6,15:00:00,18:00:00,1
3,Wednesday,T015,False,3,22,6,15:00:00,18:00:00,1
4,Thursday,T120,True,4,25,1,07:00:00,10:00:00,1
2,Tuesday,T107,False,8,49,9,06:00:00,09:00:00,1
6,Saturday,T107,False,7,47,7,18:20:00,21:20:00,1
3,Wednesday,T214,True,8,21,5,14:00:00,17:00:00,1
2,Tuesday,T047,True,8,14,6,15:00:00,18:00:00,1
4,Thursday,T061,True,8,29,5,14:00:00,17:00:00,1
1,Monday,T105,True,7,6,6,15:00:00,18:00:00,1
2,Tuesday,T006,False,6,16,8,18:20:00,22:20:00,1
4,Thursday,T111,False,4,26,2,10:00:00,13:00:00,1
3,Wednesday,T131,False,8,19,3,09:00:00,12:00:00,1
3,Wednesday,T002,False,3,17,1,07:00:00,10:00:00,1
1,Monday,T032,True,3,6,6,15:00:00,18:00:00,1
3,Wednesday,T057,False,5,18,2,10:00:00,13:00:00,1
2,Tuesday,T151,False,7,10,2,10:00:00,13:00:00,1
2,Tuesday,T192,False,9,10,2,10:00:00,13:00:00,1
1,Monday,T023,False,8,5,5,14:00:00,17:00:00,1
2,Tuesday,T027,True,3,13,5,14:00:00,17:00:00,1
1,Monday,T118,True,4,1,1,07:00:00,10:00:00,1
4,Thursday,T061,True,7,29,5,14:00:00,17:00:00,1
3,Wednesday,T003,False,6,17,1,07:00:00,10:00:00,1
3,Wednesday,T009,False,4,17,1,07:00:00,10:00:00,1
3,Wednesday,T016,False,5,18,2,10:00:00,13:00:00,1
2,Tuesday,T099,True,9,14,6,15:00:00,18:00:00,1
4,Thursday,T107,False,4,26,2,10:00:00,13:00:00,1
5,Friday,T179,True,6,38,6,15:00:00,18:00:00,1
6,Saturday,T041,True,8,41,1,07:00:00,10:00:00,1
5,Friday,T093,False,5,37,5,14:00:00,17:00:00,1
3,Wednesday,T029,True,10,18,2,10:00:00,13:00:00,1
4,Thursday,T192,True,10,25,1,07:00:00,10:00:00,1
5,Friday,T028,False,5,33,1,07:00:00,10:00:00,1
6,Saturday,T126,True,7,41,1,07:00:00,10:00:00,1
2,Tuesday,T034,False,5,14,6,15:00:00,18:00:00,1
6,Saturday,T085,True,6,47,7,18:20:00,21:20:00,1
5,Friday,T051,True,3,39,7,18:20:00,21:20:00,1
5,Friday,T006,True,7,33,1,07:00:00,10:00:00,1
6,Saturday,T085,True,3,41,1,07:00:00,10:00:00,1
4,Thursday,T112,False,10,31,7,18:20:00,21:20:00,1
5,Friday,T203,False,8,38,6,15:00:00,18:00:00,1
2,Tuesday,T099,True,6,9,1,07:00:00,10:00:00,1
3,Wednesday,T107,False,7,21,5,14:00:00,17:00:00,1
5,Friday,T107,False,10,37,5,14:00:00,17:00:00,1
4,Thursday,T068,True,8,25,1,07:00:00,10:00:00,1
3,Wednesday,T042,True,7,24,8,18:20:00,22:20:00,1
1,Monday,T072,False,5,8,8,18:20:00,22:20:00,1
2,Tuesday,T047,True,10,9,1,07:00:00,10:00:00,1
1,Monday,T172,False,8,3,3,09:00:00,12:00:00,1
6,Saturday,T030,True,6,47,7,18:20:00,21:20:00,1
2,Tuesday,T037,True,3,13,5,14:00:00,17:00:00,1
2,Tuesday,T015,True,5,14,6,15:00:00,18:00:00,1
1,Monday,T112,False,8,2,2,10:00:00,13:00:00,1
2,Tuesday,T058,False,4,9,1,07:00:00,10:00:00,1
6,Saturday,T009,False,5,46,6,15:00:00,18:00:00,1
5,Friday,T042,False,7,34,2,10:00:00,13:00:00,1
4,Thursday,T107,False,5,26,2,10:00:00,13:00:00,1
2,Tuesday,T112,False,10,11,3,09:00:00,12:00:00,1
4,Thursday,T066,False,7,32,8,18:20:00,22:20:00,1
5,Friday,T053,False,3,34,2,10:00:00,13:00:00,1
1,Monday,T105,False,5,1,1,07:00:00,10:00:00,1
3,Wednesday,T095,True,5,18,2,10:00:00,13:00:00,1
2,Tuesday,T002,False,7,14,6,15:00:00,18:00:00,1
3,Wednesday,T026,True,4,17,1,07:00:00,10:00:00,1
4,Thursday,T112,False,5,30,6,15:00:00,18:00:00,1
2,Tuesday,T016,True,9,11,3,09:00:00,12:00:00,1
2,Tuesday,T034,False,7,13,5,14:00:00,17:00:00,1
1,Monday,T026,False,4,6,6,15:00:00,18:00:00,1
3,Wednesday,T026,True,5,21,5,14:00:00,17:00:00,1
2,Tuesday,T112,False,9,52,10,17:00:00,19:00:00,1
2,Tuesday,T048,False,6,10,2,10:00:00,13:00:00,1
1,Monday,T198,False,8,6,6,15:00:00,18:00:00,1
5,Friday,T112,False,7,37,5,14:00:00,17:00:00,1
1,Monday,T215,False,10,1,1,07:00:00,10:00:00,1
4,Thursday,T044,False,3,31,7,18:20:00,21:20:00,1
2,Tuesday,T058,False,3,11,3,09:00:00,12:00:00,1
4,Thursday,T100,False,4,26,2,10:00:00,13:00:00,1
1,Monday,T007,False,5,8,8,18:20:00,22:20:00,1
2,Tuesday,T057,False,7,13,5,14:00:00,17:00:00,1
1,Monday,T047,False,8,3,3,09:00:00,12:00:00,1
3,Wednesday,T242,True,10,23,7,18:20:00,21:20:00,1
2,Tuesday,T060,False,7,10,2,10:00:00,13:00:00,1
2,Tuesday,T112,False,8,10,2,10:00:00,13:00:00,1
2,Tuesday,T072,False,4,13,5,14:00:00,17:00:00,1
2,Tuesday,T144,True,7,9,1,07:00:00,10:00:00,1
4,Thursday,T112,False,9,27,3,09:00:00,12:00:00,1
5,Friday,T185,False,7,38,6,15:00:00,18:00:00,1
2,Tuesday,T057,False,5,10,2,10:00:00,13:00:00,1
1,Monday,T091,False,3,1,1,07:00:00,10:00:00,1
3,Wednesday,T105,True,7,17,1,07:00:00,10:00:00,1
6,Saturday,T023,True,9,66,11,17:00:00,20:00:00,1
3,Wednesday,T079,False,3,23,7,18:20:00,21:20:00,1
1,Monday,T107,False,3,1,1,07:00:00,10:00:00,1
3,Wednesday,T017,True,10,22,6,15:00:00,18:00:00,1
4,Thursday,T009,False,3,31,7,18:20:00,21:20:00,1
2,Tuesday,T002,False,4,11,3,09:00:00,12:00:00,1
2,Tuesday,T225,True,9,10,2,10:00:00,13:00:00,1
2,Tuesday,T131,False,9,10,2,10:00:00,13:00:00,1
4,Thursday,T024,True,8,31,7,18:20:00,21:20:00,1
5,Friday,T107,False,3,40,8,18:20:00,22:20:00,1
2,Tuesday,T047,True,10,16,8,18:20:00,22:20:00,1
3,Wednesday,T108,False,4,20,4,13:00:00,16:00:00,1
5,Friday,T176,False,7,40,8,18:20:00,22:20:00,1
5,Friday,T078,False,3,37,5,14:00:00,17:00:00,1
2,Tuesday,T080,False,3,10,2,10:00:00,13:00:00,1
4,Thursday,T112,False,7,32,8,18:20:00,22:20:00,1
4,Thursday,T032,False,3,31,7,18:20:00,21:20:00,1
6,Saturday,T107,False,4,41,1,07:00:00,10:00:00,1
4,Thursday,T047,False,6,27,3,09:00:00,12:00:00,1
5,Friday,T112,False,8,36,4,13:00:00,16:00:00,1
5,Friday,T198,True,10,38,6,15:00:00,18:00:00,1
3,Wednesday,T001,False,3,18,2,10:00:00,13:00:00,1
6,Saturday,T107,False,8,47,7,18:20:00,21:20:00,1
2,Tuesday,T094,False,3,15,7,18:20:00,21:20:00,1
2,Tuesday,T112,False,8,57,11,17:00:00,20:00:00,1
4,Thursday,T004,True,4,26,2,10:00:00,13:00:00,1
1,Monday,T102,True,9,1,1,07:00:00,10:00:00,1
5,Friday,T018,True,7,34,2,10:00:00,13:00:00,1
1,Monday,T066,True,9,1,1,07:00:00,10:00:00,1
6,Saturday,T051,True,5,43,3,09:00:00,12:00:00,1
3,Wednesday,T009,False,9,17,1,07:00:00,10:00:00,1
5,Friday,T042,False,7,37,5,14:00:00,17:00:00,1
4,Thursday,T100,False,4,28,4,13:00:00,16:00:00,1
3,Wednesday,T084,True,7,17,1,07:00:00,10:00:00,1
3,Wednesday,T075,True,3,17,1,07:00:00,10:00:00,1
1,Monday,T081,True,9,5,5,14:00:00,17:00:00,1
5,Friday,T066,False,7,65,12,06:00:00,09:00:00,1
1,Monday,T112,True,3,7,7,18:20:00,21:20:00,1
5,Friday,T198,True,8,38,6,15:00:00,18:00:00,1
2,Tuesday,T013,True,4,15,7,18:20:00,21:20:00,1
5,Friday,T108,True,7,38,6,15:00:00,18:00:00,1
6,Saturday,T085,True,8,47,7,18:20:00,21:20:00,1
5,Friday,T030,False,7,39,7,18:20:00,21:20:00,1
4,Thursday,T144,False,7,25,1,07:00:00,10:00:00,1
2,Tuesday,T027,True,9,13,5,14:00:00,17:00:00,1
2,Tuesday,T144,True,7,10,2,10:00:00,13:00:00,1
4,Thursday,T102,False,4,29,5,14:00:00,17:00:00,1
3,Wednesday,T063,False,3,19,3,09:00:00,12:00:00,1
2,Tuesday,T131,True,8,14,6,15:00:00,18:00:00,1
2,Tuesday,T231,True,10,13,5,14:00:00,17:00:00,1
4,Thursday,T133,False,8,26,2,10:00:00,13:00:00,1
5,Friday,T107,False,5,39,7,18:20:00,21:20:00,1
2,Tuesday,T061,False,3,9,1,07:00:00,10:00:00,1
4,Thursday,T016,False,7,27,3,09:00:00,12:00:00,1
2,Tuesday,T005,True,10,13,5,14:00:00,17:00:00,1
6,Saturday,T107,False,3,44,4,13:00:00,16:00:00,1
3,Wednesday,T108,False,6,20,4,13:00:00,16:00:00,1
3,Wednesday,T068,True,8,22,6,15:00:00,18:00:00,1
6,Saturday,T112,False,7,43,3,09:00:00,12:00:00,1
2,Tuesday,T003,False,3,9,1,07:00:00,10:00:00,1
5,Friday,T030,True,3,39,7,18:20:00,21:20:00,1
2,Tuesday,T034,False,4,14,6,15:00:00,18:00:00,1
3,Wednesday,T107,False,5,24,8,18:20:00,22:20:00,1
6,Saturday,T154,False,10,46,6,15:00:00,18:00:00,1
4,Thursday,T052,False,4,30,6,15:00:00,18:00:00,1
4,Thursday,T041,True,5,29,5,14:00:00,17:00:00,1
3,Wednesday,T151,False,10,17,1,07:00:00,10:00:00,1
6,Saturday,T009,True,4,41,1,07:00:00,10:00:00,1
2,Tuesday,T106,True,9,16,8,18:20:00,22:20:00,1
4,Thursday,T093,True,4,31,7,18:20:00,21:20:00,1
3,Wednesday,T112,False,10,50,9,06:00:00,09:00:00,1
2,Tuesday,T058,False,3,10,2,10:00:00,13:00:00,1
3,Wednesday,T121,True,7,21,5,14:00:00,17:00:00,1
4,Thursday,T004,True,7,25,1,07:00:00,10:00:00,1
1,Monday,T170,True,7,7,7,18:20:00,21:20:00,1
1,Monday,T108,True,10,8,8,18:20:00,22:20:00,1
1,Monday,T090,False,5,5,5,14:00:00,17:00:00,1
2,Tuesday,T015,True,10,14,6,15:00:00,18:00:00,1
2,Tuesday,T154,False,7,13,5,14:00:00,17:00:00,1
4,Thursday,T031,False,7,26,2,10:00:00,13:00:00,1
4,Thursday,T007,False,8,32,8,18:20:00,22:20:00,1
1,Monday,T006,True,10,1,1,07:00:00,10:00:00,1
6,Saturday,T102,True,9,41,1,07:00:00,10:00:00,1
3,Wednesday,T107,False,9,20,4,13:00:00,16:00:00,1
4,Thursday,T091,False,3,26,2,10:00:00,13:00:00,1
1,Monday,T170,True,9,2,2,10:00:00,13:00:00,1
2,Tuesday,T121,True,8,14,6,15:00:00,18:00:00,1
3,Wednesday,T027,True,10,21,5,14:00:00,17:00:00,1
4,Thursday,T120,True,8,29,5,14:00:00,17:00:00,1
2,Tuesday,T112,False,7,13,5,14:00:00,17:00:00,1
2,Tuesday,T029,True,9,15,7,18:20:00,21:20:00,1
6,Saturday,T112,False,7,45,5,14:00:00,17:00:00,1
2,Tuesday,T112,True,10,15,7,18:20:00,21:20:00,1
5,Friday,T043,True,4,33,1,07:00:00,10:00:00,1
1,Monday,T036,True,4,8,8,18:20:00,22:20:00,1
5,Friday,T209,True,9,34,2,10:00:00,13:00:00,1
4,Thursday,T149,False,7,25,1,07:00:00,10:00:00,1
2,Tuesday,T084,True,8,10,2,10:00:00,13:00:00,1
3,Wednesday,T005,False,7,20,4,13:00:00,16:00:00,1
3,Wednesday,T086,True,7,18,2,10:00:00,13:00:00,1
4,Thursday,T094,False,7,25,1,07:00:00,10:00:00,1
3,Wednesday,T066,True,3,17,1,07:00:00,10:00:00,1
2,Tuesday,T054,True,4,9,1,07:00:00,10:00:00,1
4,Thursday,T034,True,5,30,6,15:00:00,18:00:00,1
3,Wednesday,T062,False,4,17,1,07:00:00,10:00:00,1
2,Tuesday,T002,False,3,14,6,15:00:00,18:00:00,1
5,Friday,T094,False,5,33,1,07:00:00,10:00:00,1
5,Friday,T060,False,6,34,2,10:00:00,13:00:00,1
3,Wednesday,T076,False,9,18,2,10:00:00,13:00:00,1
2,Tuesday,T078,False,4,14,6,15:00:00,18:00:00,1
3,Wednesday,T112,False,8,20,4,13:00:00,16:00:00,1
5,Friday,T112,False,10,65,12,06:00:00,09:00:00,1
2,Tuesday,T006,False,7,15,7,18:20:00,21:20:00,1
5,Friday,T148,True,9,39,7,18:20:00,21:20:00,1
5,Friday,T051,False,5,38,6,15:00:00,18:00:00,1
3,Wednesday,T112,False,10,22,6,15:00:00,18:00:00,1
1,Monday,T105,True,8,2,2,10:00:00,13:00:00,1
3,Wednesday,T107,True,3,19,3,09:00:00,12:00:00,1
3,Wednesday,T086,True,8,18,2,10:00:00,13:00:00,1
5,Friday,T018,False,4,33,1,07:00:00,10:00:00,1
3,Wednesday,T026,True,8,22,6,15:00:00,18:00:00,1
1,Monday,T195,True,7,6,6,15:00:00,18:00:00,1
4,Thursday,T017,True,6,29,5,14:00:00,17:00:00,1
1,Monday,T185,False,10,8,8,18:20:00,22:20:00,1
6,Saturday,T094,False,9,46,6,15:00:00,18:00:00,1
3,Wednesday,T058,False,10,17,1,07:00:00,10:00:00,1
6,Saturday,T112,False,5,44,4,13:00:00,16:00:00,1
2,Tuesday,T016,True,8,11,3,09:00:00,12:00:00,1
5,Friday,T174,False,8,33,1,07:00:00,10:00:00,1
1,Monday,T085,False,3,8,8,18:20:00,22:20:00,1
2,Tuesday,T019,False,4,14,6,15:00:00,18:00:00,1
5,Friday,T066,False,7,37,5,14:00:00,17:00:00,1
4,Thursday,T011,False,9,26,2,10:00:00,13:00:00,1
5,Friday,T042,False,7,35,3,09:00:00,12:00:00,1
4,Thursday,T020,True,3,31,7,18:20:00,21:20:00,1
1,Monday,T087,True,9,8,8,18:20:00,22:20:00,1
4,Thursday,T064,True,8,27,3,09:00:00,12:00:00,1
2,Tuesday,T108,True,3,13,5,14:00:00,17:00:00,1
2,Tuesday,T106,False,7,16,8,18:20:00,22:20:00,1
1,Monday,T060,True,7,8,8,18:20:00,22:20:00,1
3,Wednesday,T183,True,10,23,7,18:20:00,21:20:00,1
3,Wednesday,T142,True,8,23,7,18:20:00,21:20:00,1
1,Monday,T170,True,6,6,6,15:00:00,18:00:00,1
3,Wednesday,T102,True,10,19,3,09:00:00,12:00:00,1
1,Monday,T107,False,10,1,1,07:00:00,10:00:00,1
4,Thursday,T047,True,4,29,5,14:00:00,17:00:00,1
1,Monday,T107,False,7,6,6,15:00:00,18:00:00,1
1,Monday,T055,True,4,2,2,10:00:00,13:00:00,1
5,Friday,T047,True,5,33,1,07:00:00,10:00:00,1
6,Saturday,T037,True,8,43,3,09:00:00,12:00:00,1
4,Thursday,T087,True,3,25,1,07:00:00,10:00:00,1
2,Tuesday,T112,False,5,11,3,09:00:00,12:00:00,1
2,Tuesday,T086,True,10,10,2,10:00:00,13:00:00,1
4,Thursday,T010,False,8,25,1,07:00:00,10:00:00,1
3,Wednesday,T055,False,6,24,8,18:20:00,22:20:00,1
4,Thursday,T016,True,3,25,1,07:00:00,10:00:00,1
3,Wednesday,T081,True,6,17,1,07:00:00,10:00:00,1
3,Wednesday,T095,False,3,21,5,14:00:00,17:00:00,1
6,Saturday,T112,False,7,44,4,13:00:00,16:00:00,1
6,Saturday,T009,True,3,47,7,18:20:00,21:20:00,1
3,Wednesday,T084,False,4,23,7,18:20:00,21:20:00,1
3,Wednesday,T032,False,3,22,6,15:00:00,18:00:00,1
3,Wednesday,T181,False,7,20,4,13:00:00,16:00:00,1
3,Wednesday,T015,True,4,22,6,15:00:00,18:00:00,1
3,Wednesday,T062,False,3,22,6,15:00:00,18:00:00,1
1,Monday,T112,False,6,7,7,18:20:00,21:20:00,1
4,Thursday,T107,False,3,30,6,15:00:00,18:00:00,1
4,Thursday,T142,True,7,26,2,10:00:00,13:00:00,1
4,Thursday,T031,False,3,27,3,09:00:00,12:00:00,1
2,Tuesday,T146,False,5,15,7,18:20:00,21:20:00,1
4,Thursday,T062,True,3,31,7,18:20:00,21:20:00,1
3,Wednesday,T034,False,5,22,6,15:00:00,18:00:00,1
2,Tuesday,T003,False,7,9,1,07:00:00,10:00:00,1
4,Thursday,T167,True,8,27,3,09:00:00,12:00:00,1
5,Friday,T208,True,10,39,7,18:20:00,21:20:00,1
1,Monday,T060,False,3,6,6,15:00:00,18:00:00,1
2,Tuesday,T176,True,9,10,2,10:00:00,13:00:00,1
1,Monday,T227,True,9,5,5,14:00:00,17:00:00,1
3,Wednesday,T097,False,3,24,8,18:20:00,22:20:00,1
2,Tuesday,T112,False,7,15,7,18:20:00,21:20:00,1
3,Wednesday,T041,True,10,22,6,15:00:00,18:00:00,1
6,Saturday,T161,False,6,41,1,07:00:00,10:00:00,1
4,Thursday,T086,False,3,31,7,18:20:00,21:20:00,1
2,Tuesday,T058,False,6,12,4,13:00:00,16:00:00,1
5,Friday,T133,False,4,34,2,10:00:00,13:00:00,1
2,Tuesday,T111,False,5,15,7,18:20:00,21:20:00,1
2,Tuesday,T057,False,4,15,7,18:20:00,21:20:00,1
1,Monday,T112,False,8,7,7,18:20:00,21:20:00,1
2,Tuesday,T011,True,5,9,1,07:00:00,10:00:00,1
1,Monday,T016,True,8,1,1,07:00:00,10:00:00,1
2,Tuesday,T107,False,8,52,10,17:00:00,19:00:00,1
1,Monday,T112,False,8,3,3,09:00:00,12:00:00,1
3,Wednesday,T147,False,5,17,1,07:00:00,10:00:00,1
1,Monday,T112,False,5,3,3,09:00:00,12:00:00,1
3,Wednesday,T084,False,4,17,1,07:00:00,10:00:00,1
1,Monday,T066,False,7,6,6,15:00:00,18:00:00,1
6,Saturday,T080,False,9,41,1,07:00:00,10:00:00,1
1,Monday,T033,True,5,5,5,14:00:00,17:00:00,1
6,Saturday,T004,False,10,41,1,07:00:00,10:00:00,1
1,Monday,T121,True,6,3,3,09:00:00,12:00:00,1
6,Saturday,T050,False,8,44,4,13:00:00,16:00:00,1
2,Tuesday,T004,False,6,9,1,07:00:00,10:00:00,1
5,Friday,T031,False,3,33,1,07:00:00,10:00:00,1
1,Monday,T108,False,6,8,8,18:20:00,22:20:00,1
2,Tuesday,T002,False,4,14,6,15:00:00,18:00:00,1
2,Tuesday,T086,False,7,10,2,10:00:00,13:00:00,1
1,Monday,T107,False,7,1,1,07:00:00,10:00:00,1
4,Thursday,T088,False,3,26,2,10:00:00,13:00:00,1
5,Friday,T048,True,5,38,6,15:00:00,18:00:00,1
1,Monday,T185,False,7,1,1,07:00:00,10:00:00,1
5,Friday,T112,False,5,34,2,10:00:00,13:00:00,1
3,Wednesday,T197,True,9,23,7,18:20:00,21:20:00,1
2,Tuesday,T027,True,9,14,6,15:00:00,18:00:00,1
1,Monday,T097,False,3,7,7,18:20:00,21:20:00,1
5,Friday,T131,True,9,34,2,10:00:00,13:00:00,1
5,Friday,T066,True,9,33,1,07:00:00,10:00:00,1
4,Thursday,T231,True,9,30,6,15:00:00,18:00:00,1
2,Tuesday,T107,False,8,12,4,13:00:00,16:00:00,1
1,Monday,T123,False,5,2,2,10:00:00,13:00:00,1
6,Saturday,T050,False,6,41,1,07:00:00,10:00:00,1
4,Thursday,T017,True,4,29,5,14:00:00,17:00:00,1
5,Friday,T069,False,6,36,4,13:00:00,16:00:00,1
2,Tuesday,T008,False,5,9,1,07:00:00,10:00:00,1
4,Thursday,T064,False,8,30,6,15:00:00,18:00:00,1
3,Wednesday,T079,True,4,23,7,18:20:00,21:20:00,1
3,Wednesday,T097,False,7,24,8,18:20:00,22:20:00,1
2,Tuesday,T107,False,6,13,5,14:00:00,17:00:00,1
3,Wednesday,T033,False,7,22,6,15:00:00,18:00:00,1
2,Tuesday,T031,False,5,14,6,15:00:00,18:00:00,1
3,Wednesday,T068,True,8,21,5,14:00:00,17:00:00,1
1,Monday,T057,True,6,2,2,10:00:00,13:00:00,1
2,Tuesday,T027,False,4,11,3,09:00:00,12:00:00,1
3,Wednesday,T057,False,7,17,1,07:00:00,10:00:00,1
1,Monday,T025,False,7,2,2,10:00:00,13:00:00,1
6,Saturday,T112,False,5,43,3,09:00:00,12:00:00,1
5,Friday,T062,True,4,37,5,14:00:00,17:00:00,1
3,Wednesday,T218,True,9,18,2,10:00:00,13:00:00,1
4,Thursday,T085,False,4,32,8,18:20:00,22:20:00,1
4,Thursday,T123,False,5,30,6,15:00:00,18:00:00,1
4,Thursday,T078,False,3,27,3,09:00:00,12:00:00,1
2,Tuesday,T063,True,10,15,7,18:20:00,21:20:00,1
2,Tuesday,T003,True,4,16,8,18:20:00,22:20:00,1
5,Friday,T119,False,4,38,6,15:00:00,18:00:00,1
4,Thursday,T002,False,4,25,1,07:00:00,10:00:00,1
4,Thursday,T177,False,7,64,12,06:00:00,09:00:00,1
4,Thursday,T075,False,5,26,2,10:00:00,13:00:00,1
1,Monday,T112,False,5,1,1,07:00:00,10:00:00,1
2,Tuesday,T094,False,5,14,6,15:00:00,18:00:00,1
3,Wednesday,T013,True,9,23,7,18:20:00,21:20:00,1
3,Wednesday,T002,False,3,19,3,09:00:00,12:00:00,1
2,Tuesday,T130,False,4,15,7,18:20:00,21:20:00,1
4,Thursday,T094,False,5,26,2,10:00:00,13:00:00,1
1,Monday,T011,True,5,7,7,18:20:00,21:20:00,1
3,Wednesday,T066,False,7,21,5,14:00:00,17:00:00,1
6,Saturday,T130,True,5,46,6,15:00:00,18:00:00,1
2,Tuesday,T112,False,9,11,3,09:00:00,12:00:00,1
1,Monday,T217,False,9,4,4,13:00:00,16:00:00,1
3,Wednesday,T081,True,8,21,5,14:00:00,17:00:00,1
4,Thursday,T133,True,7,25,1,07:00:00,10:00:00,1
6,Saturday,T112,False,10,42,2,10:00:00,13:00:00,1
4,Thursday,T107,False,9,27,3,09:00:00,12:00:00,1
2,Tuesday,T005,False,9,9,1,07:00:00,10:00:00,1
2,Tuesday,T112,False,10,14,6,15:00:00,18:00:00,1
1,Monday,T111,True,9,7,7,18:20:00,21:20:00,1
5,Friday,T131,False,8,35,3,09:00:00,12:00:00,1
1,Monday,T045,True,4,7,7,18:20:00,21:20:00,1
6,Saturday,T070,True,3,45,5,14:00:00,17:00:00,1
4,Thursday,T069,False,6,25,1,07:00:00,10:00:00,1
2,Tuesday,T017,True,9,10,2,10:00:00,13:00:00,1
2,Tuesday,T103,False,3,10,2,10:00:00,13:00:00,1
3,Wednesday,T076,True,10,22,6,15:00:00,18:00:00,1
2,Tuesday,T036,True,3,16,8,18:20:00,22:20:00,1
2,Tuesday,T112,False,10,10,2,10:00:00,13:00:00,1
2,Tuesday,T107,False,7,11,3,09:00:00,12:00:00,1
1,Monday,T112,True,3,5,5,14:00:00,17:00:00,1
5,Friday,T107,False,6,38,6,15:00:00,18:00:00,1
4,Thursday,T030,False,6,25,1,07:00:00,10:00:00,1
4,Thursday,T085,False,8,31,7,18:20:00,21:20:00,1
4,Thursday,T008,False,4,32,8,18:20:00,22:20:00,1
5,Friday,T131,False,9,38,6,15:00:00,18:00:00,1
4,Thursday,T176,True,10,30,6,15:00:00,18:00:00,1
3,Wednesday,T105,True,4,17,1,07:00:00,10:00:00,1
1,Monday,T159,False,7,6,6,15:00:00,18:00:00,1
3,Wednesday,T068,True,8,17,1,07:00:00,10:00:00,1
4,Thursday,T111,True,9,29,5,14:00:00,17:00:00,1
3,Wednesday,T024,True,4,23,7,18:20:00,21:20:00,1
2,Tuesday,T041,True,9,14,6,15:00:00,18:00:00,1
5,Friday,T035,False,3,38,6,15:00:00,18:00:00,1
6,Saturday,T055,False,3,41,1,07:00:00,10:00:00,1
2,Tuesday,T030,False,5,15,7,18:20:00,21:20:00,1
2,Tuesday,T060,False,6,10,2,10:00:00,13:00:00,1
6,Saturday,T107,False,7,66,11,17:00:00,20:00:00,1
2,Tuesday,T091,False,3,12,4,13:00:00,16:00:00,1
2,Tuesday,T011,False,4,15,7,18:20:00,21:20:00,1
5,Friday,T107,False,6,39,7,18:20:00,21:20:00,1
3,Wednesday,T072,False,4,17,1,07:00:00,10:00:00,1
6,Saturday,T170,True,10,41,1,07:00:00,10:00:00,1
2,Tuesday,T072,True,3,9,1,07:00:00,10:00:00,1
4,Thursday,T152,True,6,31,7,18:20:00,21:20:00,1
5,Friday,T217,True,9,38,6,15:00:00,18:00:00,1
6,Saturday,T107,False,6,48,8,18:20:00,22:20:00,1
1,Monday,T075,True,7,6,6,15:00:00,18:00:00,1
1,Monday,T104,False,4,6,6,15:00:00,18:00:00,1
5,Friday,T049,False,3,34,2,10:00:00,13:00:00,1
4,Thursday,T078,False,4,29,5,14:00:00,17:00:00,1
5,Friday,T028,False,4,40,8,18:20:00,22:20:00,1
1,Monday,T185,True,7,7,7,18:20:00,21:20:00,1
2,Tuesday,T063,True,3,13,5,14:00:00,17:00:00,1
3,Wednesday,T169,False,8,17,1,07:00:00,10:00:00,1
1,Monday,T225,True,10,5,5,14:00:00,17:00:00,1
6,Saturday,T107,False,5,43,3,09:00:00,12:00:00,1
3,Wednesday,T220,True,10,17,1,07:00:00,10:00:00,1
2,Tuesday,T094,False,7,9,1,07:00:00,10:00:00,1
1,Monday,T057,True,10,2,2,10:00:00,13:00:00,1
2,Tuesday,T069,False,3,10,2,10:00:00,13:00:00,1
1,Monday,T107,False,9,3,3,09:00:00,12:00:00,1
3,Wednesday,T068,False,10,17,1,07:00:00,10:00:00,1
5,Friday,T113,False,6,34,2,10:00:00,13:00:00,1
5,Friday,T028,False,7,37,5,14:00:00,17:00:00,1
3,Wednesday,T185,False,7,23,7,18:20:00,21:20:00,1
5,Friday,T177,False,7,65,12,06:00:00,09:00:00,1
3,Wednesday,T093,False,9,18,2,10:00:00,13:00:00,1
4,Thursday,T112,False,7,54,10,17:00:00,19:00:00,1
5,Friday,T097,False,3,40,8,18:20:00,22:20:00,1
4,Thursday,T100,True,5,30,6,15:00:00,18:00:00,1
3,Wednesday,T069,False,4,21,5,14:00:00,17:00:00,1
1,Monday,T148,True,9,7,7,18:20:00,21:20:00,1
6,Saturday,T047,False,4,46,6,15:00:00,18:00:00,1
3,Wednesday,T003,True,6,19,3,09:00:00,12:00:00,1
3,Wednesday,T013,True,6,22,6,15:00:00,18:00:00,1
2,Tuesday,T078,False,3,15,7,18:20:00,21:20:00,1
1,Monday,T185,False,8,8,8,18:20:00,22:20:00,1
3,Wednesday,T123,False,5,22,6,15:00:00,18:00:00,1
4,Thursday,T091,False,3,27,3,09:00:00,12:00:00,1
5,Friday,T112,False,5,36,4,13:00:00,16:00:00,1
5,Friday,T024,True,4,39,7,18:20:00,21:20:00,1
2,Tuesday,T107,False,8,62,12,06:00:00,09:00:00,1
4,Thursday,T107,False,10,25,1,07:00:00,10:00:00,1
1,Monday,T019,False,7,6,6,15:00:00,18:00:00,1
2,Tuesday,T078,False,3,12,4,13:00:00,16:00:00,1
5,Friday,T100,False,3,38,6,15:00:00,18:00:00,1
4,Thursday,T003,True,4,29,5,14:00:00,17:00:00,1
4,Thursday,T070,False,7,31,7,18:20:00,21:20:00,1
5,Friday,T043,True,3,39,7,18:20:00,21:20:00,1
5,Friday,T030,False,7,33,1,07:00:00,10:00:00,1
4,Thursday,T107,False,9,25,1,07:00:00,10:00:00,1
2,Tuesday,T063,True,4,11,3,09:00:00,12:00:00,1
4,Thursday,T107,False,6,29,5,14:00:00,17:00:00,1
2,Tuesday,T005,True,4,10,2,10:00:00,13:00:00,1
3,Wednesday,T011,True,5,17,1,07:00:00,10:00:00,1
3,Wednesday,T070,False,6,22,6,15:00:00,18:00:00,1
1,Monday,T085,False,5,8,8,18:20:00,22:20:00,1
2,Tuesday,T095,False,3,11,3,09:00:00,12:00:00,1
5,Friday,T076,True,6,34,2,10:00:00,13:00:00,1
2,Tuesday,T110,True,9,11,3,09:00:00,12:00:00,1
1,Monday,T184,True,9,2,2,10:00:00,13:00:00,1
3,Wednesday,T091,False,3,20,4,13:00:00,16:00:00,1
1,Monday,T097,True,6,1,1,07:00:00,10:00:00,1
1,Monday,T106,False,7,2,2,10:00:00,13:00:00,1
4,Thursday,T069,False,7,59,11,17:00:00,20:00:00,1
6,Saturday,T053,False,3,45,5,14:00:00,17:00:00,1
4,Thursday,T010,False,8,26,2,10:00:00,13:00:00,1
3,Wednesday,T094,False,3,23,7,18:20:00,21:20:00,1
2,Tuesday,T216,True,9,9,1,07:00:00,10:00:00,1
1,Monday,T038,False,5,7,7,18:20:00,21:20:00,1
2,Tuesday,T102,True,8,15,7,18:20:00,21:20:00,1
3,Wednesday,T099,True,7,22,6,15:00:00,18:00:00,1
3,Wednesday,T081,True,10,17,1,07:00:00,10:00:00,1
2,Tuesday,T107,False,4,11,3,09:00:00,12:00:00,1
4,Thursday,T030,False,4,31,7,18:20:00,21:20:00,1
4,Thursday,T028,False,4,25,1,07:00:00,10:00:00,1
1,Monday,T009,False,10,7,7,18:20:00,21:20:00,1
6,Saturday,T051,False,7,46,6,15:00:00,18:00:00,1
3,Wednesday,T007,False,3,23,7,18:20:00,21:20:00,1
2,Tuesday,T066,False,3,9,1,07:00:00,10:00:00,1
2,Tuesday,T179,True,7,14,6,15:00:00,18:00:00,1
5,Friday,T176,True,7,34,2,10:00:00,13:00:00,1
6,Saturday,T112,False,8,41,1,07:00:00,10:00:00,1
5,Friday,T066,False,7,34,2,10:00:00,13:00:00,1
3,Wednesday,T070,False,7,22,6,15:00:00,18:00:00,1
3,Wednesday,T124,True,4,21,5,14:00:00,17:00:00,1
3,Wednesday,T095,False,4,19,3,09:00:00,12:00:00,1
2,Tuesday,T057,True,4,10,2,10:00:00,13:00:00,1
1,Monday,T112,True,3,6,6,15:00:00,18:00:00,1
2,Tuesday,T005,True,6,10,2,10:00:00,13:00:00,1
5,Friday,T105,False,6,37,5,14:00:00,17:00:00,1
4,Thursday,T017,True,3,28,4,13:00:00,16:00:00,1
3,Wednesday,T017,False,5,17,1,07:00:00,10:00:00,1
1,Monday,T174,False,8,1,1,07:00:00,10:00:00,1
3,Wednesday,T174,True,6,21,5,14:00:00,17:00:00,1
3,Wednesday,T013,True,7,22,6,15:00:00,18:00:00,1
4,Thursday,T056,True,3,26,2,10:00:00,13:00:00,1
1,Monday,T040,True,6,6,6,15:00:00,18:00:00,1
2,Tuesday,T097,False,3,11,3,09:00:00,12:00:00,1
6,Saturday,T009,True,9,42,2,10:00:00,13:00:00,1
3,Wednesday,T015,False,7,22,6,15:00:00,18:00:00,1
4,Thursday,T026,True,7,30,6,15:00:00,18:00:00,1
5,Friday,T111,False,4,33,1,07:00:00,10:00:00,1
2,Tuesday,T007,False,6,16,8,18:20:00,22:20:00,1
4,Thursday,T113,False,4,31,7,18:20:00,21:20:00,1
2,Tuesday,T149,False,8,14,6,15:00:00,18:00:00,1
4,Thursday,T094,False,5,28,4,13:00:00,16:00:00,1
4,Thursday,T097,False,3,30,6,15:00:00,18:00:00,1
2,Tuesday,T085,False,7,16,8,18:20:00,22:20:00,1
2,Tuesday,T158,True,7,15,7,18:20:00,21:20:00,1
3,Wednesday,T140,True,8,19,3,09:00:00,12:00:00,1
4,Thursday,T080,True,8,25,1,07:00:00,10:00:00,1
1,Monday,T066,False,7,51,10,17:00:00,19:00:00,1
1,Monday,T093,True,8,7,7,18:20:00,21:20:00,1
5,Friday,T018,True,9,33,1,07:00:00,10:00:00,1
3,Wednesday,T027,False,4,19,3,09:00:00,12:00:00,1
4,Thursday,T005,True,4,25,1,07:00:00,10:00:00,1
3,Wednesday,T090,True,5,23,7,18:20:00,21:20:00,1
5,Friday,T148,True,6,33,1,07:00:00,10:00:00,1
3,Wednesday,T016,False,9,22,6,15:00:00,18:00:00,1
3,Wednesday,T061,False,7,22,6,15:00:00,18:00:00,1
6,Saturday,T107,False,8,41,1,07:00:00,10:00:00,1
1,Monday,T047,True,10,1,1,07:00:00,10:00:00,1
2,Tuesday,T107,False,9,15,7,18:20:00,21:20:00,1
5,Friday,T042,False,5,40,8,18:20:00,22:20:00,1
6,Saturday,T137,False,4,45,5,14:00:00,17:00:00,1
2,Tuesday,T133,False,8,13,5,14:00:00,17:00:00,1
5,Friday,T096,False,7,39,7,18:20:00,21:20:00,1
3,Wednesday,T103,False,4,18,2,10:00:00,13:00:00,1
2,Tuesday,T128,False,4,9,1,07:00:00,10:00:00,1
2,Tuesday,T090,True,3,15,7,18:20:00,21:20:00,1
4,Thursday,T017,True,7,29,5,14:00:00,17:00:00,1
2,Tuesday,T107,False,5,15,7,18:20:00,21:20:00,1
1,Monday,T107,False,7,7,7,18:20:00,21:20:00,1
2,Tuesday,T078,False,4,15,7,18:20:00,21:20:00,1
5,Friday,T055,False,3,33,1,07:00:00,10:00:00,1
3,Wednesday,T142,True,5,17,1,07:00:00,10:00:00,1
6,Saturday,T107,False,3,42,2,10:00:00,13:00:00,1
1,Monday,T045,True,4,5,5,14:00:00,17:00:00,1
6,Saturday,T019,False,5,42,2,10:00:00,13:00:00,1
1,Monday,T011,False,10,7,7,18:20:00,21:20:00,1
2,Tuesday,T002,False,5,9,1,07:00:00,10:00:00,1
3,Wednesday,T102,False,9,17,1,07:00:00,10:00:00,1
4,Thursday,T091,False,3,31,7,18:20:00,21:20:00,1
2,Tuesday,T131,False,6,9,1,07:00:00,10:00:00,1
4,Thursday,T107,False,8,54,10,17:00:00,19:00:00,1
4,Thursday,T062,True,8,31,7,18:20:00,21:20:00,1
5,Friday,T107,True,10,34,2,10:00:00,13:00:00,1
5,Friday,T031,False,7,33,1,07:00:00,10:00:00,1
2,Tuesday,T069,False,5,12,4,13:00:00,16:00:00,1
4,Thursday,T061,True,6,26,2,10:00:00,13:00:00,1
4,Thursday,T027,True,6,29,5,14:00:00,17:00:00,1
6,Saturday,T126,False,6,44,4,13:00:00,16:00:00,1
1,Monday,T107,False,10,61,12,06:00:00,09:00:00,1
4,Thursday,T178,False,7,32,8,18:20:00,22:20:00,1
1,Monday,T107,False,7,2,2,10:00:00,13:00:00,1
4,Thursday,T047,False,3,31,7,18:20:00,21:20:00,1
1,Monday,T077,False,3,2,2,10:00:00,13:00:00,1
4,Thursday,T112,False,9,29,5,14:00:00,17:00:00,1
3,Wednesday,T227,False,9,21,5,14:00:00,17:00:00,1
4,Thursday,T009,False,3,25,1,07:00:00,10:00:00,1
5,Friday,T185,False,7,36,4,13:00:00,16:00:00,1
3,Wednesday,T233,True,9,23,7,18:20:00,21:20:00,1
5,Friday,T248,False,10,33,1,07:00:00,10:00:00,1
2,Tuesday,T107,False,4,9,1,07:00:00,10:00:00,1
1,Monday,T107,False,9,61,12,06:00:00,09:00:00,1
2,Tuesday,T107,False,9,13,5,14:00:00,17:00:00,1
3,Wednesday,T058,False,4,18,2,10:00:00,13:00:00,1
2,Tuesday,T054,True,10,9,1,07:00:00,10:00:00,1
2,Tuesday,T110,False,6,11,3,09:00:00,12:00:00,1
6,Saturday,T007,True,5,41,1,07:00:00,10:00:00,1
5,Friday,T105,False,5,38,6,15:00:00,18:00:00,1
3,Wednesday,T010,False,3,19,3,09:00:00,12:00:00,1
6,Saturday,T113,False,3,42,2,10:00:00,13:00:00,1
1,Monday,T087,True,4,5,5,14:00:00,17:00:00,1
4,Thursday,T113,False,6,29,5,14:00:00,17:00:00,1
4,Thursday,T085,False,7,32,8,18:20:00,22:20:00,1
6,Saturday,T112,False,8,66,11,17:00:00,20:00:00,1
3,Wednesday,T112,False,8,53,10,17:00:00,19:00:00,1
3,Wednesday,T043,True,10,18,2,10:00:00,13:00:00,1
4,Thursday,T045,False,9,31,7,18:20:00,21:20:00,1
3,Wednesday,T011,False,8,23,7,18:20:00,21:20:00,1
1,Monday,T053,False,10,7,7,18:20:00,21:20:00,1
5,Friday,T136,False,5,34,2,10:00:00,13:00:00,1
3,Wednesday,T078,False,4,20,4,13:00:00,16:00:00,1
3,Wednesday,T072,True,4,21,5,14:00:00,17:00:00,1
6,Saturday,T030,False,8,44,4,13:00:00,16:00:00,1
5,Friday,T056,True,4,34,2,10:00:00,13:00:00,1
2,Tuesday,T108,True,9,14,6,15:00:00,18:00:00,1
5,Friday,T158,True,9,33,1,07:00:00,10:00:00,1
3,Wednesday,T096,True,9,23,7,18:20:00,21:20:00,1
4,Thursday,T069,False,6,31,7,18:20:00,21:20:00,1
1,Monday,T053,False,6,4,4,13:00:00,16:00:00,1
2,Tuesday,T061,True,3,13,5,14:00:00,17:00:00,1
2,Tuesday,T078,False,3,16,8,18:20:00,22:20:00,1
6,Saturday,T107,False,9,48,8,18:20:00,22:20:00,1
2,Tuesday,T041,False,3,10,2,10:00:00,13:00:00,1
2,Tuesday,T053,False,4,12,4,13:00:00,16:00:00,1
1,Monday,T107,False,4,6,6,15:00:00,18:00:00,1
4,Thursday,T036,False,3,32,8,18:20:00,22:20:00,1
2,Tuesday,T006,False,4,14,6,15:00:00,18:00:00,1
6,Saturday,T112,False,8,43,3,09:00:00,12:00:00,1
6,Saturday,T007,False,10,41,1,07:00:00,10:00:00,1
2,Tuesday,T013,False,5,13,5,14:00:00,17:00:00,1
1,Monday,T053,False,4,6,6,15:00:00,18:00:00,1
1,Monday,T091,False,3,7,7,18:20:00,21:20:00,1
2,Tuesday,T110,True,6,13,5,14:00:00,17:00:00,1
2,Tuesday,T108,True,10,13,5,14:00:00,17:00:00,1
1,Monday,T113,False,4,5,5,14:00:00,17:00:00,1
5,Friday,T093,False,7,39,7,18:20:00,21:20:00,1
6,Saturday,T107,False,7,68,13,05:00:00,08:00:00,1
2,Tuesday,T016,True,5,12,4,13:00:00,16:00:00,1
6,Saturday,T047,False,7,47,7,18:20:00,21:20:00,1
1,Monday,T081,True,10,5,5,14:00:00,17:00:00,1
2,Tuesday,T057,False,3,9,1,07:00:00,10:00:00,1
4,Thursday,T085,True,9,31,7,18:20:00,21:20:00,1
6,Saturday,T171,False,7,41,1,07:00:00,10:00:00,1
2,Tuesday,T034,True,9,10,2,10:00:00,13:00:00,1
6,Saturday,T112,False,8,45,5,14:00:00,17:00:00,1
1,Monday,T112,False,10,8,8,18:20:00,22:20:00,1
1,Monday,T043,True,3,1,1,07:00:00,10:00:00,1
1,Monday,T060,False,3,8,8,18:20:00,22:20:00,1
6,Saturday,T080,False,3,41,1,07:00:00,10:00:00,1
1,Monday,T105,True,6,6,6,15:00:00,18:00:00,1
1,Monday,T055,False,3,1,1,07:00:00,10:00:00,1
5,Friday,T197,True,7,34,2,10:00:00,13:00:00,1
4,Thursday,T001,True,7,25,1,07:00:00,10:00:00,1
6,Saturday,T158,True,7,42,2,10:00:00,13:00:00,1
1,Monday,T061,False,10,2,2,10:00:00,13:00:00,1
2,Tuesday,T086,False,4,12,4,13:00:00,16:00:00,1
4,Thursday,T091,True,4,29,5,14:00:00,17:00:00,1
5,Friday,T036,False,5,40,8,18:20:00,22:20:00,1
5,Friday,T002,True,5,37,5,14:00:00,17:00:00,1
2,Tuesday,T102,False,9,14,6,15:00:00,18:00:00,1
4,Thursday,T193,True,7,26,2,10:00:00,13:00:00,1
1,Monday,T120,True,6,3,3,09:00:00,12:00:00,1
5,Friday,T156,True,8,39,7,18:20:00,21:20:00,1
4,Thursday,T031,True,10,30,6,15:00:00,18:00:00,1
1,Monday,T107,False,3,3,3,09:00:00,12:00:00,1
6,Saturday,T114,False,10,43,3,09:00:00,12:00:00,1
1,Monday,T112,False,7,2,2,10:00:00,13:00:00,1
4,Thursday,T003,True,5,30,6,15:00:00,18:00:00,1
3,Wednesday,T011,False,3,21,5,14:00:00,17:00:00,1
2,Tuesday,T061,True,9,13,5,14:00:00,17:00:00,1
4,Thursday,T098,False,4,25,1,07:00:00,10:00:00,1
1,Monday,T036,True,3,8,8,18:20:00,22:20:00,1
1,Monday,T105,False,9,7,7,18:20:00,21:20:00,1
6,Saturday,T167,True,9,42,2,10:00:00,13:00:00,1
1,Monday,T121,True,7,3,3,09:00:00,12:00:00,1
5,Friday,T178,False,7,39,7,18:20:00,21:20:00,1
4,Thursday,T093,False,8,31,7,18:20:00,21:20:00,1
1,Monday,T113,True,6,2,2,10:00:00,13:00:00,1
4,Thursday,T073,True,4,30,6,15:00:00,18:00:00,1
1,Monday,T017,False,5,6,6,15:00:00,18:00:00,1
4,Thursday,T066,True,5,31,7,18:20:00,21:20:00,1
1,Monday,T017,True,5,1,1,07:00:00,10:00:00,1
1,Monday,T154,False,7,4,4,13:00:00,16:00:00,1
1,Monday,T075,False,9,3,3,09:00:00,12:00:00,1
1,Monday,T039,True,4,7,7,18:20:00,21:20:00,1
6,Saturday,T019,True,7,41,1,07:00:00,10:00:00,1
6,Saturday,T020,True,3,46,6,15:00:00,18:00:00,1
2,Tuesday,T029,False,5,10,2,10:00:00,13:00:00,1
2,Tuesday,T002,False,3,13,5,14:00:00,17:00:00,1
4,Thursday,T170,True,8,29,5,14:00:00,17:00:00,1
6,Saturday,T087,True,6,42,2,10:00:00,13:00:00,1
1,Monday,T185,True,9,5,5,14:00:00,17:00:00,1
5,Friday,T094,False,7,33,1,07:00:00,10:00:00,1
6,Saturday,T009,False,6,46,6,15:00:00,18:00:00,1
5,Friday,T149,False,7,33,1,07:00:00,10:00:00,1
6,Saturday,T043,True,3,47,7,18:20:00,21:20:00,1
1,Monday,T113,True,5,3,3,09:00:00,12:00:00,1
6,Saturday,T112,False,9,47,7,18:20:00,21:20:00,1
2,Tuesday,T098,True,10,15,7,18:20:00,21:20:00,1
3,Wednesday,T075,False,8,22,6,15:00:00,18:00:00,1
3,Wednesday,T026,True,7,23,7,18:20:00,21:20:00,1
5,Friday,T131,True,4,37,5,14:00:00,17:00:00,1
2,Tuesday,T097,False,3,14,6,15:00:00,18:00:00,1
2,Tuesday,T036,True,10,16,8,18:20:00,22:20:00,1
3,Wednesday,T011,True,7,23,7,18:20:00,21:20:00,1
2,Tuesday,T005,False,9,10,2,10:00:00,13:00:00,1
5,Friday,T066,False,7,40,8,18:20:00,22:20:00,1
5,Friday,T112,False,6,33,1,07:00:00,10:00:00,1
1,Monday,T031,False,3,1,1,07:00:00,10:00:00,1
3,Wednesday,T149,True,9,17,1,07:00:00,10:00:00,1
2,Tuesday,T094,True,6,9,1,07:00:00,10:00:00,1
4,Thursday,T062,False,3,30,6,15:00:00,18:00:00,1
3,Wednesday,T096,True,5,23,7,18:20:00,21:20:00,1
1,Monday,T102,True,5,6,6,15:00:00,18:00:00,1
3,Wednesday,T044,False,3,23,7,18:20:00,21:20:00,1
4,Thursday,T102,True,8,30,6,15:00:00,18:00:00,1
3,Wednesday,T112,False,10,58,11,17:00:00,20:00:00,1
1,Monday,T144,False,7,4,4,13:00:00,16:00:00,1
6,Saturday,T128,False,6,41,1,07:00:00,10:00:00,1
3,Wednesday,T076,True,8,23,7,18:20:00,21:20:00,1
1,Monday,T106,False,5,1,1,07:00:00,10:00:00,1
2,Tuesday,T118,True,4,11,3,09:00:00,12:00:00,1
6,Saturday,T007,False,5,42,2,10:00:00,13:00:00,1
1,Monday,T093,False,5,3,3,09:00:00,12:00:00,1
5,Friday,T185,False,7,39,7,18:20:00,21:20:00,1
4,Thursday,T067,True,3,29,5,14:00:00,17:00:00,1
1,Monday,T070,True,4,6,6,15:00:00,18:00:00,1
4,Thursday,T016,False,6,27,3,09:00:00,12:00:00,1
1,Monday,T060,True,7,2,2,10:00:00,13:00:00,1
3,Wednesday,T112,False,8,17,1,07:00:00,10:00:00,1
3,Wednesday,T093,True,5,23,7,18:20:00,21:20:00,1
1,Monday,T016,False,9,3,3,09:00:00,12:00:00,1
5,Friday,T237,False,9,33,1,07:00:00,10:00:00,1
2,Tuesday,T034,True,10,10,2,10:00:00,13:00:00,1
3,Wednesday,T036,False,3,24,8,18:20:00,22:20:00,1
1,Monday,T217,False,9,6,6,15:00:00,18:00:00,1
3,Wednesday,T038,True,7,23,7,18:20:00,21:20:00,1
2,Tuesday,T066,False,7,11,3,09:00:00,12:00:00,1
5,Friday,T008,False,3,37,5,14:00:00,17:00:00,1
1,Monday,T158,True,6,61,12,06:00:00,09:00:00,1
4,Thursday,T107,False,3,31,7,18:20:00,21:20:00,1
4,Thursday,T075,False,7,29,5,14:00:00,17:00:00,1
5,Friday,T100,False,7,34,2,10:00:00,13:00:00,1
2,Tuesday,T034,False,5,11,3,09:00:00,12:00:00,1
3,Wednesday,T044,True,3,22,6,15:00:00,18:00:00,1
5,Friday,T047,True,8,33,1,07:00:00,10:00:00,1
3,Wednesday,T112,False,9,23,7,18:20:00,21:20:00,1
1,Monday,T121,True,6,6,6,15:00:00,18:00:00,1
3,Wednesday,T123,True,4,21,5,14:00:00,17:00:00,1
4,Thursday,T094,True,7,28,4,13:00:00,16:00:00,1
5,Friday,T102,True,10,39,7,18:20:00,21:20:00,1
5,Friday,T107,False,9,38,6,15:00:00,18:00:00,1
4,Thursday,T068,True,10,25,1,07:00:00,10:00:00,1
3,Wednesday,T107,False,3,18,2,10:00:00,13:00:00,1
4,Thursday,T056,True,5,29,5,14:00:00,17:00:00,1
2,Tuesday,T057,False,4,14,6,15:00:00,18:00:00,1
5,Friday,T237,True,10,37,5,14:00:00,17:00:00,1
3,Wednesday,T021,False,3,22,6,15:00:00,18:00:00,1
1,Monday,T047,False,9,3,3,09:00:00,12:00:00,1
4,Thursday,T016,False,3,27,3,09:00:00,12:00:00,1
3,Wednesday,T034,True,8,18,2,10:00:00,13:00:00,1
3,Wednesday,T017,False,7,18,2,10:00:00,13:00:00,1
5,Friday,T091,False,4,36,4,13:00:00,16:00:00,1
2,Tuesday,T031,False,7,9,1,07:00:00,10:00:00,1
5,Friday,T072,False,4,34,2,10:00:00,13:00:00,1
3,Wednesday,T093,True,6,18,2,10:00:00,13:00:00,1
2,Tuesday,T053,True,5,16,8,18:20:00,22:20:00,1
6,Saturday,T047,False,7,46,6,15:00:00,18:00:00,1
2,Tuesday,T013,True,5,10,2,10:00:00,13:00:00,1
2,Tuesday,T071,False,3,15,7,18:20:00,21:20:00,1
5,Friday,T100,True,10,33,1,07:00:00,10:00:00,1
5,Friday,T015,True,5,39,7,18:20:00,21:20:00,1
4,Thursday,T087,False,5,25,1,07:00:00,10:00:00,1
3,Wednesday,T051,True,9,17,1,07:00:00,10:00:00,1
1,Monday,T072,True,5,5,5,14:00:00,17:00:00,1
6,Saturday,T112,False,7,67,10,17:00:00,19:00:00,1
5,Friday,T066,False,7,33,1,07:00:00,10:00:00,1
3,Wednesday,T027,True,8,22,6,15:00:00,18:00:00,1
3,Wednesday,T075,True,7,21,5,14:00:00,17:00:00,1
4,Thursday,T112,False,9,54,10,17:00:00,19:00:00,1
3,Wednesday,T068,False,10,18,2,10:00:00,13:00:00,1
1,Monday,T144,False,7,2,2,10:00:00,13:00:00,1
1,Monday,T057,True,6,1,1,07:00:00,10:00:00,1
4,Thursday,T100,False,4,30,6,15:00:00,18:00:00,1
3,Wednesday,T070,False,5,22,6,15:00:00,18:00:00,1
2,Tuesday,T010,True,9,15,7,18:20:00,21:20:00,1
2,Tuesday,T094,True,6,12,4,13:00:00,16:00:00,1
5,Friday,T232,False,10,33,1,07:00:00,10:00:00,1
4,Thursday,T056,True,8,29,5,14:00:00,17:00:00,1
5,Friday,T162,False,7,34,2,10:00:00,13:00:00,1
1,Monday,T107,False,4,8,8,18:20:00,22:20:00,1
3,Wednesday,T012,True,7,23,7,18:20:00,21:20:00,1
1,Monday,T112,False,10,4,4,13:00:00,16:00:00,1
1,Monday,T016,True,8,8,8,18:20:00,22:20:00,1
2,Tuesday,T144,False,7,12,4,13:00:00,16:00:00,1
1,Monday,T190,True,9,6,6,15:00:00,18:00:00,1
3,Wednesday,T061,True,8,22,6,15:00:00,18:00:00,1
3,Wednesday,T078,False,3,23,7,18:20:00,21:20:00,1
5,Friday,T062,True,10,39,7,18:20:00,21:20:00,1
5,Friday,T107,True,3,38,6,15:00:00,18:00:00,1
3,Wednesday,T042,True,4,24,8,18:20:00,22:20:00,1
6,Saturday,T167,False,8,41,1,07:00:00,10:00:00,1
2,Tuesday,T179,True,10,14,6,15:00:00,18:00:00,1
4,Thursday,T047,False,7,26,2,10:00:00,13:00:00,1
1,Monday,T118,True,8,3,3,09:00:00,12:00:00,1
1,Monday,T217,False,9,61,12,06:00:00,09:00:00,1
1,Monday,T166,False,7,7,7,18:20:00,21:20:00,1
2,Tuesday,T098,True,7,9,1,07:00:00,10:00:00,1
1,Monday,T107,False,5,5,5,14:00:00,17:00:00,1
4,Thursday,T070,False,7,30,6,15:00:00,18:00:00,1
2,Tuesday,T037,True,4,13,5,14:00:00,17:00:00,1
6,Saturday,T111,True,7,45,5,14:00:00,17:00:00,1
2,Tuesday,T234,True,9,10,2,10:00:00,13:00:00,1
4,Thursday,T002,False,3,25,1,07:00:00,10:00:00,1
2,Tuesday,T058,False,4,10,2,10:00:00,13:00:00,1
6,Saturday,T108,False,10,41,1,07:00:00,10:00:00,1
1,Monday,T112,False,4,3,3,09:00:00,12:00:00,1
1,Monday,T153,True,9,7,7,18:20:00,21:20:00,1
3,Wednesday,T068,False,4,17,1,07:00:00,10:00:00,1
2,Tuesday,T074,True,7,10,2,10:00:00,13:00:00,1
4,Thursday,T112,False,8,64,12,06:00:00,09:00:00,1
3,Wednesday,T181,False,8,22,6,15:00:00,18:00:00,1
5,Friday,T034,True,9,34,2,10:00:00,13:00:00,1
4,Thursday,T144,False,7,27,3,09:00:00,12:00:00,1
2,Tuesday,T029,True,9,13,5,14:00:00,17:00:00,1
3,Wednesday,T091,True,8,18,2,10:00:00,13:00:00,1
3,Wednesday,T031,False,5,17,1,07:00:00,10:00:00,1
3,Wednesday,T107,False,9,21,5,14:00:00,17:00:00,1
2,Tuesday,T087,False,5,13,5,14:00:00,17:00:00,1
2,Tuesday,T031,False,5,10,2,10:00:00,13:00:00,1
3,Wednesday,T119,True,8,23,7,18:20:00,21:20:00,1
4,Thursday,T044,True,7,30,6,15:00:00,18:00:00,1
5,Friday,T043,True,6,39,7,18:20:00,21:20:00,1
3,Wednesday,T076,True,7,23,7,18:20:00,21:20:00,1
4,Thursday,T107,False,5,27,3,09:00:00,12:00:00,1
5,Friday,T095,False,3,40,8,18:20:00,22:20:00,1
1,Monday,T152,True,10,6,6,15:00:00,18:00:00,1
3,Wednesday,T005,False,5,20,4,13:00:00,16:00:00,1
3,Wednesday,T094,True,10,23,7,18:20:00,21:20:00,1
1,Monday,T185,True,8,6,6,15:00:00,18:00:00,1
2,Tuesday,T110,False,9,9,1,07:00:00,10:00:00,1
3,Wednesday,T107,False,7,18,2,10:00:00,13:00:00,1
6,Saturday,T102,False,4,44,4,13:00:00,16:00:00,1
1,Monday,T183,True,10,7,7,18:20:00,21:20:00,1
3,Wednesday,T185,True,9,23,7,18:20:00,21:20:00,1
2,Tuesday,T086,True,9,10,2,10:00:00,13:00:00,1
6,Saturday,T165,True,9,45,5,14:00:00,17:00:00,1
3,Wednesday,T003,False,9,17,1,07:00:00,10:00:00,1
6,Saturday,T096,False,4,46,6,15:00:00,18:00:00,1
3,Wednesday,T066,False,7,20,4,13:00:00,16:00:00,1
5,Friday,T080,False,4,39,7,18:20:00,21:20:00,1
4,Thursday,T005,True,10,29,5,14:00:00,17:00:00,1
1,Monday,T112,True,5,6,6,15:00:00,18:00:00,1
4,Thursday,T091,True,5,27,3,09:00:00,12:00:00,1
5,Friday,T176,True,10,34,2,10:00:00,13:00:00,1
2,Tuesday,T031,False,3,10,2,10:00:00,13:00:00,1
2,Tuesday,T149,True,6,15,7,18:20:00,21:20:00,1
3,Wednesday,T074,True,9,18,2,10:00:00,13:00:00,1
4,Thursday,T107,False,3,26,2,10:00:00,13:00:00,1
5,Friday,T053,True,7,39,7,18:20:00,21:20:00,1
5,Friday,T070,True,7,38,6,15:00:00,18:00:00,1
3,Wednesday,T074,True,6,23,7,18:20:00,21:20:00,1
4,Thursday,T048,True,8,31,7,18:20:00,21:20:00,1
6,Saturday,T007,True,10,43,3,09:00:00,12:00:00,1
5,Friday,T087,False,7,37,5,14:00:00,17:00:00,1
4,Thursday,T070,True,4,31,7,18:20:00,21:20:00,1
3,Wednesday,T088,False,3,17,1,07:00:00,10:00:00,1
4,Thursday,T005,True,8,30,6,15:00:00,18:00:00,1
5,Friday,T189,False,9,34,2,10:00:00,13:00:00,1
4,Thursday,T106,True,9,32,8,18:20:00,22:20:00,1
4,Thursday,T003,False,4,26,2,10:00:00,13:00:00,1
4,Thursday,T033,False,7,25,1,07:00:00,10:00:00,1
2,Tuesday,T151,True,10,10,2,10:00:00,13:00:00,1
4,Thursday,T154,False,7,29,5,14:00:00,17:00:00,1
4,Thursday,T030,False,7,31,7,18:20:00,21:20:00,1
2,Tuesday,T107,False,7,13,5,14:00:00,17:00:00,1
6,Saturday,T112,False,9,44,4,13:00:00,16:00:00,1
2,Tuesday,T066,False,4,11,3,09:00:00,12:00:00,1
1,Monday,T039,False,7,7,7,18:20:00,21:20:00,1
5,Friday,T100,True,9,39,7,18:20:00,21:20:00,1
4,Thursday,T185,False,7,29,5,14:00:00,17:00:00,1
1,Monday,T066,True,9,7,7,18:20:00,21:20:00,1
3,Wednesday,T112,False,10,20,4,13:00:00,16:00:00,1
2,Tuesday,T038,False,7,15,7,18:20:00,21:20:00,1
3,Wednesday,T176,True,9,17,1,07:00:00,10:00:00,1
6,Saturday,T107,False,10,43,3,09:00:00,12:00:00,1
1,Monday,T154,True,5,6,6,15:00:00,18:00:00,1
2,Tuesday,T121,True,10,13,5,14:00:00,17:00:00,1
2,Tuesday,T003,True,3,15,7,18:20:00,21:20:00,1
3,Wednesday,T113,True,5,21,5,14:00:00,17:00:00,1
2,Tuesday,T107,False,10,14,6,15:00:00,18:00:00,1
4,Thursday,T078,False,3,28,4,13:00:00,16:00:00,1
3,Wednesday,T057,False,6,22,6,15:00:00,18:00:00,1
2,Tuesday,T013,False,5,15,7,18:20:00,21:20:00,1
2,Tuesday,T060,True,6,9,1,07:00:00,10:00:00,1
5,Friday,T049,False,3,36,4,13:00:00,16:00:00,1
6,Saturday,T047,False,3,41,1,07:00:00,10:00:00,1
4,Thursday,T053,True,5,32,8,18:20:00,22:20:00,1
5,Friday,T102,True,5,36,4,13:00:00,16:00:00,1
5,Friday,T180,False,7,37,5,14:00:00,17:00:00,1
5,Friday,T167,True,9,34,2,10:00:00,13:00:00,1
4,Thursday,T026,True,9,31,7,18:20:00,21:20:00,1
2,Tuesday,T078,False,3,9,1,07:00:00,10:00:00,1
3,Wednesday,T057,False,8,23,7,18:20:00,21:20:00,1
3,Wednesday,T185,False,7,21,5,14:00:00,17:00:00,1
3,Wednesday,T107,False,8,53,10,17:00:00,19:00:00,1
4,Thursday,T098,False,4,31,7,18:20:00,21:20:00,1
2,Tuesday,T086,False,5,10,2,10:00:00,13:00:00,1
2,Tuesday,T121,True,5,13,5,14:00:00,17:00:00,1
4,Thursday,T098,True,9,31,7,18:20:00,21:20:00,1
3,Wednesday,T036,False,6,23,7,18:20:00,21:20:00,1
4,Thursday,T034,False,8,26,2,10:00:00,13:00:00,1
1,Monday,T033,False,4,8,8,18:20:00,22:20:00,1
6,Saturday,T112,False,9,68,13,05:00:00,08:00:00,1
4,Thursday,T094,False,7,30,6,15:00:00,18:00:00,1
5,Friday,T102,False,4,36,4,13:00:00,16:00:00,1
3,Wednesday,T080,True,10,18,2,10:00:00,13:00:00,1
1,Monday,T052,True,7,2,2,10:00:00,13:00:00,1
1,Monday,T094,True,6,5,5,14:00:00,17:00:00,1
6,Saturday,T235,True,10,45,5,14:00:00,17:00:00,1
3,Wednesday,T102,False,4,23,7,18:20:00,21:20:00,1
1,Monday,T062,True,9,7,7,18:20:00,21:20:00,1
3,Wednesday,T058,False,9,17,1,07:00:00,10:00:00,1
1,Monday,T185,False,10,3,3,09:00:00,12:00:00,1
4,Thursday,T028,False,6,25,1,07:00:00,10:00:00,1
1,Monday,T057,False,6,8,8,18:20:00,22:20:00,1
3,Wednesday,T103,False,4,17,1,07:00:00,10:00:00,1
2,Tuesday,T082,True,5,10,2,10:00:00,13:00:00,1
2,Tuesday,T066,True,7,9,1,07:00:00,10:00:00,1
4,Thursday,T164,False,9,29,5,14:00:00,17:00:00,1
1,Monday,T102,True,6,7,7,18:20:00,21:20:00,1
5,Friday,T081,True,7,33,1,07:00:00,10:00:00,1
4,Thursday,T003,True,10,29,5,14:00:00,17:00:00,1
2,Tuesday,T038,True,3,15,7,18:20:00,21:20:00,1
6,Saturday,T093,False,4,46,6,15:00:00,18:00:00,1
4,Thursday,T030,True,5,25,1,07:00:00,10:00:00,1
1,Monday,T055,False,4,5,5,14:00:00,17:00:00,1
3,Wednesday,T023,True,8,21,5,14:00:00,17:00:00,1
1,Monday,T052,True,10,2,2,10:00:00,13:00:00,1
4,Thursday,T032,False,5,30,6,15:00:00,18:00:00,1
2,Tuesday,T181,False,7,11,3,09:00:00,12:00:00,1
6,Saturday,T185,True,8,46,6,15:00:00,18:00:00,1
4,Thursday,T003,True,9,25,1,07:00:00,10:00:00,1
6,Saturday,T047,True,8,45,5,14:00:00,17:00:00,1
3,Wednesday,T013,True,8,22,6,15:00:00,18:00:00,1
2,Tuesday,T192,True,9,13,5,14:00:00,17:00:00,1
1,Monday,T107,False,9,7,7,18:20:00,21:20:00,1
4,Thursday,T027,False,10,25,1,07:00:00,10:00:00,1
4,Thursday,T027,True,5,27,3,09:00:00,12:00:00,1
6,Saturday,T034,True,9,45,5,14:00:00,17:00:00,1
6,Saturday,T107,False,9,42,2,10:00:00,13:00:00,1
5,Friday,T112,False,8,38,6,15:00:00,18:00:00,1
6,Saturday,T114,False,10,41,1,07:00:00,10:00:00,1
5,Friday,T016,False,7,35,3,09:00:00,12:00:00,1
5,Friday,T167,True,8,34,2,10:00:00,13:00:00,1
4,Thursday,T017,True,9,29,5,14:00:00,17:00:00,1
6,Saturday,T107,False,7,45,5,14:00:00,17:00:00,1
1,Monday,T057,False,3,1,1,07:00:00,10:00:00,1
6,Saturday,T066,False,7,46,6,15:00:00,18:00:00,1
2,Tuesday,T072,True,5,15,7,18:20:00,21:20:00,1
2,Tuesday,T087,False,4,10,2,10:00:00,13:00:00,1
2,Tuesday,T027,True,8,10,2,10:00:00,13:00:00,1
6,Saturday,T069,False,4,41,1,07:00:00,10:00:00,1
2,Tuesday,T146,False,5,14,6,15:00:00,18:00:00,1
4,Thursday,T094,False,3,31,7,18:20:00,21:20:00,1
3,Wednesday,T042,True,8,24,8,18:20:00,22:20:00,1
4,Thursday,T064,False,5,27,3,09:00:00,12:00:00,1
6,Saturday,T112,False,3,43,3,09:00:00,12:00:00,1
5,Friday,T062,True,7,39,7,18:20:00,21:20:00,1
4,Thursday,T144,True,9,25,1,07:00:00,10:00:00,1
2,Tuesday,T053,True,3,16,8,18:20:00,22:20:00,1
5,Friday,T038,True,8,39,7,18:20:00,21:20:00,1
2,Tuesday,T029,True,8,10,2,10:00:00,13:00:00,1
2,Tuesday,T145,True,5,15,7,18:20:00,21:20:00,1
1,Monday,T112,False,8,5,5,14:00:00,17:00:00,1
5,Friday,T125,True,7,34,2,10:00:00,13:00:00,1
4,Thursday,T185,True,7,25,1,07:00:00,10:00:00,1
2,Tuesday,T011,False,8,10,2,10:00:00,13:00:00,1
2,Tuesday,T098,True,9,15,7,18:20:00,21:20:00,1
2,Tuesday,T121,True,8,11,3,09:00:00,12:00:00,1
5,Friday,T035,False,3,34,2,10:00:00,13:00:00,1
1,Monday,T153,True,10,6,6,15:00:00,18:00:00,1
1,Monday,T185,True,8,1,1,07:00:00,10:00:00,1
4,Thursday,T070,False,3,31,7,18:20:00,21:20:00,1
6,Saturday,T066,False,7,48,8,18:20:00,22:20:00,1
5,Friday,T061,True,4,37,5,14:00:00,17:00:00,1
2,Tuesday,T016,False,7,10,2,10:00:00,13:00:00,1
2,Tuesday,T033,True,4,15,7,18:20:00,21:20:00,1
1,Monday,T107,False,8,4,4,13:00:00,16:00:00,1
1,Monday,T093,True,5,5,5,14:00:00,17:00:00,1
3,Wednesday,T006,False,6,17,1,07:00:00,10:00:00,1
1,Monday,T087,True,6,7,7,18:20:00,21:20:00,1
2,Tuesday,T072,False,7,9,1,07:00:00,10:00:00,1
5,Friday,T112,False,8,40,8,18:20:00,22:20:00,1
3,Wednesday,T169,True,7,23,7,18:20:00,21:20:00,1
2,Tuesday,T031,False,9,10,2,10:00:00,13:00:00,1
2,Tuesday,T082,True,7,10,2,10:00:00,13:00:00,1
2,Tuesday,T062,False,3,9,1,07:00:00,10:00:00,1
4,Thursday,T106,False,4,25,1,07:00:00,10:00:00,1
2,Tuesday,T017,True,7,10,2,10:00:00,13:00:00,1
5,Friday,T131,False,6,38,6,15:00:00,18:00:00,1
2,Tuesday,T209,False,10,14,6,15:00:00,18:00:00,1
2,Tuesday,T074,True,6,10,2,10:00:00,13:00:00,1
3,Wednesday,T034,True,5,19,3,09:00:00,12:00:00,1
2,Tuesday,T232,True,9,15,7,18:20:00,21:20:00,1
3,Wednesday,T042,True,6,24,8,18:20:00,22:20:00,1
3,Wednesday,T107,False,10,17,1,07:00:00,10:00:00,1
2,Tuesday,T025,True,7,9,1,07:00:00,10:00:00,1
2,Tuesday,T003,False,4,9,1,07:00:00,10:00:00,1
6,Saturday,T171,True,6,41,1,07:00:00,10:00:00,1
2,Tuesday,T209,True,10,13,5,14:00:00,17:00:00,1
1,Monday,T091,False,3,6,6,15:00:00,18:00:00,1
6,Saturday,T107,False,5,42,2,10:00:00,13:00:00,1
4,Thursday,T185,True,7,31,7,18:20:00,21:20:00,1
6,Saturday,T112,False,8,48,8,18:20:00,22:20:00,1
1,Monday,T016,True,4,1,1,07:00:00,10:00:00,1
3,Wednesday,T190,True,7,18,2,10:00:00,13:00:00,1
6,Saturday,T094,True,5,41,1,07:00:00,10:00:00,1
6,Saturday,T007,True,6,41,1,07:00:00,10:00:00,1
3,Wednesday,T066,False,3,22,6,15:00:00,18:00:00,1
3,Wednesday,T210,False,8,18,2,10:00:00,13:00:00,1
3,Wednesday,T072,False,4,18,2,10:00:00,13:00:00,1
3,Wednesday,T032,True,10,23,7,18:20:00,21:20:00,1
5,Friday,T094,True,6,34,2,10:00:00,13:00:00,1
3,Wednesday,T013,True,5,22,6,15:00:00,18:00:00,1
3,Wednesday,T107,False,7,53,10,17:00:00,19:00:00,1
6,Saturday,T112,False,10,68,13,05:00:00,08:00:00,1
4,Thursday,T001,False,4,27,3,09:00:00,12:00:00,1
5,Friday,T131,False,10,33,1,07:00:00,10:00:00,1
1,Monday,T107,False,4,4,4,13:00:00,16:00:00,1
2,Tuesday,T033,False,7,10,2,10:00:00,13:00:00,1
2,Tuesday,T009,True,3,9,1,07:00:00,10:00:00,1
2,Tuesday,T108,True,5,12,4,13:00:00,16:00:00,1
4,Thursday,T066,False,3,25,1,07:00:00,10:00:00,1
2,Tuesday,T008,True,4,14,6,15:00:00,18:00:00,1
3,Wednesday,T099,False,4,24,8,18:20:00,22:20:00,1
4,Thursday,T038,True,3,31,7,18:20:00,21:20:00,1
4,Thursday,T025,False,4,29,5,14:00:00,17:00:00,1
2,Tuesday,T036,True,8,16,8,18:20:00,22:20:00,1
4,Thursday,T154,False,7,26,2,10:00:00,13:00:00,1
5,Friday,T100,True,7,33,1,07:00:00,10:00:00,1
3,Wednesday,T010,True,10,22,6,15:00:00,18:00:00,1
3,Wednesday,T043,True,10,17,1,07:00:00,10:00:00,1
3,Wednesday,T097,False,3,19,3,09:00:00,12:00:00,1
4,Thursday,T105,True,5,31,7,18:20:00,21:20:00,1
5,Friday,T078,False,4,33,1,07:00:00,10:00:00,1
3,Wednesday,T042,False,7,17,1,07:00:00,10:00:00,1
1,Monday,T138,False,4,7,7,18:20:00,21:20:00,1
3,Wednesday,T147,True,5,50,9,06:00:00,09:00:00,1
6,Saturday,T112,False,8,44,4,13:00:00,16:00:00,1
4,Thursday,T006,True,7,25,1,07:00:00,10:00:00,1
3,Wednesday,T095,False,6,22,6,15:00:00,18:00:00,1
2,Tuesday,T066,False,7,13,5,14:00:00,17:00:00,1
1,Monday,T041,False,8,7,7,18:20:00,21:20:00,1
2,Tuesday,T057,False,5,9,1,07:00:00,10:00:00,1
6,Saturday,T019,True,5,41,1,07:00:00,10:00:00,1
6,Saturday,T050,False,4,41,1,07:00:00,10:00:00,1
6,Saturday,T043,True,10,46,6,15:00:00,18:00:00,1
2,Tuesday,T084,True,10,10,2,10:00:00,13:00:00,1
5,Friday,T169,True,9,34,2,10:00:00,13:00:00,1
3,Wednesday,T148,False,7,23,7,18:20:00,21:20:00,1
1,Monday,T112,False,5,7,7,18:20:00,21:20:00,1
6,Saturday,T096,False,7,41,1,07:00:00,10:00:00,1
5,Friday,T021,True,6,39,7,18:20:00,21:20:00,1
5,Friday,T112,False,10,55,10,17:00:00,19:00:00,1
2,Tuesday,T118,False,7,11,3,09:00:00,12:00:00,1
2,Tuesday,T076,False,3,13,5,14:00:00,17:00:00,1
5,Friday,T075,True,4,33,1,07:00:00,10:00:00,1
2,Tuesday,T058,False,6,14,6,15:00:00,18:00:00,1
3,Wednesday,T058,False,7,18,2,10:00:00,13:00:00,1
3,Wednesday,T094,False,5,20,4,13:00:00,16:00:00,1
4,Thursday,T055,False,3,29,5,14:00:00,17:00:00,1
1,Monday,T176,False,7,8,8,18:20:00,22:20:00,1
6,Saturday,T053,True,3,48,8,18:20:00,22:20:00,1
6,Saturday,T107,False,8,44,4,13:00:00,16:00:00,1
3,Wednesday,T026,True,8,23,7,18:20:00,21:20:00,1
4,Thursday,T099,True,4,30,6,15:00:00,18:00:00,1
5,Friday,T066,False,7,55,10,17:00:00,19:00:00,1
3,Wednesday,T013,False,7,17,1,07:00:00,10:00:00,1
5,Friday,T100,False,9,38,6,15:00:00,18:00:00,1
4,Thursday,T144,True,8,25,1,07:00:00,10:00:00,1
5,Friday,T010,True,8,35,3,09:00:00,12:00:00,1
2,Tuesday,T047,True,9,16,8,18:20:00,22:20:00,1
6,Saturday,T061,True,9,42,2,10:00:00,13:00:00,1
6,Saturday,T107,False,9,44,4,13:00:00,16:00:00,1
2,Tuesday,T094,False,3,10,2,10:00:00,13:00:00,1
2,Tuesday,T057,False,4,9,1,07:00:00,10:00:00,1
4,Thursday,T037,False,7,29,5,14:00:00,17:00:00,1
4,Thursday,T058,False,4,26,2,10:00:00,13:00:00,1
2,Tuesday,T072,False,6,9,1,07:00:00,10:00:00,1
6,Saturday,T007,True,8,43,3,09:00:00,12:00:00,1
1,Monday,T128,True,9,2,2,10:00:00,13:00:00,1
5,Friday,T234,True,10,38,6,15:00:00,18:00:00,1
1,Monday,T036,False,9,7,7,18:20:00,21:20:00,1
1,Monday,T086,False,9,2,2,10:00:00,13:00:00,1
5,Friday,T112,False,10,33,1,07:00:00,10:00:00,1
1,Monday,T102,True,6,6,6,15:00:00,18:00:00,1
5,Friday,T113,True,7,38,6,15:00:00,18:00:00,1
5,Friday,T107,False,8,60,11,17:00:00,20:00:00,1
2,Tuesday,T108,True,4,13,5,14:00:00,17:00:00,1
4,Thursday,T018,False,7,29,5,14:00:00,17:00:00,1
2,Tuesday,T079,False,3,11,3,09:00:00,12:00:00,1
4,Thursday,T062,False,4,31,7,18:20:00,21:20:00,1
6,Saturday,T112,False,9,41,1,07:00:00,10:00:00,1
2,Tuesday,T112,False,7,49,9,06:00:00,09:00:00,1
4,Thursday,T083,True,6,25,1,07:00:00,10:00:00,1
4,Thursday,T152,True,7,31,7,18:20:00,21:20:00,1
4,Thursday,T095,False,3,26,2,10:00:00,13:00:00,1
2,Tuesday,T015,True,8,15,7,18:20:00,21:20:00,1
6,Saturday,T114,False,3,41,1,07:00:00,10:00:00,1
1,Monday,T107,True,4,7,7,18:20:00,21:20:00,1
1,Monday,T112,False,3,1,1,07:00:00,10:00:00,1
3,Wednesday,T041,True,5,22,6,15:00:00,18:00:00,1
